client_id,target
000004cd-9485-46de-be1c-320c1d0556b0,0
000393a8-6e2f-4a8c-91bb-58ee3bf312b8,0
0003db87-118c-45e3-8615-37c7893c5191,0
00056a9a-1386-4569-bf09-0d8f54540bcd,0
000620a1-4482-42e9-a3c8-14207dccbea8,0
00078adb-38b7-48d9-81d1-e22ab63cc14a,0
000c0db5-ec43-4e5c-91d7-6736a2631a56,0
000ef7f6-e113-4abf-a299-bd18e1d4965f,1
00109c31-fb26-443f-8835-dafcebe05b3e,0
0010e06f-6756-47bb-af5d-2050298e98d7,0
00114a32-76d7-4e74-96f4-b127e98b0bd4,0
0014f74f-ffb8-42da-8ca9-4c196563630a,0
00159068-3ea9-4fc0-ad39-55d1b2e2c394,0
00186fd8-f2f4-45af-a203-5922949f5928,0
001c15a8-aa63-4eec-94ef-a94884ab6325,0
001fbeba-8f2f-448b-99a6-9383dd477032,0
0020f708-ff43-4e1b-8b4b-c27210fab37f,0
00234adc-9720-42b6-b3a4-035b906d8559,0
0023c927-9508-4cc6-bbcb-30c9dd77bdfa,0
0027fd4f-1490-44c6-ab85-ec5670bf4de5,1
0029b594-1b4f-48d0-9381-294b28f53933,0
002a3dde-2803-468f-8956-d45c22b8c8b3,0
002bdd10-5305-429c-9cb8-925c53ecb583,1
002ef2e0-e778-4f15-9890-b2349bb4c7c5,0
002f1974-256c-45ca-ba73-56a7d9814f69,0
0030566b-47c0-4042-8d8b-52cc69e72f38,0
0032adfa-4116-49a1-abb8-22ecdcd50956,0
0035d625-b0b0-4310-ba0a-62aca4d4a9d8,0
003ac7db-389f-403f-930f-595d0e69aca1,0
003d1f29-0beb-4327-9615-dce64231b31c,0
003f6dbe-1dda-47c0-a384-39eafcaa14d6,0
00476c36-5d1d-4583-9137-ea04d8af9822,0
00477141-1df3-4571-8fa7-0623bf95086c,0
00486757-819c-47e4-b1f2-8c030a629a07,0
004aee84-007d-4c8d-9463-8b0ff388d1e8,0
00531568-af39-4672-8a4f-4f6d0e40e9c8,0
00547380-f48d-4e27-b5fd-f7915de627a8,0
0059e37a-103b-47c7-bd87-89b7f47a076e,0
005aa501-591d-4458-a75a-25822215d13f,0
0061e216-77b5-43bd-a47a-5058d707bfda,0
006a0032-e5ed-4051-afeb-7d45ac35c81b,0
006d7804-9d3c-4ccd-8e45-b21b47fed8d5,0
006e0351-07c3-4225-922e-0fa80dd75391,0
006e29c4-4ba1-4eb2-be16-dcd55771a03b,0
006e4f05-6216-4f63-b602-ab047a15ced4,0
006e6524-f9c1-47f3-9b3e-1c5ec09de767,0
006f5b2f-e831-4095-b494-2e6f607d1549,0
00734555-a7d1-4aa0-9ce7-341d846c3bb0,0
00743c77-2292-4337-aae6-22df30a3a243,0
0078ddcd-99a5-48ba-bc2d-544c19881151,0
007cc945-adfb-4d94-9a79-034e26ce9507,0
007db355-5bcc-4a5d-9540-03d8c6f2ad8c,1
00814530-a368-47ee-96f7-4483b8dc18e0,0
0085fe2d-7d15-40bc-ac2d-6ccb1c3916b1,1
008b9e0c-3479-41c9-9210-482c4779e655,0
009167d2-8755-44fd-8cec-a0a9dfc3075e,0
0093d3a0-c752-4191-b24c-d913f6e29c8f,1
00940dc0-8d8d-4d79-b9f4-5f0d5771d938,0
00971665-b420-49e3-bcc0-912ccb5eaeb1,0
009b0392-0926-4bf3-9510-81d758a02c34,0
009f8f3a-59a1-4288-bb7f-b35184f6a011,1
00a43f7b-83c0-4a63-a15e-dcd0caa205ea,0
00a4772c-3426-4b8f-8021-5af2278a8eca,0
00b3479e-a277-450d-8887-12b110ebfc47,0
00b50a38-52ad-4c01-a22a-ddc8545cf87c,0
00b95843-9f0f-488f-8599-7d2b89cf4cb4,0
00bac2f0-5a80-4530-bdf1-f87748233f3b,0
00bc6879-f734-4d89-a612-a56e558850da,0
00bdeb69-6581-4875-aa55-a6b79ee90015,0
00c30d66-20c0-4cfe-b7f3-017a9210780e,0
00c57ad8-3a2e-44d3-b842-4d64511b033f,0
00c60a18-821d-4c9b-b0ed-51c8e89b8d6e,0
00c8db91-adc4-453f-a4f2-9a98c0b2b16e,0
00c9b18c-46c6-4a2c-a375-4afd49edcb00,0
00ca95c4-b8ca-498b-b78f-76cf333d931d,1
00d1d580-538e-4474-a15e-85d5669a7b9f,1
00d2dff5-8dd7-4661-945e-de603fe0db31,0
00d3ff8c-4dc9-45e1-86f1-3d1e98ce3d75,0
00d4c0d3-d1ca-419f-9875-009638e050b8,0
00e0e8fc-1883-49ce-8c2b-24bd7f49a519,0
00e12123-d4a3-4c1f-a7f3-b123ea4d8e55,0
00e1bcd0-66a4-4546-98b3-5a6ebc11ea5e,1
00e3c792-0c3a-4495-8fc6-3eb33a3e8f25,0
00e4c03f-755e-475a-94ee-91c66d1c3e8f,0
00ebf52b-594f-47c4-8021-a1ee5d0d7a57,0
00ed6a27-115d-48c8-ad2c-af25762ad34a,1
00f75989-b80f-4068-beb6-b785b55a6340,0
00f93245-9b11-4130-9430-c2cd5a40cd17,0
00fa5730-428d-49ca-b546-097552c0ca26,0
01009177-9ff2-4b1f-9657-4a73b41bd356,0
01026018-bae1-42e1-8e3a-b18142968bea,0
0106ff33-b60e-4657-ac8d-c5f2c2b1e4ee,0
010aae45-b23b-47ba-a0e7-97f6bf7e9760,0
010d0d4f-c572-428b-a338-574e8944bf87,0
010eae70-9256-4ffe-8b45-9bce4390ca39,0
010f29b6-0b68-4061-9251-bd67ccacf455,0
0115409d-058e-433c-b8d9-e3d7060a37d5,0
01161d48-0857-4887-8f6f-a852c2c22e16,0
011d57f6-dae8-4017-a6d5-415de8055c6e,1
011e2941-b4a8-4eed-a2e8-a4bec6aaec7b,0
0120166c-a25d-462a-b445-8f5d53e38342,0
01242220-4d89-4fe0-9390-1653a55d440a,0
01243ed0-b5ca-4158-97e5-d28cbb01f834,0
012aabd5-ef2e-4497-9433-8ae3e813139f,0
012d1b46-8829-4b89-8a84-a6fceda57db0,0
012f9d92-0176-427e-8eff-affc63038b9d,0
012fb051-4e4a-4d7b-816c-739b4bc1b5ec,1
0130e876-9140-4114-b808-7891db7a37bd,0
013217c0-a3ea-4de4-9998-cdba0ccedda5,0
0135f7c0-82cb-4a7e-9215-f9f10fac798b,0
0136e0f3-1180-4f6a-b26c-0635a5bd581e,0
013e49be-4831-4cb4-89ad-d8195c3c47f8,0
01400834-98a7-4957-b7f8-73ce3e22eb92,0
014304ff-e587-4826-bf48-ce434dfeabb0,1
01438ca4-1a7f-4c28-9469-599ea4adc666,0
0144bce2-a6c4-4144-8791-d636ce39f6d3,0
0148b458-1b44-420c-8644-c56042d62e70,0
015123f4-ec9c-4aa3-a2d0-efeb24a935f8,1
01513bcc-568d-46a5-8762-f00fccdcaed2,0
01584d6d-c34b-4d5c-99f8-a25781783ac3,0
0159a6bf-7875-4691-bcf7-e774af57fc17,0
015c025b-40ea-412b-b319-f058728a9e7d,0
015e59c1-e389-4750-8b84-8404b7fff4c0,0
015ed999-7c46-4df4-a5bc-1f5a95ab3f9d,0
01663fab-e33d-4f78-8b25-af14722a6ca1,0
0168c3cc-743e-4ab6-a3e7-f1b35a0ed8b4,0
01697ea2-474c-464f-b512-3e049f31fca9,0
016bf792-4c19-4377-9112-084e98dbbd1c,0
016d1dd9-90cc-4435-b191-4a57eeec9b66,0
016fab5a-c474-4f3d-a884-b4680324f23d,0
01724cce-b49f-4801-9294-670c68c271d9,0
017315b2-254a-47dd-95d6-36d858b7d286,0
017466f4-c1c0-4fda-a627-8d4f93f3de30,1
0175b0e6-b144-4694-8ad6-04af386b02be,0
0179f0f5-f59c-4049-8580-fbf51321033b,1
017b0a76-d41f-4287-8f95-a7879bfd0bf9,0
017e9d75-1932-457b-bfea-527b8304e4a2,0
0180cbf6-a7c0-42f3-82b8-691eb9cc4eec,0
0183e37e-16f8-4627-a499-29f72f256b68,0
018514fd-8a5a-4b60-870f-1ad503f42db1,1
018b1edd-b285-472b-b617-e1d426b40c99,1
018ef843-843a-4276-86f3-c3f587471b4a,0
018f0516-208c-4d5a-bec2-5a165fcd4ea5,0
01972cce-7ad4-46c5-b11f-3de60fecbe27,0
0197e563-5940-4b8f-ad77-96d7219a4789,0
0198b6b2-085d-431c-b36e-4ae1436410ae,0
019da48e-7e3b-4651-9159-a83a780b12f9,0
01a11f37-d5d7-4851-8da8-da41bbdbf42a,0
01a2e645-cdc3-4749-b9d0-c26fa0be57a4,0
01a7b6f7-f01c-4412-9fe3-d6d9f0a92581,0
01abd6b9-338d-451e-91fb-c3ec9a579f06,0
01ad2669-541a-4dbc-9652-9bb67156dacc,1
01b044f8-7fa6-4250-9491-bd77dfd37400,0
01b6388c-a8b3-41e3-9cdc-f4d159682ae4,0
01b837f5-820c-4ecf-ad6b-337109c3b4f7,0
01bb5237-14d7-491c-9729-9c92c7c0f876,0
01bd8f23-d6ee-4110-9633-0afbd22579c6,0
01c47fe0-b623-4d08-813a-ab0f4311fb15,0
01cc2065-b6aa-45f4-88f1-5128492ef9a0,0
01ccadf8-1a27-4674-9b95-7b414b275f15,0
01cf550f-9dc4-41ce-bc0d-f3bf6bdecb4a,1
01d018ce-326a-440d-a763-f62995105480,0
01d3bc90-c63f-4400-9b3a-1c554341c9b8,0
01d781d8-619b-4bce-bcd6-a13a58a56f19,0
01d7ead1-aab9-4261-aa19-987896a3bd14,0
01dba190-a148-4a66-9085-9c91cf56b962,0
01dc2c18-887a-491b-8efe-bbbf6bab1c7f,0
01dd371d-e6de-4ba7-97ce-58e60b6df001,0
01def4d5-f144-42d4-977f-e8b49353366c,0
01e00897-d717-40a5-9afd-8ac75d75dc81,0
01e1373a-fecc-4236-84ef-533c10b5b5b8,0
01ed6152-81f5-4f83-9305-c311551634cb,0
01ee701c-f959-4e67-8897-cab96943aed7,0
01f28bef-fbe2-4ec4-af3f-f4001694e39b,0
01f2b939-3d7c-42da-be6b-05cdf05fcdc6,1
01f4ca39-8056-4477-afee-0065cd0b51eb,0
01fa1c5f-5d01-4204-9f82-a96c0edd0ffc,0
01fae880-059a-44c7-8d45-bbf3ecdc9fe1,0
01fb8bb7-70ad-4472-9930-e89bcc54c4db,1
01ffcc25-8216-4154-94a6-d90626b23e66,0
02006484-a9f1-417b-ab2a-15ee9e6fe0aa,0
0200e76c-7fb6-4c6d-868b-ffb113964ac8,0
020296e2-3c39-4329-ba79-97efaa736839,1
0202f316-8d58-4a1d-8f86-dc2a822f81cc,1
02062367-52d8-446d-96ba-a65d4f0e3f14,0
020e4647-e6d5-45f9-8478-957c12de627b,1
020edf6f-9070-407a-8f7f-fb1ddc00a086,0
02131e87-92e8-4f79-8472-9730c9cd21f9,0
0213da58-4cf4-4589-aae3-91195a794f5d,0
02162326-ee20-418b-970d-4df5202847f5,1
0219a400-e182-4c16-894e-29dfb3e78185,0
021ace87-fd51-4030-abe6-2cf00c3d83cb,0
021cb2ff-5569-4865-93ff-a89f3380f47c,0
022029d6-9d47-4133-b665-6f4f820aec3a,0
02203aad-7641-449a-9e93-40f21c113d50,0
02213765-5e5d-44d6-bd34-60ebf8545c0c,0
02217212-d059-4b1a-9942-49e21fbd1376,0
02240ac5-4639-476b-a642-96169277521c,0
02252891-f566-4645-9ce0-6633154dd9e5,1
0229e6e3-1274-4592-95af-7a25e0c0c746,0
022aab1e-7a56-4b60-bb3e-89bb6fa417b1,0
022ecea2-c14e-4049-b7a0-52633e9815f0,0
022fd1b5-a206-4daf-a70d-47938cedbbfb,0
0233318b-967b-42c5-acf1-75fadfcaec90,0
02349c3f-e2e3-4c42-bb99-610f8370f675,0
02416cda-c550-4f8b-b709-b92623cd5c9b,0
02435568-8ac3-4d2b-9072-3bc4826fdbd7,0
0245de67-de93-4cac-bdb4-578cdff3c8c0,0
0247115d-9348-45f1-a6ef-e3ad848cf309,0
024912c5-b0ef-4bab-8bc2-c8d9b10599dc,0
024c12a5-4d79-4f77-ba50-5e23f283f2bd,0
024c2e59-eac7-4e1e-bf4b-cc22beb48d70,0
024c79af-9204-43d7-9508-c1acf02e0123,0
024d82b9-d0ed-486a-b3a6-215f3211e8c2,0
024e1481-36ea-4dd7-8aad-96a780f889f2,0
02585d40-7f11-4c07-819b-e17d010b9950,0
025a753c-ce87-476c-aa1f-c136e17fefbb,0
025bf0da-7842-4c04-9549-017ffff9e857,0
0261563a-e5b1-4feb-9bb1-cbe472cf1236,0
0267ff2c-3147-4647-a279-af985c1aedfb,0
0269a967-01ae-415c-89ee-d6a0b20cacde,0
026a83e5-aaa4-473b-866e-e28daa1265ed,0
026fb259-c0f1-4a3c-bf84-e05e40d90435,0
02734136-c065-4641-b708-46bbea84b043,0
02744af0-4abb-45b8-9c08-b2e7c4f2d5ef,0
027561b6-256a-4716-910d-45debf216354,0
0278f87f-9728-44ea-8283-db07d92f8a42,1
02790bdd-3962-4c49-95e5-8084bbc31469,0
0279291a-fe7d-48b6-be6b-525e46cf0169,0
027959e7-d927-4b71-8f14-63c462f538ca,1
0279ddcd-9578-45ff-b740-a1f0d1a1b0ce,0
027a3e82-bfe0-4ee6-a13f-85e41407a3b9,0
027c6c77-f928-4177-a4f5-ce49dc7949c4,0
027f622c-ecaf-4ae9-8975-29789bc721ad,0
02827004-1f41-4102-9966-27e619f6bb15,0
0285f60b-9cb5-4531-90c5-4e05196b0248,0
028c84fe-e5a1-479c-9670-3cf69cc77634,0
029bde5e-9eea-40f9-aff3-f3a15cfce30b,0
029ec480-f088-49bc-9a7b-c661a9c9eedf,0
02a1bef3-16a1-4567-ad6d-57c293c8fd8d,1
02a3018b-afbd-4b99-8e58-8893c5b5707e,1
02a5b79a-b965-4066-9ccf-61e8399b7ccd,0
02a73ea8-7557-4b5d-a75c-42687d1e84d9,0
02a7ba1c-cd0b-43cb-840d-6d7e0d6fe2a4,0
02ab98c5-4368-456c-84c6-3e90c6996b3d,0
02b1e72a-f4f4-489c-9007-49516f982e82,0
02b22fbc-c261-474c-804d-6053237de6a7,0
02b5f170-7e8d-4a03-b0d0-a8db02b38708,0
02b6daf1-6653-4072-8d9f-2b6b8f95bf71,0
02bb2186-6926-45e6-af4f-088941d1bb6f,0
02bf3749-3e79-460c-83e6-d7e5bc1f7638,1
02c31157-61ae-47ad-923b-25a753fd0a8a,0
02c56c0e-3b0f-44cb-930d-e363ea06df49,0
02c7d8b3-dc8c-4b60-990a-97c26f6d46b3,0
02c8c92a-8135-4301-867e-95a1147ff4a6,1
02ccacae-f14e-4e3a-9a44-991a8419c11a,0
02cccb00-01b1-4e62-9753-3bdcc2f474d4,0
02cdf257-50c8-4ded-b57f-a08c9542c2d5,0
02cfcaf9-80f8-4a3a-937b-081bb3e9c27c,0
02e05c54-b6ea-4125-b0da-8ace0d7ae759,0
02e5eeb2-bbf8-49ad-a4ce-8a8c1e4a392d,0
02e8d428-4b31-43ae-9ece-45613e457027,0
02ea6169-5ecd-4efc-af35-89ffdc0b068c,0
02ecf20d-951f-442b-b44f-d64ca2429236,0
02f00b95-467d-486b-826b-2c9f88e2c7cb,0
02f4cc0c-7edd-4d5c-823d-cea6fc829cb7,0
02f95893-e3a7-496c-a872-f1efed6a7e62,0
02fabb45-3089-4756-a45a-ed92b1f1877f,0
02fe2a29-205b-4667-b6c0-c498277c3977,0
0300c9a8-f849-4189-9f33-90846b233f58,0
030354f3-55a8-439f-84e8-40dd2f38d979,0
03046bfd-03a8-4307-bf20-8df062e892ef,0
0305eac1-2635-4945-8bcb-6106442f743f,0
03077958-809f-4452-b260-cec59204c054,1
0307e707-2960-460e-96bf-3d71033c97be,0
03081c0c-da1e-4e19-b972-96c2a96bd49a,0
030bcd19-3eb3-498d-a234-3035a428f27a,0
030f1aad-6f6a-489c-82eb-d19f73caf5dd,0
0310fdb2-1c50-4728-b2a3-2efb9da9b4de,0
031315b8-9cf7-4768-a26a-bbef5ad2f2fc,0
03157ca7-bf61-4cee-92f6-a547e6cf6c20,0
03166cb6-0dc5-4f06-8962-83767e1232ba,0
0317f665-a2be-4585-bda9-90620bd26561,0
0319c6a3-eb36-43af-b6a5-bf03fd9114f7,0
031bd7e6-5115-448e-88c1-4cdfd3f82242,0
031d70a0-6512-4c6d-85ee-ea5404f88bda,0
031dce86-7555-4551-9ce2-cdda9766b49d,0
031eff12-f41a-44ee-8d6b-c9e4ee64e27c,0
032096a5-3ac5-439b-a1ab-e5a168cca018,0
0321cbaa-d133-4de8-83cc-9a8e00107143,0
0327dda5-ad66-40c3-b6d1-d3e156997e1f,0
032961a1-a8ba-4367-9a8a-09236e073db1,0
032b94ee-2dd9-4d45-9507-f8442bc0d514,1
032dd984-9d06-496f-8aa2-4dca8323ca8b,0
032de927-3068-4bf7-828e-cfd80838a093,0
03356b5c-428d-4996-8092-6c0559084390,0
03374e37-48ee-4132-9ade-0d5009c6775b,0
033fc4e9-bf39-4570-8620-1c45df7089a4,0
0341e02e-4e9e-45ab-89a2-807cebf13533,0
03443f9a-d8e6-4430-9b1a-d562f91501d1,0
034441df-029e-4129-8e1f-54b03d3db36c,0
034599e6-5310-4f5a-bd09-986b54bc7f3b,0
034694a8-0f30-4ae4-988c-b75aad12c0e5,1
0349f079-aad5-4b9e-9213-e67eab5f9f90,1
034a7ae1-02fd-4fed-b72c-580c7f0dd4b8,0
034e4260-371b-47be-a44f-c9e66dd87a26,0
0354bffb-d1c4-4068-b4f1-8bc05cf3b668,1
0357a602-7162-4f78-b58e-b6c504bd77ac,0
03589371-0bae-440a-bef6-db3d3a9963d6,0
035c91aa-6bc7-4e8e-9fec-962b4d5e7de4,0
0360c40b-8421-4fe2-af37-6282883ab577,0
0361e8a1-e820-456a-a081-a703de1d341d,0
03639d26-6389-4305-a182-4107691805fc,0
036639d0-a3aa-4dfd-a98c-5234be3e1df4,0
0368db00-07f9-4c61-a772-24a8d5bf8e5e,0
036970a9-43e4-4a41-be2c-4b85be023596,0
036c3c20-12ec-4409-8c51-cb1206703ba8,0
036d6201-4991-4023-8b64-3a198f87e46d,1
0372a2eb-96bd-455f-9b63-753a6fabda7f,0
0374e3fc-a216-4ed8-a14b-ffe5d421f685,0
0374ef9e-3d9b-4ae4-b6e5-9d01d1dc1b43,0
03783feb-1cdc-4c52-bac0-e2bd74bbcbde,0
037b3b4d-5d75-4d8b-b029-fdf7220016ff,0
037b5a1e-bb89-4b8f-8bd0-e7c17f03b8a1,0
037d5ec4-e585-4ed3-bd32-29c7cd4e29b7,0
037e1821-76f0-4ef2-aafc-623e12e4aca6,0
038001f8-18f2-40d1-a772-4605256df836,0
038054bf-6cab-4b7c-af19-618db6597e2b,0
0380a66f-df3f-4f06-87b1-0a68b47a6d43,0
038666b0-b7f1-4402-9ca1-6da54446fcea,0
0388bdcd-0c5f-4294-b6e9-9c1daebb1766,0
0388f5d1-3092-4d7e-b591-6c0576ea8a3c,0
038955ae-1c87-4acb-aff8-c6098b155173,0
038b8bb0-9b68-424c-9c57-5e35b27ae243,0
038c8498-c3f9-4fd5-8b1d-2859d6378327,0
038f2f6b-02da-4f21-b797-1f54ab35324e,1
0393823c-cd9b-4b32-a4af-649217344faf,1
03943257-4489-41b5-bb9c-0ed3d839a1e6,0
03977fcf-50b2-4cf6-9d85-f8929f8d90a5,0
039a522b-e965-46bf-a3fb-f878057d87c3,0
03a00ffa-3ab4-4817-ba5f-aefeae2179d5,0
03a2c5d8-4f8e-4725-9396-e34e8ed2f3e2,0
03a5954c-9a2c-488f-9fbc-ec208081e0f8,0
03a6d426-781a-43b5-9c35-2d437279b8bf,0
03a9c000-a310-4af3-ba68-4c9c77445086,0
03a9da1d-05b0-4734-9a58-03c929602552,0
03aa0feb-ef38-4204-ae24-7b012c1eb3d4,0
03aa9862-85c1-430a-9079-07d2ad69162b,0
03ad70cf-9706-4fa1-807b-00be7d2b6c23,0
03b236db-7d02-45a3-b0bf-9634f9953ace,0
03b4d1bd-d092-4fe6-94d1-62d8e6202a62,0
03b89730-864d-4023-aef3-60271bcf3c31,0
03b8bc7f-d0b0-426e-901f-effe2c87fcaf,0
03ba395d-9c72-4545-bf1e-321205c5fdff,0
03ba84ff-4447-4552-bfad-b82c7cb88211,0
03bb3bdd-0fe3-458d-aef7-b8c5033238bf,0
03bd92b6-ca90-4bed-8326-bc8a0299c0f7,0
03c2a45a-63ee-467e-8da0-8b4ec941acc5,0
03c59ccd-fd25-489c-b955-9c7a8aa7323b,0
03cab20e-1838-47b7-a19b-7b19c9b6a5b4,0
03cf2727-cb51-44d9-9918-802ad3294191,0
03d106ea-dc1f-48af-906c-8f6098eef52d,0
03d58906-fd01-46ac-85c7-8a29f1b02d3a,0
03d59342-dd85-436d-b961-e7a178e62040,0
03d60cf3-66ca-48d7-bb01-384bacfe138e,1
03d99d3a-b9fa-4165-b652-8bb816a2798b,1
03dbdfb4-4506-4036-b7b3-9506e79b732f,1
03dc3acb-fa7b-4d31-9c6d-0a9a6244ee29,0
03dcded9-436b-4bf5-8961-7595d4e85ebc,0
03dd0b8e-c7b9-4176-a2ef-5cb438b02d58,1
03e55733-7a72-41b0-a351-ce61a8264d9d,0
03e89a3e-3b59-477f-952f-3bd27d642a2b,0
03ea3177-d176-4d08-a141-6a8897d03b64,1
03ee2e6f-b540-44b5-8c1b-69f48c7b010c,0
03efa566-fbfa-450d-badd-2fe3103be19d,0
03f0dc67-f90e-4fbd-b6ea-50cf76d63024,0
03f41618-6afc-4190-a2e6-feecc54b54fb,0
03f717d8-d332-4e7b-a2bf-b752e956838b,0
03f71db4-eef7-4b72-9a58-a275d2b24142,0
03f895f8-b41c-445b-be25-8c34994d3676,0
03fb1c0f-7b06-459e-9180-82906ca077d6,0
03fb40ba-cf07-4b98-99be-940062a3812d,1
03fcc794-476e-45d0-8e99-99ccb8bf14d7,0
03fd5cad-2197-4f82-a58e-4ded93fea566,0
03fe2544-cf74-4792-83d7-dd1ad1ee99d5,1
03ff6f04-b2ec-442d-889f-1e0f40db4b66,0
0402386c-6aad-4726-90b1-deafed3281de,0
0404d6e7-76e5-4122-9a31-0d302e8a467f,0
0406ce82-f304-4196-b9ab-9b540d59c96a,0
04096053-0629-4bc6-a18d-f2c05332db6f,0
040a0069-55df-4b3f-b462-863195ba4c6f,0
040e70bd-2259-49c7-bc46-5e9a4e974aaa,0
0416e433-c540-4112-82a1-4645d373916a,0
041a53f6-fa7c-49ec-8df5-1f9d8fa94989,0
042124e9-351e-4cdc-8e7e-ae9fdc6b7ab8,0
04244436-6de8-4781-8ad9-3557c90af036,1
042e127a-2382-44da-8c7b-61d0c26b0e4a,0
0431ef41-c127-46af-85d3-9d8cb9dea452,0
04349759-d770-48ec-85b6-c51dd0b1f792,0
04412242-0299-4565-b112-7b8aa3dc9a06,0
04452888-a0d9-4b6b-9ba2-13081fe62222,0
044e7d92-d3c6-4e9f-bd64-267add03d205,0
044f3eac-efe9-449a-9084-55f37e0a446d,0
044fad30-17ea-4573-9878-24b12ebab0ca,0
04507a1c-0836-47e5-bcb6-83ac4840aa38,0
0450957e-b1bc-4243-b66d-93688759d973,0
04536c85-5c25-4213-9729-fe2682ccff15,0
045a6161-ce6a-4d5b-b1e4-044abf81dbaf,0
0464f14e-9296-4d6c-ace8-9a925adf0ed8,0
0465730a-633f-4822-af12-f8e363abec63,0
046d5b1a-e574-43a4-9c15-47cbb16ed7e8,0
0473e69f-84d8-4e13-81d7-d82976c0abe5,0
047478b3-6645-429f-8440-a24dae4a1875,0
0475337c-60c3-4eaa-9e7c-6ae886767aea,0
0476425b-34c0-4626-9939-4ad65e758a6a,0
047904ef-6613-443a-ab26-a5407e2e8b35,0
047b386c-1ae6-4e75-b913-72e241d3678b,0
047c7d8d-86c4-4cce-837b-fa037bfd61cd,0
047d031a-ea3e-49d8-ae28-984eecdc54dc,0
047d0c93-a696-4a97-98a5-ad29edcb8df9,0
047ed15d-e141-4438-8882-e13cde29ee1b,0
047f9cd9-52b1-4046-b717-763e92e8361d,0
048279e3-e1cb-46af-bcdc-5ae895d526da,0
0482c1b3-2df5-43d5-b009-c48b0b877885,0
0484af5c-7c9f-4fbd-8ce9-c4bcd6317d82,0
0488cca8-5b0c-4c26-bf46-9929da97b7b1,0
04900456-985b-4a65-ae39-2c1e86673018,0
04935a87-63d9-460d-986b-2660a665da64,0
0495362c-1286-4154-b7c4-84a2d196e5ac,0
049555be-dee3-44ba-8c8a-55ecdd9a8f78,0
0496a894-05f0-43a8-82cf-d90aa679961a,0
0498c1ea-4e4f-4af7-a1bc-915af3cca409,0
0499bf0c-0e48-4564-aa74-6908fc5a544c,0
049a7126-1545-4eb8-aa27-d21f2a72771a,1
049cfc09-ba6f-44af-9eab-85936b8c4c8d,0
049d2dec-d846-4d8c-a71d-c871396fe218,0
04a1c85c-d4fb-4282-b9ed-370a335a222c,0
04a51f3a-afe2-4a52-8acd-3b94c039c4bb,0
04ac79f1-4559-4084-b954-de0c6ce5155b,0
04ad9a05-6e6b-4ac4-a027-cb08ecd968be,0
04adbac6-beeb-43c9-9be7-a2ea44b604bf,0
04b13ad1-bff1-4d81-896c-306c084ece15,0
04b3ec5f-accc-42c2-a750-c5d479247e52,0
04bc215a-721c-4efd-adaf-b518aa8b0ac8,0
04bd0dfc-fe4c-4e99-900d-3b9e8233d38a,0
04bd76b5-25d9-4158-bf57-2bb3aa3484b2,0
04c0c3b3-fc67-4368-b728-912278495826,1
04c2b719-ed42-4c94-824f-5a27815f60eb,0
04c4567c-e47c-4d33-9f2e-1881c825ed1f,0
04c8f0d4-6c07-4943-8304-f603bbc7ff3b,0
04cfbc68-9f4b-44e8-affd-80a85f0ce049,0
04d09c04-10be-46df-88d6-9ee044403717,0
04d16998-31ff-4a22-ad1c-07a72aa08eba,0
04d28274-3d40-4f52-a24e-23919534a3c3,0
04d58853-685a-4fed-b8f7-1cadfe3fc603,0
04db8160-7b01-4c67-af83-508250497dae,0
04dc9906-c7c4-40be-b00c-a48b7e5d2019,0
04e12988-64f3-4a63-a864-b3feb068f3dd,0
04e2f9d3-6c8b-40e8-bfd9-d1a7980bcbdb,0
04e41bbf-5cc1-4a05-9e0c-90a0f14b9528,0
04e59575-6c08-428d-8b33-d89ada785c03,0
04e686b7-6101-4fb2-9876-c756b6c5001b,0
04e73948-269c-4522-b491-6e93392cd693,0
04e91ad1-2c38-48ff-9c22-074e432fc9ec,0
04eb554f-b011-4c3a-aa77-1b946cba8297,0
04ee64f4-cec6-4663-822c-25a4b35bf35f,0
04ef6842-e6eb-48c0-90f5-b94855eac99c,0
04ef94ca-37f9-473e-998a-a3aac7d18df2,0
04f0b573-addc-40de-9c3c-24ed3656f3ca,0
04f1244f-b114-40ee-9372-a6457249b70b,0
04f368a2-dec8-4f53-927f-6e4e133ec2b8,0
04f3fdda-142a-44c8-9dc1-5903bab214c3,1
04f4ebb7-ab66-45ea-8483-0d984bee82a2,0
04f59e8d-5af2-4e27-8691-731550ff51bb,0
04f76d80-c242-4f21-9570-3baad9d50157,0
04f7d810-a5a6-4f35-b356-48bb4bdec528,1
04f827e8-f419-46dc-a061-033af595cb8b,0
04f871fc-1b7d-4a38-b6d5-0072e8d937ae,0
04f8da07-92e0-43e8-bace-db6e0e387e23,0
04fa02c7-f154-401d-a0c5-98031f2fe911,0
04facc8b-fc58-4b79-8380-6bb3c69aba9e,0
04fbcb6d-b499-4d60-a694-5e3426156dc2,0
05033266-b641-4f03-9535-a587c75efdf9,0
05043f95-69cd-45d8-991a-147551d2c161,0
05177b26-c1ed-4d81-b5a1-9383b149c558,0
051b74da-0aba-45dd-bb62-e909004dc9cd,0
051c72c4-c726-430c-a31c-f7d0f2edca34,1
051e21d5-3ced-4709-b967-4904e5118c5b,0
051ffe7c-4333-43fc-82d9-576efb287394,1
0523bb60-a5c7-47ee-abdc-901676ee6ea6,0
05259aa9-8236-4aa8-be9e-ea9f758e582d,0
0525b768-6424-4bc2-825f-7f479f53c619,0
05265676-d802-446c-988c-5df781f98c7c,0
0529d0b5-73c2-49c9-9295-44cbc3e53c70,0
052cf4fa-b327-459c-a8af-11678c671d49,0
05323acb-6115-45c0-b4da-bcb94bbfafc0,0
0536c593-51c9-410c-8541-697d57e20e53,1
05381280-7dec-4b40-afb1-90cb90aeecec,0
053a38b8-4681-4728-9a90-8fc659cb8c15,0
053ac777-f06d-44d5-8f76-7eaa7b445a1b,0
053d5a74-993d-442a-8c01-51152dfecd10,0
053f94d4-e801-471d-ab24-be93ad34ea65,0
0540fb6a-56c1-4845-84f9-3847cf44d35c,0
0544b662-c313-40ab-a52e-cc8f6f640bf9,0
054a3fb9-f161-438d-b642-15df97230405,1
054d12d9-5349-4de0-8716-092fa02defa7,0
054d6df8-17fb-4e59-816e-be923d01aaad,0
054efac3-c95e-49e4-ab89-52283c7db337,1
05515b36-2079-4ce1-990c-31ab3efa5b4e,0
0553b469-8049-4923-b988-593df68330f8,0
0555e007-dd49-4fda-b19f-12e4e38c8da8,0
0556e9bb-c327-404b-be74-8673020af172,0
05577d43-35f4-41af-b0d4-d8b666a063f0,0
05593595-805e-4903-a95c-b773dd6726a7,0
055c5402-2c20-4fad-821e-74dc175eba57,0
055d3a56-ab5b-495d-bb38-f47dd0b5dc7c,0
055e0265-9128-4086-afe9-94809d6757b3,0
055e14b4-1476-4770-810e-301bc64f4e92,0
056421ba-0e3b-4c38-ae1b-b73da2d053da,1
05668512-2b28-438d-aea5-3660378cf7b3,0
056785b2-a0f0-4baa-b0a3-5fef55511802,0
056985c9-31b9-4e6a-a9bd-e7b7996f12f9,1
056feaa4-4dfc-4bab-a219-192c8dda7c5a,0
0571c8eb-ecc8-4729-8ac7-4ba783336979,0
0572780d-354b-424b-b891-9227e0d933c9,0
0573a4c9-138d-433d-8657-15fccb3f58d2,0
0575b14c-0aea-42cf-8bd1-2f4b4c2b5e74,0
057e4b83-d6f8-40b4-a7cc-5816b0db8a4c,1
05822c2e-c877-4a79-92d9-d89496e1fda7,0
05832105-b150-458e-855a-ea96666162c7,0
0583b390-22a9-4907-9792-1506f0995910,0
0587944f-8e72-42ef-9864-4729356d2ab6,0
0588979b-a55c-43ce-8559-114a49212e48,0
0588e241-a727-4f6a-87e3-db8cfdbf86a8,0
0589ad11-59ab-4040-bd50-21b64be5b5d1,0
058d7c4d-56ca-497b-8b35-844f60fb267f,0
0591f37c-1c82-4bcf-9a2a-1d4b9d73f5a5,0
0592e441-81c8-48fe-a0fb-c3c44ee64fe2,0
05945842-51ae-4eac-84f8-cc929ba4a895,0
059a957a-18e5-4cbf-9756-841c07193646,0
059d0742-efba-4a2d-86fa-e5c13b2754f1,0
059febe4-79c9-4ea8-bf30-f04f44ab0817,0
05a004f4-596c-4d22-b1d6-41a5de503a02,0
05a0a971-3ae0-4e57-857d-ec67e4ee4d76,0
05a13454-ffa7-42cb-98a7-f7e739599b39,0
05a370ad-1514-4fb5-86fb-be455fac3095,0
05a79dce-a482-4e24-88f9-e778bb8fd4bc,0
05a96a55-309c-4e17-a74f-a943d93b5310,0
05ab2c97-83a9-4e45-8df2-6863f196f5ae,0
05ae3562-c1c6-44e7-a801-c045fbae7814,0
05b172e8-ff7a-40a9-9324-6634af2fb49f,0
05b479fe-4465-474b-b9c8-2e424ec2874f,0
05b50ced-fbf7-45bf-9a98-bf5098dd416a,0
05b99a14-f01c-4542-9557-ef46fc23990f,0
05b9a824-7f1e-4900-b7e4-2f4b2cc56882,0
05bf7f1d-46bf-4969-9c02-68a84732dcf3,1
05c04cb7-13a8-4d15-98f7-a631040f6ab6,0
05ca796a-dd66-4b07-95c8-514cff647c5f,0
05d562da-2db6-4b5a-b1e2-76543ba8cff4,0
05d9a4f8-b602-497e-9a72-0582569d2a49,0
05da961f-7cf2-4112-9179-e2d4e446cb7e,0
05dc10d2-afd8-48f1-9ca9-17b1fe105d05,0
05dd384d-7d7a-4fb7-985c-ee7990a0fd20,0
05e25d11-7d06-4647-83ca-812caa2c962d,0
05e8cdd2-7c3b-496a-8e2b-b5923bd5e15b,0
05e8f71b-f147-4284-b70d-e1241bed8586,0
05ec86f4-67fe-4a50-b718-8d317a2737e8,1
05ede273-5d7c-4d9c-b375-a01913037da1,0
05f3761a-6500-4959-ab32-71bdda20848c,0
05f4a8dc-e2e3-480c-9da5-1cb9b2423a8f,0
05f4b7d2-8b41-4b9c-bbb2-7c26bca4dbb6,0
05f6c7e4-8b35-4694-a380-c1b36bab5c15,0
05f77668-8f25-4cb6-ba38-ab68d454209d,0
05f891b2-6ffe-4301-a5d9-10a588ebf802,0
0601d548-8250-4f94-835b-33cc05e75ac0,0
06044471-0842-437b-9f95-a9db6b806dbb,0
061064e8-f086-447b-811d-6b66077ef59a,0
0610d524-4b69-4bb5-b556-1ecece6c43e5,0
06129e74-3f73-49f0-941a-0304ef9cdc19,0
0613490f-31a1-4e2d-b45d-668d069f1364,0
06136b22-bd36-4232-a914-785a0db5179a,0
0614abe6-b2e4-45ac-afff-e98b621b7963,0
06191da9-024a-4609-83c0-a9561a310b6b,0
0619c318-461d-4c07-8d52-fba7e0870d9d,1
061cc597-9013-4664-951f-46c6fbf17d39,0
061d85d0-1f3c-40c6-baef-293bd92c8d11,0
061d895c-9a8c-47b0-acc8-6d41577b2a09,0
0622ed9c-13f5-425b-834c-0139ae6e5a60,0
06235797-c572-44eb-8bd5-ef4b2edc4065,1
06236fba-52c4-488f-aebe-0ce5aaaacf05,0
0627c01a-cee1-4c34-8b53-21b2afd597f6,0
062f4e16-786a-4ebf-a409-4acf6b363081,0
062f9259-9d9f-44ee-9a38-b2cd101f7e2d,0
063438f5-1767-4972-b57f-28a2673549b9,0
0636cf7d-c6c4-4fd4-b949-80fcf0b8b055,0
063caa59-e540-48a9-b0c7-376a6eb0135f,0
063cf595-bcc1-4a96-bd50-83eb3bb4d73c,0
063ed6d5-0f04-4727-9f8e-a44d37ea72ba,0
0649b3a9-1f1e-4da8-9f7a-19ad48bf3f54,0
0651b52b-8582-4d77-b497-e083fb3fbf4c,1
0652bfcc-f976-45c7-9866-53f5e923ec14,0
0654e9e2-3627-44b5-a05c-2ca2df146969,1
0656d08c-8216-4d60-82c7-1bfd8b08252a,1
06570ea9-a5b2-4802-b8c8-be1647ff136f,0
06596ebd-de42-4c08-99a2-4475962f1d7b,0
065b28f2-9c57-4a57-9ef4-a386f277a6d2,0
066455c3-6a1c-4f73-b0d9-d40c39cbb88d,0
06648ad5-da16-430a-aa80-7f114a518824,0
06656699-33f4-4e5d-94c9-ba50f1c62bec,0
0667fd91-6018-496d-970e-038f5a35250d,0
06699418-ac6c-4cb2-98aa-cc4db4857d20,0
066ad546-e8c3-4a5c-83d2-9a3c685be964,0
066dcc67-8863-489a-b71f-df26bc03d9e9,0
067033af-23ca-4bc0-9df6-187cbb2b6528,0
0670b543-0ca6-4d0f-a874-a5afd9aefc31,1
06715da2-2350-43d0-94b9-b517c729de3a,0
06759632-cd39-4b6e-bed4-e533cbaa502c,0
06774810-6d1a-438b-962f-a5768862141d,0
06779d4d-1c8b-4232-833d-13f9823f76aa,1
06782141-5772-4e20-9faa-b741cf74e523,0
067dc9ca-3328-4898-af3e-0ec14fa9241b,0
067f091b-0505-449f-aeaf-6fb77a781ed5,0
0683d3d2-76a5-4658-9b4e-784ed07d9a05,0
0684a5f0-115a-4cbd-aa5a-55d07c813036,0
0686ca80-8cc6-4b09-ba40-e2e9e4bf6b82,0
068a8228-7ec4-4341-8a15-b0263369ac73,0
068e1006-f76d-4a9c-bfc7-68e6c98dd990,0
068f252f-be5f-4380-8481-effd890963ea,0
0693fc3e-7399-4446-a548-eed33141c983,0
069beff3-9026-46ca-a780-c46813e3d1a1,1
069ea66d-7b80-4f82-bf43-d0e6a3597941,1
06a8ee86-a012-4236-b246-78133907796b,0
06aa421e-31b6-45a5-97e6-28f7e39c258f,0
06ab9a72-3960-40f2-a0f9-278be2b574de,0
06ad2670-182b-4183-8163-62aa0d6597e2,0
06adfb29-015a-42fa-848a-015977243201,0
06b6d499-3b2b-48c1-8c7e-fec9aa0a8cf3,1
06bdb0f1-dccd-497f-be39-458a513edb81,1
06be8d12-aaa4-42aa-a80f-7c18f91e573a,0
06c2649c-0bdc-4782-a029-07724334df7d,1
06c3bc04-44ba-42c6-8975-5d09d66c27c4,0
06c50091-e8c9-433b-9104-31b25dac7223,0
06c925cb-17eb-4a27-80be-dd96e7b857ac,0
06d49faf-1e7e-4c64-92a8-21a38e16bb27,0
06d56338-6f07-4715-9881-4deb35499193,0
06d90dde-953f-4bc6-b473-5f8d6604f31f,0
06d9fde6-045b-4099-8909-58f445fb2e73,0
06dd21d7-4266-4965-865c-1a31bc615f65,0
06de7bc6-a71e-42f9-9c59-92ddabecd8f6,0
06e393a0-4566-4007-b387-81fa72db3f8f,0
06ea1315-eb4b-46e7-bb12-ce79fec40eea,0
06ee7e6c-36b4-4c37-baff-21c21cca05c8,1
06efba26-aab8-4eaf-bd16-682fce20433f,0
06f1498c-5fc2-4c1e-8550-c41a89caa222,1
06fdb578-80b5-43bf-b798-70d1d09c2ab8,0
06fee32a-83e9-495a-be55-e34983062980,0
07025217-1984-44c0-bfe9-801d2fa89a39,0
0705a859-8178-41cc-b16b-ee3ee0a8eff9,0
070dafed-96e9-4936-9d36-dc2e51891ebf,0
070fdb72-d0cd-4696-bc3a-db056693e265,0
0711167a-9390-4286-9661-5f7d5a21dce7,0
07124496-4d7f-4633-bf8d-019bc0885aea,0
0713e6c3-9e98-44e8-8d20-5612d4df89f0,0
07171fed-f6b5-4f20-9e37-3c280c9a2f15,0
0719ce4f-9ea5-4833-aef5-e540d74a758e,0
071ac380-65f7-4086-bf04-2a9dffbc807e,0
071af387-173c-42d9-9596-42dd2cd4cd53,0
071fea55-b09f-4841-9119-381aee4cf832,0
07269d7d-b93d-487c-b878-7d425c11fb67,0
072b0b57-9b48-44ca-9378-85c7eff4b7db,0
073061d0-4a54-4871-a558-d0dda3f9cef5,0
0734681b-57ac-42f9-a00e-888a0ff27b19,0
0734a3bf-99f1-40c6-94de-5564c8ab8a82,0
0734d3cc-74ea-48ef-96e5-6b77a80a11e3,0
07352947-ba95-46dd-9909-cdff9a967b98,0
0735f89e-de6a-4bbf-bf90-bb83fce3137a,1
07361c76-8d7c-4e5b-8d9d-cfa7f6d60e33,0
07380f3f-22b7-47cc-8cbf-51117960e14b,0
073b7944-dece-41b5-af59-9f7e32cad147,0
073c031c-1dc6-46dc-ba89-25579e963289,0
073cce3e-9200-4f81-8fd1-2e5546dfa9d4,0
0749b3f0-5a3f-4787-90a7-74a1968b0529,0
074ec83a-4b59-47df-bb3f-ba61f540e83a,1
0752ab67-63aa-403c-934b-89048530476b,0
07560157-90ab-4edd-af87-dc47bedf7761,0
075a6ea7-ce8c-47f0-aaa7-4026e9ab1956,0
075b4665-1c28-4a59-a2ce-dcd855b61069,1
076548bc-4283-4cdb-b6c0-d0f6173bb2d3,0
076baf1a-831b-48d9-9d55-5cd2a72a9484,0
076bda97-1a6a-4b59-bcd0-2ea8dceff692,0
076d7272-15dc-48d9-b70d-a715c2bd5022,0
076dc140-bc7f-45b5-b310-2bcba221abcd,0
077044a8-5ce5-4ab2-9c54-74363329535c,0
07708652-7740-4c08-a01a-a4763a982bb7,0
077c1015-d069-4445-a299-8adf56673e1f,0
077dca0c-293a-4916-b83d-c2d1d57ad33d,1
077fad0b-dd52-4e59-9406-015ca2915e8a,0
0782ffbe-bbfa-4700-8f8a-162e2587938f,0
078473c1-83bf-4ab8-bd0f-7a1bc7053aba,0
0785eddc-a1bc-4840-a540-74af99a6eb75,0
0789952d-c105-48c6-bf8c-f48daa3eb898,0
078bab03-8ab9-460e-af33-cb5faad2e340,1
078d282e-c0df-4c6d-a0a5-464a10970009,0
079469ae-94e8-4994-8c77-69c1f41cf402,0
07974149-3116-4679-a64c-8067f0f7878b,0
07a55c8e-7436-4a5a-b6c5-0961f455ca59,0
07a6e803-b107-46e1-ad0f-e5ee415718b5,0
07a8d1cd-af5e-4261-a767-b6efd17db0d8,0
07a9e4f6-bc42-4d37-b3ae-e83b27b7dbb2,0
07aaf439-5bf1-4492-bdaf-ac709e31cab4,0
07ac9d57-077c-443d-93e2-3eefa1c06c48,0
07b253f5-78f3-4e92-a4c4-2c7a78d5137c,1
07b38163-1ce9-4a80-a822-9f58769540f0,0
07b3a89e-7fc7-47d3-804c-c62b0364fae5,0
07bbd10b-b06b-489a-9caf-86b3454add31,0
07c5c4a3-d70c-4e84-aaf2-8c77358348ef,0
07c818cd-4b15-4c58-86a1-9283bb44045b,0
07ca70e9-2aee-46e0-80a6-c2212c601361,0
07caa618-0ae8-4ea6-bbfd-1ca9096cff8b,0
07cf54e8-c4af-4a38-987a-fe84f785fbf4,0
07cfc3be-9349-44f2-86b1-a66ee6621284,1
07d03114-10dd-43e9-a6d5-d512567ba5f4,0
07d1d59a-e25d-4419-8e2c-ff6896a04f95,0
07d48c94-1612-4378-ba66-a690d91117c9,0
07d8484f-f70c-42da-9658-7ae701b4bfdc,0
07d8aefa-93f3-400f-bda6-74ecca76f1c8,0
07daa907-9784-4836-92c4-f6cc81813939,0
07e02559-afca-4bc3-bf8c-7698e5c269f8,1
07e24192-b4b4-442e-a794-01e20f7e4290,0
07e4d21d-2d0a-4e22-b399-474a7338850e,1
07ebf106-af0c-48c6-a943-fbcbb51e1555,0
07ecca3c-4101-45b9-a214-92a0b19f9e90,0
07f1da67-1283-4668-bdc2-f8dd00d23254,0
07f289ce-0c15-4655-8818-e4d9828ef244,0
07f3ff26-459c-4560-a9b9-8b52d5036f3c,1
07f47c10-7258-4c73-b4bc-d19f0ee14ddd,0
07f85e45-bc1b-4bd8-9fae-d1395dcd3648,0
07f8951a-f60f-4934-9f8e-c12371c616a3,0
07fc8a14-d86a-4a9f-ae9b-e17d222927d0,0
07fe1b33-095e-4c86-9150-2989c56d43a8,1
080b7a74-6016-4fbe-abd0-8b483d129dd9,0
080dbc40-f934-4d8e-9f91-81413ceffb30,0
080e0cf8-a3fa-41d6-87d8-3818f1911c55,0
0814c4f5-ccbf-4cbc-9a3d-88ee79bda877,1
0816e9e1-5df8-4941-b5f4-8e61173ba5b8,1
081ac744-41dd-4fc3-b7da-9ab1a836dbab,0
081aca4f-afe2-4727-bae2-57614da7e129,0
0823638e-f7ff-4a9f-88b7-97c244b28897,0
0825c095-d65d-4074-b9b3-61189df41354,0
08279e57-f5ff-4420-8c9b-000bc74b06f7,1
082b3711-e101-460e-9be8-4532ab3c6250,0
082b38e9-6761-45c0-8b56-eb5e11e0cb80,1
082c08d8-64dc-4877-83f4-33d9423fdabe,0
082d36e4-4057-4e2d-a8e3-a4dfd1e0fdb7,0
082fa860-5c19-45c4-8db6-7605a0824279,0
08357e65-9b3b-4b5b-b488-cf735ffdcb63,0
0835c419-f631-41be-8985-c4bacce83a9c,0
0839745d-30bc-493b-939c-b566dfe0aa97,0
083c40fb-bb11-4e7b-80b0-9fc27dfe674c,0
083e56c7-8f86-4621-9817-0985070003e9,0
0840e906-5e5b-4439-af82-a36edc72854e,1
08440229-48ad-41fb-84a7-7fbb7db5ad99,0
08447dc9-4d54-4258-97b9-3d1c2e8e444e,0
08452f02-32d7-4e17-94f6-2fdb5864de65,0
08495da4-3072-40cf-83a2-4c6dd8f4a95f,0
084bdf86-5865-4866-8ff8-4ec6ab6a5b7c,0
084ed680-87e5-457f-979e-e0af76962d02,1
084fcdbb-c3ce-4525-8d01-54a311a2cfcc,0
0851d762-58ba-4a59-91b6-dc3ab1f4c78c,0
08545316-faff-49ac-86d4-e0cb43456985,0
0858e345-1793-4289-8a0b-43844b831399,1
085abfb9-7a89-42e7-a8f7-961f864861bf,0
085bdece-e095-48d0-ae25-b2e4cd0e3f2d,0
085f49db-b8b5-47eb-830b-861ca97c8375,0
08609d32-fa75-4ea2-a3c9-c61601bfa354,0
086a777a-2cd7-46c5-b01f-1b1e33545b17,0
086ee0b5-55cc-4c54-b622-183e5f1b7927,0
0870f4c2-a0c6-450a-b262-85276f2e755c,0
0872bebe-dfdb-4a5f-b00c-782e8d843d17,0
087313b7-13db-4747-89ec-c3d8ba36d39b,0
0875a27d-321a-46e7-85c9-847f9474142b,1
08813e41-e9f6-4f11-ba8e-02c42c30dfb5,0
0882595f-6b13-47e2-8cf0-8618ebdad010,0
0882e21c-e9e1-4f7d-8006-53df95f62d8d,0
088b8892-b68c-4d3f-9cd8-0a8167f85e83,0
088d8850-71d5-4659-a0c3-1886a8c2426a,0
088e66d2-0c27-47bf-b91d-e7ba37578c33,0
0891b758-d5d4-4830-8a4d-0001505886aa,0
089267a1-06d7-4fb5-a4cb-cdd46821b38a,0
0892978c-246b-4fb3-b53a-8074f154f699,0
08961d80-8134-4a5f-a05e-1386ff1a302f,0
089adc72-4e22-41eb-8f8a-80c6124e9de5,0
089af2e6-c841-4d14-8bc8-13a810382312,0
089c3829-88ed-4577-beea-99bf8a4311d1,0
089f7ba9-5a3b-43b1-ab59-1ca7d63d3510,0
08a04bc2-ee3a-4645-a3d6-0ba062ae4876,0
08a11f0f-9dc0-4081-981f-e190dd953c6a,0
08a58c11-dab8-4b16-95ee-c3dfc7efa5f3,0
08a6e9f0-7b09-4c56-bc63-db00c0aa7957,0
08aae1b1-f288-4a5b-b04a-ffc125873c20,0
08ab0ef0-5a5e-42c9-9672-79e666032eed,0
08b143e8-924f-47c1-a3cd-f32f242d5273,0
08b25e39-4470-4fab-95ab-96a84c66931e,0
08b41a47-cd40-4706-a74f-9dca4270d8aa,0
08b58e9c-0e75-4410-8cae-971b099638db,1
08b5a1a4-4689-4b97-a09f-1b11f1812623,0
08b5d9b5-3a5b-4e8a-adf8-d170b1b732bf,1
08b79cfb-71ad-4d58-96a9-ae73b6c234a9,0
08b92fa7-f28f-4763-8efc-77777b5a2937,0
08bf32c7-c2b5-4231-8d22-2a1504d08b9a,0
08c49073-f334-4d59-83e2-25c4708dbfc7,0
08c66eed-45e3-4a56-98eb-1f8146a0e5ac,0
08c6716e-363e-4900-91d1-9b8f0b9e9973,1
08cba03c-3ba8-4b16-ab1f-382c4ced5580,0
08cbb02a-98b1-4ddf-8ba7-08ca294745af,0
08d13266-9ed2-4145-b6a7-9473f8a84f75,0
08d13fd1-72a6-46f9-856d-18149287d09b,0
08d8818e-0af1-49ce-9733-1bbe6921f6db,0
08daf733-b784-4348-a286-553de24ba3d3,0
08e34a03-c54a-4400-964a-9e3c8be66fdf,1
08e35003-b1f0-4698-b191-4a1faed9fe0a,0
08e79a2b-0011-48bb-b1c5-7d409e07a8f1,0
08e89928-380a-4a23-8efc-f9826deb0331,1
08ea4693-9bd0-4744-bea5-6125e2f50c23,0
08ed7207-0f75-4556-ab4e-7fd85d69ed26,0
08edae78-eb56-4a93-ad07-288a28fc7936,0
08ef1e1e-3720-43f1-8fde-474db0fd2867,0
08f3161d-4071-4af9-a19a-d7fde8802512,0
08fafe01-d5dd-4c61-9237-23d7cbf9f6dc,1
08fdeee7-05f1-400d-a9fc-dcd3423f174e,0
08feb2c0-75c7-406f-871a-a9e2c7b11a58,0
09004b9c-c92b-43bb-ad1f-34094c3f5c1e,0
09010522-9357-43e9-a178-6074f33e325c,0
09016104-5c15-46c1-a249-45beb49c33da,0
09060992-6b8d-4c23-a4b2-6fa857711fc5,0
0907077f-deba-4952-9516-fc40de7aa438,0
09070deb-56f7-4781-a0fc-d452b5afb0bf,1
090972a2-7ae0-42a5-89d5-9e85195a2150,0
09106b80-5bbc-4f47-b4cb-2ed4771b7cda,0
09132b09-0c58-46d3-afea-e82041a97f5c,0
0913cd61-c291-4620-9422-2196545778fb,0
091bc34f-08fb-474f-9827-d1bf33daa080,1
091d5837-e2f8-4018-b10c-9f858d795d68,0
091fd21b-d53f-45bc-b9b6-db01de339843,0
09212d33-54a3-4235-8796-355178e88d83,0
0924814b-fd73-417f-9f49-c6c86c8be5ea,0
09268e45-14aa-49d7-b792-3756eed9f251,0
0926c1d6-8942-4b1d-8d75-d412c0572bcd,0
0927abcd-ebae-47ee-80dd-529dfeba6124,0
0930ad8e-eaf5-43e8-a925-ca136ab2419b,0
0930e806-ab67-4218-a0bc-10ddd1515951,0
0939c5f6-e84f-40ee-b65d-227d84b3f823,0
093cdd09-a2f7-4de8-9b03-ed5275f9c400,0
094030fc-9303-4112-872b-645754327203,1
09403d8a-3b9e-4706-8eae-4844f16d3ef3,0
09415239-4822-47cc-8c82-c66238f386f4,0
0941ca48-e72a-448f-893d-a068a42dd6fb,0
0943ca93-f076-4592-8106-67b4e63dc7bc,1
0944ea6a-d536-45c0-b98f-71d2715197a0,0
0946d3f8-db1b-4fb5-a936-f21ad4e64507,0
0948894a-2e33-4e27-9506-df08cfa44995,0
09489cc1-1973-46d5-be0c-711b9caa8182,0
0949c1e7-98cd-457d-b0f5-35947ca5cfae,0
09513b90-60b4-4afd-ab86-e3367422fe47,0
0956d444-587f-471d-a319-bb6e584447d6,0
09599e38-8777-436f-811d-2746084ff185,0
095acc27-865f-435f-a0c4-6dc76dc97b91,0
095cdcbf-a8bb-41ad-a182-182cdba90a0c,0
095e1031-1564-4920-84d7-fa3847e723fc,0
0961444f-b4b8-4811-a902-5fd13e5e7455,0
09686db3-dbdc-4faa-8214-b4547176e4f7,1
0969a1fe-c5ae-4120-9767-ca5010c8149f,0
096b7b2c-b40a-4e94-9d66-bfc27d8a6960,0
097211bf-480d-477a-be99-e4805f9bfe01,1
09759820-f7b5-4838-9d6f-d9c05cf50707,0
09761aa8-08ab-431d-820a-01faeaa904f3,0
09769f28-8a53-421f-849e-e5574f711110,0
0979086b-dceb-43ef-b98b-b94b894d65ce,0
097c8f0f-a6b4-487e-8164-7d49e44ee590,0
09810fd2-a562-4f41-83b2-d5f6992a7470,0
0985cb24-a72d-4160-83bb-c7f6b75f2244,0
0985f3f6-ac15-49f2-b56a-a362413a6e0b,0
098d776d-ea07-4928-966b-8bf9157d602d,0
098f3f1a-e6ed-4630-a071-fd62976d8c69,0
099157ed-e1b6-4db1-9216-15a93c86d584,1
0991913b-572d-4044-b474-06699f307639,0
099898b6-ab2b-42e6-a894-0f90c05da60a,0
099a7c69-4f5e-4d8f-bed8-4c6382804481,0
099cdb67-a95e-456d-8a62-be1f56da081c,0
099d7280-1fcf-437c-9117-efeb54215a0c,0
099ddaac-c71d-4f42-8eb4-5e794553878a,0
099e9293-9f91-4b1a-83c2-e60a7a92ebb8,0
09a000c5-7747-4b4e-80c5-c60b2dcdf430,0
09a62cd6-8e04-4cad-b637-c76559d21adb,0
09a6c796-4001-4f70-a0c7-2110b20a33e5,0
09a8b2bc-be28-464c-bad8-d6a61dd714d5,0
09b66c76-c4ac-4d7b-98a3-a2e65ba50c75,0
09bbd793-4770-4f5b-822f-f1d30dfc8ab7,0
09be2e20-f35c-4182-9dfc-45ba44bcdcad,0
09c38840-1709-4f3f-830f-d5f7004ce7fc,0
09c416cb-329e-42db-98b3-8ae493ed22a5,0
09c6c634-efee-4547-9bbd-14677a3a3f6f,0
09c8da12-42fe-49a4-ba67-0509911acc5d,0
09cdf13b-5743-4a07-bdf3-a3dd2b372bce,0
09cf71a2-0899-4dd5-8f7e-c2b5bc098d32,0
09d1301a-9f87-4b9e-afaa-feb217be5db9,0
09d1f2e2-4fd8-457d-95b7-53bcdaadebff,0
09d385db-088e-4ebd-892b-862bb6c4f9b4,0
09d78f23-d2d8-4f63-a96b-ae80f8544bb9,1
09d7b943-5d63-46bb-b13d-44fb944bc10b,0
09e1b935-f82b-44a2-bcec-700d0cb15811,1
09e4fe75-3e65-49ed-94f7-8d0823a91d2f,0
09e8c9d7-806f-424f-8f69-74a6c2e249c2,0
09e9b8d8-ed27-40bb-8db8-738ad0dc1d28,0
09ead346-e8a8-4a0d-ab91-dedeccbcc78a,0
09eaea3a-8e82-4f9a-b30f-a5256381b11b,0
09eee049-82b0-43cd-b2e0-f21d01608f5e,0
09efad58-ceb2-4cff-9da8-ed60cf99c067,0
09f126a2-0de2-4f9b-8b84-3793ad2f3173,0
09f3ed22-e345-4db5-a845-154ddfc17c8d,0
09f43cd7-1cf0-45e6-8c75-eb33d746c05b,0
09f541fa-d356-4b88-9f9b-e5a0a468fd27,0
09f72c1a-0503-40c6-b579-63ca3394ddf4,0
09fccbc1-9920-4071-bde8-66909beb39ea,0
09fd06ad-5406-472d-a928-f54595bacc6e,1
0a0a6843-ed6c-4594-b74b-64bf2e52fa79,0
0a0e7976-36cc-4afd-b242-273df1b94f81,0
0a111210-b224-4db1-9b7b-0005213384d8,0
0a11d3d1-bee5-4271-9417-1cf1eeb469ad,0
0a152ad5-46b3-4791-a618-a6f43e1aeff1,1
0a180daf-4726-473e-b706-3d12837b7b82,0
0a182a69-b8a7-4b5b-8668-305890849b63,0
0a2cb26f-c868-4090-9b18-2f1dc5888db4,0
0a2cff18-03c2-4452-b059-781345f6a3e1,0
0a307167-046f-4c37-93fe-fe9e87be1f24,0
0a34462e-8019-47e8-8bff-75ed61d46244,1
0a367ee2-cde7-44ef-bf33-d188a9b04a89,1
0a374e26-0f6f-4539-adb8-44715b941b7a,0
0a38023f-1d89-48b5-8d4b-b4d1b12b5d24,0
0a3e93df-bcc0-4945-8fac-c316ea028d99,0
0a3f6718-010d-4e72-895f-1d9b6f4c1f38,0
0a3fcb1a-4877-4cb6-af9c-3fcc6ffc8f22,1
0a400f81-f162-4391-b55d-f9dfed207529,0
0a41067a-2bf6-4812-9406-c17fe3ac576b,0
0a422d7d-0992-4537-8fb7-da6f75b3071b,0
0a43637a-f7b3-4db0-b940-5471cb647534,1
0a43648f-22d1-4064-ad00-53af5285b0a0,0
0a4841bb-5c72-46b4-894e-a14f217884e7,0
0a4d1e81-920c-4079-ad43-1109982a30ea,0
0a4d248b-5041-4e62-b4a0-e2ef8648be92,0
0a5b89f7-cabf-47c5-98b4-352e16f3100e,0
0a5ce086-2323-4fd5-94cf-ee97bb45b804,0
0a5f3641-97e6-44cb-85a8-4b52e983b904,0
0a65b8c0-8271-40f1-8466-1cde3930d759,0
0a676293-ce18-41c1-8e1f-28b17e5cef9f,0
0a69a321-2fa7-408f-ba25-48e1132d4a04,0
0a7223fd-f516-40e6-91fa-97991bf74753,0
0a751c97-4d03-4f11-aeca-7feb95c9892c,0
0a787579-d305-45b2-87a2-e4650be87466,0
0a7d03e2-2e72-4010-b16e-e1614e0de154,0
0a811c0b-fc46-4880-8291-16729786fc5e,0
0a81a6a9-c9f6-44c4-be34-3a59380e68d8,0
0a8da62b-0969-4884-a035-392e2bcf247e,0
0a927be4-7e4e-4631-9189-33735e2a1bb8,0
0a9e6d75-7530-4494-8a72-fc2e1bad8a0d,1
0a9edd8c-27c6-49ef-886d-ec65d30ad6e5,0
0a9ef6c7-18b0-4280-af45-34789a5c7ec6,1
0aa0fb26-126a-42f7-a1a6-291703335a70,0
0aa34ece-de96-4607-bd65-b92b3dfdbd4d,0
0aa5d4bb-29ec-46dc-8f13-b62f22f25535,0
0aa6feeb-09ff-4fb4-97fe-1df935136d01,0
0aa76d53-f659-46b2-841e-61a77bd3e0b0,0
0aaecd5f-861c-4f16-8182-6b124629884f,0
0ab865e3-b557-466d-8420-6838d0298d1f,0
0abd72d8-6eed-44d2-b0bd-fa4ed30fa4e4,0
0abe64f4-9a72-46a5-be14-a9dcbca31ed2,0
0ac1cce3-e33e-4300-8231-c74ae4143805,0
0ac2dd88-4204-4223-b03c-f6a343cf6d7d,0
0ac484ed-42fe-429e-bf4f-a3ffe2333b24,0
0ac7ee09-5978-44d4-8e7b-4c7acaf64cec,0
0ac81acc-7363-4502-a67e-72448a416f19,0
0ac988dc-14f1-4a3e-bfc4-f77a201c792f,0
0ac9c6ea-36c1-4dc6-a924-b848d8eb50e0,0
0acd3c83-edd0-41f6-9885-9f214fa98968,0
0ace8aae-d929-446c-a041-7343956b692c,0
0acefdac-9bd9-4bbd-b209-75f617e9763b,1
0acf09d1-a029-40d6-b17a-408fa351e7bc,0
0ad0cdf3-d3ff-42e6-9582-7a427de85d9d,0
0ad2e966-36a3-4362-95ee-d8f508fa44e1,0
0ad39f50-3052-4b2e-b24f-5ac18dae6e84,0
0ad477f8-f04c-4c1a-9fe9-976ae580cba2,0
0ad64000-6a26-44b0-8df9-d85bef3b5941,1
0ad711a1-35ae-44e1-bdae-02c2193bfc99,0
0ad881e9-cdb7-4a82-8791-80541623863d,0
0addb0ae-62a7-4afe-a6c0-6822196efb47,0
0aec3368-e296-4502-b034-2bcf40bb114c,0
0aec90ba-1c5c-4d50-b643-744edfde8cd0,0
0aedbd66-a121-445d-aecd-3618b544b762,1
0aee343c-a229-4413-9c7b-c6e839cb17d6,0
0af04a6b-785f-4045-b341-0123ddea21d7,0
0af0949a-eaaf-41fc-846c-51aa81969e4c,0
0af43f59-30f8-45f5-8f2c-e72fe09a4edb,0
0af6bfdd-5733-48d2-a93d-ae9e39b7c68c,0
0afae9b2-dc3e-4d20-9799-8cbe29d7ecac,0
0afbe4f5-c746-422b-97df-51fad128c91f,0
0afdf1ca-24d8-4a4f-b34b-c8ed6c142cb2,0
0b047e53-af66-43c1-9919-0f63e13de949,0
0b05f33c-d1dc-42b1-b62d-d3cd5fa3c70b,0
0b080305-9684-4afe-8892-e69405997eb8,0
0b08535e-2cf2-4964-8a23-5144479218e1,0
0b08b5c6-eba6-4949-91af-b04095546a65,1
0b0c02a8-5e47-4464-a35c-2fabda905686,0
0b115162-97cf-4551-a0ac-71ed1d3c32b7,0
0b11c41d-c733-4f79-9969-f9a9f40bbeaa,1
0b12055e-ebc6-4088-bd5f-0081b72687d5,0
0b1395f4-30d7-4b5f-badc-1a807d4b331e,0
0b159c66-1d4b-4781-b398-812d6c37c6e9,0
0b196ce8-979d-4874-a707-19f698baeb32,1
0b1b81bb-4757-4864-9964-bb00a670660e,0
0b1d7025-5ad2-4c52-876c-32de2572f252,0
0b1e7b32-1238-4a60-bf63-ce6112f8a037,0
0b1fc044-26c2-4293-9f20-dcf1959572b7,0
0b22add8-4ea4-41e2-8023-6d45f4b86ac4,0
0b22fe60-f747-43f0-b2ac-f9cf13c14ff0,0
0b2655ec-258b-496d-9079-113e162882d7,0
0b278992-dd2a-4df9-8fc8-e3132ab3fab4,1
0b28715b-f03c-43d1-958a-d429e380849d,0
0b2c76f1-c208-49e6-8f31-250f62074525,0
0b2eb5c5-ad92-49b1-822e-6a3cb300bc73,0
0b2f8d34-6403-4720-b4ef-15ac54bf989f,0
0b37df02-c9e7-4fd2-ac07-4c92c090a3e3,0
0b388ca5-4195-460b-bf2c-17042d7e4670,0
0b3c81d6-27ad-45ec-a7ac-7d780144d971,0
0b3cd9f9-1077-42ae-9e09-16cdf0325f1e,0
0b41f1e8-c795-4d0c-bd6e-024fea942f41,1
0b43f815-14e7-445e-babc-ef6f3d5bd374,0
0b4838af-6750-40b6-b502-6097b42faab5,1
0b48f08e-c96d-4ae2-8458-990cf844eb4d,0
0b493fec-1015-4d7c-8a69-789c4cfbdf9b,0
0b49ff21-9b01-4cd1-b263-36e1938c22b0,0
0b4dd86c-a3ba-4e25-a818-f831a778e6f2,0
0b4f4b00-69e5-42b6-a5fa-f0935ca13613,0
0b51ceb7-606b-481c-844f-d9787819a46b,0
0b543c54-c772-4a12-9af3-59aba9c63c48,0
0b5a3cd5-fb3d-44f8-8dc2-84d1fcfe83e3,0
0b5d0a52-c0d4-46df-a7c1-28c6270b17a8,0
0b5d5683-8be7-4472-90ec-d1ed4032b362,0
0b5e49af-c8a1-480c-979c-585a1a486c6b,0
0b616675-57ed-4b5b-bc9a-983912bfa106,0
0b620d36-9d08-41ee-a930-ec50eb32cd3f,0
0b6540dd-cbb8-4562-bf52-9b051baa9234,0
0b686f19-4ca5-4c74-b8cd-7f1e727a20a0,0
0b686fe1-c496-4967-9cbb-28965997835b,1
0b691f92-e822-4b57-97aa-1ed3011fc6d1,0
0b6cdc55-fa4a-4329-b231-5d94eb8e1528,1
0b6cf279-bbbc-4252-9a79-3af313639610,0
0b6df711-44d5-4ac5-84fe-041f9b592df8,0
0b6eadda-676e-4498-9a9f-200a820fc6d4,1
0b6f2cfd-128a-49e9-9cd8-3e85207fce59,0
0b731db3-98e5-46a8-9fb8-e2664bca25c7,0
0b73be47-c6da-48ab-80a1-f6f19e9fbc60,0
0b73e0ea-19ea-4714-a425-a5132fad15a5,0
0b759a2d-a282-4cc7-99e0-66d2e381bdbe,0
0b78019f-38f2-413f-b5ce-b747999534b1,0
0b7f02ea-956b-40a2-9722-5be2d9bed619,0
0b801101-e71f-49f5-8d41-8b44d902dd05,0
0b81d31a-b467-4281-9935-760404b989d6,0
0b87480c-b44e-4200-af8e-fe501a4e2bac,0
0b881070-8358-4e26-a62d-bb7dd3f20782,0
0b88993a-265d-4a1a-946c-77914da63fd2,0
0b88b2cc-e520-4cdb-a13d-244cbfef68d8,0
0b896752-2692-41fd-aed6-8153cd0f6d12,0
0b89c5f9-4692-4855-a3ef-daee9a319941,0
0b8a3613-cb5c-4ce3-914d-b27f8fb414a8,0
0b8edbee-28ce-4570-84ab-124883f282c5,0
0b9087a9-4848-4e0a-b9b3-f88a0b0ff689,0
0b947693-e179-4f76-a4bd-514b9b76e4b0,0
0b958b55-38bf-4e76-afff-e6d97fe7673e,0
0b97cd3f-f50d-4186-9e77-9bea10a2568b,0
0b9d718e-ca48-42d2-92a8-8d9304241775,0
0b9dc182-4458-49db-9d6f-51971a743089,0
0ba04b72-553c-4f1c-9477-2fc737577f7f,0
0ba19710-412a-4959-91a4-64644dd9c3e4,0
0ba401bf-8f40-47cc-a9ee-555ffe7b06e6,1
0ba9c152-53f3-465f-8383-38ef67b65d44,0
0bad10dd-7fdc-413b-88f7-6c60bd2a758b,1
0bb442d7-a3c2-4ec3-8e64-c567840ebe73,0
0bb782cd-5a78-4392-837f-f14a4b335994,1
0bb8f62b-3226-4cb2-82a7-30343a411243,0
0bba1ff0-962c-4111-9ab6-9177c6200f27,0
0bbe7f68-d12c-4891-8cbb-89053558c974,1
0bc0a0c0-53eb-4f3f-bd1f-a4dcabd28a1d,0
0bc2234f-d33b-44a1-9c83-99cdb052ae84,0
0bc6f01e-6cb6-46fc-a0b5-87240a0d55ad,0
0bcd9635-c0ca-4b31-9445-6e7cf032179d,1
0bce5c40-b041-47ad-a4db-f66e1dce2376,0
0bd0f24d-c438-4280-b5ca-eac728a6f2f0,0
0bd478cf-122c-48d8-b8c2-1ceb4a6094f4,0
0bd4aa1e-767d-4812-99ff-ab5448f9c1f3,0
0bdce267-c748-4c34-94d5-10d029b079eb,0
0bddd4c1-aa5e-4626-a85e-49bd1c3153a1,0
0be146e8-f323-456d-9e9c-3727a67d8ce6,0
0be3e312-d5b1-4a3a-bd94-83f17830b684,0
0be78c8f-c5ba-4566-8cf4-f613f45b5b13,0
0be897c7-790c-46f5-8f69-beac09e33666,0
0beb8073-16a0-43d2-8e80-1ece9320f4ff,0
0bec3b17-b249-423b-9599-344ad4caf258,0
0bed4eac-7498-436f-8b43-4484f9f779ea,0
0beeab38-0572-4244-a82c-672274591736,0
0bf5069f-feb8-47dd-9b3d-e820a363f627,0
0bf5d601-9b20-4acd-9d46-787a09d38552,0
0bf6d87a-a10d-42f6-9d93-2c9f9d5bbac0,0
0bf74c0c-e9f2-4a85-9834-ea4971c3fd08,1
0bfc20d9-f092-4bef-83ea-3089202b0212,1
0c003090-df04-4801-824a-cba844688278,1
0c06355c-c6c4-41e5-a261-ece144bdb1df,0
0c064e53-441a-4ce6-801c-78c1b9a1b909,0
0c0bc948-5983-4923-a67e-4b964b7f24b0,0
0c0dbd67-ee38-4dde-ade7-c93677d1a0db,0
0c0ed9f9-84e7-4508-836d-587d7b22b6ae,0
0c0f21e4-2112-4498-ad0f-42f3e30aff68,0
0c101af1-d408-440e-921a-e82e33bd04a3,0
0c10f8a6-dfd2-47a8-a00d-04803ecad2e9,0
0c144dfa-05eb-4625-8326-db8ef07b637d,1
0c14b833-f759-4671-af24-9ab374f7d97f,0
0c193c06-4c9d-4519-8189-326c5a4617c5,1
0c1a3c7f-c3d0-4f88-8ea8-988c456f9182,0
0c1b25c0-0775-4d35-823a-36a4ae0326b4,0
0c1c82e8-43d9-4a09-8abb-0c4180bf068a,0
0c1d8c98-899e-40c6-a21f-77c2fba867a7,0
0c1db521-be7b-47a7-b560-5884e3d21471,0
0c1fb4f2-8b9d-4864-98a1-e7e0618e4d3b,0
0c213895-0528-4723-a486-756529e7caca,0
0c21e28c-a619-431f-a7ed-8ea785236b03,0
0c24a0c8-abd8-444a-9845-b26dd65b666b,0
0c295b21-8ab4-4125-bbdf-f3ac5b3efd92,0
0c2d446b-1fc4-4dba-9768-01a2e4107083,0
0c2dd75f-6bed-4f2f-8d83-a2abbc6aea5e,0
0c32170f-608b-4d1c-9c36-340b0ad7204f,1
0c338f4f-02a4-42c8-b464-c05a4579b4e5,0
0c38d894-c00a-4327-9f84-8bc50c1c272c,1
0c3b4cae-9f9f-492f-8cbe-ede077f274da,1
0c482a8e-7cf0-46d6-bcb2-b7cf8f69c882,0
0c4888c0-51ec-488b-9460-242671282f7a,0
0c4d40c0-4618-497c-af9b-fb87be25cd9a,0
0c507590-58e8-47da-957d-0144aed53d34,0
0c5119fc-be5a-4cab-a1ca-ba4e253cbecf,0
0c530132-bb5e-4f96-88f1-5d15ba49e9ff,0
0c590f2e-d10c-4cc2-87da-46543dc51e73,1
0c5b9c10-42c3-4f6c-a8f4-25d1d7969ad2,1
0c5bd2c3-a680-4019-80a2-e32b37493656,0
0c5cf7cd-c0b9-42b2-97ad-8b8b30d6bc4f,0
0c5e614c-f681-438d-ba2b-541bed0fb3ce,0
0c5fb4e1-52c6-4aed-a683-0fca80567d1a,1
0c605f44-7103-448f-b055-1484de8ba467,0
0c70fff0-979b-4bae-be0a-aeeca7c5fd6e,0
0c71db78-a7dc-4036-97e6-55ba843c0472,1
0c74d9b4-6a24-4b92-968f-54236d3c9945,0
0c75ced0-cf17-456e-9a3e-ea05e61842df,0
0c75fb71-268d-4cd3-9346-915227da139f,0
0c778e8b-8540-4ed4-9b14-ca95ae4c503e,1
0c7b58e7-4a0b-4386-9c3b-29ab814e9f49,0
0c7e8c2c-5faa-4e15-b96c-bd734f50346a,0
0c7fa7d2-ad40-4889-83ae-004111fd1b86,0
0c806d85-b3c9-45b1-be0a-08d476d13494,0
0c807661-9ca2-44c5-84d5-cfa72f319462,0
0c885c00-9032-43f6-b528-a4d762964fc8,1
0c8b1e5c-e136-48db-bfc8-c8a9bc95635b,0
0c8b9b33-e503-45d7-b358-c24d9fe239c5,0
0c8c2312-3580-430e-bf8e-9078982db9c2,0
0c9be23d-3458-458d-a6d4-90b09d8e1267,0
0c9e9890-9f88-4d56-bf5f-21ac9a2e5194,0
0ca38cc7-6c93-4c0d-b4ab-0a7ff4682492,0
0ca8247b-2db1-4f09-a977-d9ca181f1f2c,1
0ca8a808-fe8d-4397-b2a9-4dd54ed19304,0
0caaa76a-8002-4e82-9ebf-340e236d5d28,0
0caab386-3a6a-4fa5-9cc1-924c252aabc8,1
0cac631c-0b67-4e30-add6-79bf1cea24e7,0
0cad5775-2646-47c1-9555-2112bd05a4ab,1
0caed9aa-da19-49dc-ab80-2b1627ff988c,0
0caffc0f-ddc6-46b6-817f-7c656551b561,0
0cb1c529-e91a-4410-94f5-f3838cf283ba,0
0cb47a10-f770-4d17-a462-dcdf1fd8c5a2,0
0cb49e9b-5ff3-4c8d-8383-e5ae3633a653,0
0cba339b-8817-4e97-b840-f715f7a3bb84,0
0cc42930-c654-45b7-a63d-726c96c99536,0
0cc592e4-82d4-414e-92ce-277ef4a2d37a,0
0cc5a93b-d8c9-4642-9558-b6be8d533056,0
0cc624e9-1d4f-432a-a906-d59c3bcf4cc7,0
0cc681b5-3d27-4deb-9910-fc68dfb1f56f,0
0ccb3196-936d-45e9-b9f0-c70e06b34bb1,0
0ccb6dd1-9e74-4a9a-9d89-3cfc65a2b513,0
0ccce438-d4b5-40c7-92ee-c2b739dd44fb,0
0ccd3ad6-3372-40b7-9ed3-86ed87c08586,0
0ccf62cd-5647-4f19-9d68-7b9abcbbadc6,1
0cd1c528-11e0-4ec5-b13d-75427663a576,0
0cda5c5e-5621-4806-8981-c61746af2b26,0
0cdab5c7-380e-46d4-8340-2b1cf145cb04,0
0cdfa454-87d0-40f3-bc68-0395903ae280,1
0ce038ff-0e91-4a40-95ce-748240bb2ea8,0
0ce39a09-e777-41f6-b073-8a81e1c10c28,0
0ce3ef7a-b31e-4782-a4d2-a6ecaddb49b2,0
0ce41b5a-12ed-4e0e-b37f-10b6faae7c92,0
0ce46ff7-1bd2-48e4-bfaf-f6064c16fc79,1
0ce6bcd9-70f4-47f9-b86e-20b10b0ddf2c,0
0cea7b98-8062-4412-976d-cb17bc457a56,0
0ceaa027-a5c1-4142-9b05-926dd045e04c,0
0ceb5d6b-64ce-4dcf-a1de-93dc42cd64b5,0
0cee1adc-2b81-4be9-8ef7-9138eced0b4b,0
0cf08f14-4908-4a1e-9a3a-fb34d7b2f074,0
0cf4e58b-3d1a-42dc-9196-54fa9cb47db4,0
0cfd739c-a07b-47df-a3c1-5e978ab23662,0
0cfe4b18-0e25-4ee5-9c30-e1b0cfb4feb4,0
0cff2b5e-1db5-4d21-a205-ad39a58f561b,0
0cffe470-997f-4ca4-b45b-210c4d078108,0
0d08ae8c-d616-41a6-a229-9689ac15f6d3,0
0d09113b-52f0-41b2-ab75-e04ab25c1a82,0
0d09f87c-ea5a-4082-a4c3-3cf714d9bc4a,1
0d115d08-e919-4908-adff-84a2a24adc45,0
0d14e67e-ca22-4d3b-b052-7294f069d47f,0
0d15c86d-1dd8-4acb-a474-d94daed0f70a,0
0d1e4496-85ab-423f-a600-6ada5730307d,0
0d206531-83cc-47d1-8090-2487906dcf7f,0
0d20c60c-4cd4-4c18-bae6-c6c44f508775,0
0d217ca8-9b7b-4ad2-ba1c-a13a8c407d6c,0
0d23c9bd-8952-4ca8-aedd-fae0ca7a5032,0
0d23ced5-d2bd-4b1a-addf-fe41def94910,0
0d26616d-844c-417f-a6c3-a973992656ef,0
0d27a18b-80bc-4247-8e21-9d7ae23e4d54,0
0d29318e-ea38-4736-ac9e-324dd3274216,0
0d2a6ad7-b923-4ea3-8bd7-ccf0780d1630,0
0d2c5825-57d2-48ad-95d8-a9d9f2bdae3d,1
0d2c9f3d-3115-4e36-8292-d0fdf8e586c1,0
0d2cb482-b65c-4740-9e0c-9e2b6114c039,0
0d318edc-9b9a-4e36-9d78-98d875c1b55e,0
0d366e17-4962-450e-8c18-de36f18e33c1,1
0d38c247-8d42-4088-88c6-7b64ae78c3a9,1
0d39c2ca-6abe-4105-bf2b-aad0db9fa709,0
0d3efd53-aba9-45d2-8ed0-77463f5eb853,0
0d4290f7-cf1b-459e-9605-98b70bf818f3,1
0d456c47-8de9-4fef-a2b1-b30a8cbfc686,0
0d4be704-4cf5-4aa8-999a-3cb11ee5d6e4,0
0d4e8609-83ac-4cb2-b67a-6e065f84e91a,0
0d4ed6ba-1c9c-47bf-bf07-01abd66ac107,0
0d4ee7ec-accf-4a51-b4b6-366014b36382,0
0d4f6dcb-dd44-4cf4-94ac-5c95dc8c71d2,0
0d5ae9c6-a94f-4c39-a460-720126cd8e5e,1
0d5c5f11-83be-4f10-8413-7a590c4ab1fa,0
0d5caabf-422d-43a2-8543-de2b4d65c3ac,0
0d6033f0-e138-42ce-aa2a-77c1e4b33e57,0
0d61a908-9949-4835-a3db-4243f58da915,0
0d693247-a121-44bd-956d-c7b4abcfcf5a,0
0d6b2634-5fa4-4dd8-b9f3-66350969e3ba,0
0d6c7551-f80a-4929-8b41-d63ebc222194,0
0d6e600f-4628-4609-af7c-7d3bde15354a,0
0d6fad49-fc67-42f7-8664-069b7b22f7ac,0
0d74cf51-bca0-4883-b7ee-4ae8a3ce03de,0
0d76bb36-4bfd-4359-80de-7fb8ee8a1b60,0
0d79dbb4-d5dd-486e-a0e1-d6d9fb9ab386,0
0d7cdfe4-3abd-4fe7-9dc5-9ad17c893018,0
0d7eeecc-2d41-4dc7-94ad-a4bd1eb3e4be,1
0d83ea67-156d-402b-ae33-3022f23c7585,0
0d867b93-fc1f-493c-8dff-4fb8b8cc66ed,0
0d8697e0-9534-4075-8576-041f6e45ef29,0
0d884e29-4df6-4944-8e12-745fd6761472,0
0d8d4685-a6fb-4d18-a6be-2cc7d7ca0c96,0
0d90a5af-d535-481e-8021-2fdf69675d57,0
0d921b2f-2c85-46ac-acb8-fb915fbdfcf0,0
0d9631aa-e215-411a-acb8-878287ffdac1,0
0d984321-138c-4b31-a29b-b4ef13660580,0
0d9c1b12-4bab-4776-9853-6e5decd8ec55,0
0d9c22b4-d7b8-424d-82b9-dd7e474195c3,0
0d9cc604-06dd-4a13-a2a8-df608a30cc19,0
0d9d6332-ee0a-414b-81d1-099a1379bdd4,0
0d9e1ac0-c30c-432a-90e0-a6615df68c89,0
0da0ecf6-df7a-45fb-b246-b65e445aae33,0
0da235af-b369-47c9-9aad-d02e83182658,0
0da8957a-7332-4066-a879-893c9ce0edb0,0
0daa095d-9e1e-49d4-bf97-a67c6108b1dd,0
0db50610-66d4-4185-9a74-9a8bbfcf8876,0
0dbc8d49-3190-48ff-91a8-5435b3f5a3e6,0
0dbd50c9-1ea5-4c0e-8057-fbfda1be9457,0
0dbeb4cd-6fa5-4922-9689-c397c51a6337,0
0dc08aee-6aac-4881-909b-17d6f984102d,0
0dc1c048-a860-4734-a0ac-3daa44b874fc,0
0dc6deb6-09e8-4122-8fa9-0b9ddfaab7b1,0
0dcd7c91-7bf4-429e-9d22-19df1cc11f17,0
0dce0d7b-71fa-4a63-9028-a0d93b705dc0,1
0dcf0beb-844b-427a-8a97-9805d3e7d1bc,0
0dcfe8d9-98a0-4229-9898-9b0a29bac2b2,0
0dd27a4c-5edf-4cde-a305-b96fe733add0,0
0dd2afad-3097-4a63-83da-c79c12ab64bb,0
0dd6b9f4-7b95-4495-bb1c-734556d37b0b,0
0dd715e3-c88f-4613-825d-3d68a295445e,1
0dd811dd-7730-43e0-8ce5-887dbaf82638,0
0de1cbad-7071-4d51-81b7-1908ae2fdce4,0
0de8dfbe-c325-4525-b598-215933e38993,0
0dee3c82-1a62-414f-ac99-6cd920257f5a,0
0def08fe-7935-4d9b-8b6a-40f6d6ebf24d,0
0df29ae9-14fe-4e85-9656-38dd47ac0687,0
0df7238b-aae3-41f6-a800-820f25ff177a,0
0df8b82e-35e5-4458-9e01-bc7eaf567886,0
0dfcc023-c84b-4066-81b0-043ecc2fc6c9,0
0dfd213c-5054-4fc9-b849-0fd85267172a,0
0dff63a2-bcfb-4f94-a174-efc3616e81eb,0
0e0004a6-9711-4182-a559-5bdff9c519e4,0
0e03f2da-5fa7-4b23-af7f-97d6d04f04eb,0
0e0410fe-e5a9-41ef-a40c-deec5ea7c25d,0
0e04e645-b603-4c66-97da-7443dc32b787,0
0e07c062-885e-4054-896a-5ffb54c4cf98,0
0e0d7ba3-1f12-4538-93c0-e365577ce31b,0
0e0db8c2-70be-4235-b47b-979f0c74c0f0,0
0e12bf78-dfdd-45eb-82b3-7805349f552a,0
0e12d1d0-345f-4d96-90e1-575636d15ac4,0
0e14a44b-c3aa-4ff0-ba5d-cec1a9a00704,0
0e15249b-f76a-492c-ac00-3bafeae2eb81,0
0e1a6050-516e-4b41-9b1c-b1545f7dd0ff,0
0e1c4a9f-2440-45cb-8598-20d8bb8b5f2d,0
0e1cda91-1fa2-4dd6-8664-f72caa2d2a1f,0
0e1cf36d-5cba-4afe-8463-98c166c3ee84,0
0e1d71eb-64bf-47cc-85d2-c61ebb5863f4,0
0e1dc171-1065-43c6-acc2-40b199cbe904,0
0e24fa50-9239-4106-b3a2-4051bc7f235d,0
0e25a15a-cdaa-49b4-88d7-b08aa9cdfd64,0
0e265f39-a6ab-4bd9-9130-3e54fb4f2d90,0
0e26c56e-a954-45e4-9cf9-5ef14de1d73e,1
0e27742e-f926-4f8e-828b-6ad32a5e4ab5,0
0e289766-2050-4eb0-9789-4ca6f0f76c82,0
0e28ff6c-cd71-4545-87ee-1d5f3fa7a539,0
0e2aff65-632e-49e9-96bf-d29c9442dc20,0
0e2f800e-81ce-4742-8e17-a31ce3d72b97,0
0e32dc8b-34dc-4a61-91ba-d2973a444c85,0
0e376770-fdd7-4a5b-8477-d8fd3968fae5,0
0e3ac7e5-0f7a-4ae6-9233-601e182f67d9,0
0e3d3b8f-2ed3-4095-b85b-b2ab3525312c,0
0e3d5dce-8817-42e1-a243-ce2030d25e20,0
0e3dce67-954f-4def-a70d-249f9dff81b6,1
0e3e8166-506f-46fb-b09b-5a7918457003,0
0e3f8e60-299e-4d66-abf6-fa426ea67989,0
0e3ff741-5b5b-4020-9908-91ee1ede531a,0
0e42fcb2-dd91-4b3b-8d9c-c965b40c8c5f,1
0e449973-1a89-43d7-8eef-0f01ce24b7b0,0
0e44d4ec-9011-46aa-8de5-7b11d0a623da,1
0e49a7e8-c9b8-4be6-b2c1-f0334a05b3e8,0
0e4abfb4-a0df-4783-94b9-274e1a930ab1,0
0e4b1fe0-74e1-4161-b49a-0c82a359df63,0
0e4bead7-5d59-4ca3-a876-97d686002493,0
0e4c38a0-d710-4ca3-adef-a2c8bf374231,0
0e4f6a5e-d50f-416c-b3fb-6bf6f20c3fd9,0
0e4fd075-7133-4472-bb06-7e2b46197c39,1
0e539329-7347-4e55-9efb-4b27fa626810,0
0e54a07d-1044-43b2-b6db-fa9b20b668ad,0
0e57fbe3-09a8-4477-8c63-11fc6ce1e2a8,0
0e5c554e-7ec5-4a43-90ac-f98d73c2e937,0
0e5f2a6a-1665-4dfb-b872-674fccf32c8e,0
0e6050d5-5ad9-4b48-a578-0c1e156afbff,0
0e62dc4e-8d7b-4ae9-a89c-1b3fdfe477fb,0
0e67aab4-9d0b-42de-9cf4-79b4ca844923,0
0e67ffad-3805-472e-a375-e77faa37182c,0
0e684797-de24-459e-8283-1c043beef4db,0
0e6d2f08-8649-4280-9222-212f71b9af5a,0
0e7748a9-59a9-4c86-969a-5c7ac262a506,0
0e780d0d-030d-484d-be68-646be511018a,0
0e794d72-0f4a-436e-acf1-95e0d32d9732,0
0e7b431d-59cc-46d3-bc02-88a8833f54ab,0
0e7c3e5b-69df-4a05-ac96-9cd423b6b9a1,0
0e7c58c1-02c1-4109-bb67-4958ba03ae81,1
0e7d2ecb-c94d-466e-8a64-7a9759035ccd,0
0e8a9cb0-1fce-4256-b3e0-7232d0e602af,0
0e8e4b63-c02d-4d87-9577-08309d157fa6,0
0e917306-1c2b-4fd0-9d6b-0a3255d9372d,0
0e94123b-ad19-407c-9ba0-8efe252d4a2f,0
0e94bdc2-fc02-4e44-983a-71f12625e6ba,0
0e978316-fe22-4c0f-9981-0b217d4e0d79,0
0e98b4df-3988-48ab-b175-fdb209d776a3,1
0e9d090d-5133-4748-b3ae-82d29c22e0a5,0
0e9f214c-0be4-4792-8b1e-ec5b52109163,0
0ea104f4-cef7-4653-9092-ec333ada842b,1
0ea6710e-2cfd-42dc-b2e9-93b088b5f634,0
0eacac01-c247-4b90-8493-cacd5caa8b37,0
0ead1dd2-d598-4ef8-a756-a95d706bab57,0
0eadf960-9845-4406-bf07-e900fcfbbd5a,0
0eaffe6d-c987-4d55-bc02-186ffb9da027,1
0eb0bc60-9819-447d-9203-01c13b58b795,0
0eb29e8d-a3b4-4c61-83e9-25f137aa18b3,0
0eb57ff5-19b2-4e2d-8f70-4a79e3455949,0
0eb7a7b7-cb68-40f7-a905-69c015d3ac67,1
0ebace72-ce7a-4e0b-a3c7-e824b8eb9069,0
0ebad53a-53c9-42cd-b329-3c01d7849e06,0
0ebef9d2-48b7-41b0-adb0-72c41259dad4,0
0ec0bd6b-0e91-4030-ad28-5615178148f1,0
0ec2455d-4a7c-442d-8569-fa3d4113864c,0
0ec7a5b0-ae15-47ea-a2ad-21fb4ab623b8,0
0ec89960-dda5-4348-8465-c93ae17beff5,0
0ecc8320-797c-49ac-b055-bdd49b80836a,0
0ecd10ea-5e05-4121-ae23-c5fce5ef6784,0
0ed4f5d4-b68a-46e2-81d7-c32a380b405e,0
0ed5aade-4f71-4fd3-9641-0f5032b8d6df,0
0ed6cc2b-7c91-4133-aa4a-2a60675122b7,0
0ed95825-e3de-4899-ad34-b0ecb42cf69d,0
0edc85fa-b1a5-4a8d-8a2a-1bc22516e3b1,0
0eddfaec-5219-4d48-8d62-85f584b0e63d,0
0ee86ca4-3b26-46d7-943d-f5e197078aac,0
0eeb6431-ffff-4dda-94cb-787a86a0b901,0
0eebc48b-3b67-401a-a713-875d391be96f,1
0ef0a89b-c2e2-46f2-a5d0-2b9767fb1561,0
0ef31585-5100-4246-82e0-fa068a2c3646,0
0ef4d208-a321-41be-9726-354db54921b6,0
0efbfa46-aaf7-46ce-afa3-82405e0295ef,0
0efc5a91-2694-46db-8a19-7c045173c36c,0
0effaafa-735c-40c5-9fd2-c6b564675ee8,0
0f019463-093f-416f-9d64-b6692d024841,0
0f01c60a-20d1-4b0f-9624-7391626be6d3,0
0f0375f8-1606-4fde-aa98-7eca7c40c779,1
0f03804b-89dc-4b59-90ab-7e78788bb80e,0
0f03a3cf-f540-42ae-bc66-33244bbd5f8b,0
0f03f5f2-405f-43cc-905b-b546233f0575,1
0f06ed19-93fe-4132-81ee-e370aafc8bf5,0
0f0715ee-4916-468e-9676-b5200a6130f1,0
0f19dbe4-df02-4f52-8002-6b7583d4e2e6,0
0f1b4eb8-0bb4-4d62-a027-0186903cee69,0
0f222959-3e5a-4b66-8616-92bdd3f2aca1,0
0f25eeec-1d1f-4751-a4fc-7da43911d72e,0
0f26d81e-55a6-40f5-9f49-fc642417fec3,0
0f2b9ca7-c066-47c4-b4d4-c541c4032175,0
0f2d1361-f25c-4342-a035-2127c7e2ae33,0
0f31643b-1774-4707-9d6d-814947519215,0
0f37d1ca-4384-4906-96c7-57acf27e521d,0
0f381115-7525-436a-b135-3f742c801ed3,0
0f394f11-1d9a-4ed7-8370-fd0a57280f13,0
0f3e6c99-f8d0-4c69-b847-cf7189a65e72,0
0f401ae1-c90e-4a70-9f0d-ee93af86e0ab,0
0f466855-86ee-4560-8996-5ef31d78456d,0
0f487cab-79f2-410d-9e73-394c9d2a84fc,1
0f4afb50-911a-4d99-9380-31730e1a6edc,1
0f4da3f5-1cca-4440-9c9e-37c4d75d1efa,0
0f5232a8-091f-469e-abf0-0d525ce16ac0,0
0f53251f-a47d-45cf-b49f-df456fb5cfdc,1
0f5775af-f0b5-478c-8b78-805bfb35912e,0
0f5be0fe-8b00-4348-b29d-84e9b16755d4,0
0f5c04fb-1b53-4127-9442-275e66b90587,0
0f5e43a3-5266-491a-9e3d-9ba8aff15f42,0
0f5ec195-4a80-4de7-a888-9784ffec8bca,0
0f60831b-ad21-4c36-844f-4ac5d50eb2a4,1
0f609f01-f9fa-4aaa-9b51-c0b155dc39a5,0
0f655a33-ce84-47ea-9f4d-4cd2708c1a10,0
0f69510d-d699-4ade-a10b-6daa62df2f38,0
0f695d82-2887-4787-b083-1d8508d98149,0
0f6cca29-064c-4fe8-9246-b1af8705c10e,0
0f6cfec5-941f-485a-8715-5b1940a5d057,0
0f6f489f-d3fd-4c4d-b894-4a8269d25f33,1
0f7529b6-b88b-46f4-ada3-6b28d70fa139,0
0f756ae7-8b63-475a-bf11-8fe240a67bc9,0
0f75af7e-0672-4e57-a552-54f2dab7ea4d,0
0f762d38-61f1-4289-8186-623f35559f96,0
0f763705-1451-4855-8b18-f3231601de24,0
0f78c1e6-f69a-427f-80e9-4f84aa2dcfeb,0
0f7f605c-4a1a-4574-87c6-62da03708e87,0
0f7f95dc-4563-4e6c-a279-2cbbeae2079b,0
0f805214-5a5d-4eca-9c83-7dec591347e6,0
0f857287-1fd4-42b0-a4d0-363ded9f4085,0
0f875499-af76-4567-9cf0-ab232338231e,1
0f8b584f-2528-4eb7-9247-87dbdf238ef8,0
0f8b73d5-4567-4844-a470-766912dc1de4,0
0f8b81bf-5566-41c0-a159-2062f3d483cf,0
0f8c04ee-f996-4390-ae24-44ff547ee6f0,0
0f8f7e01-354d-43e6-a4be-a1dfcc7e7328,0
0f93c0d9-360f-4cd1-9faa-83130b4a4dee,0
0f95d496-b413-44f8-82ed-f2884bfd53ec,0
0f96fa2b-18f1-4587-b312-b1fce936cd32,1
0f991431-9da1-440b-9c8f-769b5d43e29b,0
0f9fd21e-ccd8-4520-9422-7278832fec63,0
0f9fe8a6-528a-40a9-af48-cfa90efe0f39,0
0fa30ad0-6090-4583-833b-2c72436dee6d,0
0fa35eb7-19f5-4e7f-a51f-e820bfb328e6,0
0fa7c136-370e-4b09-958f-74df63bb593b,0
0fa88826-45e6-400d-a0f8-3d74b5c729ae,0
0fa904db-f37a-4bb9-b7e5-620b91293c25,0
0faafac7-55a3-4522-83ef-9cef4ac64311,0
0faf7531-3ba6-4572-b96b-f59012739a43,0
0fafc67f-26dc-4078-b62f-889db595f6e1,0
0fb25912-e8e7-43cc-b617-4f606abf4d94,0
0fb28aa5-b9cb-474b-ad5e-069df8892db8,1
0fb2c03b-ca10-442d-968e-f002f2ff81d7,0
0fb3454b-31fa-430c-880e-4517278fd850,1
0fb57ab4-6a84-4a7c-909f-28e0e77394a5,0
0fb84015-4751-4b3a-a366-c661a9949fd2,0
0fb85eb9-2ba4-4786-a4d6-87d3efec485f,0
0fbb4039-777f-46e6-9b76-68b9f53f8189,0
0fbc7872-a1ae-4732-9043-2b20eb875af0,0
0fbcb26f-50aa-40e5-80d3-2988f7e8d3e4,1
0fc4f79d-ea9e-4c68-a591-f5e54b9f5c54,0
0fc559a9-7689-41b6-bdfc-4a0fe5d56775,1
0fc71435-ca06-4589-9043-31fe0223f37f,0
0fca7954-f5fd-465a-9676-5a63680efd87,0
0fcaf06c-a9ef-43a0-aa75-89378884d71c,0
0fce7e23-dbee-4232-87ad-d15671fd7100,0
0fd42076-2ddc-4822-b6d9-8827abfdf373,0
0fde8e57-2828-41ab-b992-6e9cba0f8155,0
0fe74947-5ef8-4573-83f1-4119415c178e,0
0fe7ae98-0d64-4bf4-abd3-b72bd054b945,0
0feac5ce-0007-4849-964a-c6469ea9b3b5,0
0feb63f6-7fbd-4f76-8dd7-3efb1a5c82f3,0
0fec28d3-e4f9-4ed6-b38d-b74c4e01a56c,0
0fef3f34-1d20-40d1-85a5-da3e8016cbf3,0
0ff18a8c-c423-4d3c-a385-6d1108617fdc,0
0ff5b35e-5b8f-4e81-b65e-024bf8eb9ca5,0
0ff6a758-692d-4898-9ec0-d62cfb86f623,1
0ffd8f6b-7951-41a1-8fb4-8ef68231e946,1
0ffe097b-9dd5-49d8-829b-5a7f39a6ba76,1
0ffe27a9-77b6-4dfe-b472-202224792c51,1
0ffe2ad7-20e7-4b30-bb9d-5158d049feda,0
1000ec13-b50a-42e8-8244-265fa7a79070,0
1002638d-f8b4-48ec-b3b9-6584b0d7b786,1
1004dc19-8af0-4f5a-8e0b-37e4bc7db0bb,0
10093a9a-dc2c-4b1f-8c5d-2745d2d1a505,0
1009688e-ce59-4e20-a70c-a8b6425a5e2c,0
100e1c8f-8e55-4871-abc3-a654a244e3e4,0
100f160f-0117-45af-9560-a1587902d8fe,0
10127b31-2bd6-4ec1-a186-a0583331f1aa,0
1013279d-2564-44a7-81cf-8d11b60db5fd,0
10139031-846b-45cb-976f-b731bb8974ae,0
10153e0d-64e0-4576-84c6-adb975125681,0
101a23ad-c471-476a-bc9f-3225d8b6e079,0
101f0ead-1922-430e-b59e-5370319c7f87,0
101ff0ce-9c09-4313-bbe6-06609b58639e,0
1021a761-465a-4b81-8f9d-85d6b247b3cc,0
10271e7b-f298-4f7e-b7f1-a70fe19c8190,0
102ac711-12d4-4aef-8bf3-6b307b4eabc7,0
102ccb86-7c13-4b40-b830-76bb4449fbfa,0
10327860-2002-4497-a5ca-0b447129ec86,0
103324ce-d564-4424-b069-ea2f8d0f13ad,0
10336595-9606-4638-afe8-661b82319dad,1
1033e232-4fa5-4e75-9f69-c3e3420944f3,0
10352075-7b3d-4826-9c51-d29ba56a56d5,0
103c1bc8-0f26-4aaf-b440-021053a10d29,0
103ebecd-3094-4f9c-b300-a22cf5a1b532,0
10400dc4-beb7-4a04-af8c-ea8d6279e5ff,0
10436af8-76cf-47b3-978c-1da7c13afd50,0
104569f6-9bcb-440e-9735-54f3237e9733,0
10499b8f-8752-4f3f-ac80-7b9564208792,0
104beab6-12e2-4f00-9244-cb469587a56b,0
104e367e-2fc2-49e6-b625-afa9bef7e5ea,0
1051235c-df22-4946-a213-7b157ac2225d,0
1053d336-0a85-4f7a-90e8-5ea6f173c4a3,0
105923c1-826d-45fa-a1e8-1db7592df48d,0
105d6b7e-3b8a-472b-a103-0e01fe023867,0
105e2b44-791a-47be-9717-2394ffcb1f63,0
1064111e-f903-4456-95a3-74fea7c61ca9,0
1065b202-e38b-416f-922b-8ae7251cbbbc,1
1068c78c-6a91-4b5d-991e-4c91207aba8a,0
1070c696-4113-4627-af00-51989f1f8011,0
10713056-a8fd-4651-bb74-3d5c9cbce622,0
107ae54f-0adb-4680-aece-b217902b3766,0
107c16f8-bac3-430f-b200-6201c91b2929,0
107dac4a-cd3a-42be-82a1-a439da30bebd,0
107e0c75-203a-4c7f-adb1-52ba2e3d38a0,0
10826a92-fa9b-4acb-b56f-2b4aa44d4103,0
10862bb0-2043-44b8-8b20-6bcbe5d3036d,0
1086e2ed-7559-4c1c-96f8-ed13f475bfd8,0
1086e2f3-a1f4-4799-a122-a2581b9535dc,1
10898b44-284d-48cd-946c-c878cac7d1ca,0
108a1788-74ba-4b6c-bc53-deb981260960,0
108c7d75-1244-4ae7-99b6-c3bf0ac4b9da,0
108c9c42-b2b4-4a7e-abd3-b6b209547a18,1
108cfa56-f976-4fba-b567-f9b5e719aaf3,0
108dc58d-add7-4736-bef3-b9c6f4b7d800,0
108f72d5-b360-4157-a954-b00f43b3cd9d,0
108fdae6-acd4-4c4c-b4e7-9c9df9e8ddc1,0
109534b8-7ac2-4a19-9b4b-f9f1a615e4e2,1
1098e0fe-5246-457f-a7f1-dec5634f9688,0
1099607e-76e2-4de3-a274-8c97216c97f9,1
109e8810-d438-4130-b927-770311a54eea,0
10a33aa2-38a7-4f7e-a54d-bd49ff144cb9,0
10a6fca7-8651-4b4c-aab5-6ddfe0f1ef64,0
10a72569-665f-4f88-9df1-9d669334bddd,1
10a9e94c-f447-46a4-989c-ac804a934e6a,0
10b06bc5-18bf-4503-8c82-e1d7b96c074a,0
10b2204a-b6e4-4f71-8eec-a0f5053d4e7b,0
10b778d3-2689-4a8c-9192-249ddf886d3b,0
10b90e11-b1df-4924-aa70-49c060c0689b,1
10b96ce7-a665-460a-8942-872de3d9f5b4,1
10c85211-4357-4f11-a9cb-74e02d78af5a,0
10c85d63-838b-4554-aec8-efc27ccf72b4,0
10c88364-7a96-4819-9409-5813179910df,0
10ce89fd-61f9-432c-a5ca-18db07607482,0
10cee8dd-2fb6-430c-b4ab-a9452886787f,0
10cf365f-a7c9-4c85-98e9-7a593b4bad6a,0
10d0c4ce-0ae2-477c-aa8f-4690cce4a763,0
10d28ad0-60c4-452f-a6ad-cf8478ff5457,0
10d3c986-503d-48c0-9b54-cf98568938a8,0
10d46169-23ba-4e41-9545-c42ddde2a5cd,0
10d797f4-e64c-4c46-892a-ad64ae7ca1ab,0
10da25eb-86be-450e-aab9-2fe4de5516ee,0
10db3730-da4e-4754-82f3-a56439fcd6a6,0
10ddae95-1905-4931-a962-30b00baa2fa9,0
10e0f291-c80e-4beb-9a05-90ca1e27554b,0
10e17ef2-7bbe-41e6-9538-b7c23818d592,0
10e2316d-b465-4169-b516-1d208299aabe,0
10e6a71f-2d32-4e56-8f78-6bd650dbb5b6,0
10e6ae59-3de1-4d04-b0c7-ba62cb1df312,0
10e8df57-39c0-4cf7-a365-73a42d77d61d,0
10ea495b-3fd1-43c1-8994-ada254e9dfc1,1
10eb625a-64e6-46a6-beca-17fa32810713,0
10ef4a71-2beb-4280-9b68-e3c7155a88c4,0
10f3dfdd-0d00-430d-afd2-460c0ac8ac8c,0
10f7c77a-f15a-4ab2-bcbc-0ab4a0bd6523,1
1100c5eb-2d0d-4ee4-8441-3101c0a2360a,0
11031226-bb9c-46f5-80d3-9eb60ebbac4a,1
11053b52-1b00-4ba8-8c57-e2cd9d06498d,0
1106fbf5-3393-4e77-b180-8d530ce93574,0
1115e3d4-3865-4c6a-9429-e9ac0fbe9c37,0
111a6ecd-e3a2-49cc-8a4c-d8b45ba4dd1b,0
111c02a2-8dbb-470d-9592-ec1f0ccf65b3,0
111dd706-7fdf-423b-8935-d0a636f6f0f5,0
111e3654-ea6a-42d8-82de-b256f627dace,0
111e64b3-d6d9-4018-be82-072e4c39fa9c,0
1121c6dc-d842-46bf-afa1-ec2a13de5667,0
1125afbf-baaa-46da-bbe0-2e4d616e41fd,0
11289e38-45cc-4bd1-9e90-4e35c16a5fd5,0
112927f6-4f31-4cdb-bbca-2970fbe35770,0
1130f09a-2ca2-4f36-9d3e-d1f5fd77bb23,0
11383b4f-1083-4801-a1f1-949e829faf66,0
113913ea-be22-4390-8447-6db550b4feef,0
113cad68-da6f-46c4-9c2b-61232c13af4e,0
113df426-6e63-4f4d-baf1-8bcf149ee56a,0
11404cc2-1966-4744-9a46-4e45184f40d8,1
114914f7-6d6d-46f3-a1b9-33a26371b086,0
11495075-9662-44a5-941a-49775b6b7d88,1
114b9098-2750-4c96-b35c-5eb56de0defe,0
115a179e-db9f-44a1-ac4b-e46183bec79b,0
115e669c-6cf0-4faa-8ce0-258d484f7107,0
115ff924-74ea-465a-86bc-ab6c90042dd6,1
116158ab-80b0-41ce-ac53-a19ae170096e,0
1169557c-036c-48be-904e-01d5b00b7af2,0
11811643-a605-4f7f-bb1f-a6b7206bb1b3,0
11812307-a575-4459-be88-a591627677db,0
118d2fa8-9f19-4ee6-b624-021d41270c0d,0
118d8c7f-a210-494c-9325-e735b7801b29,0
118fe427-7eec-4a9a-9b68-9f15aced8a2d,0
11930bbb-9168-471d-95e8-83f1421aca87,1
119f9491-0d8b-45c2-be75-8f2ec8aa2d56,1
11a02f06-09cd-49d5-8f16-031bf14727d7,0
11a324bf-78c0-4164-95b3-f3f8e5b1f8f1,0
11a378da-054b-4a07-8022-c1dfd3d26c46,1
11a6658c-9c40-4551-b489-d92c60aeb845,0
11a6d405-37cc-45b8-bfe6-a52852f1b973,0
11a82e79-f1ef-4cfa-af84-49cbec5467e1,0
11adbbe9-6fc2-438d-9a3b-a6a68a7f1c14,1
11adf00c-e8e8-40d3-b163-0b153ac0f492,0
11b91d5d-968f-4537-99da-3a2d861bd865,0
11b9e3a1-3548-42ff-bbe6-fc8ec37e8727,0
11bbd034-5ed5-4b43-80b2-5accf1d10d69,0
11be497f-6f27-4142-827a-88e5989a8b16,1
11bfba58-09ef-4a11-b4c6-2cd342902d53,0
11c326f5-8fea-48e2-a3f6-84880a3e799c,0
11cbf5c2-9054-4a3a-ba65-1616eba23655,0
11cc6a8f-b537-486a-b019-81701331f919,0
11ce0155-e248-4e50-9e67-544d28fb09d5,0
11cfc317-c4f3-4cb1-bf5c-83426f889ff7,0
11d0294c-3efd-4fb1-b1fe-6d0ee18d7f73,1
11d15d6c-cb39-471d-bdc0-65f51da56586,0
11d180ee-ec25-4e3c-9c05-6847cf6321e6,0
11d28913-f640-434e-a7f8-f2ea8c21fb35,0
11d3b49a-51fe-4e22-9f88-4fe5422758d3,1
11d78cfa-d384-496e-9cf9-eb09f49977c8,0
11de89e0-ef63-4758-8e70-7ed4085e5288,0
11e12b4f-ff30-4afc-82c5-93d3d7869771,0
11e65b32-c0f8-4bfa-8a32-d3fd4bb770ac,0
11e664d6-0a0b-49f8-b972-0cda0e9bb557,0
11e7df0b-b7ef-4078-a6f6-8c48279764a2,0
11e816a6-2ed8-4135-9078-fb3a6e3794be,0
11e98661-8277-4646-bf64-4950669200df,0
11ea9977-f863-4421-b532-4709f2f2c74f,0
11ec191c-0e42-4c2c-956b-7417ec1e99e8,0
11ee481c-88fa-4ed1-8708-093d9981458d,0
11f4149e-d947-4dfc-921c-b48ba73c7a66,0
11f4bab9-750b-4fee-a7f3-a7e7da33058f,0
11f4fa12-ed2d-41c3-875d-4f8ae32d64a0,0
1201dc90-762b-4d06-ac13-29b12bdce3ef,0
1203e231-45c1-430d-b9d1-f759361e83af,0
120a3e40-eae0-450d-a7bd-0ebdc3a8ef7c,0
120eb25f-63fe-49a3-95b9-3545bca9c0cb,0
12109602-ecd9-4309-af88-3b2c83379c40,1
12123e33-e341-4f69-878a-7cc2196f0488,0
121359d5-6e5d-4093-8182-c11d341a4305,0
121c519b-fd49-4565-a504-b8192c462f2b,1
121eb344-f263-4b06-8e5a-fb830353177d,0
122484a7-c29f-4b6f-bfb3-e2050fdef2d9,0
12262a5c-8519-4712-a30b-2fc1a35b5d08,0
12293f8e-4d5b-4dd2-a094-3dfaa51a023f,0
1229cd0e-c841-4615-8124-abe5227c8cf0,0
122b8c5e-1b4b-4286-9a71-51fb86745f91,0
122cb2d0-4798-4dc9-9887-e4df6db2eb4f,0
12301b9a-00e6-4262-89c1-26100fc69d9f,0
12362c0c-ec28-413a-9b2a-aa88a54f23d0,0
1239a6b7-4117-42f8-8210-e169d2ba38a9,0
123a4b14-1d64-4dfa-931a-c882cbbeeb7f,0
123c5518-49b0-4c8b-977c-2ec486b2abeb,0
123fad1e-1d30-4fa5-8b11-4192fb786910,0
1241a805-fc67-4071-8938-2f49ff39f644,0
1243bbee-766b-44b4-b456-f89f4d08b28d,0
1244f4b4-c475-4f29-a9ac-74e8e9410d65,0
12469ddf-56d7-4ca0-b69a-ace5ac02aaef,0
1246da29-a031-461c-a957-afede765873a,0
12470232-4858-43c0-b605-fe4a4f724d0c,0
12491b45-53c7-4b10-bf6a-9095c3047621,0
124be5c1-2ca1-454d-8585-987e9f0078cd,0
124d0c98-c4e9-406d-baa7-cd6f86695019,0
124dae98-4f5d-4c8c-aae1-36813abf2732,0
124e58c8-696b-4878-95f4-47ac76665483,1
12539c20-c8db-4a46-938f-c28e6d33cc7a,1
125665c7-f88c-474f-85e0-af250445941f,0
125b829d-1f64-46e0-b5ec-3c74db6a3047,0
125f5108-495b-43a9-805d-196c4dc10ef2,0
125fbc74-f60b-4af0-b43d-e8ac37fffa4e,1
1260f2c7-7d11-4369-b15e-c4c715c6f321,0
12643456-9707-42fe-86c6-99acb2ee6b77,0
12646278-e5ea-4be6-8d9a-abc26bde55b4,0
12677fda-eeea-494d-8acf-23a47e572cf9,0
12699cf8-d1f3-4e63-84f5-35ae72125142,0
1269efec-ba37-43d4-a835-638ae223ebb9,0
126c295b-6331-42b0-a8f0-7513a52547b2,0
126f33c1-b6a9-4e0f-8254-0ff39ad8ddb7,0
126fabbe-2655-4f80-a9e0-8dd3ba7ecafb,0
12758e21-ffde-4eb9-b9db-621c047ec9ab,0
12792271-a94d-49ad-bb3c-b9dfccb0c45f,0
12797a3e-6c70-43c2-9841-a766d044ea82,0
127c0199-17b2-4e3f-a658-080f69cf0c36,0
1280a767-f524-4a36-ae40-a625f3c55475,1
1282ae67-8628-45e8-ad3e-23ece16077fe,0
12858456-b3f4-4560-a5fa-e6f29bea17ea,0
1286cc57-dc13-4196-baf6-454ba76ddc26,0
128cbe37-6553-41ad-bcda-e918a3ab524a,1
128ebc8c-e397-4db9-93ea-181fbd558fb9,0
128f8d37-5e00-4f68-902f-33fdfd8dfaf6,0
129392bf-c677-49ed-8e7a-77de260249ca,0
1296d56a-eb92-482a-9dc2-3b91ea9cee28,0
129806eb-60e7-4a56-acba-ebf34bb3b24e,0
12995148-e374-414c-9af1-13b0b9d0f0b6,0
129a4b8d-6ce9-4331-bbc9-c3a3b1372c25,0
129aeef0-5420-4a3e-8ded-ff4121a47a0b,0
129db867-8438-41ec-bbd4-f3f9536daa0f,0
129ed854-e2be-40a9-a493-e8a7d9755419,0
12a02d1a-5b2e-45bf-ab25-b711bd372270,0
12a39407-9447-4935-bf5c-6e2d81a3f1f5,1
12a4c17d-6c1f-4609-9109-d8b5b5763494,0
12a537ed-6ef3-4094-8395-b11dad6f2066,0
12a5e9ec-af2c-467d-b5c2-a821a6b16742,1
12a6981a-78fc-4b04-a7fa-de5904c1ba47,0
12a78198-6025-4d70-8c6c-6cfb48367aae,0
12a7d3d9-c0c6-4567-a8c1-10ea31be4315,0
12a97e7f-a442-41cd-9ffe-4725efb0c352,0
12a9fdab-5671-4f4a-9f4e-5d78452bafed,0
12b0dea8-bb26-489c-93fc-7371049e95f1,1
12b19359-4e78-41f3-9bc7-585c0d862883,0
12b22a2b-1396-4018-a02b-5a592764c035,0
12b27ebd-9ba9-42fa-87e8-1d64209737b5,0
12b50e02-fb3c-48f3-93b7-fe2fb17046fc,0
12b81268-02c8-411d-b2c7-3602951a5814,0
12bbf357-396a-403b-acd5-c1b344cd0ec1,0
12bfbde4-f11b-47c7-82fd-3ad9ff3668c5,0
12c51c65-055b-406b-83cf-5f0613cb5c3f,0
12c6ce5b-6c10-4ac9-88c8-45c9146b22ad,0
12c75836-65fc-4cbd-8e3c-da7422bb4e16,0
12c8fb92-567f-4589-a739-36bd7466042d,0
12d5de0a-e2a9-43bc-b543-0d15b747f4a4,0
12d70134-bc31-48d0-8cd7-525a5e2c5f72,0
12d8fec3-f75e-4c92-ae35-003c12390d48,0
12daf65f-8645-4b29-a629-6d75508b63bc,0
12e1c818-6676-4dfa-9f6f-4ae3acc77d64,0
12ec1f12-d549-4389-a70f-99901339ca17,0
12ef937a-72a3-4ec9-89c7-cbda431402a2,0
12fa57f3-952a-4c76-8b93-47e2e45dabeb,0
12fdc244-b38e-4bf8-9abc-f61ed7365a6b,0
13033c58-90f0-4e07-b416-a19ff35e5977,0
13039066-9832-4e16-b124-5f866bf25f99,0
13063e1b-e9c9-4040-9247-5f9ab372c523,1
13065c8d-4183-4e16-8671-f13ae23aadf8,0
13067552-ae13-41b2-9506-afc292dd9730,0
13080a2f-8cc1-4e9e-a9d8-e9de32149ec4,0
130a9b21-162d-4893-9b6c-e3b0f59f139d,0
1314034e-00a1-4408-b7c0-f51b80ad24c1,0
13192f70-11e7-4b4b-984c-2869ac6196c0,1
131b4737-f6d0-4676-bd90-a8794676d652,0
131eae2f-53c0-4981-8ac9-08b5eeec3e22,0
13219ce8-f758-405e-b5ca-103ca1453c3b,0
13251b50-ca73-4baf-9ca5-d8f43800768f,0
1327e843-e64a-402c-9c42-35cd2fce2d40,1
132c0f3e-de72-42d1-b681-b6bc71303eba,0
132c3b7a-afab-45bf-b961-8d54192ae878,0
132db461-ab28-4e6e-8de2-2d79f4668148,0
132f1e9c-e520-44df-9629-69185f33c230,0
13328ef9-c42f-49a7-b6e3-c4ba2cf6b18c,0
1333ab7a-28bc-49c9-9f26-ac6961c98c88,0
133562da-e6ea-4588-a9d4-6203b8d0eaa3,0
1338e578-8963-47ba-a27b-91f5f9920e0c,0
133a9240-124e-447c-a42b-792d14f16dbc,0
133aee06-e57b-4e0c-ac2b-c97568dab9cb,0
133e7abe-b882-4e58-9371-39f2e62a13dd,0
133e9000-975c-4296-9763-90068b8a04b2,0
133f509b-4658-4934-a0f5-cc08c7f44d10,0
13452c1a-0804-44b2-a079-eaabf5e244d4,0
13475551-0a49-4c47-a37b-a7d5cd1f6c1b,0
13491fc5-858d-49b8-a1a2-f0e9a78d62c9,0
134d878a-6915-464b-a64d-1f8d6f1ac3a3,1
13568a6d-0d71-4b31-8135-f42b5449d670,1
1356b6e1-ef48-47b9-86c3-5d507e9d83f8,1
13632bfd-cf6f-4670-a89b-7b04d9aa7554,0
136729a7-9b55-4a18-9c81-6a01f95228b7,0
136d5c23-adc5-45a7-a263-ee063598e8e7,0
1370ee20-1e6f-4381-a4ef-1b871cd3feda,0
1372ae81-85f4-4deb-9e74-52b9110b2a29,0
137c0d48-5d17-416b-9c74-b9122747c04f,0
137c5ef1-265a-439b-a0be-e57d41a38476,0
137cd7c8-e613-45df-8a35-3a2248bed7ea,0
1382b5f0-fc4f-4d30-b89f-6104b1510a17,0
1382c05b-6306-4efa-b075-460a35b1e25d,0
1387f771-f379-4ba9-956e-62a622effc58,0
13887bb1-56e5-4c4b-9bc6-df8cd921835b,0
13899172-2fae-45b8-99c6-71d13b2a9a4d,0
138de0eb-d0f8-44e2-891b-927f2afc55db,0
138de185-18a2-47fd-afa9-52a4ba4f92ae,1
138e2a77-9409-4f2e-850f-6408796e30e5,0
13975de7-219c-4c16-9942-855a07294f3f,0
13996c37-9b4b-43da-bdcf-d1a6809e9105,0
139ae6a9-4658-42c7-ae6e-d5abca364e6b,0
139ef56e-2c57-41f4-a4ec-d645b4a50082,1
139f1cce-b368-4100-a925-0615036917d9,0
13a035a2-188f-4aff-b80f-76d4a2f4e618,0
13a0f78b-ae14-4b0b-89fc-fb7c422ea28f,0
13a23a84-74a4-441e-99fc-b216615d3b4a,0
13a5fd55-674a-4c9a-a0c3-e130de1c8605,0
13a99ae9-49c9-41ba-8782-299a9be22a1b,0
13adcee1-28a6-49c6-9bba-3a0565d0e70f,0
13ae10e2-28ee-4fbc-af75-5c7324ab3ea6,0
13ae6cef-bf5c-41d6-9ad1-9231838cd587,0
13b38f41-a2dd-4d97-94e1-61ae71c5674f,0
13b5b734-9c52-4f72-8650-681cee255278,1
13b5dadc-8165-4d4c-87f9-01d0d94731fd,0
13b94e73-c81a-48e7-a744-a0afa95e813c,0
13bcfac3-5eac-46d7-9c59-f650e17f876d,0
13bea8ee-e9d1-41be-8aba-7f4c4b12936b,1
13bf70ae-72da-4287-be78-36f52ba8e45a,0
13c08334-d8ff-4471-bee5-3d081ba613ac,1
13c43879-4117-4dc5-bcd8-482d561f8e87,0
13c55dbb-38e9-4722-8bf9-5826b0405c56,0
13c6d4b2-7fbb-45d8-88ff-d29f6c78ae50,0
13cad440-46b8-4eb3-94b2-edb6e098d638,0
13ccf23b-830b-4c98-bc9e-bf8b7c683b1c,0
13cda2b6-7472-48d1-abc4-b67dffd7b5ef,0
13cf64d6-a22e-4f65-8df1-9cbe0eca37c2,0
13d0e467-05f6-48dc-b865-7c6754f91734,0
13d1a07a-fc99-45a8-83ad-757629354290,0
13d404b1-f59d-4b69-b539-0b2697387e15,0
13d8890d-a879-40d5-b449-331c38e25531,0
13df6219-c627-4289-8cdc-34ac92e8414b,0
13e469d5-991a-4898-924b-09fe4de06101,0
13e869b6-ae1e-477e-8507-bfd767be212a,1
13ee758f-b7a5-4912-977e-27b0f938ba3f,0
13ef3728-e662-4e17-a2d7-3321f10ce218,0
13f165a2-0e9c-4bd0-80ca-0be04839f6ec,0
13f184d6-29bf-4b0d-a533-9667bc5fc650,0
13f5c166-4607-4168-8884-70ded0990ec8,1
13fa1169-dd9c-4ef5-a635-fff208ad3d99,0
13fa5207-c59b-47b6-9eec-53d6ce388547,0
13fd211d-c80f-4e18-bf2a-4f6042cfa97e,0
1405868a-30e5-45ff-9d22-dc31e4973fd0,0
140712b1-bca1-44a3-a193-21999bb54814,0
1407890f-d20d-497e-91ba-63b6dc6ba50f,0
140a3b31-ba37-449e-b3ef-03386c611c64,0
140a4688-de43-43d1-b775-193cc8ebc1c9,1
140a88af-9066-48cc-b7a2-0a7b0fa05a98,0
140cb92a-474e-4c14-af54-e81cd47c32c4,1
1415d80c-0e0f-4384-84d6-bf4302f4dae5,0
141c0809-c85a-44d5-b010-4389476c4e40,1
141c92ab-ab69-4cd4-8654-c17da4e15309,0
141cb686-339d-48fc-bc9b-ac86b6f6a9d7,0
141dfaef-fbf2-461f-892b-85a6a4f68304,0
142127c5-dfe4-4e0c-ae84-ec26a82d2770,0
1422155a-ec8d-42f3-b798-0c2229c1732a,1
1422c02d-9378-4f5b-848c-544732f0eeb9,0
142396b7-b844-4342-87a3-1ac3ab8cc014,0
1423b0d6-3890-4df4-b99f-67a6c8023cf5,0
142ec611-8a64-496f-a57b-aa2a27be39f9,0
142f0fbe-b32b-4b05-8759-acfbe3c92271,0
142f7b34-932f-4796-a535-978dc93e0ed8,0
14317ca2-51c8-4398-98d0-7a3485ae7a8a,0
1432e406-049a-4191-9204-66f359d14109,0
143502b2-f9e8-4140-ba27-9eb629ce38d7,0
1435983e-4a29-4600-90e6-d39ed616ad3a,0
14377876-1056-4026-a704-e0018816f9bb,0
143ec7e8-458d-496c-b427-dd11a655fb34,0
14405bd4-3491-4c39-896a-b9ed56a0efa7,1
14446ed6-eb58-43ab-86a7-640130ec5c52,0
144ac7c2-257a-4e47-af4d-bf22c729339b,1
144d97fd-e22b-4b29-9015-3fbf8d451ea3,0
145154d1-ef33-4210-95f0-b7f17605496b,0
145608bf-08eb-4438-9784-f91291b0c0e6,0
145646c0-707e-4476-9e08-0d33def6c470,0
145bb240-9167-49c5-abba-18af566019c4,0
145e5ae1-13da-4a2e-8557-62355c87183e,0
145f99f4-c9aa-44f8-824e-0a964c57b0d3,1
146227b1-93da-43cb-b53b-60d09d025857,0
14668c5c-582a-4367-bf11-1fc349e6ac04,0
14675b24-1613-431a-a176-847d7e370720,1
14676ae7-14db-49f5-a561-85a25a2a850b,0
1467e736-9f14-4e0e-aac1-21effc4f6e14,1
1469ede0-3370-402d-aee3-30d3df7e57d8,0
146b2b12-2a9d-4289-ba0f-839ee20610b4,0
1472216a-ecae-49dc-ac28-5d56be434b6e,0
1474081c-db29-446a-a8d0-2ec30ca6ac27,0
147d06f0-b2d9-484f-92c5-7a45bc88f324,0
147dac8a-3906-4df7-8b4b-4d2ebacc2382,0
148125af-ea1f-4755-b3b6-35d22df48c3c,1
148395bc-e1aa-4f1f-b908-534b1a361cc1,0
148cb75e-b16f-4d9a-84c8-9739611bcee8,0
148f0bc0-0ffa-4c29-bf58-12eec6b6b935,0
14930cea-256d-4163-bcd7-214aadce8f09,0
14938835-2aa1-489e-b3a5-bca04e968ae8,0
14952859-1189-4bf9-8512-625d44f5765e,0
14980a63-3c14-47d4-b5a4-1cbf865716d1,0
1499b8b0-4ee6-4edf-b398-386ce42f45bc,0
149a46ce-b8ed-4faf-965f-293d7769ce44,0
149b35f0-6f66-4270-af00-b4359a9301b1,0
149d490b-22b0-4694-8fff-ccc192df9496,0
149f5320-a3e0-4e41-9efd-7d8c292a7bb4,0
14a116a4-408d-4ed7-8ebd-f6829e8cb8f3,0
14a3c547-c851-475f-a231-048dcbf1ee07,0
14a3ceb5-da64-49ab-8583-c8fdc664fa68,0
14a537a4-40c4-418d-8f88-6096e5ff732f,0
14aa81bd-91fe-4bbe-94c9-1dd6f65ea153,0
14ae8980-dd77-4453-a847-1737fd5038ad,0
14b3dabd-0025-49d5-a054-2d422dd4bc6c,1
14b63af0-73bb-4b4b-a876-415f34dff4cd,1
14b9793d-6998-47cf-9884-e4e21a675c0f,0
14bbbf79-4546-41f1-ba41-a10a2a0352f7,0
14bc0740-2c0a-43ad-8094-af682d65a0b8,0
14bc7620-73d8-4f18-9c77-064a1f926c2e,0
14bce332-51ed-405d-b660-a935569f26d5,1
14c4707a-eb04-4b4a-9e2c-c89752e7b51c,0
14c93a9a-5fa6-4010-9d26-a24e8c8d06e3,0
14d353f8-5416-46da-a63b-b5e33a512f5b,1
14d36b7f-0f4b-4890-b2fb-e92d3369cd93,0
14d5e1ee-6390-4635-bd6c-64dce9787419,0
14de91d5-7c29-45fd-b385-ce7c4dd15b53,0
14e0e5a6-a53a-4745-aa6d-c61f6202171c,0
14e27758-f2c5-44b2-99e2-105227ddc6a0,0
14e365ae-c599-48fa-b0cd-725d4b5bb8bb,0
14e6da89-296f-4421-acd5-31d644d2a4f0,0
14e96105-f956-4782-a210-fef14c4d1fdd,1
14e9f7ca-4c7e-4cbf-911b-ef812d1e8d60,1
14eb4078-b676-4678-b07b-d62c5c86d30a,0
14f33b7c-2a06-43ee-985a-404bc34bbc2f,0
14f73cbd-75ef-4e6c-8922-5f31b958a15a,0
14f8d53f-ad92-4499-bda1-3ce1fe3f0303,0
14fd355e-f139-4367-8381-dedd77efc6dc,0
1506a834-b97f-41f5-b4da-1b3c14188adf,0
150946b1-c052-41a9-92ed-d4be82312c39,0
150959f4-6fb4-4a95-82d4-80d1d61471ff,0
150a5bcb-5673-4517-bcba-bbf3a233437d,0
150a886f-c22b-42a7-9e4b-a6b3b7ac5e98,0
150c3e8d-3910-4053-a3c1-46f531e6428c,0
150e01e6-ebfc-420a-8ace-f9c7d27479d8,0
1513046c-99c6-4787-aeb1-2f76302be9cc,0
1516fafd-5666-4ffb-a3d5-7188d950ca7f,0
15182deb-2418-4565-b5f6-0f78c17db0a1,0
151c0e4d-8070-4b7e-9a3c-a31426f9d125,0
151e79c1-5ab9-440c-8bf7-bd0231d1aee8,0
15234238-7cbc-460e-abc6-3566fb50b31f,1
1523b614-f2a7-4b80-bcf6-7e8c231ce425,0
1524df36-a0eb-4962-9ae2-6787b9418862,1
1527a11a-41d4-4b2d-8433-cbf755a86999,0
152b370f-2a45-4b91-bc0c-c70585583304,0
152bca78-cd25-495c-be18-34e33f679837,0
152cf292-926f-4cdf-9645-f22ca973e813,1
15332d3e-48af-4619-ae7c-5db7cacc0be6,0
153ac2c4-9dcd-41ee-97f6-e99946fc2344,0
1542a582-6ed0-45a5-b950-54456c91cfd5,0
1542ee6d-0591-41cb-9489-3edcfaa924d9,0
1549aae6-9dad-4ccd-8435-0ff9d216af0a,0
154b6f60-8ce6-4693-af71-7286505825fa,0
1552de8e-2689-4fbe-b8d4-cc497573cd09,0
15574785-8276-4db5-9b2f-42afc8abefd1,0
1558bdd0-38b7-4b8a-bf42-13c71591c90f,0
155970ac-43d4-4d64-bd16-a4d069053a38,0
155a619d-2804-474b-8034-1155fb5af28d,0
155de0ae-4930-43ff-8a27-edfef2578273,1
155e3406-1756-47e6-90ef-74e447171448,0
155f9174-a3d2-406c-b77d-acdee119168e,0
1560fe58-ed2f-459f-9851-c0f0b2e82133,1
156201bd-33d1-489b-9ba5-8255905183f4,0
1562065c-4141-4ab9-9344-88e0c80414aa,0
1564b906-735b-4d4d-9ccc-01922cd667f4,0
156e4d0d-6d2a-41bf-87bb-83900902aee9,0
1573a755-b50e-4e83-ab9e-d9bfb84e9567,0
15770b4d-ca70-4e9e-939f-f12685e7cb55,0
157855d8-9da3-4b00-bb63-0a94b2b9861b,0
15794cdf-fb04-4343-ad54-4bece2e23497,0
157e2773-a751-455a-ab5f-322c877ab536,0
1581c698-56ac-420e-b5d4-950bce4d089e,0
1583c4b0-1774-482e-bdb1-6063c3e7a39c,0
1584f348-9e08-45ca-a996-42f3686e36b7,0
158d1930-91f0-4df3-a849-c7d8f9f7d70a,0
158de00a-17b6-4e16-82b8-63522339c695,0
159138d1-fc7c-4125-8ddd-78bca0815088,0
15993cb6-fff9-4285-8116-bc3ad106037f,1
1599ec49-dda4-4a15-8211-143d682b859e,0
159a0ef4-5297-4218-b21c-83db4e31f078,0
159c7f01-0215-420f-9688-6b69c4562548,0
159dbbd1-7cb0-4cf4-b577-4b05777eed1a,0
159f584e-fec6-48fb-8674-55eceabf0f95,0
15a25f59-291e-4726-9766-6c7751647ce3,0
15a58eb1-e6eb-4f57-87de-01d382b7b291,1
15a63931-b8f3-41b2-b934-df5cb09a4620,0
15a734a2-2e38-46fd-b4ac-8b7ddef80031,0
15a7ee98-d93a-4401-88c4-b8a12d62196f,0
15b7cf66-945f-4067-87db-37f3fd98cd9f,0
15c04561-12e9-4820-a2a0-60fc58aa0475,0
15c1dc10-5b90-4b5b-823f-0102a893064c,0
15c5affb-8c1e-4e92-8f68-f90c47175272,0
15c6859e-5581-43af-9d8f-3ae71323f946,0
15cbc304-c907-4d38-836b-9b6bd374e831,0
15d08a33-5f29-484b-90ec-a570f5d6dbb1,0
15d67769-7709-4696-b61a-95aaf0e32740,0
15d6df3f-81e9-4787-a40f-123a8a593ae9,0
15da149f-09cf-436f-8467-88581bfc4251,0
15e198a9-8cf3-4968-8757-3f69ea703ce8,1
15e50c4e-76df-41b1-98e9-7d6b1ae30a49,1
15f6006e-2c82-4f4e-9c55-5fcbcc3d308e,1
15f6563b-41a8-490b-9356-7ab28bd799b7,0
15f65cb7-027c-4c17-9bd6-e87778c69712,0
15fa6360-4d58-444b-8534-e4bf20a5ed51,0
15ffca04-742e-4531-9eb8-00656f0e4d5f,1
160165b7-9589-4bfa-96a3-c76c33e25dd7,0
1604eca1-ce4e-49fe-ad64-dfa9327099c6,0
16054b3e-1819-42ae-b345-eb56bc2485fb,0
160c7989-2a9c-477a-b701-2d9acad76cdf,0
160e4e63-0e6f-4578-85ae-d21717f35f41,0
160fe488-4650-4534-9f14-aa8ed54eba65,1
16111869-2aa4-41bb-8f11-8724a78921c7,0
16119682-190a-4dd9-a067-d53e3def42f3,0
1613d53b-acd2-43ff-b935-6dfd2176e722,1
16153108-aa99-4f1b-9087-bf49dfe919cd,0
16161bd0-2bf0-45bc-9595-47ce01a8cc51,0
16197dd8-feba-4692-afaf-dcdeba1f5de0,0
161c051d-341d-4470-977c-e0ba9ffaeb93,0
162265d9-f872-4ee0-aa93-2a6b89a7115a,0
16231866-5931-4d95-b4a9-d4f4595aeacf,0
16299472-f2d9-4da7-9283-205d0c979406,0
16303707-b9b4-47f0-ba01-b1211b548dcd,0
1630a604-b73f-4817-891e-2677beacf734,0
1631eac8-90b3-4c75-bbbc-e653a16a5b5f,0
1632c0ff-96ff-4c8c-9016-05b2a176caba,0
1635a4ae-64e6-4a30-b7e8-0c7ce43bda08,0
1636d5c0-7ca2-4a39-8818-14f762e87333,0
1639576f-7b77-446c-adf8-7b618b50d125,0
163a9cce-fcfc-4738-9a18-4aaf5cd55c75,1
163bee86-71b9-4572-b1ab-74ac9a82bab5,0
163c499e-2c49-4e21-acbc-921dcf62675a,1
164168b6-34b4-4bed-a67e-5e8838e67080,0
16432939-2843-4c73-8b5f-84eaa6530f79,1
16445212-d023-41e8-9f86-91116306ac68,0
16447562-4302-40cb-973a-5364605ac109,1
16447fc3-1958-40b0-9abd-0b18869f618a,0
1644f124-8072-4ae2-8758-2e77bf0ea917,0
16465ccf-de54-4141-8586-3d1922c882e5,0
1646703f-c364-45f6-b4f1-d9d30a769f55,0
1646c5b1-1dc9-4228-855e-cc8ec59b86e7,0
164d5c9c-2d2d-4f32-9045-842fc2c9780b,0
164e419e-31e5-4544-b9df-6ed03b5f8644,0
164e55db-a751-4b88-b10b-fc322e931c39,0
164e601d-d4b5-41c5-bd08-6b433352b574,0
164f1bab-f0e8-4ae3-ad70-bda5a4fabe91,0
1655125e-eac8-426a-b54e-884e2273b60e,0
165a9296-1580-4bb5-98b5-64054c2e3f10,0
16614e65-24ee-4b49-8bc5-17ef1e3887cc,0
16636117-839c-4a0d-9053-e57e4ce62e28,0
166406d9-0aba-4e53-b2b5-ecaa624f0661,0
1671d5f1-f93f-4cf4-b25d-708a5f0aa623,0
1673cc25-4d2d-4d57-85b6-868f44f3c8db,1
167c792a-e497-4f61-a368-21ccd49a2d43,0
167e9dbe-ede1-44a7-9ef7-785fbc4d4cb9,0
168354ba-1aef-4122-8ce6-684d337d4951,0
168648c9-9107-49cd-bb18-e1e3da0c84f8,0
168ac8be-6c5c-4cca-92f9-90a6ec7cc239,0
168b4600-29c2-4528-a68a-058f2943d892,1
168e6afa-e5ee-464d-bfa2-492f5d674df5,0
168f2e41-aee4-46b9-83e7-35b6086085d4,0
168ffb75-1a75-42cf-9e65-79f1a1e3cb86,1
1690685a-43fb-4503-9098-72ab0e465f31,0
1690e0e3-866b-49af-9db4-95b6f96eea54,0
1692d321-ce7e-471c-950f-0d21c1a0713b,1
16969a41-aea8-4b0e-8f18-0390736ba9a6,0
16986755-a4a8-41e7-803a-fe8b293c66b7,0
1698a21d-9d2b-4672-89c0-7ff56d52dc6b,0
169da9bc-7e50-4cd4-9a94-2763a2c40f96,0
169dad9b-9447-4242-8b23-da3b2618a871,0
169f9b79-c9ab-42a8-885b-05d07c8164d8,1
16a179ee-6c2b-4bd6-bac8-ec4c8161703a,0
16a25ef2-b0e9-400c-a2ef-0081a43570fd,0
16a52a61-67d1-4f18-b5cc-2649d9299902,0
16a8d9b8-fda5-487a-9295-e74b6261e608,0
16ab2a35-d6cc-4e7b-aece-c391281b345b,0
16ac117c-0b66-479a-be0e-59d9be404a24,0
16b2bae6-ffce-4768-b018-92c8c698d317,0
16b6a04f-afef-4d68-be2a-935dcc7ac2a5,0
16ba6445-2ddd-42cf-904f-4fa26736c164,0
16bae793-c57e-4e18-86e3-4775af04cc6d,0
16bb0b1f-9502-4a55-ac9e-243cd1cbff22,0
16bd03fa-061f-4314-921c-318042dff620,1
16bf24e6-609c-4f7e-ac37-d5d967c0eef0,0
16c0f664-b63d-44d6-9bd1-257896dc0385,0
16c61e94-ca68-4704-a98d-eac783781a18,1
16c84751-e6ca-4b9b-b395-5faae1b94dd2,0
16cbc57c-1db7-4f8b-afc9-42bdce003a28,0
16ce9811-6508-40ed-b271-bd96cd996100,0
16d093ed-23b8-4a1d-a8c1-eca63507fc52,1
16d150eb-0ad2-458c-a8bd-5c5d5500bd96,0
16d221a1-e7e8-4148-a576-9c361e5e16fc,0
16d2deab-a107-4422-9185-5ae7503de610,1
16d316e3-e920-4184-ad4d-21c0282e445f,1
16d6eca3-43f1-4bf3-b18f-25384de5b7eb,0
16d87f1e-87d4-4b82-80dc-47c162cf06f9,1
16dae88f-c13a-4181-9f1c-1bd449a225da,0
16db0408-2e3e-4fac-b778-7541f8c81f2c,0
16dc4e5b-20da-4eb7-9718-c053d0e7a6e0,0
16dd87f9-5da7-43b2-8316-6bb10d4207e4,1
16de83e6-9029-4107-8c82-daa7719ca34c,0
16e0fa9e-bc05-4b31-b210-6db6ef57dd80,1
16e696e9-5172-4050-81e2-601f4e6442ba,0
16e85380-cabe-497f-a9a9-2ca56b18c461,0
16e9d286-8f85-42de-964a-422fd4014467,0
16e9d6f0-8137-4f2b-8ea3-10f5240983d6,0
16ea78e7-0cfe-4174-a6ea-46e1f6096c1a,0
16eadd5f-58ce-411f-a465-f64d26a08e5a,1
16eda960-f293-4ab9-ad92-b1e153000f01,0
16f1a318-6c70-450b-bb7c-ace538dd0da3,0
16faf773-34ab-4f8f-b6dc-c0bd3ca2eede,0
16fc74d3-122b-4e3f-818c-9e37afe265f8,0
16fff887-3267-4b90-bb8d-455c404f9205,0
170014c4-e191-4f25-9e08-2d6e516835dc,0
17003d8c-2da3-4c73-afc8-4bb1655f7636,0
1709b2ad-3ceb-4550-bdb6-c7ab3d67b1d9,0
170aae52-0e63-4214-866c-d10261508696,0
170b2d4a-030e-44d5-9ae3-d61dd630affd,1
170be6c7-2f3a-4555-8ce3-46a0d6fa8285,0
170eade0-a6a0-4fac-86e7-963e0493114f,0
170ef917-4e0b-4548-be34-cd0b7e392d71,0
170fdbda-c6a6-4beb-a8ca-980ec54f1cd6,0
170ff7cb-d496-4ff5-81a3-9693416211ac,0
1710e165-41c7-4102-9d76-6eb61deecda5,0
1711937a-fc05-4685-b8fa-d8e7062ebe93,0
1713dc99-196b-460a-901d-5324a4ac47f2,0
171b11c5-983c-450f-ae32-97e991d29111,0
172142bd-ef2c-46b0-9d05-d7cbe44c0fde,1
1727084e-1946-439d-94fb-e19c97c67347,0
17282959-4a60-45e2-aeac-0c6109cf2345,0
1728d599-28be-46e4-9146-3b1bef253afe,0
17294243-ab59-41cb-a584-26f06bcc4e7b,0
173ab24b-866f-4728-ad8d-9462faaf5261,0
173aec36-02ff-4cff-8665-342b94fef150,1
17444b86-77cf-430d-82a1-02a84b6c35dc,0
17459139-38e1-4923-a8ce-6f9079b36722,0
17468cab-69c3-4135-8ea2-b553f486fe07,0
17487a42-49b8-42fc-905d-a88e73b57488,0
174d49e3-8c93-4d44-946c-2aaaf4f73105,0
174de111-4802-4526-b1b2-cd909b358ae4,0
174f55bd-3a37-4075-a34b-889b16e9c67e,0
1751f987-a1a1-40c4-a4fa-e46027d57837,0
17524317-a21d-402a-afea-81872931b035,0
17582694-1016-49cd-8b59-672c4c3c5b7e,0
17590bb5-c0f6-4e16-b3b5-0bdd2d751494,0
175a126b-dfb8-4352-ad33-4b0636398edf,0
175b7dd2-32f5-40ef-a7bf-066f5dd4b263,0
175cce7f-076e-475d-97ad-7ebd183ed07f,0
175ee865-3548-4b11-8d9e-112ea2c4b575,0
176093da-ed82-4086-8d32-1a61e0d28c7a,0
176552f8-2a2c-42db-982d-0455c80eaaad,0
17658d16-3182-4383-ab0a-7b512113d8d4,0
1768dd3e-6e03-4cd5-9852-a0086fbe79d3,0
17705e79-97b3-4c57-b42a-de6dcb14e9f8,1
1774ee67-b3aa-4c8e-8c51-5988811a1ebc,0
1774ef2c-c44f-438a-81cf-3492de6afaf5,1
1775d7aa-9d92-49de-87b8-5dbdb09cc0d1,1
17764f6a-ad35-4a6b-b733-c57ae5a91c69,0
177d07f8-318e-4eed-989d-0627c6ddef0a,0
177e065b-3920-412e-876f-caad50e5e00e,0
177e240b-4888-4770-b4e8-3532640b4f2b,0
17838686-2154-40f5-bf12-00103fa1c63c,0
1784f0d9-4c10-455e-8219-99f8daa7fa39,0
178f17de-1e90-4126-9e86-ff5d8cca1c21,0
178fabdc-cdcf-466a-8cd8-2464aab277bb,1
1793f993-cca3-4d33-a03c-f18ab61566b7,0
17985b4c-c171-4bc8-8e13-73f1153634ce,0
179871cc-56d5-480a-83f3-45863adad9b4,0
179a52c3-6d70-40a5-8460-6741d76a5665,0
179ac1ce-dc2f-4dd7-b57e-44ad8acfcb51,0
179b5c2b-1293-4d9e-9f58-e67422dc72cf,0
179c076b-0739-42bd-841a-6bebf6d27262,0
179ef5f6-d88f-49dc-928f-57ad3da28943,0
17a9b2f3-95d0-477d-ad9d-e5ffdfbb3566,0
17ab50fe-37b3-4ad7-bed2-bb34587244b8,0
17adbeef-f163-4529-a2b7-9f980bd6e9d6,0
17b01ff7-ca3c-4213-800c-ab69d91a01d4,0
17b1e7da-caae-4b0b-b93a-59fa9259cfda,0
17b31d69-cb14-465b-8cd3-e70beaa0cfa8,0
17b3b7ba-27c2-4498-b3c9-4902483e51e0,0
17b3dc3f-7f81-46d0-9683-c6891f89349d,0
17b5df68-93f9-4219-98ea-82b68bfbba62,0
17b69804-462c-4d67-91b4-025c08801775,0
17b77158-4a98-401b-8b85-5acd7cd7e6b7,0
17b8893c-e072-48b9-a4cb-1af0d1beb152,1
17ba2bcd-8417-4e1f-a5bd-f4a67897f6b3,0
17bc89d9-436e-4416-84e7-0e4355fa7ddf,0
17bd1c86-b234-4222-9a18-88a42d4ce384,1
17bf4a32-0064-40ad-b971-fbda8798c89d,0
17c101df-dc61-44d0-8767-e5c5e6ffef89,0
17c1658a-f781-481c-9815-a04f23b092fb,0
17c38d2a-58f1-4539-b71c-38cbda533608,0
17c40011-b36c-4148-8693-288b0c4688dd,0
17c4265e-dba0-40ea-8846-659108a0cc16,0
17c777de-9667-41dc-8e82-1a73e00beb67,1
17cbc9a1-83f3-489c-9bce-132c535b643c,1
17ccb91a-8c56-43ec-8f85-77bfa4dad75a,1
17ccf2ea-0bb4-441c-8ff0-0191e1b2f315,1
17cd302f-6d47-42d3-8a36-a50b3cf04e28,0
17d184b5-6060-4561-baf2-8f140cb14c45,0
17d307a4-1354-4cac-9cfa-8ead88295e29,0
17d89c24-8724-4f88-a62d-a2aa5e4b4e0c,0
17d8b2c9-f9a5-4aa2-9256-746ea5ffa82d,0
17de616a-43c8-4762-a40c-bdfa10a232e2,0
17deb813-9f2a-4203-99de-ce2469bfa23e,0
17e4b412-1afe-4097-930a-00852c12f7ec,1
17ec51f6-4b51-4014-b589-3c044d308a52,0
17edd9f7-849c-4086-aafd-4fedeb87b35c,0
17f06a11-6885-43b5-b672-a380c9caa25b,0
17f1b2a3-1fb6-4d44-befb-abedb02bbac7,0
17f60eda-2c6c-4b3e-afd2-290a096a5b0d,0
17f618ba-08d9-4fe2-913b-11beced0c763,0
17f81a23-cf2c-4a25-b02f-016a39fddd59,0
17fb3073-ee91-441b-8722-9630fd52e161,0
17fc7169-c754-47c2-8cea-ffc7c44890e9,0
17fd44ad-5417-45de-a237-1c51d0c6b830,0
180069ee-2761-4d85-a342-d3fcd0f80997,0
1801b2eb-3e90-4dc6-9f87-8ba6df1e7fbb,1
1805f5cb-78a9-4c13-9d27-a213ac081a4b,0
1806d2e2-826b-4b26-a0d7-9b2df5a02a9c,1
180bd366-750a-4a7f-a47c-ae35e3814cb3,0
181066ba-d304-4dc5-8d2b-1e0dcfe418c2,0
18196d58-7ce7-4bff-9113-2de04ba41acc,0
1819b7c0-1ece-4a79-8f4a-832a5f5e30bf,0
1819ff25-9861-4eca-bcd7-96c5100ee6b8,0
181e7e8a-a425-48d2-a184-7f7f6ce10448,0
181f3015-4371-49e5-8daa-fa0235070ae3,1
1820e69b-c942-4f40-b48b-86de9d0b3427,0
18247cc7-2d15-49a3-9bae-b123673272c8,0
18267685-9ee5-48be-aa80-491f0df71b74,0
1829032c-ac6d-4c6c-be49-8ba1a614b654,0
182b109a-ec9a-49aa-b647-cccfc1d67395,0
182bc4b1-f84e-408b-aa2c-80c48625dad5,0
182eb7a5-653f-49d0-ad28-6e2149e0451a,0
1830eb9f-6767-4b33-9054-c9e8d96fec04,0
18338d64-c536-4b88-813a-493142ac6e3e,0
18360f6e-acc6-4c0c-ac76-eeaaee62a644,0
18377493-99b2-4fe5-b1bc-07975770596c,0
1838a288-68bc-40e9-9eb7-6d7331b525f8,1
1838d7af-75c4-44cc-be4d-3fe5a7b7a2b5,0
184123c3-712d-49fd-9fc6-21e4ddf28629,0
1844e7f6-74fe-4928-b250-323a8d7c8329,0
1845757f-9136-4621-a127-e99ba4bcac9b,0
18460a24-f092-4d1f-8b78-413c9036f90c,0
18464a9f-362f-4b6e-a3ff-ff8e88378fdd,1
1847f67e-a70e-420f-b89d-93320140e52c,0
184c42fb-6751-4b90-8579-673bac5577e4,0
184c6da9-4094-4cb7-a324-94e0d8e532f7,1
184df881-3cca-46e7-8556-df57d82b7a18,0
18507bb1-57aa-44b5-be88-bbe93ab55db6,0
1852ef61-9442-44e9-bae2-42f8a3b18f6d,0
18551c5d-5c67-4d74-bf96-c1bf8b47a1f3,0
185d5a0d-ba22-4094-b682-53ab0c49e2ef,0
185f8222-feb4-406a-aedf-81c9c079a5f1,0
18614a67-d425-4289-8e43-b8514e7dea3b,0
18649688-8309-4dea-aa82-de6b0822be49,0
18683af1-84d1-470f-af9d-d898fbad51f5,0
18693b3c-3f91-4362-b4ea-33ad2d4e3a59,0
186be642-2e8d-486b-9074-338ecaa12cc0,0
186e9724-d222-4051-a907-1b8a1e40b2cd,0
1871da42-0149-4597-a655-10d5776aa50f,0
18745d2f-478a-4c6c-8803-77d83375e9e6,1
1876c46f-1551-43b5-9377-19169195487f,0
187a6fbe-f27d-41be-b028-eab6575de518,0
187d4af1-1b0f-415f-9b50-3b96a0191350,0
188371a3-2443-4f8c-8c2d-113083d19775,0
1883e1ab-6f27-4562-9ba3-bdef3cf428c4,0
18858b46-dd63-4eff-8d5b-135ee2522877,0
1886dbff-0024-43a1-bd3b-a99ff2ef783a,0
18909fff-1cce-4779-be1e-372b74ea0a5d,0
18919073-79fe-4702-bd31-e53078a31ed5,0
1892b505-8adf-482c-81df-a77f62525aeb,0
189a708c-59ee-4c85-b7bf-d3f7bef473e2,0
189b14d9-0561-481f-9599-7cbfaebee55b,1
189d7417-ea5c-4aa2-99af-e376784a5c61,0
189dc4ae-c9e8-48cc-90dd-bb04cf76e784,0
189fb2d5-4d3a-42d5-8baa-db3cc275e758,0
18a41bb4-249c-4fd4-9337-5266b1fdb423,0
18a61cc0-d8ad-4cce-9dc5-36b0268dde23,0
18b33c77-8a48-4169-8eac-4345168994dc,0
18b4177c-1b6b-45f2-b436-5d5183d49d54,0
18bbc137-bfc6-446f-bc6c-cb9a47cb4bbc,0
18c05c08-5859-47fb-a722-87ca7c65a5db,0
18c32dff-2ddf-45e5-9e87-ccc522bfef5c,0
18c75f1c-3fcd-4d45-ade9-6855c46f2717,1
18c9bb64-d17a-438c-be57-87c959ea16eb,0
18ce6254-a918-4d86-b503-e29301b0c84c,0
18cff94c-d114-432f-bbc4-ba065d205056,0
18d903aa-429d-4b1c-88d2-e42a1ff215cd,0
18d9a10f-2ec2-4cb6-bbb2-b4f8c1b4ecfc,0
18da474d-8faa-41a9-a0fd-675edd4fc24a,0
18dcbe73-0e0e-42a6-8c22-55f6eca0573c,0
18e01a18-240c-498f-b719-08b548634f72,0
18e18b8d-a559-485b-8bed-a68dc0de246b,0
18e2a0bc-bc65-4a60-9a60-fd12b2e426cc,0
18e53390-8fc8-4831-9613-61821a24672e,0
18e5e037-ed26-4851-9437-925d28a2f6ed,0
18e6998c-010a-48ca-aa9e-0d177e276636,1
18e7b633-e91e-4732-8c96-bc41f0bcb7fc,0
18ea8fde-7ec3-4ea3-b430-a31493c82b17,0
18ead4dd-df60-4342-b8c9-4a168ebc8711,0
18ebb3c5-132a-4f11-83e0-88d1a780eaee,0
18ec41e5-2583-42de-a951-230fd05c26d9,1
18ed2021-43d4-4a9c-9b68-4b228875bb47,0
18f1c5d4-492b-4786-ae4e-60c9bbf82bf7,0
18f23b51-7a5b-4f05-a3b4-60530420b282,0
18f4036d-5ebb-4ec0-a3a7-b87149e2574f,0
18f6f60b-58e8-4c87-b294-6a9b3f1c7fb5,0
18f79a9d-9ff1-493c-bc6c-5485e4c76a55,0
18f7acc1-e9cf-4802-ae65-19ba7fa7f27e,0
18f8f8c3-0467-4aba-b354-c111f984aadf,1
19030cd0-49a1-4cad-b7c0-4efc1c2caa08,0
1904bbc4-74fa-4de3-974c-026c81318add,0
190568a7-ca61-4c32-9825-0f3c71135d11,1
1906ea22-d34d-42ff-bac4-c49352cc44e9,0
19095c8d-a97a-4931-b9e7-e91cd47e7cd9,0
190c1bc8-a172-4a1a-afcc-4c49bbe1ccbe,0
190e95e4-329c-4550-b551-4693f2c01fe8,0
1911831c-5a5c-4f54-84be-9c7c69dce5fe,0
1913fac6-dd6c-4db3-9b11-abadd2bd1e8d,0
19151be7-40c7-422a-abb2-3da0cefd5905,0
1918f9aa-77b8-47e8-af45-6c53ca7b6a12,0
191b1397-b6c4-48ef-b6d2-01f8b4a11023,0
191f7352-35fe-40ec-8783-93a0d19df748,1
19218657-4a7a-41bb-8d0c-b30873f528bb,0
19294753-c79d-4849-8941-ce2faa8ef57a,0
19298f39-029c-467b-bd09-a385ced31eaa,0
192a8370-766a-4e8b-a6a1-d004d6d7ca10,0
192b8cdb-3b7f-4c9e-8f7d-8f7976c41b58,0
192d4566-4111-47dc-9834-6fce12e13527,0
19356bd9-66c2-4929-9b77-cb9189e10b86,0
19381dac-9f15-479f-88ab-fb44f46a5a2c,0
19389689-ea52-4025-8518-53026d08c426,0
193a38e2-6f30-4910-8c36-e9d537d0db98,1
193b106e-1d81-4eab-8620-61f431c74e57,0
193f41c7-cd39-4df3-96b5-be2b54b82b42,0
19423c32-7302-4300-8460-db2407d71d0e,0
1942a689-77c1-4cf5-b4bd-d412aaed2ad0,0
1947cec5-faf3-468f-9b2b-8d08a44e672b,0
19496d29-e95d-4044-889c-a1790a4b007e,0
194bddab-47b7-4a1b-a77a-4b1500e6480f,0
194ebf7b-e42d-4ed6-bdd5-d3d9bd8f63e6,0
194fd75e-0544-467a-ad24-abe359e98dca,0
19515721-cd3b-4e11-936e-a354c079068a,0
1955a7ad-38d9-4bb6-aecb-b2eaf0937993,1
19578138-b8bc-443b-9aac-6bbbcfa711d9,0
1957e014-b538-4ce6-a525-b1f8b7bfcc0f,0
19581f79-3b05-46f8-8bfc-8d5d89410500,0
195a0636-3c95-40c7-b938-c5652a10b4c9,0
195a7fa9-3263-44af-bda9-0cd45863ae9d,0
195e1711-4680-42c3-9082-0f66a8229d83,1
195f2db4-0ad1-42be-a20d-d4b4778ed5f4,0
19602909-9d54-42ea-9eaa-a40ff8e806ac,0
19616ebb-b37f-4a5f-a9a1-1a5bb7aaf0e0,0
196503a5-2ad5-4441-9a66-63346838cdff,0
19653830-1878-46d4-917e-635e029b2e03,0
1966cb8b-a52e-4ee9-97ea-cfe86b6f2c00,0
19699c6f-28ce-44a7-b989-9a29b28c787f,0
196a8b45-def7-42ab-948a-b2e8210bf2cb,0
196d4f25-504b-4998-a37d-f22a4326aab1,0
1975e79c-03cb-4381-8c72-6161aa2907ee,0
1976a93d-80ee-4b99-9702-344853bfb2ea,1
19798dab-1870-4e72-b294-4bfeb7082009,0
197b539d-e5b1-476e-837a-dcf0e028c3da,0
197cb130-a69f-43c2-80d3-7edc6b67cdf0,0
1980d2d2-f33d-4a30-b4ca-c7e1a8c0d248,1
1980fb12-ebe8-48f3-ae5a-10fe1ef178d2,0
198236b6-58be-45fc-b816-dbe4f7fde8f8,1
1985e69f-1a83-4aea-ae87-a57dc08680f4,0
19890120-4e60-40a8-9a45-651bafc5605f,0
1991b278-0d9a-401f-a32b-83c7cf326db8,0
1991da89-9446-412b-8b95-987fd33b3d10,0
199226cc-10ca-4b63-a2b1-e9ad7a16af98,0
1994969b-57b0-474f-93fc-492c3022ddcf,0
19968830-89ab-4ef3-9b44-013b0648e7e1,0
1999ca80-b330-4aa8-9b1a-b3917f20d6f4,1
199a1608-afd8-4035-9017-d02384209fb1,1
199c085e-89e2-4646-a10c-4cf1f58d0447,0
199df643-170d-40b7-a640-072124feebd8,1
199f3c84-9410-442f-bf72-fd9fbcdb1ba7,0
19a3524f-3144-4351-8c55-2acd7e50f371,0
19a43521-c49d-4a60-a7ca-595dcbdfcd14,0
19a7e27b-8528-471e-9eec-b38167f45257,0
19a82cd6-f704-49f8-8058-95d1ce73d312,0
19b0e6c1-aea6-41ec-9ec5-ef5ce39c9881,0
19b69ae2-ee99-4678-a44b-eb56bc6e9718,0
19b71107-6364-4102-8787-306d9a9aea56,0
19b725b8-f746-4a74-8c86-b231bdcf9758,0
19bf2d96-aaaa-4681-9e99-e46c45431ee9,0
19c9122c-a424-4798-8a5b-a29527827e9d,0
19d0849b-1ea0-4499-ab18-2229156342a5,0
19d19cbc-cd07-4991-8891-834e0157b349,0
19d32245-429e-40ba-b9a4-132093950852,0
19d3296f-7585-4ed0-8432-babe381aa31d,0
19d3ed94-829d-44d3-a8b3-5dd930ccdae0,1
19d46947-9a79-4766-a925-f1320add1b9f,0
19d653d5-ca8b-4e2e-8028-061d84ed81c3,0
19dc8966-c88a-412c-b582-06afca1d6238,0
19dd0ad5-8a64-48b1-9da4-a6619f25edba,1
19e0879a-7a03-4c11-8229-6a0c9551889a,0
19e11bd8-ffb5-490f-8ebc-230442010b55,1
19e5c736-7982-442a-a4d2-401aa1121bf6,0
19e69e16-7929-417b-b86a-8b18e32c2ddb,0
19e8b786-569e-43d1-9ca7-a5f12fc6c1fa,0
19e8e383-d360-402f-8efd-f75b3f506403,0
19e9661c-79a0-4262-a031-1ede5509aa42,0
19ea136e-590c-452f-82b8-d812663d5e3f,0
19eb772b-66a1-4e7d-a199-686c3911c2b4,1
19ebf8cd-3450-48d6-aa6d-a333dbb31c92,0
19efa84a-da21-47be-b5c5-974fdac9cfdc,0
19f23a3f-b620-47d2-8eb7-70fe8e142496,0
19f2f929-f72a-433d-a00a-268c3a731176,0
19f3f76f-f11f-4a06-b20d-de1ead6bfebf,0
19f8002e-6852-408c-af38-356a8de07bd2,1
19f9b2ae-9502-46f9-988c-7471cdf410f7,0
19fb5328-975d-4dbf-b5ae-9a9c6571b65e,0
1a0536ae-07a3-494f-9cda-faf416cec4c0,0
1a06b0a7-e9f9-405e-a6ea-a5e73d82560b,0
1a098e08-0c68-409a-993f-0e58acfeadf6,0
1a0dc020-81bd-470b-8ba0-443b7015f066,0
1a121cbe-22a2-4049-b11e-6d41e4cc9c5f,0
1a1534af-dc6c-4b72-9265-6f2541d8859d,0
1a157049-9601-44da-b07f-d96c1f0bab07,0
1a16de4b-a027-4d6e-a73e-72cd206425f4,0
1a188847-31f4-477e-8b47-ef21d2102866,1
1a1b5d40-5948-4680-973e-125eae2af818,0
1a1c1cf4-36b6-4226-af68-75867128ecd9,0
1a1db3e4-e1d9-4dce-926b-4f975e495fac,0
1a1ed87d-1545-4e2d-bc0e-c5a2fa569bb3,0
1a20f4f2-19c6-433d-969a-08255e826518,0
1a224a60-b509-4009-aa75-25e29e18ba73,0
1a239e66-6f6e-43f5-b854-b502c85307da,0
1a2798c8-43ff-4373-a24d-8dc7b35dd764,0
1a29b301-c87d-470a-84ce-e18288aeb7ee,0
1a2ead10-1c6d-45d0-832c-c1970c352a79,0
1a2efa4b-b383-4e93-b6b7-79e5eac19322,1
1a34ad48-9b7a-4f70-badf-2be712ad6cee,0
1a369386-6c24-4123-bf62-76336108ecf0,0
1a370e32-130e-45f3-b278-e379d26d9839,0
1a3760e0-ff2c-4033-84fa-7379148a1e82,1
1a3b22ef-16f3-49ce-b6a1-f04f9ba79270,1
1a3f751d-ac73-465b-b361-5bd379bf3234,0
1a40a997-5401-4c84-b95d-fe97d381d020,0
1a4d66e8-0a56-475e-87e9-bb1d544de51e,1
1a55a6ef-9389-4a38-a320-663b602e08a5,0
1a59cdd9-d57a-44bd-aa88-c3d8aefe6885,1
1a65211b-e60e-4dea-908f-ef76629ff03b,1
1a669418-6b2b-48e3-afd4-e4c98003fbed,0
1a673b79-f1a7-4ca6-8e49-6b05b5f4e7ef,0
1a6ef625-b596-4113-881a-7950911d599a,0
1a727cfc-dcb7-43e3-949a-c2a2b1f84ec6,0
1a731c1d-20fa-48c5-af93-2bf2a235ef10,0
1a76a1cd-072b-4c5c-a892-293b3f2eec03,0
1a7e807c-c127-49ae-aa74-17a39058cde9,1
1a824835-c947-40e0-aaa2-1f389d1e1c7c,0
1a8377c0-cf9b-499d-8589-0aed8088c50a,0
1a86a739-d83e-488b-8c8f-b645042fe78f,0
1a8d6b9d-8943-4b1e-82be-770427a90622,0
1a8de3f6-a6ae-4930-bd01-28fd941ded8f,0
1a90477a-4064-4a8d-80c2-65189a1fbd90,0
1a9103d7-3b44-418a-beea-dbe2bdaa54b7,0
1a952d57-ea3b-4f35-953a-b0dbc47606a9,0
1a97315c-a6e8-465a-888f-6f2419be08c1,0
1a98d7c6-1d7a-45bf-954e-7969e45c67f1,0
1a9ae1c6-f54e-441e-b3e7-a281ae5e43db,0
1a9c5bb0-0735-4f15-858f-56fda5815e9c,0
1aa17e9e-b985-4eb0-9492-a1b6630772f8,0
1aa5313c-2c1a-499b-a5c8-99848c34e1a3,0
1aaedae6-b918-4163-9264-d363f8061349,0
1ab41244-5305-4941-a8cf-c2f14f322a9c,1
1ab5a5e1-e971-4e4b-8351-73e4382b378d,0
1ab68df7-0c85-4083-bce1-f77b4de872e9,0
1abc5e51-60e2-4c61-8a23-ce3434e14544,0
1ac1c155-feaf-4727-ba74-cfa7531b6fb7,0
1ac1e183-421f-400d-9c52-afae14a8d98e,0
1ac3f6ea-c8cf-4896-a0a0-4e1915a3a583,1
1acd588b-53e6-4ba0-b6d4-066ceb37ca14,1
1acd9123-37b1-4859-9307-310aa7de5545,0
1acf5b3e-d9a1-448c-9c18-057c9f24f8e6,0
1ad098ca-3f9d-4360-aefc-cfcfb306c777,0
1ad12da2-886a-4320-91cf-c32dd4b35529,0
1ad3a878-5e33-4a98-9456-9c27b506d145,0
1ad525f2-1cc7-4f23-a390-3682a43b6478,0
1ad57412-60a4-46f3-a30e-6b94404e50e3,1
1ad861c9-5eba-4f4b-9af0-c5fc79fa6c24,0
1add64c1-9618-49ea-b1fa-91ba604dfa74,0
1addfe3b-621a-4dac-8815-2fbb615e970a,0
1ae9ad3b-bc87-4959-a5cf-4b5ffffaf319,0
1ae9fa53-88ec-4317-b541-3ec6b4d6cd41,0
1aedd7af-b1e6-4631-aa1e-f0c3d66ac28c,0
1aedf931-311a-4ad3-8f8a-9e71a9318a1f,0
1af0e445-3f43-48d1-bc4f-7bfc18a35871,0
1af22140-b9f3-4056-b176-4290c8499ebe,1
1af32767-b4bd-4a68-acf5-fdfb85895741,0
1af35b5a-7f60-4325-a748-911431805f81,0
1af60408-cb43-486d-a66e-9d999baaa77e,0
1af64434-6d0a-40be-859f-cb07a9481c54,1
1af6ab4b-c977-4289-b995-de9eb3469d51,0
1af8bb4e-34a3-4f6d-894a-c7fa9b47079b,1
1afb3735-02a2-425f-b974-c7b2116b660c,1
1afb7d0f-f75c-423d-a29c-676549b22446,1
1affe086-ff01-4b70-b12e-864d1586977d,0
1b0670d4-0b22-4587-bb88-f41ebe721e80,0
1b07e98c-a20c-4e1d-8f46-48c9d88bc2d6,0
1b09deea-931e-47f5-ae2b-59b63e8f75b8,0
1b0d2ccf-4f59-4d20-b990-46c890e0f464,0
1b0f1fe6-5e57-4962-a620-cd4d8432e832,0
1b175763-f408-4e3c-857c-8cee4a25f6e3,0
1b17656a-52cb-41ba-ab45-241bc85c882c,0
1b178cf4-58f4-4aae-8c82-e1c78b319108,0
1b1b2777-e408-46d0-8dc1-38d71c17d01a,0
1b2b25e9-2a45-4d51-a798-e7605f5b846e,0
1b2bb9dd-111c-4a47-b156-1003f8ab3ba0,0
1b2c748b-f7e4-4f80-8759-dabf1fa2b8f3,0
1b30159a-fc97-49f7-b0a8-9fd2d9bab110,0
1b34a6cf-5f2a-4207-ac7f-028ad0d6418e,0
1b355307-ba53-49be-8092-a20290d2eb83,0
1b38f1c8-cf33-4887-8bbe-2741b4483a68,0
1b3dc694-452b-4e3d-8cb1-6ff6d2efc2e1,0
1b3e9416-0c51-4e5d-8079-bd05631f22b9,0
1b3f1ecb-1872-46de-abd6-6349f6e82731,0
1b3ff0b0-3232-418e-92e5-f2d67ee4cae6,0
1b402ba6-a08b-41b0-86e6-9bce5a0d1b2f,0
1b40d831-63b2-4727-99a4-150f0fde1ce3,0
1b427bd7-8d19-419c-837f-68b4ade92cbe,0
1b4537ed-68c9-497b-bb16-b46b3db4446e,0
1b4769b3-ff76-4228-91b6-46b11470feb1,0
1b4a0255-78bb-4a27-9e95-49d126915bd9,0
1b4cdc9d-2824-4b55-b1a7-3574fd875257,0
1b4d52ab-ca22-4c20-b4f4-a7da5ca73657,0
1b4f2393-0993-4f97-b480-6b1b65f23b4a,0
1b50584c-555f-4ff1-bc5c-54f60f21b19e,0
1b508cba-300f-4deb-8d4e-a61368466e54,0
1b516aff-12da-4956-9e80-52c15f733598,0
1b53da74-c8b2-47e8-afa5-a005051b2dad,0
1b59042a-860d-4f31-b154-705096a75b3f,0
1b5f3bd5-fd63-4ed7-99f9-2be3bf32b1b0,0
1b64de35-41cb-4acd-9333-d2d0a4a76cc0,0
1b6bed5a-04e2-4cec-9d38-f86a100cf58b,0
1b6e00b9-5e41-41c0-8596-08e71bfc7880,0
1b6e4222-624e-45bb-ba9f-cb13d9e21e2a,0
1b74063a-5def-476e-ba67-fda61a2f63b7,0
1b745a6f-ae79-4f0f-97b6-3402eefab87f,0
1b748bc6-bd6a-48d7-8d86-808d82a307be,0
1b752151-ad5e-485e-8e89-9d2bdfdfc726,1
1b77b259-45a3-40b4-ac95-a329288cb2c1,0
1b7945dc-db8e-4fc6-8416-9156104490dd,0
1b7a9fc9-7221-434f-b63c-2b2e9ec48e5e,0
1b7b4ec7-5dcd-491f-89b3-2b4dbdc0bf26,0
1b7cd766-5b57-4f14-b9ea-214916fced2d,0
1b80a663-7b2c-441b-8de0-6671f975567b,0
1b85e519-27dd-4693-be2c-9fef4a40b9ae,0
1b87cf0b-b31b-4730-baba-4f0c14a271a3,0
1b8a0da9-1d98-4690-99dc-0f47a5d9702e,0
1b960800-12ce-4afd-85b8-743bfb6939ae,0
1b9642ea-aa9a-4ba1-8098-7febb475300a,0
1b9a5ebf-6acc-4c72-9a4e-08d5bc0261a9,0
1b9a8cf9-fd6a-4aa5-ac73-473a8c37ec03,1
1b9bb9f6-8b9f-412e-82d4-d3a26e53da36,0
1b9d52eb-e7f5-4344-8cdf-59832b7403ce,0
1b9dbfab-ff4e-4623-9bd7-91cb326ba73d,0
1ba18d9a-cfca-4fb4-a93a-be6af06207cb,0
1ba73764-f5ee-495b-8571-ffd2b1b89445,0
1ba8b109-6190-43b5-8ce2-19c2bd1dcc40,1
1baaf25a-ea07-4491-a15b-d59360f6b91a,0
1bb067c5-c828-4c56-ad2f-f30ce32837d4,0
1bb14a7d-6e29-49e6-92f4-372ec3764f40,0
1bb3fc5d-79c7-4678-a9eb-9b0e3a48f105,1
1bb5c878-62e6-4202-b9d9-53b7d94d67b3,0
1bb78c30-4ef2-48d8-9c78-368f43a8c3ba,1
1bb80e01-da09-4a6f-8f43-d3a7ba2248e9,0
1bb8f579-fe07-465a-8749-7cf44a63893b,0
1bbccbcb-6826-4e2e-97ff-3412a229836b,0
1bbe2a58-9ce9-4355-8d6e-a1337f7763ee,0
1bc09f35-c795-4658-924f-f7a636aa8a66,0
1bc0c6cf-efa9-47f2-9960-2b6cbe08e0cc,0
1bc16d7a-564b-4021-b899-2e9d2736b7e8,0
1bc1ac81-624c-42c9-ac52-6b94c75cf105,0
1bc27976-22eb-4404-9035-9ef4d0ff6d1d,0
1bc323a8-217b-49eb-b3b4-d249859d93ad,0
1bc3f04b-2795-4a7a-95ed-95cc2f63baed,0
1bc5fcd2-b729-42a7-bd63-51a06f2c3f4d,0
1bc77854-da51-4e7a-aee2-5ed037a972dc,0
1bc9a98c-efdd-4907-878e-93146a9bd2bd,0
1bccba53-4c33-4f6c-9e45-49a7714ff462,0
1bd283ac-228b-44e7-8145-899be5270384,0
1bd2cdda-3547-46de-b944-224b582b6a15,0
1bd37793-184e-466a-b248-ba582e9f3287,0
1bd49306-45b9-48d4-bc01-521eba71fc49,0
1bda95cf-0857-426c-9b89-8233fef2cb9c,0
1be18060-bd62-4291-9eb8-74ea483e4ab4,0
1be35900-4422-470d-8ff2-44fa3ce9ea27,1
1be36e54-a615-458e-86c7-a5304cc27ca2,0
1be5cc15-e9a8-40c7-9190-75cc088f9cf0,0
1becd497-4da3-4d47-936f-9fa02a1e0bce,0
1bed805f-0d25-4881-adff-d17986a16194,0
1beee0fa-45ce-4477-8d8b-859f34854d73,0
1bef1531-7639-40e1-8d68-d256a64ccba7,0
1bf03bd2-e700-4567-9e85-94b99b707ba8,0
1bf2848c-873f-4f29-b113-284da1444680,0
1bf73cc7-b086-4166-8d69-a10841a2a78e,0
1bf7df37-1717-4c1f-9029-b9e8e5ce548b,0
1bf89fad-61c8-410e-b241-84ffa27e9960,0
1bfa4b6d-358b-47ef-9cf6-9d6ec17138ca,0
1c0117c5-3b29-48d5-9602-c4aa588cef10,0
1c090365-9196-4a3f-aa29-c40464ee2d9f,0
1c09ef2d-bbd6-4391-b9fc-e3f1e7f18805,0
1c0b9bb7-7bae-4e96-8ea4-36c7f951492d,0
1c1828d0-f516-43a2-b046-bda47dfcbb8e,0
1c1a86c1-bebd-490b-9316-3d3c61e20e7d,0
1c1b4a29-64b5-4194-a3ca-45106efbc190,0
1c1cb300-a881-4797-81cd-b772dd634836,0
1c1f92c2-71ff-4737-9b0d-016ca1dab060,0
1c1fd0a0-4450-4323-b0cb-b76d77087510,0
1c2596c7-28d9-418b-825f-0fc0cca25ce9,0
1c27135d-867e-4c6d-af9f-be571b176d53,0
1c2e5eed-5528-48b0-83c4-af07191ee012,0
1c319647-7069-4b5c-8e54-975cc9a9d67b,0
1c32306a-ac5e-4a0f-a123-abf4ecd40e91,0
1c326e38-4561-49ae-8120-796c71f2bda8,0
1c3597ae-4716-4efc-b8b8-70b629d96382,0
1c3dba5d-4be2-49ff-84e7-aab94b12e864,0
1c3ddb68-cc8a-44bc-ac81-6b7e6b3087e3,0
1c3fede7-a65b-48be-87d4-240ab68266c7,0
1c43334c-2b4f-4a93-bda9-3b44a4a22d90,1
1c451d50-bb5b-4f44-9d10-f451387987b1,0
1c4d1e99-87c1-4335-9206-4a0c03ab1426,0
1c5761f6-2ba7-4b0b-8584-a2ae60220b9f,0
1c57b04d-a6f3-48dd-8e2b-5e9e8f595315,0
1c5c16a1-cd02-4f1d-99b0-7b154fd19c87,1
1c5f2596-0203-4a20-98b5-e2ac90efeb54,1
1c5f84c5-b008-4117-919a-887550f85e85,0
1c60d86a-58c5-475b-84e6-9fdf4f146188,0
1c62ac94-b12d-436f-9286-23fa70ad6ddf,1
1c634620-4bf1-4bb6-98a1-5f34d93e046e,0
1c639ee6-9b72-4e3a-a47c-44d9911c318c,0
1c65b9f6-1604-4671-82cc-a1670e50246e,1
1c65fbea-e7e1-4aab-bf30-c4f9da29cf3b,0
1c67f50b-1a7a-4d6f-95e6-a8cf24460e4b,0
1c737cb1-5240-46d6-86c6-86f923c8f962,0
1c73af66-468f-423f-8514-74331c98b2a6,0
1c74600e-dfef-4b5b-b7dc-6429980c6d11,0
1c7530a6-9ffc-4a98-92a5-6663f8c703aa,0
1c7a2044-5626-4845-bcd3-31ab754dad4e,0
1c7b8b79-6bda-4752-8718-888fc4f3c591,1
1c7be95c-cf98-400e-9d74-fbdc5b75c40c,1
1c83a43f-ea06-41d4-803e-09ca647e07d0,1
1c83a84e-19f5-469a-b118-20e4784b7e5e,0
1c8c8fc3-7aaa-456c-aed9-ca855bb406a5,0
1c8cd3cc-ea2f-46c9-9f8a-e4ea1170dfa6,0
1c8ce122-5e85-4c1d-846e-385579ce5246,0
1c937993-c77f-42ec-8b3b-25d8cf269e88,0
1c966c66-a48e-481f-95bd-73bea1900807,0
1c97172d-9e63-431c-b4bc-7733719c83e8,0
1c979eb0-46cd-4129-bc3d-6da7ab9233ac,0
1c9c65b3-a037-47e7-997e-772794c9a70d,0
1c9e8bf3-d285-406b-882e-d328cebd8a56,0
1c9e9286-1a3e-467c-990d-b61187ded9d4,0
1ca14872-c613-4329-ad22-6ff68c212f0c,0
1ca240f9-9d9b-4689-8d08-f2119e66a866,1
1ca24cfa-421f-46d9-b4fe-1d895cceab76,0
1ca8bb83-2981-45a0-9a92-6d1a0e5e6542,0
1cb1c23c-c27e-4af9-ad0d-be05ca69ada9,1
1cb1e123-1027-40fe-85a2-e8b725c7080e,0
1cb2132e-1989-4f44-9b97-7bc01fde3e99,0
1cb2284a-e96c-4d81-ab39-9684600daf0a,0
1cb3b567-9391-4cad-b715-0fa6121de0de,0
1cb5771d-a881-4ad7-a228-9fcc96d8bf41,1
1cb6b748-da4c-4b9f-8c89-e0ab7a60c135,0
1cb7638b-9691-4191-bb59-d67ad9eb63f6,0
1cb7b217-da39-479b-b430-9c857d007964,0
1cb91798-96e9-43ad-b222-f7773bae658b,0
1cbab099-fcfd-439b-9c6a-90eb777300af,0
1cbf158f-6c89-4690-bbcd-614f4982f6fe,0
1cbfc87e-d73f-4228-80a9-17f1aca4e855,0
1cc31bec-3186-4de2-8932-fa976d7fce08,0
1cc3c38f-e6a7-4a11-9bbb-5a5f7b3f271e,0
1cc5b966-07b8-4d97-8a67-acb2a550783b,0
1ccd237e-822e-4337-822d-0d101b336011,0
1ccee127-dd44-4594-9e67-98d78dfff442,1
1ccefe38-4650-4c75-a0a1-962bcc496c1a,0
1cd0bc43-80d7-4c33-9030-1c972ec3ae90,0
1cd13dfb-e9e1-4b2f-a13b-ac6538c495df,0
1cd63d8a-4431-4d0e-889a-458bce9524f3,0
1cd69e62-1df1-4056-93d2-79219ca4e0e6,0
1cd69f0a-4db0-4428-b2d2-c077c229cbab,0
1cd6a3e2-638e-493f-a67a-4b965cafb80a,0
1cd91268-8135-4b5e-a8ec-5f2f48b75f70,0
1cd98648-bebf-4f0e-a28b-1a409990e097,0
1cde3143-6f64-4ac0-817f-d879ec43bb90,0
1cdffde7-7f86-4346-b825-d269c9eba5d6,0
1ce37419-4089-46a5-a934-5800b658c84a,0
1ce8e65e-ab77-45ec-8a65-6332a9b044e2,0
1ced3c86-509a-4445-b12d-a0baedb6c89c,0
1cf003b6-3cef-4a05-ba5b-b6634249a9a0,0
1cf17fbb-c4fa-485b-a321-2a23b9939564,0
1cf51a38-65d1-403b-a982-de359fd692bb,1
1cf6ea67-9af7-4482-a666-1f202192ef1a,1
1cf7afc3-b22d-43ff-964b-637bc1afe29c,0
1cf8056f-b624-4397-95ad-25b2c1207a45,0
1cf88534-ae9c-447f-859f-adf83413581a,0
1cf96438-924e-4d23-8e3b-442062e60853,0
1cfcd593-ae99-4582-9cd2-2c0dbe68faa1,0
1d01db9f-d913-4988-84ba-c442a211eb8f,0
1d053804-a6e0-47c1-9ed3-8d0774393dc0,0
1d09742a-2674-464c-a3be-365852c1d95f,1
1d0e421a-81bd-4010-ad6c-8254dc0bb519,0
1d0f797d-f705-4c4a-a016-5d550513c1fa,0
1d113452-3078-4fd2-9a62-e7aeafcd0904,1
1d1665f8-c365-41e1-acc3-cc8322aea3ea,0
1d1ad84d-1f43-425d-8a37-7f7ce17223a5,0
1d1b6fb4-eb63-43ba-bbc5-6be50a6026cb,0
1d24a009-ea5b-44c2-93e5-19587a653355,0
1d24e581-3b60-41fe-b312-3af979315f7d,0
1d254c08-141a-47e4-87c4-9b5ef8ac2c75,0
1d2662e7-7885-4a16-a154-99183bdfc591,0
1d26b0d4-4cdf-4206-b290-7106ffd62889,0
1d2733b7-d5b7-44ff-90f4-e41786fc4106,0
1d2dbe4f-5b5f-4f6c-91dc-e7272860b2c5,0
1d31c278-5f92-46f9-a61c-2b562e190010,0
1d3267ef-aff1-4b0d-9157-3069d2a5d396,0
1d32dbc2-0653-4e82-9b88-7d39a5b4e296,0
1d333540-c8d5-45a1-8886-8b51bd66a3f0,0
1d3b9df6-837a-4b70-85f6-75be2f2f633c,0
1d3d5a36-1ebd-4118-9c68-c2551b0cf62b,0
1d420091-7c61-474a-8e9d-c74c6e3c3dc3,0
1d423dfd-b1cf-4ffd-9abb-1401cde33d56,0
1d4b4ff1-5a5a-4b0e-b5ef-477b55ae726a,0
1d4b557c-f0b4-46c6-8509-1ed188898a42,0
1d4b9586-2aba-4d13-954a-af8013c7eeee,0
1d4bac71-0ed7-4e4c-a613-e736eef87ca4,0
1d4e4b48-4ced-49e2-889d-457bc6fae550,1
1d503fa3-816e-4c16-ba40-efe94f6a357d,0
1d52325c-e4d8-4ecb-b039-cbe8de4da97b,0
1d56f3d7-06c2-4c1b-887c-e38e266caa59,0
1d592bb3-0750-49e7-a74a-6f88e2900546,0
1d59a6c9-354a-4431-acf5-c6c1ea68f1ea,1
1d666a4a-9b2e-49d3-9079-b2f82046777d,0
1d66a6b0-c468-49e6-aa6a-ec386bb219f6,0
1d6c6b0f-78a9-4bda-87e3-24c3865a7035,0
1d6c8890-9315-40ef-9fe8-ff813404745b,0
1d6f22c3-c058-4163-9930-1513518f5e3f,1
1d6f30ea-f0a6-4f54-8663-7abd21072db0,0
1d767825-e348-4e06-b952-a177992229f8,0
1d76d095-4aa1-4634-9eda-ed82ae82ca0e,0
1d77af6d-b8b7-40f9-a60d-c525f58ea541,0
1d7c51f3-9988-4a43-8fe1-922cd329234c,0
1d854cb0-0ff0-4c09-ac94-df86681e4ef8,0
1d88130b-c123-4072-9fa6-404156dc6255,0
1d8e404f-5a01-4471-bc9c-82c98328d203,0
1d8e4a29-69bd-4cb4-b88f-12318bcc06a9,0
1d8ecce5-597b-4958-a3d2-015cdc85763a,0
1d8f4299-96b1-426b-b7a6-a0d27c369bff,0
1d90310c-1283-4f48-b533-00e04b3af8ea,0
1d934884-d614-48b5-b1f5-bd0635bbe69e,1
1d93a5a9-a9a0-4e66-8c3b-1a9c2efa2bc5,0
1d93de6f-a18c-4400-a691-89347ec07772,0
1d9415c5-6d90-4beb-a0fe-34c88221d3a6,0
1d95464c-49a6-4819-9a55-d27276708049,0
1d9bdf20-d752-45c3-a78d-ce6cd4ef5fd5,1
1d9db2f4-e83e-4e32-9c5f-6f90e6ace134,0
1da211da-2f71-4623-99f9-570f8e33cc17,0
1da703de-0024-4ff5-82b6-28d120a0b9a4,0
1dab5402-d062-44cb-b7ed-8c0175501283,0
1db3cf99-1f60-4d9a-aae9-9b1f519dd491,1
1db41e46-9fd8-4282-a8d1-999256b3518a,1
1db45581-b41c-4162-a1e9-44d1fd58eb02,0
1db92640-184a-471b-a9a6-95042c9d1ffb,0
1db9b7ea-4b32-4d67-86d7-20b1d2d1a42b,0
1dbf2335-1e07-4135-84dd-6b890af35ed0,0
1dc14101-b4d9-40e5-9b91-10174118454a,0
1dc60de5-eb15-4bad-b9f7-29a3de3febde,1
1dcb8dbd-c8a8-4574-84ea-c7588998c97d,0
1dd198bb-46b3-49ef-8c21-267106e968b7,0
1dd1b5eb-ed71-4060-b147-1a2da36e8411,1
1dd38cfb-ee21-4202-8a92-f3f5735b2a47,0
1dd7a3e6-f987-4d96-84d4-f5f9f45720c4,0
1dda8027-a8d0-4e44-a8fe-a5994f52ef6a,0
1ddf2bfd-285c-4394-9b95-987bc7e6acac,1
1de23f67-19e1-412e-bcf8-6ca88b034df2,0
1de59e78-7234-4dbf-9399-e6748b9058c6,0
1dee0b6d-22f8-44bf-b4b0-53451f98b461,0
1defe765-6589-4b5c-80b9-dd64a7405307,0
1defeccb-a73e-462c-a784-bc94d338192b,0
1df3bf30-db69-430b-ba0f-adab78ba7d54,0
1df6682e-d465-4bde-81ba-221a762a8b21,0
1dfa3c9c-477e-4bf8-94c7-d61dd5df32f1,0
1e0110b3-fb62-41e9-93a6-40a796f92630,0
1e0227d0-d32d-45a5-aab5-91e1705a2647,0
1e0348b1-f3f3-4d75-b6dd-2a91960d692f,1
1e08087d-1438-4ca1-a73c-915ce654336a,0
1e096813-6855-4444-8c48-507150584cbd,0
1e0a5d2a-6253-4694-a3dc-d7384f82d873,0
1e0a77aa-0de7-4017-ad77-976cd90b6be5,0
1e0c3ed1-d0c5-42cb-a786-9f6faf2ce193,0
1e0e7c78-8c83-455a-9b0e-d0dd7fba1d8a,0
1e123960-f256-469c-af51-a03216614cdd,0
1e13e9e9-a849-4317-9b62-d609ccf7edc4,0
1e14c274-5cfe-4b13-9805-1a43578a125d,0
1e17879d-c168-494b-b9b7-87c1d6f2c2b0,0
1e1f373a-b66a-47b5-820e-d3f88b3a7824,0
1e209e30-7e1b-4c2c-83cd-331336d06501,0
1e25b0d2-ee3a-4165-b431-e1a7af70970e,0
1e2854ef-10dd-4e09-a064-11f339f64a95,0
1e2d3f5d-e8d0-40d2-a8e4-a635a3ebf599,0
1e31404e-f230-4246-8c23-b0c78e418e13,0
1e331a5d-9318-430b-8bae-ecea307c4408,1
1e332c90-ee10-40f6-a08a-c9f1b70840b3,0
1e342d51-d294-48f6-b92f-24072dc4f4c9,0
1e36da78-2414-40cc-9728-29bc3ba1614e,0
1e3a3718-fc39-489d-b1fd-3f1b3ccbae78,0
1e3ba5c8-12e7-4eeb-9efd-edcc837b7616,0
1e3f6ff2-18af-4478-97e3-44196f8c9d2d,0
1e3fae40-c98d-4057-94e6-4d877227e7f0,0
1e429a9b-cb57-49a7-a16b-ef00dfa5fef8,0
1e432f05-3183-4450-bb12-c847f272b0c5,0
1e4916e3-ac35-4874-9d78-9e4c3f9d0288,0
1e4c972d-a508-41c5-bb5a-db1590f6ada5,0
1e4fb3fc-bcc6-47b0-b4c6-a3cd95bcfdc1,0
1e52b5f5-ab42-47dc-80e0-e954a6f5a575,0
1e5e6bb3-4ab1-49d1-9c5d-1854ee4d2e6b,0
1e5f0d3f-2584-465a-99a7-f29b3b7fc42e,0
1e625f7f-8cce-45f6-bd63-c0523eb48248,0
1e64952d-ce48-4e1e-b721-fbe43d8bf46d,0
1e65c28b-c088-451e-abf2-31a8ea25653a,0
1e673485-fcea-466e-9075-50b613f1d193,0
1e69cd70-4e48-4b89-a3cd-08d143a89510,0
1e6c2ba0-c6f3-41fa-b0eb-51b5f042644f,0
1e6d8440-29ba-43ca-b8d8-27cc98960203,0
1e6f544b-09a5-4266-a974-14006dc5072a,0
1e6fa344-c8a1-4672-86f7-811f1b0875ef,0
1e70533f-2bfd-4998-af82-89f96f95c140,0
1e7b1a28-304f-4321-b404-a56aba04666b,0
1e835e05-1605-4756-a1c1-86c1fcf7613e,0
1e85a1ae-158b-4695-bdf0-9df441dcc1d9,0
1e8a0415-45df-46f9-a38c-8343d0485d44,0
1e8a5d89-3f63-4009-9c75-7a5020143c0e,0
1e8bb920-3978-481a-89de-aa5ceb4178ab,0
1e8c0620-76ac-4b56-8459-294c4f6e32de,0
1e918a72-0356-4862-afde-60fad1f34c17,0
1e947bd7-dc09-44ad-842a-1598c9b0f663,0
1e95c714-80c4-4741-9b14-d78f3fcc8d91,0
1e95fd27-602c-437b-bc2b-fed65cf7c99e,1
1e9bbe56-9634-4ae7-8bcc-bc2fbb25816a,0
1e9c528e-6873-4ebd-8043-85522feb8434,0
1ea0afea-cfb7-4ebe-b9fb-80bef2b98776,0
1ea53aa4-5c4e-47a9-b4a8-17b33eeaa0fa,0
1ea5eaa9-43dd-48f8-9e1f-9d6a347c9129,0
1ea8a118-2620-4edd-8bad-260c44ff4206,0
1ea9f7d6-cf8f-49fb-8fa5-f74d673275d6,1
1eae7297-d874-45d7-a210-e95ad3c639ea,0
1eaee907-007b-48cc-8bd0-6feba5e6f064,0
1eb09504-5924-47d6-b129-428a45980969,0
1eb54f3c-df97-41b1-8e67-31fead4de97b,0
1eb6fadd-0a7c-41c0-b06a-9dcfc90468c5,0
1ebb1ae6-5502-4ec8-8a52-ce72cd070dd3,0
1ebcdea6-336d-448c-8dd5-2b0a730aa9ec,0
1ebec944-bce0-4947-869d-c88f8558fa89,0
1ec85755-bf1c-4d29-b180-10985bee67ae,0
1ec9e126-2b9d-447e-a691-7c66e6c399df,0
1ec9f259-ebf3-4a6b-9459-1c0d527ec879,0
1ed0c299-8195-4b3b-8d91-c787075c9f66,0
1ed231cd-fbce-46ff-a027-c3d1737c4ad3,0
1ed23ab4-5fad-49f0-a28c-84f1742bbeb2,0
1ed48102-4264-49f1-9ac7-000e53ab0d1c,0
1ed9464e-0908-4064-910b-84a4433b8be7,0
1ee17b21-3942-4aae-bd60-4dadc24af163,0
1ee25462-ab28-43d1-99c2-d26fff14c54e,0
1ee4de3c-b5e9-46cf-84aa-e7f781d78eed,0
1ee4e25e-3081-4330-8410-e1ff6ba498a8,0
1ee8cfa9-fddc-42e2-adbf-6447419495b8,0
1ee97ff3-2651-4c25-a814-ee1846dfa353,0
1eef642b-a6b7-4bda-a995-22bbb1626a46,1
1ef00f28-bf97-4c4a-bd4f-5f9644e97629,0
1ef3f254-fb9e-4031-8d37-d5f4a0d39717,0
1ef66ee8-7edb-4311-b53f-33174b86127f,0
1ef670db-775c-4775-9841-6605ff50ce58,1
1ef68c57-2cf8-469f-8313-71caa28ab86e,0
1efc974d-31a8-41c0-9f33-1175349224c4,0
1f031dee-4eaf-4999-bac6-dcce829c4685,0
1f0375ac-9cf0-4158-a593-6c8a2e22ed3d,1
1f053667-8fdb-401f-a70a-4498ac90f8c3,0
1f09cd81-6729-433f-ae01-ac8ace859c6c,0
1f0a1a9e-0bdc-4e24-bf3d-31bceb5c5216,0
1f0e8855-93d6-4fa7-9126-69ef097c5476,0
1f11116f-1adc-44ee-b8b7-342e5ecec899,0
1f13e959-3cef-4094-b8e4-89f682a7e46f,0
1f14fdc2-3f38-47cf-bc2b-c59b433dcbb9,0
1f194e8b-f6fc-406b-b1a3-a191ebcb5f16,0
1f205fc6-552f-4f58-a7fd-61572aa04df3,0
1f21abef-2202-4312-adf3-57e88fbd65b3,0
1f231cb5-a484-4748-a99d-3072e0bb548c,0
1f252332-2a14-4de3-8e44-e6c13fc5333d,0
1f252350-f399-4713-8313-841b3c9a7a26,0
1f262b0d-834b-4edd-aa93-ecfe0213a437,0
1f2853bc-0864-4a95-b505-d897e24b47be,1
1f299a83-1c1c-4a57-88fb-45738a0e9a00,1
1f2a6b8a-ee30-4633-9470-7744f45f456e,0
1f2c6dd5-df4f-466c-99a4-781db6ec4ffe,0
1f33999a-8162-4b9b-af4a-b2177cc15643,0
1f33dba9-24b7-4d93-9ecb-2a8d845c3e82,1
1f34ef66-4bda-4032-875c-05e2b26b00d4,0
1f361413-e864-4866-9b52-e92b62fd5bb6,0
1f372779-8880-4fe7-b751-c862215b62ac,0
1f3751d6-29e3-476f-b7d8-36687efd6fbd,0
1f39c59d-8031-41f5-886a-44a66ba53e08,0
1f4221f2-b68c-47a0-99be-4b322d554c77,0
1f42f2d7-24cf-4448-9640-f5434f0bf8d4,0
1f44502a-4d94-430c-9f2a-8b5c3a176f4f,0
1f48c60e-5c1f-4400-979d-d5d832a9b141,0
1f4cd0fe-c4c2-4b2b-bde6-6c4f56e288e9,0
1f4f2599-9d9c-4aa4-8fab-f3475d722083,0
1f4ffded-94f1-4fd4-a271-a339e5dfbdad,0
1f5302f9-3ef4-40b5-8c60-53aa02f28d82,0
1f552e34-c97f-49b7-a60e-c8b2d7dd8fab,0
1f5cb727-9d38-48ef-9311-9ebaa8daf668,0
1f5e4e49-d860-4b93-99e7-e96ef9027aef,0
1f61e4d3-b64a-415a-abbb-0bc076f343fd,0
1f64506d-b275-4cec-9e67-b6e4d6d54328,0
1f66d60f-cd97-454e-a7f4-f27c904a1dc1,1
1f682a48-931c-45f6-aab3-fa124cea2c25,0
1f68e528-2b6d-45df-9930-935018aef1cc,0
1f698c5f-a156-4b26-98ff-aa15bf5ae273,0
1f6f2ab9-2f8b-49f8-9069-7594f1aa259a,0
1f700381-0c42-4212-8450-956c1bf134e0,0
1f70b113-0efe-4218-9c8f-4d0db44f79fa,0
1f71eb3c-870e-4fb4-a6c1-be4b7b8e35e8,0
1f761cd3-d677-46c8-9595-434e3002e25a,0
1f7a59f4-4249-4bfe-a781-c6d66847737c,0
1f7cd3db-733f-493a-9fbd-cb54e01a094e,0
1f7f9bc6-6ee0-4953-8690-8a34e09fd180,1
1f81489d-e425-491f-9ba5-b53db5222bf2,0
1f821048-11d5-47f3-ac16-71191329443c,0
1f8267a2-1b33-4a8f-bc60-698431fb70b5,0
1f827d22-47b8-44a5-876a-8667ee40bebd,0
1f82f41b-4790-4de8-ba1a-d55f871f025a,0
1f838f4a-84fc-4dca-bcb5-69480509929d,1
1f85d10f-4fdd-42d2-8477-fbb84db65302,0
1f8bac72-06e4-42ca-818d-86527c4f945b,0
1f8bf57f-fef2-4bc6-aabc-a8f06399624d,0
1f8ebd64-2ab9-42ed-919e-278108edd1f0,1
1f900a04-676f-4727-919e-c69053533341,0
1f977fe7-8d9d-4dda-8069-d93b38efe5a2,0
1f99bb44-b36b-495b-88e9-6e678c6d5d6b,0
1f9a4537-2dd4-4ea2-afd4-e383af44f1e6,0
1f9ce76f-ac36-45a1-824d-19ce5c516495,0
1fa0c6e0-09f3-4488-93ce-ddc0ee1e6312,0
1fa0df47-e5ea-4eac-aa05-8025898d7eba,0
1fa1cbfb-7bfd-4c17-b46b-62aed6ba741e,0
1fa20539-9fc2-4650-b705-25f0decf7a66,0
1fa59a80-9b51-49d3-b10d-4b0b60ee7412,0
1fa59dc2-164b-4a27-81d1-46b51fc9c97c,0
1fa69cd6-0531-46c0-86b9-300caba2d8b0,0
1fa925cf-b26f-4428-ac9e-e94955fd72c8,0
1fac2b2c-3a8d-42fa-abcd-a8cad93a24ef,0
1fac58fb-b9f2-47ee-9146-5462d4457f2d,0
1faca4c2-7352-4f68-85c2-b5ac7c33ef37,0
1fae5dab-bd11-4b97-b92c-67eed5fb9c11,1
1fb18477-746f-4f7a-bf6a-a51fe775438a,0
1fb21cf8-85a7-4ecf-b0a7-0cb72e074565,0
1fb5f1cf-1c05-4921-97d3-61eb8b1a3661,0
1fbbd1d3-b0d6-4c04-9045-4027da4c758d,0
1fbd58de-d853-44be-922b-4251f2b820cf,0
1fbe3909-9970-453b-b83f-e3add2300339,0
1fc34786-2190-4478-928a-12def58efc01,0
1fc36680-8c54-4f0a-af2e-c7d7f6585749,1
1fc760fb-def6-4b50-9e0e-04741cc28029,0
1fc76e27-3c64-4b8f-8381-0a60cf688513,0
1fde9438-db2b-401c-ac75-051f97574bc9,0
1fe930cd-9c3f-4b7c-a50a-3f7d0acbb38c,1
1fecd2d5-9797-400f-a27c-62196d181487,0
1ff0042a-5f0e-4d9a-b631-ecf214a5f003,0
1ff13240-79d6-47b4-bef8-0032532b8a4e,0
1ff29497-bbc6-4569-9e37-d26dcb269d5f,0
20021730-f45c-43b0-8c5e-a70a4f6211e4,0
2007a752-11c5-4e64-8e8f-c038f696d0f5,0
2007d816-6a8f-4d10-9f35-1be90159ff73,0
20089ebb-fdd1-4c5c-9e03-f6b046c600c9,0
200ce87e-2163-4cc1-9ad2-82595d0dff5e,0
2011654c-4e83-4231-b9fb-d2c1d082a206,1
2012f5c2-9efc-456f-857a-6a2d6b3f05c6,0
2013c109-8747-4918-bade-7bc00f9ec631,1
2014ccd8-96fb-4118-912b-ef8f21733f47,0
20155179-4bbf-4be4-b5d2-51c71fdaccdc,0
20157e5c-9cf8-45e1-a69b-645fc8a7e857,0
20175ad4-c3d9-4a7a-80cc-eda45e43d58b,0
201853af-504f-401a-938a-71f978e68a32,0
201971d0-4d22-4c85-965c-15ef4c08034b,0
201cf195-1c67-4773-aea7-f22a7db8eb79,0
201d87d8-d673-412f-a46f-8d7acdfb5933,0
2024dea5-cadc-4d26-8c95-6a759eb8449f,0
202a06cf-f561-4cd6-a78e-423ab1ef352d,0
202bf504-2e6b-472a-a15d-bd0725900979,0
20302f1c-9dca-465e-bfe4-6907c368a6e5,0
203172d3-1207-4329-9920-8f424debe78b,1
20332487-16a3-4641-9254-d6ac1a7460df,0
2039b0e4-e225-4ffa-a229-833c5f5b60cd,0
20405743-7c22-4c60-b941-87cc996c55b6,0
20414dcb-697d-4c37-8d08-07b9192f4c82,1
20451a6e-16bd-454e-bb58-e9c9b3248471,0
204633fa-ca43-4808-a67c-349eefadd986,0
2048a719-8cc9-42fb-85cb-6f7fe629c606,0
20495acb-43a0-4d5a-84a4-75e09522989b,0
2053c232-0973-4973-8034-add387f1559d,0
20558d70-d591-4efa-9250-026e4d7ac6fa,1
20571ad7-b1fb-4b6e-beba-89a64034ee1a,0
20580584-3b1c-4680-9d0c-f1339b34d18c,0
205ab6ce-c67f-4c57-9c85-7fc37480910f,0
20601564-e8c4-411c-b404-8e57d3881c65,0
2060a10f-e3b5-4670-aa4d-529150cc5988,0
2060f9a8-fb95-4794-8ccb-269064a020b8,0
20659a61-a5d9-45a4-8ce4-050ae719bf43,0
206977f1-bcf6-4b79-b096-a313a821ac60,0
206c878d-b3ed-45a1-aecd-54f1007fff7c,0
20700739-0b63-482b-ae85-1c829a98ce90,0
2073793c-333f-40da-b786-62a73baa5cf6,0
207582c4-88d3-4ebd-bc8f-96c7eb555688,0
20772c26-382e-4d9b-a8d5-83f26409b04a,0
2077d07f-b4aa-4d65-a4dd-189286a84ed5,1
207968c9-58c0-41f1-97e6-ba0722b3a6b9,0
2079c535-1038-41ac-9172-2d2ee08f83bb,0
207a0511-77ab-4110-81d8-6af3f8c75fc1,1
208a1681-e306-45f9-81b6-024bcee76b35,0
208e0b34-e3fa-4f4a-8f87-aa190ec080ea,0
209132e9-1715-4f88-afd3-a66e250c5786,0
2097034c-0480-4da6-9d62-44e24c06e791,0
209b4efb-28d6-4e55-965c-260c040664e3,0
209b5c55-c603-4c8f-be8b-29e6ac423c28,0
209d9750-6704-49e8-abf8-2f9324361074,0
209ed3c3-5d72-47c9-ab24-7d4711bea9fd,0
20a0c1a4-b4a9-4a3b-9c62-2ffcae32eb5a,0
20a29969-f336-4104-b9ea-34c7391a3466,0
20a57ff7-885a-4a19-a704-1cf1f74eedd3,0
20a70db1-528d-4fb6-b3bb-4ec879708ce1,0
20aa0dc4-2896-47a5-a56b-3735d3dc36a1,0
20ac3822-bbe0-49a8-ad44-bbb44faab865,0
20ad89e3-a44c-4e10-aa51-390c8449d156,0
20ae366a-76e8-4060-a15d-1b88ef6a6b38,0
20afb3a8-f24c-43a9-9b6b-57aed1757584,0
20b4a862-2a7d-43e5-83bb-d1249a728547,1
20b69437-df9b-40ea-addf-d793f8dc6ee8,0
20b8e4f6-c2bf-485a-9227-0bc892cd1f3e,0
20b9565c-e16e-4a30-9b10-d0b8b01769e4,1
20bbd8d2-2560-43d5-872b-31b2f545e097,0
20c13f67-0719-4e4a-b47a-9548892d3d2e,0
20c1d166-7904-48ad-b240-a05d721869d2,0
20c21fa6-f2b1-48ed-85ff-f895ed966530,1
20ca4940-2af6-4b17-ba6d-267a467b2c86,0
20d1805b-4ef3-4550-a472-58530c8c622b,0
20d36cb3-819a-4ad9-a164-d17cb16cced2,0
20df5aff-d891-4bab-adfb-5927de16a353,0
20e60cc8-3641-43da-a6f1-6f4035db124c,1
20e784b3-8fee-4718-8feb-f1d6d0ab9867,0
20ea027c-339c-49e0-b35d-4e784265ff6d,1
20eb4e2d-b784-44a2-8589-161c3c3f6e40,1
20f29118-8745-44a0-875f-aa8cd40cad07,1
20f38cfe-ad70-48fe-8c09-87e9ff04a672,1
20f60894-7f5d-4eeb-9b46-792660f0b83c,1
20f90e80-5ae8-43ff-88f0-987735b6f09d,0
20fb8e43-4113-46a2-8ceb-cebfc78ddf6e,0
20ff007a-1f4b-49fd-ad70-ccd5a45afb8d,1
20fffaac-6bac-4eee-ae6d-b5a987d6db12,0
2102d44e-77da-466d-8fd7-d46f65ab0a7c,0
210356e5-5ece-4f66-bb77-a1b7796c8912,0
210b3b8c-52df-48c0-b813-e777f8b7a653,0
210ba013-080d-445f-a93a-ac36d60d9334,0
210f7d9b-1175-404a-b160-792a1c32de45,0
21109d6d-f17f-4e33-9b30-8d24f01f8a4d,0
2111a921-c253-4b7c-8a4c-2cf46ec10508,0
211864f3-16b2-4c0d-81d7-9e5c4e118e35,0
211de60d-4abb-4e44-a13e-174c37649946,0
21227d2f-299d-4d48-90ac-7c17bb7f2284,0
2124d745-1099-4234-961a-d6bbb97b5b31,0
2124ec12-5d19-4709-bc5b-16d851403b64,0
2129e61c-6cfb-4338-8753-402d08db12b6,1
212b9144-b22a-4ec5-bbd5-1694e82b0d83,0
212c377d-16b6-46cd-8af2-dc42ecb576a6,0
212d64c1-35eb-4013-ade0-a28367145bb8,0
212d6651-50dd-457a-9880-9f247e391ddc,0
212f1a6a-2eaf-4447-b903-2e9bc4c157ea,0
21300759-7ed8-4758-973c-d7e5cba4e193,0
21331b48-2bb9-4b76-91fc-8cfc3a711a3c,0
2137a64b-ebde-4428-a1bd-7a17e5eeddd8,0
2138ad70-e375-463e-8a39-eb5c3f8269c2,1
213a92e8-7a9a-4c17-82b5-1035eae1de58,0
213aa7f1-ce33-4e8f-a0bf-e496ccb51444,0
21410a5e-61d8-42a5-8ebe-69d92fcae40b,0
2143d096-9f96-4134-a000-7b6a14254c93,0
2143e4b1-bba2-473d-92fb-2150458ad1c2,0
21479422-59dc-4dbe-96a3-62f0132fab02,0
21479682-8bc9-4487-9e77-306bc31cf026,0
2148a722-14e0-44bd-a55b-df93f4d1cec3,1
214a7770-fc58-4805-9151-49cc36a7d3d5,0
214f1956-8a5b-4b76-a7ce-28735f4db441,0
214f3b2c-3da8-40b3-94b5-3fb5addd8fa9,0
21529a49-1c21-4c7f-84ac-5f29e46571b3,0
2152f423-d060-48b7-9c0a-24042a72e49a,1
21551fc5-42f6-4de8-9c25-5a9e37705d42,1
2156e73b-1668-477e-983f-3dde12562d1d,1
2157be4b-267b-49a5-b5f9-bc189451315f,0
2159323e-89d8-429b-8d97-22b50a26a7aa,1
215c9543-5527-4ccc-be83-438864739e43,0
21610417-779b-4c21-94ab-dda1bd4707a3,0
2161a915-98e6-4757-a23e-6475803bd12b,0
21635b31-17ac-4714-9a88-0ecd91b9e296,0
2164cef1-55bb-4246-a9e8-08b2cce0b100,0
2169bba5-6672-46e5-957b-42e00cf32d44,0
216b2601-13ed-4f50-b7d9-f3363ed13652,0
216d2a53-7630-4b35-b733-3067dcbdc88f,1
216d30d2-8b48-4282-ad82-c1eb345673aa,0
216f05a7-d680-4d4d-84cc-4cca14a81359,1
21725942-3011-4fdb-91f2-839f511b9fb1,0
217312ae-f427-4a7a-b3aa-09848f20a332,0
217558c9-9753-4359-9814-808e99fd6887,0
21766d06-2a4d-4be8-ac55-292ca39f5a44,0
2176c149-bc1d-4c82-ad4b-b98dc5621fee,0
217d071c-a46a-4d2b-acfa-cb774adada75,1
21815cd5-2730-474e-8ad8-04376afe572d,0
218211c1-8013-40b5-bfea-811e74efdb61,0
2183f8be-2c22-40e3-8e95-10319a4c7a1d,0
21842717-1467-4851-ab40-badf84e1e014,0
21890457-e544-418e-a989-93d7a190f041,0
218d1db4-fc3d-45f7-9f68-c76ef35f601d,0
21902479-573e-4c92-bf8d-f1aa64023d74,0
21930512-1b01-4537-be06-aed1c8bca492,0
21942de5-6b42-44d2-b33b-3648b1c8eeab,0
21945966-00dd-4537-a5aa-6040f75766e2,0
2195c190-7982-4773-960d-f57bf1414ebd,0
21966e58-3e23-4fe6-bae2-97f448334693,0
219aeb79-9837-419f-938f-b5884c048bd4,0
219cb677-2b2b-4469-89e7-8e2bf9bfbf7c,0
219cd888-507b-4e1a-8462-4c5c44e4086e,0
219e8d0f-0c10-4796-8f50-27965f547203,0
21a08487-56b6-49f7-9f8e-2db4dee7e65f,1
21a19299-6e67-4057-952a-62aee41291a5,0
21a2165e-37cb-4c82-bfe3-234dcc4acc11,0
21aa5b30-d8b1-421a-8ae6-1023c1fe5356,0
21ab4419-9fd6-44f4-b7cc-146224c31e16,1
21adb321-d37e-47e7-ad31-cefd5c60debd,0
21b049e4-3bda-49fa-a36e-c326533c78ff,1
21b3ec05-4695-4d22-a2f4-4880778087f0,0
21b5d1da-1629-470a-83fc-cce797d11d96,0
21b93bfd-3b2c-40dd-859e-51b63d60a586,1
21ba2ac6-a2fb-4c21-9b0c-dd03f81d9196,0
21bba9c1-bb58-4baa-bb45-966c6953ac55,0
21c20f3a-26e8-4a63-b52a-0bf0c595417d,0
21c8530a-e838-433b-9b72-2acab0f88f77,0
21c8c563-05b3-425d-997b-f7cc34ced362,0
21cf8fc6-007c-465e-835f-0ea0208ac5e0,0
21d1aff1-e3bc-4db7-a631-7fd406d1b9d0,0
21d1df56-c670-45b7-8453-173de6fb5e78,0
21d3b728-9582-468b-a5ca-ccaefcdbb8e8,0
21d4bf92-8877-4840-89e9-a1cadc3655f6,0
21d71b86-b146-437c-b7db-efbebce58e84,0
21d73569-fe1b-402f-ba70-893b489ac90b,0
21d7d04a-ace0-438f-a22b-41ba12bd45c3,0
21d7d5d9-35ba-45de-bfff-345196218520,0
21d86bc5-d1ee-48d8-8c73-30c4a085d865,1
21d94d07-23bd-4f5c-8938-44a614c6345a,0
21dd3993-efdb-42dd-a007-41f43866ae8a,0
21de0ce8-4336-492b-a691-1d19d6cc42d5,0
21e1cf4f-a8ad-4e9d-ac38-6f2256e9d9fc,0
21e301da-a17e-49da-ae32-23fc06190650,0
21e5341f-fc1e-4b05-98b4-7a5c6405cdd9,0
21e7aabf-83e5-4dd3-838a-f981eae0a544,0
21eaa8a3-080a-47c0-913c-27b1a4f5a141,0
21eab008-2a2f-4dd5-bce0-33ed343055d6,1
21ed1277-e3e4-43ad-afd4-81a9df18f5fc,0
21ee09ac-936a-4dbe-8455-335c95b603e0,0
21ee18c7-62eb-48b7-9e60-98ee98949e7a,0
21eeca57-068c-4f84-bfcc-7db2ba2756c5,0
21f22323-dc6a-44ec-8bc0-b9c3b13a3652,0
21f2bbfa-f9cf-485d-9dcb-15b6ba0a42b7,1
21f38f27-8831-4ebd-a8c6-388d88135ed5,0
21f6fda1-49e2-461c-94d7-b372dc77e510,1
21f7aa49-d833-4cb2-95b4-57ed684f6961,0
21f94544-0296-4429-87f7-a58ad961d515,0
21fcaa52-1c7a-4ba4-8298-b3159fa7826c,0
21fd8fe9-d3e8-40da-9bd7-fae9ceb2fe7c,0
21fe923d-a33e-4d0a-bdb1-69c49367ef23,0
22020cdd-7060-4538-a388-1a55c95a8b30,0
22037052-0781-4741-9aa0-98f93b2ac047,1
2208b8d7-9a63-445b-84c8-4a6313981748,1
2209d70b-5a58-41d5-b5ba-f54253091492,0
220a901a-049d-47ca-8ed8-af6782ce93f7,0
220b05bc-de4b-4510-bcb3-daef06873d18,0
220eb607-2fa0-42f3-a1fb-2af8c297c59b,0
220f8485-8e85-4be3-8fb2-a72885b37d56,0
221027e9-591a-40e6-8f97-5156e73af190,1
22152c5c-d984-49f6-a36d-edd352509085,0
22156200-308b-436d-bdc7-a6e1e6596312,0
221a4a0b-91a6-4c8e-8f3f-a077dc17fabb,0
221aa347-afbf-4cf9-92c8-693fbf2279d4,0
221d776b-16f4-4ff8-8e99-c46d5b635a31,0
22208152-7ac6-4370-a0fe-1f9f8949083f,0
2220bae8-05c9-4d06-bc70-30ef94e0c859,1
22213829-3cb4-4046-8012-59c681f019be,0
2223550e-7e62-4a98-ad4f-0fe241fffa3a,0
2224990d-dd38-49d5-b5c3-dde4fb1751d1,0
2227820a-81d3-4180-b56e-2900e283ac2d,0
222c40e9-f57a-4ca1-9168-7c79e2351dfa,0
222cf147-df7e-4f0d-bacd-183addd8bc9a,0
222f390a-6965-490b-9c2f-0162cfeff3b4,1
22348fdd-51a4-45da-af4b-878831b427b4,0
2237d9e6-1921-4da4-b67c-a296fa64391b,0
2237e0d1-960e-4da0-a7ae-c012d269b17c,0
22390427-d01b-427e-bdd9-23331211266b,1
223cc581-27e2-4562-9119-bb4abb0429f9,0
223e05da-ae48-446d-8fa3-79feb014fbcd,1
223e1cb8-b81a-4f62-b135-be1f71199eba,1
2240fba1-491f-4f59-95f7-39d7a7da70aa,0
22435dcf-3719-4f93-a46f-6cf231cfbc26,0
2247094f-ff81-4893-ab9a-9d9e8c9ea166,0
224afce5-f91f-416d-97d9-0f32c0aea424,0
224d24c4-96fd-42e3-93ad-92299af571d7,0
224f2a59-49dd-487f-90d9-5bf09ebb07a4,0
2256f426-4fd3-49b4-928a-facfb81554b7,1
2259986e-de19-4b41-b021-ae3a7981f89c,0
225c2ffe-4139-4024-a50a-f4d635ce7a42,0
225e0e52-1b6f-496d-bfbd-40c5b3f96a39,0
22604570-96d0-4844-93b0-0f03b14301fc,0
2260eb83-fed8-4444-b9f2-834a53c8d566,0
226bc271-364a-4b8c-a4c0-82a2559d983c,1
226e4ce0-0762-4c37-880e-c9ecfacfd8ae,0
226f87fa-5f50-4099-9989-e2c4e13db151,1
226fd6bd-e34d-4914-b4cb-5c2f71582e46,1
2275b5b8-2fbe-45ea-9323-c8cd7e181086,0
22766221-0bae-4403-8baa-c85c03b316e3,0
227a6e64-8015-4f7e-87e3-ae6c4103e062,0
227ab4a9-5664-41cc-b406-6babd8576b2f,1
227ccdf7-1cc1-475c-8371-348026609e84,0
227ee066-0b81-47fd-baff-b51d80a1ecb2,0
2280c459-dc24-4e9c-acfc-990250db6347,0
228178d6-2b73-4f41-82e8-2cead6089b4a,0
2283bbfa-7f33-4fa5-989c-1b804e8aeb50,0
228622dc-bf0a-48ef-8e89-2f182e934a99,0
2288de8b-ddaf-46ce-95ee-a19880085f6c,0
228f57f7-a735-4e2e-b99b-dd44218067a5,0
22917889-1e62-47d7-9a88-f034a4d7a89f,0
22946d6e-aa8e-4537-b5fe-ff8780e79403,0
2298259d-46ac-41c0-a963-6c0058d4d2c2,0
229a922e-486e-44af-95c0-087b2b0c9636,0
22a01431-2951-45ce-a0cf-6d55340b8228,0
22a0299b-0d90-40fc-b570-166735724eef,0
22a11dd1-2f55-4dc2-a1a0-a77904dbb113,0
22a186fd-bf43-418c-999b-2030029d57f5,0
22a2bd3a-905e-40a8-b709-36b0756c0771,0
22a87a5c-6d1d-4102-8e4d-cc7909315c95,0
22a98ef6-2bcf-44e4-ae6d-dc52419a1c0a,0
22a9c58d-7b26-488f-bdc3-45185c39165f,1
22ad36cb-49e2-4076-b39f-fe579810fef9,0
22affdb9-e4cf-410a-84c4-f1eef564b27c,0
22b75f54-70ff-4dea-afd0-327af2f66fab,0
22b821a5-29eb-4c00-9ce4-ece3b34be6be,0
22b8ed63-3550-4b84-92bd-bba471c1cc43,0
22b979ac-09a7-4a11-af04-8bcf6a55a72c,0
22bf3a2a-642b-460c-863d-a9e166e6e0f2,0
22bf5388-b3b4-4c98-89fe-0b59158857b0,0
22bfbd47-8fe7-4b43-a867-fd2bc58c5db6,0
22c050eb-ae34-4691-9a2a-b2d9f24107d6,0
22c2db4d-692e-4cc7-ae62-1c3e71f87f73,0
22c543f9-4710-4d2e-ab6a-fd2a2fbf0072,0
22c752c8-e1bf-4629-83e6-c77c9c014e96,0
22cb4674-bd17-496d-83e0-4b9aa37e0f93,0
22cd6ac3-5ca7-4a36-be4e-4fa04439bd89,1
22cdea6b-e1ff-4c85-83a0-99a03d9e2e4b,0
22d2e824-88b7-415b-88cd-667415169f42,0
22d34899-5bde-48c9-8d48-ecf45cba8726,0
22dc19a5-a7e3-4401-8ddb-bb3727d69a18,0
22df1901-da05-457f-80f5-755b5fbb7d1d,0
22e4121b-ab3a-46df-9f2c-4978bb009e4a,0
22e51545-aad6-4e9b-a7e5-7aebaef948af,0
22e685c4-5388-4c8a-8ff5-657ba76753f6,0
22e71511-3174-4d66-aad3-90060a09dd95,0
22eac3a4-919e-4b0d-93b6-5d4a331698ec,0
22eb5ea1-00d9-4373-9b54-4db13ec0ca05,0
22ed32ae-4908-4931-8f0a-16e585231b53,0
22f2160b-cd28-4415-8e5e-5e2097c9a56d,0
22f439db-550e-4e15-a866-da77ebf1aeff,0
22f5351c-5479-4dec-8fb4-bd361c82f125,0
22f59b02-fe11-4be4-9999-faa104c8d287,0
22fad1ba-10b6-48e7-a069-1c5a5c99dada,0
230062d9-87e3-407b-84f9-94df6b43be98,0
23013e59-a2a0-40b7-9fa2-49488fc6aef3,0
23068788-cc9e-448c-b4de-5a95eba7c91d,0
2306f986-2683-4fc4-a406-3f969dc60c7a,0
230b4cd9-776c-443d-a200-08a3a6b06c97,0
230c16e6-1998-4b20-961f-6fbc6ed06770,0
230c8297-8963-4eb0-aa85-88b76e51f6c4,0
230d1f2d-9ff0-441c-a9df-427f85a4093c,0
23138c3d-5777-4db1-ba89-7f3cf3f66ea7,0
231aa3b4-3811-48f8-96b8-276ee3db8a91,1
231daf38-3b73-472e-a73d-a790c1a93cb6,0
231e7fe8-8549-4ced-b4fd-0320f0a69d44,0
232799aa-937e-47ab-8b10-310500b6aa20,0
232a945b-eb37-4239-84ad-37772a4bdec1,1
233a8494-f85d-482a-ad55-fec6d702f5c4,0
233b7c3c-aa33-4f21-82ad-dadff9134e0f,0
233ccc5c-3b67-4d3c-a357-e24a31255db0,0
233cdd07-6797-4a4e-addc-97899f67f0f0,0
234180fa-a947-4337-908e-4417610cb2fb,0
234389fc-cc90-4f24-ada8-2f11cd2192a6,0
2345ca82-fc8f-4d4b-801b-ed99a8370ba9,0
23478cf3-1c43-4748-8dce-fe0487440b90,0
23487687-e501-4cd6-a0a8-3c168559fcb2,0
2348e1d2-a119-4c5f-a1bb-f51ef5054a0f,0
234926bb-0fa8-49c4-bf84-d5728eeadbd8,0
234f2b73-45d6-4623-a3e5-f04354a2d700,0
2351a97a-90e5-4322-85eb-78b6d9f5c721,0
2353e9ed-dd48-4cce-8e7f-02a2de45c152,0
2354bc58-7c36-4a80-bb7f-00228380cc36,0
23574f21-2560-4a9e-9848-1d83fc9a1f1c,1
2357713c-af36-4c13-b627-46d85622843d,0
235d3d86-453b-45d6-8787-c28dec6d8128,0
236267dc-fdb1-414d-b6d8-66d7040eef08,1
23635dce-cffd-4624-9bb9-c663ad113e5b,0
23669c36-b719-49c5-9012-67733bf5f871,0
236a5b32-652e-4af8-b1c6-3cd1abce132e,0
236a8fb0-1ea3-4c0b-9825-b1c6446a5cba,0
236fdad8-99b6-46a3-a872-6b4b1b8d9c5e,0
23700b86-4c43-40ee-a617-c51bf2fdae4d,0
2377039b-4ed4-4e19-837d-edf3665956cb,0
23776349-2119-4698-8a05-f3b1a9d94daf,0
2378eb10-8918-4915-bbcf-bc673ab9b0ce,0
237b2634-9654-4dea-9185-2e23bd967d6a,0
237bed36-1d7b-45b8-afdc-268ae15740a1,0
237f63a4-0431-4734-81f9-e3f45dd548f1,0
23818999-fd52-487f-be80-06de7503941c,1
23824385-b7cf-4a2e-b312-25583b5aa61a,0
2386268a-0e9f-41a5-abc5-3f7cb2633bf4,0
2389be23-ace9-44aa-8943-af220bb61987,0
238b8324-6994-4bf5-adc0-9caffdc8189d,0
238cc001-5c21-4211-b800-700d689c4471,1
238d653d-a697-43f6-8ca4-594f4f0680d9,0
2391089e-06ea-457f-9877-2f4f989ac0ec,0
2393bd02-d402-4d09-91e2-b2557429e842,0
23966050-e323-4ab8-98d3-df6510ace0bf,0
2397ce34-1138-481a-a2c7-07c8235aa86a,0
2398a2d2-706c-40db-acad-4c68ae92708a,0
23997253-3ebd-47aa-b98a-331354a5ae95,1
239ba43e-180f-40a7-b4e5-f8eb4a95963f,0
239c88e9-1119-4644-a19f-9701bc23d0b1,0
239ddaf9-bbef-46c3-b13c-5839a2fd240a,1
239e1b5f-e7ba-4582-a3a8-89feb350980c,0
23a0003f-5fe0-4463-86b6-27b1616d1ca9,0
23a28a12-d4f9-4c35-9e5d-eae71ae84e5e,0
23a420cd-136d-4a41-8616-ba1667d8da96,0
23a79983-1dd5-4906-88ef-ef1d7b951499,1
23a8930b-0b63-4bee-a8e0-f020a06ba22d,0
23addce3-a774-42c2-a287-09d1c7b3e31a,0
23b082f9-b592-40cd-8d33-d9306dc31cc4,0
23b1960a-eea0-4be3-a2ad-68d6fae06115,0
23b7e18e-af84-4ba1-b5f5-e0c028c88bde,0
23b954de-66b8-4d42-8517-5875a16dd046,0
23bb5b9f-2cd8-4d90-9ac2-9c36c7d8f280,0
23bbd146-85bf-4a12-bb77-909157ff1951,0
23bbdf70-69c1-4d57-b9cc-3da7dc4813a3,0
23c3e9f5-ac9b-4f6f-83c2-174e62dca450,0
23c43974-dbe4-45ef-84f4-0d6da683c1a8,0
23ca3bc8-71ff-4dda-aa2b-2d67d9311bcd,0
23ccb36a-f62b-45a9-993a-0e29e1b31401,0
23ce50be-b57d-42c7-a115-e22c2c113a87,0
23cfbda0-8cf9-491c-ab62-785a64709148,0
23cfd81a-3a3b-4fdc-a010-6781d3007422,0
23d32912-6684-4d36-9c4f-acca6dd1c890,0
23d5735c-b597-4f0b-968d-848521a53d52,0
23d7272a-2a31-40c1-92c7-aa65a021e2ac,0
23db26e0-26ca-486b-830e-c457e27b6fd2,0
23e132b8-bbb6-4093-b025-1ee05456bf75,0
23e63474-040f-40bc-b0ff-538742f0080f,0
23eb8461-23dd-461a-80db-ab637c951b82,0
23ec76ae-dd86-47d8-ba72-57ac40db2807,0
23ecef79-9d9b-4267-9211-62e5bd4b5cee,0
23f0958c-2d9f-46f8-8413-4f2fcac056fb,0
23f0e638-6ff8-4a8c-af3d-11fa2f16744a,0
23f50afe-2986-4558-a1d0-dceecd09ff24,0
23f63433-28b3-4952-93a1-8bb8004bca27,0
23f9fc66-0575-4a41-b15d-d829a6aea322,0
23fd4ffd-badc-4805-b34a-ed09bd2988d1,0
24044722-6d71-4e28-8a0e-8f1fbc8efe64,0
2405a2a1-5bf4-40c4-946f-f86394604142,0
240712db-e478-4b3e-9b25-52c522515c21,0
240c6c93-130e-4284-9478-d00e56673574,0
24114356-83bb-4490-8018-f892f76523d7,1
2415b19a-bbcd-484a-b51e-b5a056591e81,0
241656f3-5423-4f5c-8c44-006413023fc3,0
241d09b0-6cfd-4ca4-9c16-91d10820af7b,0
241f19b2-25b9-4773-b66a-65b8816ee462,0
24213740-f37d-40d6-a71f-81f0af622977,0
242183db-9b8b-443c-ab53-aa059c2bca66,0
24220c57-154c-4a88-af29-13359cc345da,0
2422762d-74a2-4d9a-aad4-1fcd41752754,0
24228114-0761-41dd-8ef4-a5c00e610c11,0
2422fd2c-998d-4a07-931d-6139ac8fd305,0
2425bef4-6e00-414e-b466-5eda09c6c9a4,1
24269593-9bc8-4071-9576-bdde83e84795,0
242ada92-faa4-4bf2-8cfd-e712d2b7bc19,0
242b450d-0c34-43f3-9890-6f885d6afd6a,0
24319119-03c9-40b4-a928-d15a40317661,0
2431d903-5576-4edc-9e02-8543b67fca04,0
2431e568-bb28-4d60-9663-34175777f425,0
2432ff30-3c9f-4bbd-b14a-12220e0b52f8,0
243827e3-34ed-4c53-80a4-207e2f5d9e71,1
24384ffa-deaf-4a8a-b684-9392a04ff670,0
24489466-d2ae-4f88-86a3-2c38eacb8b39,0
24493226-fb8f-402f-aa39-9840374b32a0,0
244aac06-5cb9-478e-b99d-ddbe8ad3238b,0
244b0f20-8423-4752-bf2b-24f55cd760d0,0
244c0725-9f71-42e5-94a4-34406771bdaa,0
244f247c-d350-4274-a048-49cc89b1846f,0
24518578-d9b3-438b-8523-576ec1a26fd7,0
245ac860-0752-4edb-a194-15083805714b,0
245c083e-c88d-4b64-acff-4696e9439b01,0
245f6bc8-f679-4bb6-a86b-5421114ff8d2,0
2460005f-f1a0-40e9-ac18-61d395657e30,0
24654779-31b5-4d2e-b16e-115be9fc9c92,0
246abe09-ca06-4746-8977-cbf0e251ed88,0
246b49f2-e1a0-4413-81ed-d5238841e092,0
246ece5b-45ed-4bd6-9de5-3cdb31c15d43,0
24700046-d350-4423-be03-caa95a1e5218,0
2474cbda-e0b6-47ee-be2b-8de83cac9d7c,0
247dfaed-1f4e-4436-91fe-f25a46709aec,0
2480a407-9350-472d-a406-43baddcfe615,0
2481c92d-1858-4b65-b4e5-4453b16e2a40,0
2481ce0e-34aa-4c69-b91b-4832d55d84fa,0
2482a84d-e995-41d0-aba7-54fb3833364f,0
2483195e-2fce-4039-9fe1-8b9c5bb0973d,0
248400e9-fb14-4f2e-a94f-4aae68ec8407,0
2484e313-6f46-4fed-b0ae-dc68f8794bfa,0
248724ed-89da-47e4-8651-4f399851eff4,0
2489af38-71b0-4e0e-9a19-e983afe2dce4,0
248c611d-58ea-4d7c-aef7-d7c06126ee2f,0
248e9d1e-f693-4b71-a8b4-7ee7fcb1c5fb,0
2490a228-3618-490c-90ec-4a7d43b4c3eb,0
24939e7e-daac-4d27-97d6-63dd2deeae2f,1
24980fde-d2d8-45e5-b733-248db581f489,0
249f1a1a-1fbb-4ce6-8d92-b5ea8572f435,1
24a47a9f-14eb-48b3-a16d-f723fca16ce9,0
24af9686-7ef7-47cc-8dc2-d61b1122f132,0
24afa86e-01db-4779-bf49-a2fcc45eb2c0,0
24b854e9-e6e8-486d-b9fe-fa5f95692b18,1
24bb15f6-54e6-4315-8651-1a5d036fd6fa,1
24bd1b55-48f8-490b-a0c7-360e66d9a83b,1
24bf321b-9c37-4903-8e27-a2567c550b61,0
24c11fb7-66c0-4238-a335-2eed98895b73,0
24c1a302-c18e-49f3-bf34-6cd157d2bf37,0
24c1e006-98a7-4306-b87a-60a0f87a6dfd,0
24c1eb34-3827-41de-86f7-fba9769a69b6,0
24c309d2-5caf-48cc-af70-582abc34124b,0
24c3612b-254b-4501-8a01-bf620658a830,0
24cff26e-0796-4d01-a117-7893171779e6,0
24d10685-17d0-40ae-ac6a-2a80fcce9fc5,0
24d2d2c6-65de-4e6d-9b90-4783d7e47d35,0
24d35f4a-ff03-4edf-b669-4e048c08083c,0
24d43dc7-e793-4dbd-8cec-683ff4ce28c3,0
24d6f095-5ccc-4cf8-b446-f780f81b50d1,0
24d85c34-7054-4677-926e-afb61bbf1d62,0
24da1928-9216-4e21-9a52-51c817f94951,0
24dc6daa-b531-4221-a8e3-0cbfeb505372,0
24ddd70e-db1d-450f-9a1c-8f98a3c20066,0
24e27fab-7100-4dfe-88b3-9bed772f4381,0
24e2ef8b-5a5b-46f1-8206-cd46b80e177f,0
24e42a06-398b-465a-ba7e-c6f4ca344a91,1
24e502a2-72ac-4590-ae2d-08579e2a31e6,0
24e5f867-240f-4953-bc03-9a66bd845504,0
24e740dd-acba-4bef-b520-7c732342a38e,1
24e7637c-9226-4a8a-9b8f-5344a0c96252,0
24e799c1-3b05-4349-b749-d8c4a9c9bbfa,0
24e7e45e-31c9-4d74-b3a8-906fc33b9137,0
24e9c1c6-67cd-44d3-90a1-b66bb223ad5e,0
24ec3ba2-f6ac-492f-a89e-4171b804059e,0
24edf0a2-84b2-416c-a984-814d50641a89,0
24ee1aa3-b5bf-48a4-9928-64db90e5b6d9,0
24ee7c8c-d373-4dd0-8661-274508211c9a,0
24eec485-6ef8-450c-a9d3-ca6a8b2d912b,0
24efdc55-9afa-4d8b-abf6-729bad377c99,0
24f37bf9-a79b-4c98-9ae2-7d6d1134b2c4,0
24f3cb05-e84b-453a-aaac-5c115be00232,1
24fc21dc-b33a-4fd1-9d2b-0c28d9167f42,0
25037512-4b24-4e4e-94a5-f9673cb2cd0b,0
25065b30-7009-434e-b002-eff8f8cb4123,0
2508b79e-dc4e-493e-a9d6-216d79ccd7c5,0
250d2b15-a8e7-4c24-9192-96a9f8cd2f64,0
250eff4c-493a-4c4c-83f5-df8b0ae312d8,0
25129b2b-70e6-45e8-ba66-36cab693c125,0
251a201f-f696-448a-8107-15e16681e807,1
251bf939-6efa-4f5a-93d7-461e4db918d0,0
251d446f-773a-4f8f-8065-a76a97113770,0
251e3336-5b15-4317-b7b8-19e82f470c13,0
2522c17a-270a-4711-a29d-6e19502555af,0
2522e327-5bb3-4f07-9ba7-3fe726e3ab8b,0
25242adb-90c5-422c-a445-0bea0afe7882,0
25249151-d1d5-4686-9591-77eee4ddcd9c,0
25293ff3-c1b1-4d8d-8bfc-998a216aa6b8,0
2529543a-23ef-4e95-8882-a0a6b6683c37,0
252d3fce-d696-437a-95b5-bca527e32bc0,0
2531bb9d-d3fc-4364-896b-5c40625e4a4e,0
2531c760-566a-4b15-8272-5ec3714df564,0
25343c36-70b8-4cdf-b402-3e2a892755c9,0
25355e26-3778-4755-993a-10b2603958f6,0
25367087-d916-4148-83ea-fddc6dcb8a08,0
2536bdbd-00c1-4cf6-b9b8-72513e7b6087,0
2537aa09-9df6-4422-806c-2c0516cb5091,0
253c65fe-365f-49c9-a37f-90f052fe109b,0
253cc39a-8a1f-4ec5-b194-ece981aebadc,0
2542209f-bc8d-4599-ba41-516bc844386c,0
25443e38-9d47-4591-a931-72e010f18400,0
25454162-c2b5-4ec9-af4e-50524e9170bb,0
254c2393-3519-477a-9e31-56f0d055413d,0
2551fa3c-3900-4db1-a5b2-fd636c70d909,0
255521aa-0cb1-4cbf-959f-98d269cc2a78,0
255a476c-f00b-4ae9-90fb-ebb7973eae95,0
255ae7ba-7057-4583-82dc-46f8a612780a,0
255eeba1-f696-47e9-95e1-38c3083b9590,1
255f57f5-3512-4e5b-9569-451091d16698,0
25631167-87c8-4b3b-a670-9664ee5e2688,0
25632d75-ac4a-455c-ba32-0f2630bce0c6,1
2569126f-8d14-4e2f-953b-3a42d5d99749,0
2569e9d3-adf3-4d84-87e9-d28d2acb814c,0
256a21a1-505b-461c-bba5-0d6b8ba06a3a,0
2571fbc3-c219-4f4d-9371-d5c55d6e8343,1
25753e6c-5be5-4cc2-b4f3-ba4ad9fef9fb,0
25793d9a-9110-4702-8344-5677bbca93f4,0
257afe2a-bff4-4542-8a7b-282cd76d15a2,0
257f30a1-3d20-44cf-a91a-db60ca595f6c,0
257f4c84-9133-4ed1-8277-823d538434b6,0
257f81d8-27de-4c0a-8c51-217a1858e3c6,0
25809841-7407-4991-a5b7-90026e535b9f,0
258482fb-0cea-4b0c-8abb-9f760272aed7,0
2584c240-5121-4607-b68c-b5f6894972a5,0
258793eb-53a2-4d80-8509-b84bf57a2870,0
25879b72-9f91-4454-8781-cc0329e29336,0
258ce4b2-460a-4d6a-8bab-22900132363f,0
258ff5d5-6f14-41e6-80fe-1237cc7b2f35,0
259063c0-48f9-4c8c-965b-51a77734c1c3,0
259353e1-837c-4e08-a1d9-35b8a038033a,0
259367b5-ddd3-4c5e-a7cd-8fd1d12b79d2,0
2597a55e-b520-48eb-91cd-238d4df95836,0
25983572-0044-4ee4-810d-e4956db7ea8c,0
25993a3d-76f5-4e7e-a566-b71193dad1b3,1
2599c1f0-861f-49ab-9b59-86f6bf1caf70,0
25a1d43b-bce8-4bed-bc10-013106e973e2,0
25a272ea-9406-4bc8-af5e-21069d380433,0
25aa4764-38ed-4090-9e0f-8fc005d81178,0
25ab04c4-a764-408a-94df-8be989bbaeba,0
25ab9475-efa7-4498-a34a-bb0fecb04f26,0
25ac4e11-9c2b-4fd8-a292-2ef1c4b9435b,0
25acb574-1564-4930-811b-f72c902463a0,1
25aed4c6-20b8-4e2d-9e1a-df0034fe112e,1
25b0cb2c-a7fd-4911-bb2b-1bb2b23d0c51,0
25b71b61-3cc3-4881-8c1f-f780be6986e0,0
25b8d679-fe23-49dd-913b-2bf74e7e2530,1
25ba5844-473b-49e2-b068-b675f92eafea,0
25bc551d-9216-4c2d-9850-1da0b4462414,0
25c1f7f5-5135-4825-b896-8fc82b4bfa80,1
25c3ac9c-42d0-418f-93a1-ac633565caba,0
25c53744-f71a-47da-ab9b-37d0649a083e,0
25c5d115-5b0c-458b-9136-c93625e3ab7e,1
25c6bb81-e159-4479-8433-aef7cbc82972,0
25ca20b9-ebcf-46a0-8c95-ed2e5e89e49a,0
25cc9a05-94c0-4d2c-859c-45d81c7a70b4,0
25cd8e97-155e-4c6f-9bd0-b60c31b77baa,0
25d11b56-3e86-4011-8820-c8c02fbe421a,0
25d48745-3b9d-4240-8383-b8610a516fee,0
25d58276-2327-4620-8c5d-e55520f5d9a3,0
25da53f4-ba49-4d8f-94a0-06f9cda5d15a,1
25daee80-799d-444f-a6e4-238bcb4b9c3c,0
25e298df-6a1a-4164-bc78-b3e6c9168760,0
25e33a20-4368-4a56-a7a0-6593b84a8d3c,0
25e48fa6-3aaf-437a-90d9-aedb850eb32c,1
25e80433-d563-4df5-b6fd-8c2accd13580,0
25f165ee-1220-470c-951b-f754dace8694,0
25f34cb6-406b-4ef2-9358-3ca5a37e8fee,0
25f79fcf-f7ef-40ec-8aa8-2cae8505c7b5,0
25f9023d-298a-4170-bc08-5611f5fe62e3,0
25fa7790-fa6f-43c9-b529-0d48000389b1,0
25fe6815-cd03-41cf-b112-d443b4c570e3,0
2604e8a0-b2f2-45d0-b30c-c432a54ee06b,0
26067324-dc80-4105-a05b-138fc4fd6b33,1
26110e82-40a4-4b21-b873-b8511bc1ae70,0
26112aea-3f2a-4bea-aec6-668f5e08a9ac,0
2617dddd-a751-477d-b479-827970276599,0
2618323d-af11-40f4-818c-1317796cfa87,0
2618dd22-cd33-4143-a1b5-ba40db83848c,0
26197faa-18ad-4704-8fd8-c0e71ce1181a,0
2619bd2c-c3f6-47db-aa7a-9d9d4a0aac7f,1
261bb058-c0aa-4b3e-8b06-bff8e7678056,0
261d16a0-3d72-4194-94d8-daede900844c,0
26214572-1d56-4e58-89ec-664ef1ccb9c6,0
2621a029-4a3c-4855-9e52-7d5a86bd714d,0
26227ad7-9ab4-461b-958c-4fc0af84f886,1
26228016-a43b-4174-a6a3-fab4dd6bf224,0
26279fbc-18b0-42ba-8629-56f9323e23ff,0
26299c67-e916-48d8-9879-eeb8422ed2c3,1
262a7cee-4a59-4c22-85f9-0936b905c287,0
262cf77a-4af2-4047-8257-0cdfa7b90032,0
26301df0-4144-4466-a966-76f5e60e141a,0
2630835e-cc5a-4062-8647-3bb63978fce3,0
263195a1-ed2c-4f64-904c-00db6ce68a86,0
26342754-983f-4c33-8137-665f0eaa98f8,0
2637a42e-a757-44f3-aa52-6fa503609a9a,1
2637c3de-d7e3-436e-ba1a-e5423508aefd,0
26393bd8-b479-4574-92af-b39620547ea4,0
263942fa-3d94-41dc-a12f-5d26d39cf51c,0
2639acfe-7436-4357-936c-0baee06796d1,1
263a3f02-86ac-4a03-8b60-a081787ec693,1
263c75bb-b3fb-491a-8092-f8cbfdfafebb,0
2640320b-c2e3-4e5e-a56a-25cef2fcef70,0
26411fae-5a85-4022-ad28-f88ee5fdebaf,0
264b88c4-d65f-4721-a6a4-fb02bda9ed8c,0
264c1e32-56ba-4914-9198-f199a637a50e,0
264c4521-4bca-4c26-941f-ce65b93d1f13,1
2654db5d-c442-4689-b5b9-c01fa9a8380e,0
2657f029-631d-4083-8da5-dae9019a6512,0
265d44c7-0d9d-47ef-bd94-2d82136bc452,0
26600028-bab6-4543-84bf-13a2e00b7d10,0
26602a79-e2a9-4caa-93c7-f9344396d9ff,0
2663b21f-87c5-4449-bfd3-8d6fe6d90e8e,0
26671c8b-3923-4a3c-af7d-c31b128372cc,0
266b577f-95fd-45c5-bab1-dced14b450f0,0
266dfc52-5ef8-47ae-94d7-70c93997405d,0
26750e9d-0c39-47eb-8e6d-98d60ee4da2b,0
267fb8e6-16d5-4ba9-8db4-024e71124f28,1
2682981c-274b-4df0-8154-3140c9a6ec89,0
26871234-d920-48c3-a36a-bd8088ccfc85,0
268965c8-a8ff-4efc-b9d4-ca85271dd891,0
268c48ec-af9f-4788-9d78-a5f2357fb374,0
268df44b-af69-4fbd-ae43-3df974d1b0a0,0
268e8d7a-a90d-4393-bf95-7a21a3a30d1a,0
2695b211-064a-4c8a-8d67-5710e3f357f8,0
26993a23-461f-445d-8f66-65ac97268ad0,0
2699c41a-12df-406c-85a3-5192beec136d,0
269b0234-727f-4112-a3d2-8adad4ba8c7a,0
269b43c8-112a-4a98-8cdb-cddb8b6de758,0
269fb302-20af-4b22-a5e6-3b3da5d11591,0
26a5b81a-5309-4c2d-9ec9-142f95144aa9,0
26a5f50b-bf0d-4d1f-a5cf-7baa8db5b4ae,0
26a747cf-0537-4328-bb4b-2ab4cd49d870,0
26abc844-1845-4470-ab20-e462079630e6,1
26aca329-f617-4b55-976f-0af1c5244eb1,0
26acc76b-6f5c-456a-b7d0-151f5dc53cb5,0
26adf7e0-c5bc-4345-906f-89a081665169,0
26b05d2e-a465-4f75-b56a-0d6d9ad7b8e7,0
26b11acc-05ef-41b8-be50-f1ca067a3cca,0
26b146b8-511a-4e09-bced-2481cc582425,0
26b1bd1d-adbb-424d-8022-98a2e1ecf35f,1
26b2f205-e914-407e-a103-e4b3f09022c2,0
26bc962e-67d3-48f3-90f0-c3a32215bccf,0
26bf735e-3712-4e97-b749-99a75bf96b9e,0
26c2a305-f1af-447b-9bf0-de201fc10862,0
26c34845-51a3-4547-b4b9-8e189d97e283,0
26c660fc-1f14-4289-ba3c-e15cd3dc343f,0
26c8758a-bf97-445b-91c2-b24a71d3f5d2,0
26cbdc45-982a-42b4-808e-74c6336bd497,1
26cc1440-6d00-473f-b692-7e1d738ce111,0
26d22b2a-bf2b-40bb-9047-2391ea589abb,0
26d5755e-003b-4c38-a6e8-23375cab7ac3,0
26d6b021-3106-46c5-8eb4-68e27893e79e,0
26d759d0-0bf0-4ca0-97e0-d3b1637b28db,0
26d9bbfc-c307-4670-abf3-2d8b9a9f97a1,0
26e06f88-f41c-47a0-b01e-fbd5b555517b,0
26e0f02a-bab9-4854-8125-408106344c94,0
26e1c5e0-dc55-413e-b995-0e0a4f53dfcf,0
26e21359-943c-4d6e-8f96-e3154b137406,1
26ed0fa0-ddd8-41b9-9d6b-b0c4a4c14545,0
26ed6253-e915-4419-b291-82ca0cb35792,1
26ede566-981e-4dc2-b83c-b9fa91eecc48,0
26f250b6-ecbf-4a49-8a50-fbcd2f0c45c1,0
26f48f7f-0736-4714-93e1-f56c0e935bcb,1
26f6d2c0-ca70-424a-8611-4f264cd600ad,0
26f74be5-503b-4f99-a672-2408e7ef3484,0
26f82ed2-d828-4f5b-9b42-a9f53eca1e1e,0
26fbecc3-3fbf-48e7-b62d-a86912a63b9e,0
26fd688a-0706-4939-91e0-202fd8a80345,1
26fdeb62-ae56-40f5-b6e6-2cda0f2ae275,0
26fe9f41-a8b8-450c-a5f5-5df42c4b9b34,1
270137b9-c433-4e8c-b9d8-f6d6b133bd2d,0
270190a1-9d53-4436-b8ad-88487770dc19,0
2702ecd6-c6d9-40bf-aaaf-d952d286ce0d,0
2705de6a-dfed-43cf-89f5-e377b11bc7bf,0
27092fe1-f4b3-4b70-8e1c-55257358abcd,0
270b7d53-054a-486e-bbf9-483d38373e06,0
270dda7e-b138-485c-99ef-2a3b87283387,0
270de1da-c004-4be0-b584-59ec009cfe9d,1
2710fa3c-038c-4fa9-b38a-ae77d9cc5e13,0
271187b2-1b11-4ce7-9340-b04cf6114f27,1
2713271f-6bf0-4d95-b8d4-b329b302873a,0
27157af4-69fa-482b-8d31-8e8ef2854128,0
271b450f-c00a-42f7-b05a-c19e2bdda69f,1
271c7fdc-cf91-43e9-a6a3-134a0a3dbefd,0
271cf64b-5892-402b-ac87-258a4a85da36,0
2721c7d8-162c-400e-9524-48cd92f18130,0
2722b026-cf99-46bc-bc91-60119ef42507,0
2723a8b7-fbed-4223-8076-be2965f287be,0
272689dc-8dad-41d2-ba5b-e8d767ab8da1,0
2726e40a-f7bc-4956-b307-d21030a144d7,0
2730c598-765f-418c-8332-ce2a7996badf,0
27321638-f229-4c6e-a02a-12b5b929ffe6,0
27364e37-72cd-400d-9a05-64bea6b3bb1c,0
2738cfaf-bb06-410c-b64f-737b2f8da882,0
273ae093-05e3-457d-ac92-a3fe9fc1ffad,0
273cecd9-b330-4cc7-a6c8-76cc8a3977da,0
273d8753-0c33-47df-bb43-449ea2e77bda,0
273f5d13-b535-47f3-a319-e1ca5975bb8c,0
27437f01-d5bb-4ac9-8e5e-03d6bbe61c3b,0
274539a0-89c5-4662-bdc1-d22133d0a0ed,0
274647e7-564b-4071-a1ce-f42c4ce8a55c,1
2748cc6e-6c2d-465e-97c9-7ea83dd33d2f,0
274a16ff-52d4-4f8f-9187-ed8e83834ef7,0
274b2676-3f02-488b-9bfc-c78ad522414d,0
27518cf0-81e6-4ccb-9028-3915cf08364f,0
27546bfa-2635-4766-ba36-64d7de6821a8,1
27566fa5-5f74-4ced-b516-f0bc1673e022,0
27571ca6-c188-4805-b6cf-d9c42c1d2e03,0
2758889e-4754-436d-ae02-a1284c29f19b,0
2758a7b0-19af-4e7c-be91-678c894cebe6,0
2758c367-6859-4265-9908-5f3e3c79131c,0
275d69cf-3406-470f-a512-3549bcdb73c2,1
275dbacd-b015-409c-9f01-f68d511df075,0
275dc772-30c2-43b4-8400-a18add9c3933,0
27602759-e523-4f56-a2d2-6f4615f9e7d4,1
2765500a-f947-43d7-a37f-25e2bf9c277e,0
27685aa6-6a13-4227-a921-d3fa94151141,0
27695903-6135-4fe1-95fe-7821ea986780,0
276a7e2b-5cb8-4955-906d-fee51c226747,0
276e1df0-a47f-4166-b09d-ddd5eec89594,0
27732b76-b633-4e4e-ae1b-cfe08ff07d8d,0
27758ac7-0540-4344-9004-4362b050f315,0
2779504e-dcfb-4799-9b22-8930b684b922,0
277ae056-d4df-45a5-9378-546bb1db02a5,1
277c73a8-f41c-4cc9-8faf-94e3cebf750e,0
277ef850-7c06-4120-838b-8b274336747e,1
2780eb62-0142-4d2f-926b-edcfbaa0132d,0
27841f91-ae91-4669-8671-736aecbb04d3,0
278427b1-57eb-4de9-a708-1b6eb2adb3d7,0
278464fb-377d-4adb-916d-3d0d17fc0a7a,0
27846932-f374-4ddd-916f-d8a9bba05b51,0
27864965-3431-4d20-841d-fc65fb4b9956,0
2786ce0a-a8b8-4bc2-b917-a39767bacdc8,0
27897664-95a2-4389-a3ff-21365419ccb4,0
278d1229-83e9-4ac8-8e94-b53111907d16,0
278f86e4-30a3-4127-9000-ba07afe6924a,0
2790f023-fecd-40ec-af3e-2741eced9405,0
279b5cc9-f78d-42fb-a20c-d2ba3dd2f177,0
279f697c-86bb-4542-88e1-50483a9e791e,0
27a6d5fd-2dd0-4655-bf24-67b813f55f81,0
27acd40a-0999-461a-b45c-80678be61449,0
27b167d9-19c5-497e-8291-665cdf8294ac,0
27b31603-e1f8-4bd3-8d70-dcdadfc208ff,0
27b43860-1cc2-41bf-9d1f-ebc5af1cddac,0
27b5487e-4abd-48aa-890f-0a8949b52a22,1
27b5868a-9680-458f-8d3f-40ff30747e93,0
27b60049-96f0-47d9-b50e-f5151d9b942e,0
27bb0728-a7d7-477c-b02a-9e48496b9fd9,0
27bb1c22-e135-4b1b-8fac-9c18000f4b0e,0
27bb76b4-c12f-47d3-b860-c5d3f853a99d,0
27bdec6c-28de-42e7-a6fb-240dffe8f8cc,0
27c4f432-b5ff-4dc2-a287-3ce0d2b67296,0
27c5f1d6-963c-42ee-ad9f-4898810e070f,0
27c66719-f938-43c3-a1cf-98169703767f,0
27ca8611-d462-47bd-9671-32d4b84793a6,0
27cc3120-ca2b-430b-8e29-d1978d92cfb8,0
27cd14b4-d2ab-4a85-8380-8f69541d529f,0
27cf58b1-4304-4209-9806-21c92669bfe9,0
27d2c2e3-5c8c-4fb1-9e73-d6ef9d4f3587,0
27d613b9-f3a4-44ed-bbc4-5c336c60b38a,0
27d6711a-f4fc-497b-a948-083bfb17ec0f,0
27d8588c-cd21-4822-9743-91d9adf356ea,0
27d98360-f734-4c34-aa7c-45a5a31a94d5,0
27d9d488-20c4-459b-b1a7-8b4368334a64,0
27d9d528-90a3-4e60-9875-c79c50d1fd3c,0
27df1747-5571-4a8a-8944-5c74a1e9d002,1
27e0156a-d95f-4d51-867d-87a9f74adc86,1
27e043ad-8fd1-4398-8a8b-0f3554b454fc,0
27e5bdcb-52cc-4dd6-a338-3b7b9d861bf6,0
27e7b511-2015-4503-8f1b-ad20637608d5,1
27ea1f3d-b849-4b8d-a2ea-6b6bd8abf5fc,0
27ed90e7-66fd-4247-b711-42fb5245e8b6,0
27f52719-ceba-472d-a0c2-01c4a5c77193,1
27f634a4-8f8a-42e9-97f9-a8f61c380efb,1
27f70ce4-d186-4e9f-9180-5ba633a79d18,0
27f94eb6-e790-4b75-814f-c5912d37dec8,0
27fdb5ca-e78b-4e8d-ad58-4186e32331a0,0
28032af4-7bcc-490c-b93d-96f300e60645,0
28041bd8-fd5d-4a25-bd6c-afef3f6307ab,0
28096e9f-bb81-4ef5-ba70-2c236c3037ef,0
280b16e8-33af-4144-8db3-5725fe99dddc,0
280e26d1-d81c-4f09-805f-b44b7a4f577b,0
280e54f4-70b7-443b-a8f3-a2f6f4ea7cae,0
28136d32-d7e4-45fa-ba69-83203dbf5f00,0
2815eb6f-fb26-4210-a250-35b4f6c3c8c0,0
2816f1fe-c2a9-4a11-8033-73b5893bd96f,0
28182a83-e812-4fa5-956c-cede77463f9f,0
2819d39c-84b0-4ed9-9818-0f6638cfafc6,0
281b0a07-aa31-4f2d-bb6d-af5cb344fce1,0
281d9c72-58d1-4f85-8add-e47e3d48e715,0
281da0d8-28f2-48dd-9e87-fe2bdaf2acca,0
282022d6-a97c-4d96-a7ed-1ded16640443,0
2821824f-0616-4536-b764-101050fcc200,0
28223efd-d68f-4217-b301-9962a7b47a45,0
28237aae-8e83-445a-867f-23ee65533681,0
282c3694-5cae-4371-b047-1ae6e5d9d841,0
282c8600-b7ea-4061-a7c1-8b4945c4a2b9,0
282d787f-be3c-4565-9713-0b46ec608fe2,0
282eb16e-1045-4f21-aba9-558cb5bf9803,0
28335732-a6d2-40f2-ae71-d3b6b7cfb49f,1
2833912d-3aaf-4d2d-85a3-3b52c55702bd,0
2833cdcb-7d77-4830-90f3-7f03049a02a9,0
2838c962-ed0d-48a0-8ead-2e7d1de40118,0
283a7fb8-32fc-45be-a2f2-98546629e0ac,0
283aabf7-0725-4688-93b8-41943aa06dd8,0
283b51c0-4ff3-4dd0-bd42-72c9390ad15b,0
28406c94-09ed-429a-97ad-fcfdfdf06271,0
2840f230-38fa-4126-89c9-ef544e93bd7a,0
28425f04-eba2-42d4-b95f-e8c4ef3003ba,0
28433067-897e-452e-8229-247466c47b5b,0
2846a400-88f0-4065-bf65-507661c3f35c,0
284fda9a-dc4d-487f-ae52-dd455110b11a,0
28564253-58cd-434a-a0a3-f103a70c89d9,0
285915a4-4f33-4119-b2bc-582267bf8af2,0
285a83f0-e188-4e0e-baeb-f7a0fdea7937,0
285bfc7e-6579-49b9-b82c-ba3476ccc377,0
285f2863-df2b-4ebd-91c5-5159c4d0a889,0
28628d7c-49fc-4317-af47-edf90d17c8bc,0
286409be-be4c-48ba-ba78-46a3aff5c065,1
28696475-d478-4439-8d65-af687596ebad,0
28697a62-1d8b-48d0-abf7-c0bc2608aa36,0
2869ffcf-fd8c-4ce0-8b17-956e46585c93,0
286a3b00-a80d-4a47-a0f1-f20b8c469ea5,0
286a9c82-cba7-45ff-a2c1-bebbd62be3a7,0
286b3cce-1f35-438a-aef3-372869562088,0
286e1c9a-af41-425f-a32d-92bb40c9af6a,0
2870c8eb-97f3-40d2-897d-371b7c3603d4,0
28785ac0-ddca-48c2-8c8f-9cc3b0da2bb0,0
28795a86-2f80-4928-9862-c123f672fbb1,0
287aaa38-4492-4539-848f-a84613d2872d,0
287ca19b-85a1-40db-a42b-222b73cac275,0
287dc81b-b5c2-4a06-a2d2-f3f8edb6cb94,0
28860e80-79b2-47b8-9552-805e35997b94,0
2889e067-541b-42bd-a244-3d17fd3db7e1,0
2895bc4b-2068-4fd8-9a6b-dacd3bc8cb5c,0
2895c3e6-910e-4709-a48c-22be5d3b6883,0
2895f5de-1ba6-4cd0-9406-17d03526b86c,0
289934b0-00ff-429d-bb20-e08059d1805b,1
289a2738-ebf8-4ed4-85b3-ed9bd55c3c53,0
289b35fb-5c74-4491-9c9b-e281498062eb,0
289c2066-dd09-41ba-a750-c6ae120cff81,0
289e3bfa-b87c-458a-9824-c69ecf180780,0
28a27127-29ea-4b67-91a6-e31be3bfb464,0
28a2a4bc-d819-4397-a1ee-68cbe2e4319b,0
28a2a760-fcce-4b93-8893-4cda3946087b,0
28a5490c-d6a6-43df-8cf3-a7317e6c4903,0
28a75d9a-22ac-48af-9feb-dc8ae3393b1c,0
28b2b03c-bbe0-42bd-a1a3-69ed4a806579,0
28b30dae-d29b-40ac-908e-b2a5f2a68473,0
28b51bbf-0f30-4e0b-a4aa-c7292b88a1b4,0
28b6266e-ce99-4910-a747-7b3c9977ce28,0
28b78e09-7964-4a18-8bd6-e2877213677f,0
28bb919b-f47e-4206-b10f-278092e7bba3,0
28c00e64-c349-4f95-a11e-16b80e915409,0
28c0124c-a56c-40cb-96a3-58724c1373cb,1
28c5bc51-25d4-430c-a04d-13bd68661c43,0
28c71b19-bf54-4b9c-a0a3-e3c7e6fdc8f0,0
28c971c1-fb22-432e-974d-61293ced0982,0
28cb80be-e47d-44f4-a7da-fd12f207c095,0
28cdef65-2ad5-494a-bc62-88031262d736,0
28d1445a-1c1e-44fb-9f72-063ec9df0d69,0
28d4c6a8-7b33-4771-a8c4-c68de762e0a2,0
28d7eb9f-702c-4046-8726-e1b63bdf46bb,1
28df2caa-52a0-44bd-acfd-1379a23de42d,0
28e27197-5ca7-432b-b837-ed7ef5f1b1c2,0
28e38b83-d3de-43d2-95de-24ca0c4d2928,0
28e4fe8d-4888-46ff-951e-3d48f3578b92,0
28e5d8ca-0f5a-43f7-b43a-251ac4704eaa,0
28e6bed4-e976-4b01-aa97-f83f986e5a65,0
28e991af-f517-4a2b-8090-2a54c05323c8,0
28ee5290-a1b7-4705-afe1-b5d5afaf0550,0
28ef991e-3380-413d-b8e8-6b491b0bfa57,0
28efa4d2-cf0b-4f17-9ac4-aefaecd9e714,0
28f162af-a851-485c-91ba-b707f38df39d,0
28f187d8-dac0-41d5-99d9-cccb6acc7b57,0
28f20597-a13d-41b3-ba45-2c7ae5cfb082,0
28f27aae-9b97-4cbe-bae2-b36a4c3bff67,0
28f81c2d-4826-4df4-949d-33a902b7117d,0
28f853e7-8501-4f82-b85d-9bb897cf09d1,0
28f8bb0b-4af2-43c6-81af-a81612a212e4,1
28f9a18a-4b11-4bff-bfbb-e01c920c5b53,0
28fa1985-b824-4905-9b85-e2d484fe0ab7,0
28ff51b9-9099-483e-ad83-dc3de21f982a,0
28ff522a-6a8b-4cd0-8a76-6f151277b645,0
29047a03-c608-454c-a085-d65c8b508add,0
29097912-25d0-4f06-86b5-09479efe7174,0
29116f1d-1e06-4dac-a849-72956f6c9d0e,0
2915fc80-3bf4-494d-a3e4-3c3373e4ac36,0
29167c61-37d3-48fa-9aa1-3686f023fccc,0
29182458-faa9-4c73-afd3-da039cc0270a,0
2919e531-da33-47ca-aa51-de3e9e62d275,0
291a1a6d-ce50-4201-9e5a-5d74758f894a,0
291a6e30-e2e1-436a-bb7d-f52293639fb9,0
291f7c4b-e38e-45ba-ad32-e916255cb5e0,1
292092ae-bcd4-4da5-a764-4a9a9677f7c8,0
292274f6-d2d2-45b4-8a91-5acf806f16fe,0
2924717a-cf91-4eaa-9d8f-2a1e53740e96,0
29249db6-c1dc-42bb-b3dc-95f9de19c8a8,0
2927d2a2-c615-4efe-bef3-a417fd33f3f0,0
2927de01-e55f-4b3f-bae7-4502facba1aa,0
292856d9-5dcc-43f2-976a-7c57ea82bbd0,0
292923e9-415c-4c78-a597-8abd15fb6d24,1
292b90e2-dcb7-4db4-ac25-d6dc88dd6c9c,0
292e8a27-b600-4dac-954b-37e3f5069478,0
292fba9d-9a01-45a2-9562-7a39836bd185,0
29311c40-8d7e-4455-a298-2d7be0124327,0
2932cda5-9f55-4b54-b653-77a91d010a74,0
2934e66b-0835-43df-9cdb-97f9168b2dbb,1
29427246-230a-4e5e-8944-923440b85cc0,0
2944b4ce-7f47-47de-b06f-345ac9282fe2,0
29486902-3385-48b4-8fd0-5683b95a0156,0
2949ef5a-b181-409a-aa8d-1e54c1ac364d,0
294ab391-2cdb-4ac4-9e36-fda21fe76e1d,0
294ca38a-b2c7-4a46-a777-e5af0838aa3f,1
29511c5f-1a79-403f-a5eb-b3418e79b5e7,0
2953f674-7c34-4372-a506-7a87212dc295,0
295a2f19-3fca-4d97-9eb5-bbd25f916568,0
295b6387-d8ec-4912-8dfa-06ba343b98b3,0
295bfc7f-3a06-438e-a411-acacf33fbe0f,0
29604b4f-5fc9-4957-86df-2492173160b2,0
29609ea6-695b-4aed-a477-18c004ae9244,0
29610f02-b40e-494c-ac67-ed21af472233,0
296143a9-35b9-4b0c-98ac-16fefed7560d,0
2961cc23-e5f4-4e62-8081-afdc00c25e1c,0
2962dd32-ea39-4c93-8f43-9048b0704beb,0
2962fe3c-0ad5-4e5d-af22-88c4428da614,0
29672680-4685-4284-93ef-6a176f3b3e51,0
296ac408-b669-4113-a87c-74d160a30219,0
296bd2db-a037-4f7f-aafd-e9492b844b1d,0
296d26dd-9df0-4aad-b824-aa9ed0c1fded,0
2971ca01-5eb9-4538-b9d8-508b0c22cb44,0
297749a3-c548-4892-ae3c-dbab32f004e2,0
2980152a-0daa-4eab-8f9c-8f7faadd054a,1
2981e272-ad89-4cf1-b5d9-480f65f92b47,0
2985cca5-63a9-4fcd-bb55-adf7a32504cb,0
29874b63-322e-4ee6-b44f-bb23fe462fbb,0
2989991e-c7f3-4ccb-be83-8e23ba398ef7,0
298c4364-b5a7-43be-939d-f80fec77412d,1
2991fe2f-3308-4a81-b931-c2891569d972,0
29953252-2af8-48ca-b2b0-64fc24a694b7,0
29962df5-4554-4396-b03f-b6265d4a7c56,0
29967901-8971-45ab-a788-d53db079e891,1
2998a11f-a409-47fc-baf3-e2e5dd0b2253,0
299cd39e-8776-4231-8e0e-a1ee22883078,0
29a063df-3f7e-43a2-ac0b-e93c3790c895,0
29a0a7bb-fd96-4583-affd-a2bda730a57e,0
29a0ad2f-80cf-4342-b740-8292b6e5704c,0
29a56605-72d7-4765-85e5-991aaa2a183b,1
29a75cc3-8af9-4b80-9d40-e5f3a06e207f,0
29abd997-8075-4158-91d8-c77ed8a74aad,0
29acdf65-227d-4b69-875a-16f597a7c827,0
29b04cfd-0bc4-496d-a8e8-5da62ac58343,1
29b064fc-30e7-4721-a290-654cde0ad6ab,0
29b4dccf-bc94-47b0-bcc2-d16b71297b9e,0
29b6c4c2-c37a-4e8a-b67d-c6d766a0c2fb,1
29b815a0-8e63-4729-b9d4-a4213f3ec48e,0
29c06f30-c370-4482-9e4c-675002fb714c,1
29c9f3a1-f3f5-4606-bca3-28685eaaf810,0
29d24699-b89b-4299-8dbd-b2d8c9702dea,0
29d39755-40d7-48ad-92d9-453a06349c28,0
29d4e7c3-7662-4591-ae6d-02afd9d5d4dc,0
29d5b126-a0b8-423e-b034-77b31c191a96,0
29d6e060-4a4e-44b1-b0db-61eae916467d,0
29d9263c-fb90-4024-b22c-ab359d6ee95c,1
29dd37f8-4540-41f8-b41c-eafd39d5bb51,0
29df7f6b-c89c-456c-98b2-9f2c177ad5ce,0
29e15f7c-4b61-48f9-9fd6-e2162b0744a4,0
29e73ec7-9130-4631-85c2-56895810b6e4,0
29ec0a20-ed1e-48f1-9362-621d33361500,0
29edff8f-f455-442b-83c0-a33e3548e044,1
29f28249-b1b1-4f53-84ec-91ad97327299,0
29f42706-9db5-4a1d-876c-9a152d34d011,1
29f925d4-57ed-4a4f-b844-425bc87d366d,0
2a01deaf-42d7-4c5a-a679-4665df572f2d,0
2a027cea-4a89-4b2b-9fee-30289b3b06d8,1
2a0917f9-4b22-4b29-b80b-fda233888c9b,0
2a09a2d2-a744-4058-8399-2e3d1a5a044d,0
2a0f6d03-a085-4074-9918-0726bafc9ebf,0
2a113e7d-8619-48c9-8284-d34b276a3b47,0
2a1355b2-d516-4824-97bd-c8ca01cf179d,0
2a161589-2108-40ea-9bde-2a901dbd6364,0
2a176051-86d5-447e-a48a-8e4939b9ac3a,0
2a1a3cc4-9fd0-421b-9be2-b4cecd4645de,0
2a1acde3-3ae7-424c-8192-838c0d56145b,0
2a1c88eb-8942-4eb7-baea-05d10d6b9d62,0
2a1e51ad-86a7-4a5a-b371-c6ad0f844ba0,0
2a22a177-cd49-4e30-aeba-cd5c49431a1c,1
2a22b785-2df9-4d7b-bb96-cced037a9f79,0
2a243a18-9306-4208-b6fc-4a37c2e8d391,0
2a2505a1-a41d-4cf4-b3a2-440236d8821d,0
2a255849-4d11-46b5-b57e-9f2a8dd464f1,1
2a26214e-52a8-4140-a31c-100249b5de36,0
2a274cb6-8cfd-4fff-9c07-ac9880b641bd,0
2a29bf61-9a12-4faf-be48-0af4f22a99ef,0
2a2c48de-949b-412e-aa19-248983465c9f,0
2a2ef17e-42e1-4282-a66a-8a05195daded,0
2a2ff5a4-2802-41bb-962f-0a7bf025b411,0
2a30a76b-fe7c-4767-b51e-1a17effed41c,1
2a30d23e-e4c5-44a5-b15a-09cd4b68f60e,0
2a311a92-11c9-4908-b245-268eb5aa2a16,0
2a31a92a-fb97-4777-85bb-b68ea53ea23f,0
2a331bf1-175a-4584-85b6-3d6ce29442b3,0
2a37921e-e167-416e-8113-77466f6bf69b,0
2a3828e5-2d48-4faf-9c64-e85f85f54fd7,0
2a39d3b3-870c-402f-89aa-c0779d00ac07,0
2a3a2c04-a3a5-4405-948a-ecd166a0d45c,1
2a3b7953-1580-46b1-a549-92aadfaacbf7,0
2a3ed674-2c18-41f3-bfa7-d010d9a19510,0
2a44a456-e306-4e68-8760-e9f0a1b231a1,0
2a46599e-a534-45e9-aa2f-5202fcde4593,0
2a4872ad-c134-4513-b33c-ac45c039ab59,0
2a49b25a-cb93-4253-95e4-c9a6df84c2ca,0
2a4c2040-9857-4aa3-8e2e-09916cf5d9be,0
2a4c282f-57ac-4d81-9c86-d21113b2bf09,0
2a4d2bfc-29da-4e0d-b6b7-c7e47248d84a,1
2a4d626b-78ce-4489-a531-4ba6c0e18aab,0
2a4e1512-bbf8-41d3-9cb2-3e1831d4fbd8,0
2a4e87e3-8ef6-4930-ac9e-84922c89e962,0
2a51c83f-6079-4a46-ae89-ccc4a25f7369,0
2a549eb6-851b-4a0c-be59-7561f40259d4,0
2a561f87-2c3b-401e-ad44-d68199145a5a,0
2a5d9bf1-26cc-440c-88b4-89b6adf48047,0
2a5e6289-1b26-443b-9af6-04cc9ff82618,1
2a5ffcf5-6e86-46d4-91da-e6d387e1db83,0
2a61b52e-c0e2-4385-8415-194dce5e8368,0
2a678b45-ab77-4a90-afaf-e33c95065c96,0
2a6b0263-42cb-4244-83e6-931140a27445,0
2a6dea58-a3e1-4e79-8f07-c31e06a2b08f,0
2a718e79-e3a8-45c6-9792-c41d0c735b4e,0
2a729185-0601-473c-91e2-d302614b6a57,0
2a775249-9911-4b04-af0e-01f73a0e4a87,0
2a783be8-74ad-45f8-b5b2-5d5fa22e9f1a,1
2a7a002a-02e6-4cad-8597-e4f456eca192,0
2a7cdf88-43bc-4bbc-b0f7-bc849f817211,0
2a7d6401-0868-43a4-a267-1d852560809e,0
2a818d88-460a-4768-98a3-643600e5f944,0
2a829aa4-528e-4de9-a3bf-6299f9607b6c,0
2a82b0fe-6ace-40c9-b136-e79f5ec59d46,0
2a8d1a53-3d2d-4ecc-92f3-29744f6f444c,0
2a91470e-79fa-4171-b7b5-b87e43f07a07,0
2a9625c3-13a0-4732-9b28-c35f67ac4273,0
2a975656-722e-4a51-b3fe-195538f5e1c5,0
2a9cfc05-69d6-4fa5-a317-92f82f1678c8,0
2a9de620-0a8f-450d-9ea5-a20850af6da6,0
2a9f61e1-c264-4c74-be72-2f9ec61650c4,0
2aa1c6fe-3dc2-49db-bc04-08c5033365dd,0
2aaa9e92-c368-4ab9-bfb5-f8d64fabd198,0
2aab8953-18ea-4501-851c-48e60ecd06bf,0
2aacca69-00f9-4a70-9f05-18685a7c0603,0
2ab45c3b-fbc6-4614-b80f-35f5bb41ce90,1
2ab96274-9b2e-43ce-9887-c51627004699,1
2abac89e-86d1-4606-a555-56c1edfdf29e,0
2ac19694-b403-4eef-846b-ecd14ceb3099,0
2ac2912e-e342-4e6f-9f4c-3a1d52b03b78,0
2ac42d95-cf83-4a0a-baaa-5417988f3465,0
2ac710c0-da53-4e13-bd05-f2e4d1b56a95,0
2ac7e133-8433-41cb-8106-b97b008393b3,0
2ace92ea-14eb-4fc0-8c63-8e3d0eeeb1e8,0
2acf363b-ad90-4f96-9ba5-4258b74452aa,0
2ad1f345-ff98-4516-ba0d-99715c76526e,0
2ad29fbe-3c63-4ff6-8609-1fd32fc23e2e,0
2ad67353-d02e-4194-a9b2-8bc0920b2eca,0
2ad9bb75-1e41-4835-99ad-104b2017d10b,0
2ae2885a-5eec-4ba4-91cc-ea863f1c6c3c,0
2ae38fc2-1e34-41f1-9ff0-00a0f115c5f6,0
2ae702d7-e2d7-4818-9eee-dbaac80efbb4,0
2aeb5d1b-423c-4d94-8d0f-3cddeadc388d,0
2aed2cd0-c5e8-4068-b2d4-29cb60141120,0
2af0dd4f-a6e8-4703-aa3b-b9e2e9bf8ad6,1
2af42269-16de-4d38-8a5b-a32865909033,0
2afa2270-96a8-42b0-be1f-9815f16e3734,0
2afabeba-2eaf-4a82-8aac-cb81658d8bd7,0
2afe23c2-2180-4ca0-936a-720e07a5c97e,0
2b007438-a9f2-4762-b481-b7030615a910,0
2b0086db-94d4-4698-9741-51595021e83a,1
2b0f9ad6-5321-4ee1-99a7-cf44d6f7fa46,0
2b0f9b7f-63cd-424e-8003-b4df0d0baa77,0
2b14e44e-3590-4e3e-ace4-aaa743c617dc,0
2b15da52-44ba-4326-8abd-e8c240363433,0
2b1680b5-cd93-4a57-8ca1-b82b8855e213,0
2b17aea9-c87a-487c-aa2d-fbd6a53b1b23,0
2b198f1d-c369-4d8b-a58e-20371112844e,0
2b1c12e6-5fcd-4279-a52f-dcc97a512d84,0
2b1e7b6b-d873-4c45-8e1f-cc81ed677db3,0
2b1f54d8-aced-48b2-b48e-f97250f1fd1a,0
2b2a3d64-609a-4994-9e85-c07f7a13de56,0
2b2c0e20-13b0-45ad-ae6c-dda7b88d397c,1
2b2d4a65-8a13-4fa2-bb9d-f18ca872255d,0
2b2eeb3a-fad3-454e-8f70-d374785ff50a,0
2b2facce-5f89-4e2d-adc7-188c96ef3ce1,0
2b2feacb-7d25-467c-91a7-6531146e3452,0
2b33e460-c7e7-46b9-9109-fdc258204a12,0
2b3437a9-d0ca-4ba3-920b-61ecec6a7b11,0
2b347fbd-6077-4664-ad1b-3226d300f4b0,1
2b36e54d-7389-4297-abf5-d05bb48fa36a,0
2b3ae4ad-80fa-4999-8972-c8e19e9d9336,1
2b3cbbe3-be91-401e-9ba1-d38b919e06f7,0
2b3faa11-c058-450e-af13-2d0de5bc00c5,0
2b429dce-dd5b-4c26-b194-4d4eed494354,0
2b438895-3aae-4ded-80af-4dbf348eff9d,0
2b45fbd9-e18f-4160-90b3-30b728871a03,0
2b4896b8-b343-4787-9c4d-c000ea6c7ddc,0
2b4a5cbe-6240-47af-87c8-f688e3391ee8,0
2b4b6974-41dd-4d2f-8254-9f1abffa9d79,0
2b4bf90e-5a32-4ee0-98d5-bba1b6cb8824,0
2b4d7374-da2a-48e8-a6a8-57f493f6963c,0
2b4d8ed4-fd81-4749-bb5a-4bd7b329ed9a,0
2b53e58f-5be1-4094-aeee-c262f541b2ed,0
2b552c02-6c58-4c26-b6aa-8a910fe00539,0
2b56e4b2-229d-4520-b1e3-214c1dd8a674,1
2b58a162-9b15-497c-b00a-9ee8ea4d8bb6,0
2b59fd0c-edda-44b4-bec9-6591fa831aef,0
2b5eea13-0262-48b8-9667-269eb26dd097,0
2b63d1eb-9ed2-4196-ba08-1a3075a5e7dd,0
2b690fd0-074f-459c-b3fc-e3781ad6ee4f,1
2b6a5e9e-f8d4-4aad-8468-b7af29714db5,0
2b6b946b-f054-41bd-bb19-4ece16478d64,0
2b6c2406-498b-4ae3-a679-ee3d62bcb3ed,0
2b6e802b-8e5b-4ad9-b57e-bd314a00eef3,0
2b6ee41d-09e4-4099-88a4-664a4e11cc2b,0
2b7040df-c7e0-4996-9de1-5a060527df83,0
2b710082-7d4f-4332-812e-9ffbb99e4c6a,0
2b715e8c-cca4-4053-aa0d-b0c470b4c5aa,0
2b758462-53c0-4fa5-b823-4eefd2e90cc4,0
2b7b05d4-900e-4db8-9ea6-82f2b2a2ca96,0
2b7b5798-90cf-47a5-b8dd-ffa16dc1bf2b,0
2b7d7925-878b-4f11-87f0-385b5c5a6735,1
2b818ac9-14e1-4d71-ac0d-f8ffa940d3d7,0
2b8294e4-5a6d-4e46-8a0c-448c561ff743,0
2b82fc32-f077-428f-8225-b8a208b45c2e,1
2b839d30-6709-447a-8f67-d148cd6a2fb9,0
2b84d2f0-38f7-4716-b1d3-d77b80f908c4,1
2b854997-730b-460f-84a4-4fc97d7cc267,0
2b887db4-4626-46f1-9533-0e97d5edc7bd,0
2b8ce86c-8d14-4ba4-bf21-53b2fb0e1047,0
2b8d0e11-8138-4ca7-8619-93ee4b677789,0
2b962294-7992-42ff-b9b7-0016f90ca4c0,0
2b9971c3-0b4c-401a-8d0b-cb7e04f82d19,1
2b9f2045-7bcb-40cd-a8b5-bdc81d416ebb,1
2ba13ccf-e551-4bc3-a649-119d292bfd2a,0
2ba489cc-baf1-4a63-940b-fbb3d2fe8a12,0
2ba5a7f5-1429-4d0f-9b96-df10036ad83d,0
2ba6594c-5380-4ace-acbe-aade9c8165f8,0
2bad1a2d-ca7e-400c-b09d-0c56d082733c,1
2badbff4-aaac-4603-976a-96ec7c3fc229,0
2bb1b687-f00a-4dc5-81d4-bbfd01f459c7,0
2bb4373d-ba87-4c50-9d1b-3d812b8c71e2,0
2bb54caa-3f8c-4791-9757-16292e1e4bd6,0
2bb5dc12-10eb-40eb-aaf0-a88f1a2d6661,0
2bb8875f-e8af-4c3c-97b9-eda371f66e2c,1
2bba8048-6aed-4064-9ba3-36a91b3fe795,0
2bbb8966-64b1-4f6b-b018-194979fd6ec3,0
2bbd8d80-c7b2-4c14-9da5-5857b0062dc6,0
2bc14e66-d882-4763-bc53-7c8da074b337,0
2bc442d9-ea17-4d11-915c-f0dabf2f599c,0
2bc4f572-7c10-4a18-ad47-660e150600dd,0
2bc6f7cb-e1ca-4233-9cc9-6ecc95067bab,0
2bc7a336-4799-408e-a1dd-a69e51124841,0
2bcaa306-8f34-4e9c-8eb3-38d0eb05b4e3,0
2bcbcab2-6a09-47ca-aea9-0979fdc38544,0
2bce7b14-3664-4fb5-9dd8-aa634ec9ea05,0
2bd1a007-adeb-420a-9f63-0af944726443,0
2bd3d1aa-cc20-422f-b81e-2c779e191a33,0
2bd3f533-a7ad-4ffb-8e8b-6c24ce03b9e4,0
2bd718f4-c78d-4322-b912-a1333633a7ff,0
2bd8fd5a-c55d-459f-8cb8-ab4c17f65a81,0
2be0ff91-1d9e-4e51-9ba3-e0c5ab14cc9a,0
2be1e5fb-467e-4421-8afe-23700ece10e8,0
2be2c021-318d-4b21-a42e-e77134251dd7,0
2be4ba24-62e7-4f3c-8384-025f6e93eaae,0
2be4e1a9-950a-4b63-9436-c0aa90b76c0c,0
2be760fb-4b71-4967-b9c9-1c255879440a,0
2bea281b-2c1d-4d4d-88e3-95d936ce5c07,0
2bead6c4-7449-4184-ac8c-5086a28c6dc0,0
2becf87e-56ce-442c-bcc5-c02596dac71f,0
2bf07b57-70ee-48d8-a4eb-ef2c803db621,0
2bf209a7-71dc-4af0-8cd8-3b1b2ed576e3,1
2bf47855-4c73-407f-922f-9ed879e14ca9,0
2bf78469-b88a-4764-a9e7-fe0ec308ae2a,0
2bfdfe43-6c5e-4c46-985a-a9cad1de956e,0
2c003eae-740d-42ea-b778-6e7a5dfa2781,1
2c09c5e9-3db3-4bdf-9dbf-427d8feb2ff3,0
2c0a99cd-28ff-4e83-a937-6f3e04221fa0,0
2c0c903a-b81b-497f-9bd3-00905aeb088f,0
2c0cee48-664a-4e8b-b7ef-452eefacb714,1
2c0f596c-8ee5-40b5-b61d-da4b39589d28,0
2c113465-75f7-4f97-a0e7-a7516addd5ee,0
2c150428-5dd8-425a-900a-3d807d935af3,0
2c188302-6e15-4673-b4d3-2edfce54b769,0
2c20e27a-496a-40be-bdbb-29e00ca53198,0
2c21685f-0909-489c-8b9d-011f9e45d493,0
2c224804-881e-4a88-b529-98fdfa2fddb7,0
2c2306e7-021f-4970-80ac-fe4f7edb48c3,0
2c237ff1-c787-4b73-9fd2-31eb2d6abb95,0
2c2489b9-8fbd-4a5a-adf8-d85b1c8889a6,0
2c258c59-71e5-4002-912c-ef736acf9af1,1
2c2a7340-6e2c-4cf0-94c2-d48eb3375455,0
2c2ac9ef-ea1e-46cf-acac-db18fe88c44f,0
2c2dac1d-ef0d-4844-9ee9-c30e18863d99,0
2c33bf6d-e8ca-4c8f-acd4-37dd68a5ae77,0
2c41f803-4e53-471b-989e-382ca4a2fa29,0
2c42b9fc-f536-47f4-ba86-1a09d09f5b16,1
2c439d98-4e9c-4356-898f-ce546d9ef57f,0
2c43df16-5750-4656-b776-226ed3c4d1b6,0
2c448da0-63cf-4858-b5e5-30f8d8e8dc6d,0
2c47b75d-5235-43f7-a411-cce04137f818,0
2c47eff4-da28-4959-a855-827f06c4e278,0
2c4ab538-7ec9-4c02-b882-c77292bae27b,0
2c4bbbf4-8f95-464d-b6a5-0eba5ab84d25,1
2c4d4d91-4ddf-4a7b-a9a3-a32dbf091073,0
2c5810de-eade-4d28-90b4-a40539fa4441,1
2c5847c8-2096-4f9f-a520-77660489f86c,0
2c58b87f-4cc5-4e3c-9ad0-ca6d630db825,0
2c5d5cf2-1239-47de-ae25-063fe465e04b,0
2c5e32e8-cf4b-46c9-a94e-6c08fafea3a5,0
2c60cfb2-5a17-4d46-966e-9f489e1319dd,0
2c66ab39-a49d-48c7-ba11-ab905fd5ce99,0
2c6871bb-c028-40ec-ad15-26db510afa37,0
2c6a2960-97dd-43d6-aa1b-f8492327cb2a,0
2c6ca2e1-d285-43ce-aa85-554653d95d18,0
2c6ce71d-3ec4-43e5-8152-4b576baa6f60,0
2c701b76-6dc2-4343-8cc4-f9d93293f7e4,0
2c74a5ec-1e4a-4264-a837-6145e6305802,0
2c763e2b-5880-402a-82f2-2ff1522fabb0,0
2c768733-cf41-4297-a793-33949bc95226,0
2c78e646-2d76-46c8-acee-b9ef562c5f18,0
2c7a8ccf-ca24-4c79-87a0-7f2ffcf144b4,0
2c7bd6ec-2536-4b18-972b-d55205e6ad1a,0
2c7cdb29-d794-421e-a3be-8a9f8aef3fb9,0
2c7d6544-403f-44a7-b493-6458906d40c2,0
2c7e1db1-6a56-4d7c-8962-a21d71334e18,0
2c8216a1-eff8-4d2c-9960-e728d1547157,0
2c859367-a86b-4e35-9e52-a957bf96d32a,0
2c86bd3f-5a02-4c61-b3c3-1e3051aa6577,1
2c8aec8e-ed46-45ae-a075-d75aa1742797,0
2c8c5c9e-e6a2-4788-a353-4aece29b7994,0
2c911063-bbd8-44e4-895d-aef6d3b414c0,1
2c916873-590d-4d86-9410-1e557a0560c0,0
2c92ef0e-de17-4c1f-b231-3791f4245963,0
2c93ad61-8d0f-4b01-a693-ac698648f761,0
2c96e33b-7460-4fea-8c0c-f847427064ba,0
2c984bba-17e4-4cbe-bbd3-2dace07d72b7,0
2c98b337-f92a-466f-993e-2231d82dfa3e,0
2c9ca33d-8315-4686-adf2-8c4484d8a077,1
2ca7960e-23d8-401e-bdbe-645a50c652fa,1
2caa5595-9543-418c-9573-bc1796bf246b,0
2cb2f85c-df39-42ae-838f-2a428ae544aa,0
2cb4d84c-972a-4bac-ac5b-9c9042760770,0
2cb57be2-6e8c-4b3b-a004-1ab892c18687,0
2cb6f035-e46d-4e22-8d2a-640424c92609,1
2cbc4442-aec8-47eb-9e53-34d39705b8f4,0
2cc329cb-9337-4532-8ea0-3ce23a1ca75c,0
2ccf5326-4e27-4c20-912e-af3b62153100,0
2cd134a3-429b-4814-9c5d-21fe1df7f674,0
2cd16f42-ab19-4595-b349-199c34c69b46,0
2cd54ef6-001d-4849-bf4e-ec1f6d0209dd,0
2cd5aa46-b57a-405d-b326-74959bfb98b1,0
2cd715b1-4505-4e89-a102-304595df2434,0
2cd7f389-a337-49a3-93a9-60b41d021b99,0
2cda02d5-fd46-4d67-aae4-728d4f30c0cd,0
2cdd78a2-20de-46f0-9ca3-7dd615f44ff7,1
2cdfe380-18f6-4ac9-b38f-ea3e5a672ebd,0
2ce02f9c-d722-4b05-af99-0fd0f4edd724,0
2ce4a11f-81ba-42ef-88e3-de4a6be964b6,0
2ce7bfa8-0b6d-4015-bd80-68659bb6fee6,0
2ce8667b-6170-41e4-8ff4-2204fd66e502,0
2ce998f3-642b-433c-8add-4ca39a28cd55,1
2ce99d7b-efbe-4e79-bb0c-03a23744e8a9,0
2cecc902-903c-478a-8575-c2449816bbe2,1
2cf5bc2f-cd8e-4a0c-befc-cfdcc34aa8fe,0
2cf71dd7-1e70-4613-9f13-44580b9e299b,0
2cf86aa1-06af-4320-b29b-2980bb863af6,0
2cfd415b-71bb-4f3d-9d1a-4def951cc212,0
2d024bb6-1d59-433f-bacb-9ac3f8a92644,0
2d02c138-4b7a-482e-8765-0740415851ac,0
2d0387b6-31ec-48c6-9991-0077fe9bc2c2,0
2d0429df-7eb0-434a-8367-d7bf9e6f3881,0
2d0769e2-0b3c-4ef3-b48f-127135641278,0
2d0b0d43-36ec-434c-833b-973aa571ed7f,0
2d0bb376-d930-42ea-a9cc-0b8f040f5b29,0
2d0f9d2f-645f-4b83-b3eb-6834eab79a88,0
2d1051cc-0dce-48d5-a9a4-6433b79f13e5,0
2d135f48-1ce4-4b24-9a2c-98d97905c9ff,0
2d18dc8b-e125-42ca-bb53-8f69855401df,0
2d1c4c8b-bcd4-4cb7-aa8c-d8a90295a43d,0
2d1d5e94-392e-4164-9ba5-14d3eb0ffec6,0
2d1e4a5d-7065-4d3f-9d92-1f2ca14d4406,1
2d1f8eff-dd1d-4f04-9a9a-95b563e19475,0
2d1fb052-1818-4124-afd5-984ca45ae787,0
2d21f8a4-f9b6-4d4c-8111-5585ae33edab,0
2d23504d-293f-47a1-90b7-fe8d7e6199bc,0
2d24087e-6e8a-4501-b4d9-19ef67c72d3f,0
2d272841-af26-48bb-852f-ad4e07485f08,1
2d2d2b1d-af6f-4706-9e96-b85cebd318ea,0
2d2e8804-897b-4e4c-ac72-3f605b0c2b0b,0
2d33a21e-c79d-4523-8784-cdf2ec30eb8d,0
2d352889-6f2b-4e04-bfd5-3a3680688b3c,0
2d35cfa9-6bce-4a30-b6e5-242c475edac5,0
2d36db77-79ec-4497-a917-b346fee89694,0
2d3dc071-64d1-4eee-9fe2-513b0e333b08,0
2d44dff8-e423-4b9e-8579-3c73675ccc2b,0
2d456a27-2739-4ee3-9734-c7d53fec22bc,0
2d45eed2-22fa-45b5-b5b7-888b5f772af8,0
2d491b93-9f98-4045-9621-27118302d497,0
2d4cadce-ddad-4798-848e-be4d0d239b08,0
2d57f645-0c5a-41f2-a808-e09c332fbc1d,1
2d5a47d6-d57a-4c5b-a27a-3f5c1ee2c9c7,0
2d5d8e46-4532-4f13-b234-667abc9ee90f,0
2d5ecc90-0912-4cb5-8639-425b1134e0f3,0
2d63afcc-871e-484e-9582-f40078860c54,0
2d67fc0d-44e7-45f9-b0bd-f9596a5593a4,0
2d6d5f29-0eb3-4389-baaf-557e8eaa98d4,0
2d6e86c1-8355-402a-97db-acad2136ee74,1
2d72963d-8a0d-4666-9e4b-96111fcdad6c,0
2d73064f-f67e-46ae-ae1d-55e6d8f6c7ff,0
2d7320fe-aa7c-4e30-a673-f99efa647d39,0
2d757ab2-a866-4625-bac3-93524bb07c01,0
2d76bb53-2df3-4603-bf62-8c774194b41a,0
2d78a2f0-4eb6-4a26-8a96-3e0ee1f2a7c1,0
2d7bb6a4-5d47-416c-8cac-9393c3869fc9,0
2d7ce97e-0bda-4da4-bf64-c4e57818392a,0
2d7d9643-edc3-4e11-b1ff-3e4a95a67a61,0
2d7dbcba-3ca0-4cf0-ae8e-f1a3fabba9f8,0
2d7ff163-4e8a-41ae-b47d-ca9c8b28afb0,1
2d846f42-dfaf-4ad5-8688-b0d5a535ad04,0
2d869c02-be0d-4483-9816-0d78694fb426,0
2d89c264-ad5e-48fc-8ac2-63ba8ea7d9c0,0
2d8bb584-0cdc-4189-9fc8-f232c6552680,1
2d8bfae3-3529-454b-818d-5c4782c7bd43,0
2d904641-79c5-4feb-819c-4a176eed495a,0
2d91a7e5-db46-40b5-b880-f97fa8c81f95,0
2d91bc6f-4baf-4b65-893f-2519700c23ed,0
2d9a02d4-fefe-47cc-8cf6-6842a2bbe01f,0
2da29e8b-b501-4416-91a9-9fb54f646e28,0
2da494e8-8956-4bdc-9600-a80cb32eeb79,1
2da5cbad-dca1-41e1-b8fb-3014a7cc85c9,0
2da6e0e6-63f6-4945-899d-d9c78df6e242,0
2da777ba-5e7a-4f54-93a7-4c92afc81b62,0
2dab43a9-5185-4eff-9786-723189d47aea,0
2daca316-8442-43ef-933f-0fa70aea71b7,0
2dae46a6-8d23-4c37-af9e-30191b699cc7,0
2db1ab6e-3c95-4c6b-bdb4-fd748c973e51,1
2db1b2f7-754a-4bfe-a7cc-a6755a29d617,1
2db8452d-2a98-4a65-a0ac-cc4a5a1888b7,0
2dc06195-be1d-4e66-ab66-825a03360688,0
2dc23abd-b569-40c0-a0d7-963d64032159,1
2dc395bc-6238-4657-9e71-6cc09a34752c,0
2dc4449d-6f82-49df-a563-c4c3c413c314,0
2dc672d7-4df5-4948-b028-6eab5db3b84c,0
2dcc8d28-99ad-45e8-afba-a2eb752caab1,0
2dd3a51a-aeb4-434f-aed8-f65802622e0b,1
2dd76778-111c-409d-9cc6-960b1c8292c9,0
2dd92b50-5a62-4413-886f-aa8fb2592b3a,0
2ddc39bb-57d2-405c-a442-a66314af6c3e,0
2ddf901e-6005-4849-b283-f4d19981f304,0
2de53f85-8af9-407a-b4ba-9e5444975392,0
2de62d03-f4b6-456a-9a2d-a2e7f0f91f15,0
2de79b0c-3090-4ef6-afd5-983bfa44ce9c,0
2def40cd-c936-4688-9927-a776542559b3,0
2def90b2-02c6-4916-81fa-0cecd321e9f3,1
2df18fce-d705-46b6-ace2-405a903067fe,0
2df2de94-9fd9-4e6a-8eba-ec5dd3d076e3,1
2df421fd-0418-4db2-9c75-4680a623a2f8,0
2df58a82-f20a-4318-aa77-c4383d539a71,0
2df6904c-ed39-41b1-b1e4-154a0dba45ca,0
2df6af62-d0a5-4d8e-84e8-a4c35dddc160,0
2df8507b-5b08-43c7-8673-6a9b30e869c4,1
2dfa3234-bd80-4532-9b69-cc3dce61f1dc,0
2e0097fd-f16b-44f9-b1fc-35701472025d,0
2e043203-ae7c-4579-a0cb-fb54eacde24e,0
2e05169f-dd78-4c62-a9a7-5604da7191f7,0
2e06ef45-c04c-4f79-ac91-2ce39d95b87c,0
2e0b2e86-27e9-4db4-b046-8428c165afc4,1
2e12704c-b425-4d1a-8ef5-c3b8d68dc835,0
2e137a53-ff35-4e56-bcc7-e3d13708600f,0
2e142a3c-1ebc-4bcd-b1f1-324c5cfcc9e5,0
2e155847-28e8-4154-b494-b234f28ca714,0
2e157da4-a9c9-4d7d-8165-0e4f60dbffe1,0
2e16a7ba-91cc-4008-b7d1-9a4e6e9ab03b,0
2e17891d-42f5-4581-9a08-86edaedc8a72,0
2e188ff5-c95d-4839-8723-595c2d2e141d,0
2e1d8584-60e3-441b-ad6f-1659f9a403ef,0
2e223542-1ee2-4ef6-a6d5-604909fe4167,0
2e28a9a8-8ada-4091-bb71-57f6e7fad631,0
2e2a0fbe-119f-46fe-a7b1-bff05a1ced57,0
2e30ab60-033b-4ef6-9cbc-412b97299499,0
2e30b854-23d8-43e9-9f89-2b92d8a4598b,0
2e331637-a4c8-47cc-afc0-c4c3dba94e97,0
2e360e5f-d069-4545-9b4a-d054f7494bf0,1
2e374f30-7735-45f6-8848-46840688c209,0
2e3ed77a-8ad4-4556-8524-a5696339fd5b,0
2e3f9661-a917-4b17-b060-dc6a37c3122b,0
2e40656c-eafa-49b6-8619-0c5ab15a3d89,0
2e406da0-f615-42b8-a22e-8ab0f30e6d7a,0
2e42b08a-6dd9-4736-b0a2-22adb6f6cf2f,0
2e444bbf-1aee-45cf-833e-857ecf020b98,0
2e45dbc8-b1f7-4298-b383-35cedab59793,1
2e49d598-d2db-41bf-9f64-dbcc0cda6556,1
2e4f1803-c1af-475a-974c-05efe00c571e,0
2e51e5bc-9ba3-4af9-b51c-907e5719dc27,0
2e52e1d2-1025-4257-87e9-c5ff08da4e8b,0
2e5b3417-80f0-4958-943c-ef0a98b626e3,0
2e5b54c7-811f-465f-bba8-e27c93168b3a,0
2e5d1afc-2a5f-4b1b-976a-55ac49718e49,0
2e625ac6-5ca2-4d0c-a884-c066b36a3e37,0
2e66c834-98de-4157-bd83-0863b17ed99b,0
2e687a9d-d903-41f8-98ea-77657882ee53,0
2e6c9a98-0656-4b71-99d9-fb56038da1b3,0
2e6ce1fa-cab9-40de-a84d-671ff63e007c,0
2e6d6d17-cff4-4eea-af9f-45bac6ca45ee,0
2e752160-5c00-4130-8ee2-396bb14dfe1b,0
2e770388-c1f9-4b44-b7e2-64ed16f0a63e,0
2e7889b1-a083-415b-b42c-313303420e26,0
2e7aabed-b6d6-466b-8a0a-a883d50a0631,0
2e7b7fcf-2559-44a7-8af5-2ba722cfe8a0,0
2e7bfd09-6e6d-4426-9560-cddef12644e7,0
2e7d58da-771b-4d0d-8c57-a9f2366516a2,0
2e7d706c-0010-48e0-a089-69c91202a7cc,1
2e7e02af-1eb7-48bf-b9e3-a791c89769b2,0
2e82420c-a514-4850-b735-61b7232477de,0
2e827c13-7496-4d53-bd99-5181b0732445,0
2e837b34-5c27-49fe-a435-12f9347a0d9d,0
2e849110-ac7f-46fb-a0d6-f18ed1f43513,0
2e881716-5ace-42fe-88d1-9b3f96da9235,1
2e91fa72-325f-40bb-a9f6-3935212497ec,0
2e949b6b-ce50-42b6-a9ab-2dfa42adbca6,0
2e96253c-bd7c-40de-980a-443b63e9ba40,0
2e97e65c-8394-4c19-94b9-0a955e504bcc,0
2e985448-d68b-4e5f-aab5-7a7621029dfa,0
2e9a6a0d-9877-4027-a5e3-a95e15beecdc,0
2ea063d5-d837-4187-b4ce-fed15340ba8f,0
2ea4962e-e04d-461c-b85a-fb46db7a22ad,0
2ea74306-8d82-49b6-bb91-ffbb13750930,0
2ea7ec11-3432-4c30-a53d-6f5e1cac7597,0
2eaad6e2-a017-4829-b9e0-e7ff32aed372,0
2eac1ea2-897b-412b-9af9-a583bb7ab44c,0
2eb000ea-e77f-4739-80dd-e53f832d4582,0
2eb3df30-3700-4f8b-b293-7614bd2da486,0
2eb9138e-2791-41ac-bd05-cec2621faa74,0
2ebf3281-1a7c-47b6-b1a3-20b26f5dbbfb,0
2ec21dce-5d46-45ab-8639-32e3da17fe1a,0
2ec2c3c1-1a6c-4c9a-97ca-c345b17a5f76,0
2ec65e26-2364-4c64-9a0b-246d358ad4e0,0
2eca2829-ae2a-45cf-ab6c-4fe12ec179aa,0
2ecc11eb-583f-4986-a44f-4c7d8ebd696e,0
2ece0f74-b0aa-440e-9ded-575f2c1967eb,0
2ed16a25-ce56-4557-bc65-106ab7208899,0
2ed5dfd6-dd77-451e-a982-ed3030653257,0
2ee844b4-8b43-4bca-a607-9db3debe63ae,0
2ee950fc-8731-45e7-b5a8-5b56c44d16fd,0
2ee9bd57-060f-4eb1-b52d-0ac92af6d7d4,0
2eed1810-6644-4dd7-b4a8-a82ce378ef5b,1
2eeddf5b-050b-494f-afc8-292d9e9e8110,0
2eef49a1-2932-4f5e-951a-5d7e4d468254,0
2ef6efcf-e866-436c-b97a-2c795bc030c3,0
2efbdfdb-fc94-442b-aacb-aa711070d4f4,1
2efc5d75-9b0e-4667-8ba7-a1e102205ad1,0
2efd50a0-2a70-4c09-8791-59425368649e,0
2efdca0b-2908-412a-aee5-3585069c8b13,0
2eff38d6-5ba6-408e-a6ce-5c5feffaefdd,0
2f04e6f4-3780-4d30-a977-878d9682c17f,1
2f094150-bc8e-4d99-adaf-c23619cd0803,0
2f0d9ec2-8c70-46ad-91f6-cace7b4a007d,0
2f10b371-f349-48a2-9008-297e0917bb01,0
2f127a8f-530a-4b18-9c89-fd05520e4822,0
2f152468-1d3c-4838-a9dc-1f072b6df21c,0
2f175380-3c26-408c-8abe-f2810b18fb6d,0
2f1b7a39-0b69-4219-a00e-395d296886e4,0
2f1eab0d-a136-457c-9c46-5ebb0c690d54,0
2f217185-dc89-40e1-8d34-2011932f14ad,0
2f225ad9-5a97-45a1-8d10-df90a32b5958,1
2f24fef9-1c56-4a4c-98ba-11f09011f40c,0
2f2abe86-bec2-4f86-b5dd-74d48c4e4c01,0
2f2c8266-c565-40be-96ec-bf1a4ef7c078,0
2f2f10e5-261b-4887-a7b2-39465db80945,0
2f326657-14e0-4eff-8e25-a3dffbf19f14,0
2f33e514-035c-4f4f-ae69-4ee8b69c2da8,0
2f346b3e-0a5a-425b-a52e-8e616ecb0ea4,0
2f394f77-dfc7-4a49-aa5f-89643cbd3a9b,1
2f407e42-0e00-4d91-9378-9b280d4f8c18,0
2f407f82-16d9-40c5-8c87-a5c399f9ff51,0
2f423bca-a118-4fbb-83e8-40835c0a8e92,1
2f44c129-9148-4492-bf42-1be7cbe1ba7a,0
2f458df4-0867-49d7-99b8-876118c6a2d4,1
2f47ba7e-0f89-4945-9b55-532eb4b15ce9,0
2f47d63e-393f-44da-a8a8-bbf70a475c45,0
2f48bd9f-a006-4ba8-8a0e-c2488a9b56b3,0
2f4ba6e6-42c7-4018-bba6-2b736a02f666,0
2f4c9035-b2a5-4780-8fb6-1406c6a83ef7,1
2f5019ee-0376-43f3-af53-e244d234f18c,1
2f50ce1e-6b05-4336-98c5-9f570eb1fb72,0
2f531ddc-81ff-45f7-8a49-2d374f77d86c,0
2f5b5139-0479-491e-9a9f-36cf77442a6b,0
2f5e54fc-512c-4650-87b8-d31807a20cde,0
2f61ba5a-f243-4dea-8b61-f8d0760f2fc3,0
2f629142-2fd0-410f-9f66-df2e5d7bbd4c,0
2f66e581-256e-41fe-87f7-607fbce6741a,0
2f670498-7182-4103-be15-6549dbef5774,0
2f6901b3-e3fa-43ca-b1e8-03c34a9c5701,1
2f6af5cf-a698-4c67-b7a8-e9b629849787,0
2f6c3861-1150-4afc-ae08-3b05762fcbe4,0
2f6ceb77-ca98-4c07-94f0-78d1bc7586fc,0
2f6d2974-c747-4693-b47d-52fa0e8e7765,0
2f6dea5a-5b62-4bf7-b124-243e313a86b1,0
2f6e35ce-17a5-46b5-b2b4-74c082ada81f,0
2f6eb093-14d3-4d30-8f97-3d9081851add,0
2f700588-15fe-4b91-8123-63f530148fce,0
2f71b348-5d04-49ce-bf56-2a0c8184e8f6,0
2f763b65-8e0f-48cf-a148-47cdf574338d,0
2f76c25a-b9a3-458b-9d80-30cf86937a37,0
2f776e56-c2ca-4980-a83c-727b7838ebda,1
2f794713-6e54-4b4e-bd8d-9a0bc16e15da,0
2f79a744-1bee-46df-ad67-1834e0f6a65b,0
2f7e7853-a38f-4764-a063-c8e2c629bd4d,0
2f7f216c-8919-4070-8f81-1da8df5733ae,1
2f818f75-8528-4d85-9d7e-5b21a1778ffe,0
2f83d549-20d9-45d6-869e-c4912cfca962,0
2f860c62-01db-4554-a830-3916202a368a,0
2f87a69a-ccf2-4976-8c48-1bab352ffbd5,0
2f8af893-5554-47e7-9f46-65f43478ade8,1
2f8b5e84-1ce8-463f-a841-7f045751e2ce,0
2f8dbeed-b934-4f67-823a-da11141bc5c3,0
2f9150eb-2d33-4d94-b137-125770690cfa,0
2f93994a-5b7d-44fc-813e-3abb4340cd01,0
2f976c45-d4b2-42fe-bcb0-8e735c4dcfd2,0
2f99b367-655f-4f86-9bae-7e60c354196f,0
2f99cec5-0a7f-4e83-b710-6c9f3306abbc,0
2f9fef57-f84e-4bc6-9355-407b416cf054,1
2fa4ccb2-d616-46b3-a0b8-3264c7832517,0
2fa54049-9871-49b6-907b-ffcff19a38f9,0
2fa7c504-4745-4a7f-ac3a-0475ba1a9fbc,0
2fa94b8b-de2c-45db-907f-c00341ae090e,1
2faaefb2-24ff-4248-b905-b43972313d75,0
2fac2820-e696-456a-a4ee-a9147548b222,0
2fae2166-28b0-4de3-98ac-25ee7e75c229,1
2faeb421-04f2-4cc0-9aa0-995a2c74dda8,0
2faeff2a-2aa8-44a4-839f-20c82b055395,0
2fb29f4b-e2c1-44de-803c-2a9c7933b79f,0
2fb5d2c7-d4f5-4b47-99e1-56e622a799e9,0
2fb8745b-ca80-474b-9db5-c8078e1c13d5,0
2fbd127a-ed78-48b1-84be-a9b9dd5e98d5,0
2fbf54f1-4236-4265-804e-9d83890c5fee,0
2fc30487-6f0d-4e35-99ee-7abad533f55c,0
2fc52be6-adc7-4af2-b522-b552dd6c3f3b,1
2fc99ac1-99ae-48b2-96b2-686e9134d382,0
2fc9c5b1-2a36-44a6-a663-2ded6dc835ec,0
2fca35c5-8927-467b-8ed7-702cc58bfebf,0
2fcd411a-fa05-47e7-ba04-934f6cc5832d,0
2fcdbdfc-865d-42cd-8ef1-bf9e243cb61a,0
2fce82ab-8153-4df0-9e94-2ccd607cd322,0
2fd0e6c8-aa01-4e85-9916-203e64c8a940,0
2fd5ba24-80a1-43b2-9f42-a279a2dcceb3,0
2fd76824-a86c-4c4a-ab6e-f80fd838c427,0
2fd79b36-8415-4571-931d-e32da5e3eb03,0
2fd98c27-5594-4cbb-be1d-47ba8319f0b2,0
2fd9f40b-6fff-4b8d-b60d-81d9a5f0d982,0
2fda5fd3-e7e2-4c89-ba2c-10b5907e34c5,0
2fdb7da8-e784-4fa1-bfa4-25a1abf2df98,0
2fdc4939-b772-4763-aa8c-b1fb986154eb,0
2fde7abb-4f94-41e6-9fc8-034a839355b1,0
2fdfd991-d740-416b-afa0-77993d17f60c,0
2fe0f96c-d842-41d2-8a8a-7bbf445c96ad,0
2fe92cc9-2222-4489-9a7a-29982b7e5849,0
2feb9850-3009-442d-a702-b51a456df798,0
2fed7455-ef59-44be-b2b7-ef510b9fa78f,0
2fef5e01-cfae-4e56-b1b1-59fa1dbbafc3,0
2fef8b8e-63db-42eb-9709-5870e28dbc8e,0
2ff33f11-77b8-4144-8119-1542cc724168,0
2ff6ccd8-f6b8-486a-9113-cf7c4cc51f56,0
2ff9a490-98d6-429d-8d05-611649566b5f,0
2ffbd787-057f-4f65-a884-78025d2ebad7,0
3001432e-4860-4de3-9e6d-e1feaadd8cc4,0
3005b518-d781-43de-8993-5fc71651c6a8,0
3007c241-2269-43f3-8071-11f279bf0aa9,0
3015ce1b-9368-4d75-8a30-2a43f29bbf1d,0
3016aca7-5f46-4f00-80c3-d7b47f8e2454,0
3016ccbb-3301-4a77-9777-9f9a835918d8,0
301b167c-e761-4afa-b32a-50a629579442,1
301d4024-ca58-4f36-a683-62ba5e98664e,0
301d6430-8976-4599-8e06-5c502a85d10b,0
301ed574-b441-41d9-9909-9f60632ff554,0
302365a0-8586-4f93-b061-6e721d3b2bc9,0
30254e23-fdc5-4a89-948e-2ee00b2b3a23,0
30265e6d-32e2-45bd-870b-be6fb4cacb22,0
3026b6f2-621d-4ab0-b20d-a9ee9ac232d2,0
30286d1c-4f68-4513-8720-0656f44211c6,0
30289ce6-7076-40d1-8b9d-b7a0dc873f53,0
302ac4e6-8bed-4ea7-8f2d-a931bc058ecb,0
302cf739-6faf-4cab-b1c1-22dbac0537d3,0
302ebf45-7933-4ef8-a821-e19dfba77212,0
3030a41d-fec1-4812-b701-f9220eaf5390,0
3035c6a0-f446-4544-93d8-66fd6c36dcfb,0
303a2197-4f4c-43c4-bf84-32c06f37170a,0
303ac18b-89d5-4ea4-b737-486fce1db76f,0
303b3c8e-264d-48d3-9662-6c1f0b48a304,0
303f15ad-b254-4882-9b24-2b0986f03565,0
30418cda-12b4-40ec-bb1e-61278fbfbffb,0
30497ded-8873-4e32-9309-1615a5cfc545,1
304a8936-e7c5-4d4e-a822-cf134f990a71,0
304a96bf-046d-4878-a116-8e8cfa6efebc,0
304ed212-bd72-495c-b544-09ff43aaef2c,0
30521201-ac2c-4675-a2f0-f27790c121e4,0
3057b387-9c6e-4164-9dd7-149ad1dbd586,1
30594799-4d03-44bb-91bb-67239c3b2d8c,0
305a63fd-3634-4bec-9c28-aa64d5d9cfcc,0
305ea2b5-25b6-4ce0-95da-9b506d7e766e,0
30628cfb-05c3-4001-8b71-d380f06e2b0c,0
30638586-f3c0-44ff-afce-80d90d9bbc0e,0
3064533e-4b57-432c-967d-c84cfd093d6e,0
306690ad-334c-4264-a1ba-55899f0e7f09,0
30713d09-74c4-464a-a8d2-b17f870207ae,0
30714f66-86ef-409e-8507-fbf8f81c116e,0
307524e2-6642-4e94-901e-7a7c0418cbad,0
3075d4fb-3a10-408d-a7b3-4421db9e5741,0
30772ccb-b82d-43bc-942a-46e1cbe46c25,0
30779f35-de2b-481f-8182-ff4e69e71891,0
30794eae-4124-4312-b96f-0ea0b1119f45,0
307b2880-c5a5-43fc-a2c0-0823dd41257f,0
307ceef8-7142-4dc4-89c6-067221f4eca1,0
307ec202-b13d-449d-ba31-04e710ca2c88,1
307f3ff3-c26a-4206-b897-0355db035f94,0
307f4fc7-7ff7-4191-a142-abee307ac0f8,0
30837d86-be18-4845-996e-e42aa997b6d3,0
30843770-0289-45a7-83ab-24dacf4ffd8c,0
308903c1-d2ae-484b-9cfe-49f481c5450e,0
308dcd1d-1f86-475b-8d9c-d606d6de7361,0
30900f68-4ead-446e-801a-4d76d34a73a8,0
309127e2-1aa0-45f7-8692-440b0c87af4e,0
3096f28e-bf43-4a76-bda6-4ec75106d847,0
30994e72-ba54-41a9-aa05-4b17a6b3feb8,0
309a986e-8817-49b7-9963-6509369dadac,0
309af882-a209-46a1-bc29-dec07a123597,0
309ce68d-193d-4d65-aebd-5548dc83e889,0
30a03df2-8563-4ac6-82ba-fd7b1fc56877,0
30a4c2a3-9d40-4cbd-b888-df30ce08feed,0
30a83850-e5db-4bec-a5bd-6289b2aa32fe,0
30a96bb2-988d-42e6-8798-8a4d04f161c0,0
30a9d088-ee38-4662-9657-f35b8efffa69,0
30b21737-7821-4e8d-87f9-b30b09b11fe4,1
30b39319-ad16-4968-b7a4-3963c73814d5,1
30b74c46-5b5b-43a3-bb8d-ceb0e455776e,0
30bbf0f8-db88-4ee4-9d43-52923eaa2abd,1
30c35157-2e73-4d7d-ae57-a9423369e267,0
30c3ad98-016e-4198-97a9-d8f6c1d977f3,0
30c63538-b6c8-4a28-bcc9-52d38dd36e30,0
30cbed45-d3fe-4268-b02e-bf6ecf0410f4,0
30cc379e-9a86-4ffe-ba2c-af5ac645a782,0
30ced568-b359-4136-9e07-66763fa404a0,0
30cf23e9-374b-43d6-b3b2-af0c8eb04575,0
30d06b0d-8f63-4c03-8f53-097e3c018bc4,0
30d98608-7be0-4974-b25b-d0b4c6fecc36,0
30daa7f5-ff37-4bb7-9d74-f6fa56828783,0
30dded0c-0224-423e-ade5-0a8521304d8d,0
30e5111a-cbfd-4c42-8fd5-7ff689a4f6ac,0
30e9d66c-6bd5-4983-96d6-634841889449,0
30e9e4fd-635a-45d5-b5d8-dfed96b1e474,0
30ea2a0a-5622-44ef-aa4d-0f5fa8ac7111,0
30eac898-4b32-4ee9-be5f-2824b68eab1c,0
30ed768e-d0c9-42f4-9a29-483db0c21f69,0
30ef5c9a-fdfd-4999-8b87-2f5363007721,0
30f1ba9c-1bb0-44fc-b2ff-fe8d88a65c91,0
30ffd46d-e3fe-404a-9850-4999d3490025,0
31019620-becf-4470-955d-a7ff926eefdc,0
3101e0b0-29bb-449a-93d8-edadfd9c191b,0
310538a7-aa74-4fcc-932e-626d85a35190,0
31092cda-fec1-429e-8250-59f99fc90a7c,1
310e3a74-72ef-4891-a8ce-1f2f6bd2e595,0
310edf01-2cd0-4bb8-8c2e-1d4e4842fa03,0
31126f30-bea6-4495-8d34-37e53e1ad3cd,0
3114e51c-91da-4b16-954e-13bf4744feea,0
3116ddc0-28f2-4efa-88fe-acd5d56b6525,1
311ae9ff-09a8-4c0b-b42e-39a12551fb95,0
31203d53-1fe2-42b9-86b0-4aece4acbfb2,0
3127da3e-f6c9-432b-8d72-762938fe8f8d,0
3129cc3e-a852-4b19-8acc-a7f00951e001,0
3130f9e6-c4a6-4f76-a4ab-d90738c757b3,0
3135c4ed-258b-4a87-9756-c9694bd67377,0
313cd7a5-0491-4e0d-bd18-a597c16c810f,0
313f27ea-d9f9-4312-b01e-7c0ba82d605b,0
313f3d5e-f8c5-4b9c-94d9-526173189637,0
3141b251-9aec-4e20-a592-e2d38a32efff,0
3143d59c-6834-4b89-b774-f74400340d99,1
31446ab5-a430-43a4-a93b-3fbd735dc10a,0
3145a7dd-0236-4581-968f-c3a794837e28,0
3148da94-7556-4ba2-aaf6-a69ac6f57308,0
314a344b-f0c4-42f8-82f3-d33c3189745a,0
314b579c-975b-46fd-9c00-0d11e37fa23a,0
314e0332-61a7-4835-9a3c-1acd0eaaa820,0
315608a3-466e-4b18-b933-05b100c9dd19,0
3158c228-afe1-4d9e-8e37-6167717c2a9d,0
31592f51-33ef-403e-9dcd-0cd891313dda,1
315a05dc-70a1-46f9-83c2-0f67d56aaa57,0
315a3e5a-47cf-4ac5-a253-eeefa15f7022,0
315bc281-ffd7-416b-94fe-85abdcaa64a3,1
315de208-94e7-48ba-b799-3575530e349f,0
3162232e-ecbd-4002-a34f-db6cd4828b52,0
3162655d-9883-4da7-88d6-61ef558eee10,0
31627b92-8afc-4ad4-8c17-ca4fe126e5bb,0
3164ae0c-0fa4-4923-b5c3-868c37998302,1
31660a6d-32f7-4160-97a7-098f9fa521d0,0
3166d25b-2840-4399-a020-11c30f436da3,0
31689fbb-101e-4e94-a69d-5bcc9eef762a,1
316ea17a-1fa3-4583-9359-7c7d6a0dc899,0
3177604c-6414-4ce3-ab9b-43f0a4afbe71,0
3179fdd1-d474-443d-b0ff-f4c5289e1ecb,0
317a5b7f-c120-4354-9274-fdd929f30843,0
317ad47b-1470-485b-8a00-4bf78d38ef85,0
317efd53-794b-4901-96ec-896755e45420,0
317f849e-bc2e-4f39-af6f-f3b71576d7f1,0
3180797b-9abb-4188-be31-0018ddcd02fc,0
3181d8ba-bff6-4d0e-83de-ea92c0426997,0
3182d679-9aee-42a4-8983-00a93604cc6b,0
318761f0-0c05-4fc8-9ca4-bdbbbcf1b547,0
31892bc9-dc10-4537-a9d5-989e1f570c07,1
318afc03-b7a9-42c2-a6d2-9a5b779843cf,0
318f0858-31c1-47c9-9181-b0ca985eb141,0
31a128e8-11aa-4d2b-b46f-55975b5d3f8e,0
31a2539b-29eb-4734-ac31-c22d83d2b5ac,0
31a2fa5e-8695-4448-b166-26075e7a506f,0
31a396fd-3981-4a68-98f4-2f0c69f0407f,1
31a407ee-0198-4d85-95a1-10c3a74a4f76,0
31a52163-f2c0-4cc8-a26e-7b9074004f25,0
31ac0598-8538-40d0-a796-c92b6e063e12,0
31acd8f9-aea8-431c-b5b3-4d183e9a4674,0
31b1eaa0-83f1-4bf5-8d51-9c2d1603920d,0
31b27b01-c2ac-43d5-8f51-016e0d5722c1,0
31b3dad3-8726-416e-9a20-8705cfd842f6,1
31c92588-b133-4231-95df-df67e1f3aa1a,0
31cacec6-a5da-4ab6-b625-4a11c6884815,0
31cb14cb-7122-4386-b3d2-e19b53419883,0
31cc0f7b-7fb2-4244-9103-e2fcfb85e054,0
31ccd917-6524-4995-9a00-9f6cf45cb03f,0
31cdaeae-ccc5-4938-aa05-9eb100abbce1,0
31d206bb-d25f-42f9-843c-2b9b95551651,1
31d7fcb9-1992-4ae4-825e-94f4b2d794b1,0
31debfca-9a61-499c-b313-517ea7f58352,1
31dfc62b-7a88-4b3a-925d-554b8fe3c098,0
31e543ad-42c5-4d92-a3a2-7b197e1f088c,0
31e71e60-8d0c-4726-b8d2-af9795f26d37,0
31e7e435-36e7-49f4-8840-0bfeaf19b69b,0
31ee3bcf-375c-4df7-9d87-77485f07ab12,0
31f0a29d-c630-499f-9b22-51eaa9e44199,0
31f2b58a-3fdc-4048-94fb-6bf211adf2b8,0
31f3598a-f0fc-4003-9a4c-76c788b40229,0
31f5d0b6-7647-4b17-bc99-ad42065d6c6c,1
31f5e808-d5dd-4bad-8630-6c4f793865e0,1
31f71d71-3cda-4995-b626-95810bc19740,0
31f86611-0745-454e-8a1a-a536f23a4d37,0
31fd4237-5969-4524-9b1b-696cf6c075a2,0
32016221-ede7-46bd-9a33-9e29103de9af,0
320353c9-2f69-4c6c-854f-1575c5d3eaca,1
320734ad-2027-4a83-a733-8043fd7c8770,0
32076494-3ded-4510-a8fe-c864ca5d33a0,0
32115605-643b-400e-bfed-45d6b1ed990b,0
3215fd91-c7f8-41c8-84cc-3597a154876f,0
321629f0-9360-4491-ad9d-a520e22ecbf4,0
321683e6-9081-44c2-9df8-f3cb4c53a8fe,1
3218888c-0947-45d2-8d86-0329eed87a67,0
321da4fe-7ba9-4809-9e00-9e11f84f826b,0
321dcc0b-9b29-4060-acc0-55fbda641c6b,0
321fa083-f7ff-440a-8f2f-b4e655d6cd38,0
32211cb8-125b-43e3-9f10-9cf13e07cf26,1
3224204c-4e7a-48c2-8a1a-387dc0464d0c,0
3226d090-beca-4a37-aa02-f9dbfd65fb2e,1
3227a9fd-3f64-41bd-b6f0-f0e9eb25d946,0
3228d27c-4ba8-47d1-940d-608a47d434f8,0
322a3257-38dc-4a54-a807-414e4485fa73,0
322b9981-4303-4f46-8e26-504846171259,0
322d8dee-3a37-47c5-8fe1-ac31355d2133,0
322ed369-81a5-4a60-852b-a8658ceb47d6,0
3235aff3-924d-4a89-b2f2-e0688a6e9bf1,0
323a7b58-2ba8-4a3e-9f3b-de06ddb5b43d,0
323c4e60-fc74-44de-9cf2-d892e8301053,0
324227d9-fd6b-4be3-996a-36315eaf64ba,0
32427855-ab4f-4444-96b0-c9c1c610c8ed,0
324481bc-f9dc-4ad1-bb2a-55ff4646f90d,0
324ed0c4-8098-4b32-85cd-3d6cb669bec3,0
32510a67-713b-4157-b701-c4434ac2088e,0
3253e8d1-c04b-4724-8872-c7e684dbb99a,0
32542b5e-04c6-4126-a264-5fc9acb22f30,0
325506c9-6c3d-4f88-94e3-33480156af72,0
3255ea98-c6f7-4e5c-9804-91639d573995,1
32596ffa-efdf-4113-8321-7b82e6095a47,0
325d7362-5c35-4c74-bed8-579bd5ff58f7,0
325df03e-217a-4538-b6c4-860d0dbb43fa,0
325f2e0d-0b6f-4030-a52f-1583e6f2d8b1,0
326744fb-fbe6-4417-875d-6aa68e95a835,1
3267a795-5ca4-4f4f-85ba-fc0cd8e8a511,0
326c2832-16c0-4597-b05b-8edb5fb689de,0
327740f0-04c0-436b-8b5e-621e4d434909,0
327833cf-ebd5-4d20-b732-0cbff8797ba3,0
3279e249-8fe5-417b-a87f-8b09bc4e90ed,0
327bc937-87f9-4388-be52-724454cee872,0
32801e6d-c495-4efb-aa45-43e8509e7312,0
3282af81-9313-4f4d-9d3d-4d6effdea2ac,0
3283dd73-f0ba-4d9e-b380-fd829a6a4b98,0
3288e1e1-dcda-466a-9a47-8d9c6fb35f97,0
3289ca70-323c-4cf1-8eab-3e93b4040eca,0
328b7bf1-122a-4a94-9a3d-e2cb94217cbe,0
328e1697-8bd1-454e-a42f-0d426321463e,0
328e55eb-4d0a-4548-aed6-ff99d98bd5c9,1
3291aedc-e180-4745-bd47-746a0ace13d5,0
32929e42-d8ba-46a6-8d90-1650fa9fdb3c,0
32936d5a-0bd6-440b-b349-7a0b20f3a000,0
32968514-3094-4a9f-a03b-29a54d8cf07e,0
32984924-4187-47e3-a6aa-2855f26fb3d9,0
329bf3be-5ab4-4e76-8fc9-dc723b7a1e66,1
329f83e4-6a84-46f5-8934-ee844574956b,0
32a292fc-084c-4368-bcec-3eddd6dfd232,0
32a8c29d-93b6-468b-8106-18c4e1db053b,0
32a9ec9e-ca9d-49bb-9b0e-1e6a3162725f,0
32af009e-7563-4e67-bb92-2e4b2833e4bc,0
32b14c09-9004-45b0-bf99-017818dccbae,0
32b487e4-9a28-423d-b3d4-c897f9497279,0
32b54224-1399-4a93-839f-01abee604854,0
32ba2d7a-4849-4add-acca-6bb8803d2899,1
32bfe0a4-d669-46ba-ae93-e3d708382f26,0
32c26b38-970e-48c8-a2de-6499dcf183b8,0
32c65c9b-b30a-4c27-ab19-1d6def3c8930,0
32cb2f9e-d493-48a6-a4ba-f811736407d5,0
32d15954-f822-4ed1-9a92-3361d6ad033b,0
32d4be28-d624-4847-b2f1-d9b623802f5c,1
32d8a24b-69b1-4d29-9d81-c0e611a24c0c,0
32d9b5e7-d149-4d24-96e4-e87bb66d7efc,0
32dba7ad-10fb-4d28-95cc-51bcfa7a9273,0
32dde56f-b54e-4b5f-8e15-91f054b45ac0,0
32dedf0a-0294-463c-9f31-60f2e1385f66,0
32e0f5bf-c23d-498d-b791-c8224029d1ee,0
32e604bc-1d05-44b8-9c5d-8e8cba6be541,0
32e9179b-b5ab-4ccf-9a78-809392367178,0
32ed52f3-9c62-4590-b608-1dffab1e2676,0
32f03061-f26a-4ba1-9ae3-1bf6a682b60e,0
32f121b1-f398-4590-aadf-1a6739d2b50c,0
32f182b6-7a98-4bd4-b052-32b9692b5164,1
32f6bd7e-7c8d-4f20-846c-444b6bed5655,0
32f8379f-977a-444f-8dbf-6bd05de00a29,0
32f8b709-3f0a-45a1-a73c-6829c5d92345,0
32f98f76-9450-411e-8ea1-2cce59391062,0
32f9a1f6-9508-48af-bda0-9793b7402655,0
32f9dfaf-aa86-4d13-b93c-11107eb8f1db,1
3303d18f-2fb4-4d0e-82d4-9b1d5fa1e721,0
33056a4a-10bb-41cf-bcb5-42cb73246256,0
33062fe2-0ad7-4219-ae64-010cb58adb74,0
330fe13a-df38-41cd-821b-7462ac8e16f5,0
331699c5-62f1-412f-af26-06b5ad77560e,0
3316ec74-4cfa-4262-b64e-a6d97146501a,0
3317f72f-06aa-4d69-897a-69485dfc342d,0
33191f3c-bf8a-43b3-9e30-bbc5cc414101,0
331bcdcf-1cad-4a11-9ff7-7a9539c04b9a,0
331d2a3d-592b-4887-a695-98bf17b49d37,0
3320dfd8-497a-47e3-aae5-b5046e34301f,0
3321b928-7066-4bfb-b68b-fb7b7a5e6aec,1
332337a2-79c5-4aac-83b3-747f450545f0,0
33289d01-fee1-4a19-a829-7fc6f1997e28,0
33298db3-f364-46ad-85ad-ce2a2ac5ce02,0
332a1c68-e38e-46dc-998a-b0072b5fe6d7,0
332cabbb-fa48-47d4-af3e-7155f2a6588b,0
332d19e0-b09b-4f62-9a3b-3f6f02bfedf2,0
332e1527-9aaa-450e-a10e-c4585f2e6b25,1
3336617a-3bb8-4826-bdc3-4f4d2b1ea81b,0
3337e0b5-f96c-45fc-ba05-bcf280bb175e,0
3337f4a2-da32-45b3-a148-68e79e3c1f2f,0
33389649-2ddd-47ae-aee6-3c50178550aa,0
333a597a-b8c2-408a-8462-dd7efe47fa6e,1
333bd58c-4dce-4076-b24b-e918533bed26,0
333e0e77-ef0d-4d07-b831-75501ed41624,0
333e46ff-08f2-4bad-9c82-2ade45285985,0
3340f97d-79d1-4aab-85fc-4c9afd44eb59,0
3341ab76-5033-4733-bd12-9df31ac10a54,0
33474a6f-c1d3-43ef-b163-ce426e5ea340,0
334c7bf8-96df-46a6-b99e-b482b047f837,1
3350675b-687d-4adf-8407-8db6b8b6d6a8,0
335edbfb-34d2-4ed7-8769-7419b6ed193e,0
33661070-3b17-4c74-b385-5da73bc191b2,0
3366bfc7-a954-49b3-808b-0076a7c72714,0
3366cec3-85a8-4474-8c51-414e759cacf5,0
3369f901-d4a6-4259-b9c0-acae899ae407,0
337737f4-05db-4514-9048-57a36ec064db,0
33789db5-850d-4359-8af9-83aedd84dfcb,0
337a8ab4-c898-4d54-981e-697c8bc0e1d0,0
337f2a22-89aa-4550-b16c-ac2c0a8b0ce7,0
337fab66-3b35-450b-b0b3-ca26d05ac40d,0
33808c15-b306-4fc5-931c-1549b2ecaa44,0
3380db95-af22-43d5-8695-fa82642df7b3,0
33814583-b24b-4261-9b70-91aa0b5a57f3,0
3385a743-e0e4-4c1a-bb77-64d2a514705a,0
3387a9fe-58b2-4eec-ad62-c60fd617be90,0
338876b4-ff7c-4544-acb2-f256bba4f524,0
338895ae-44ea-4f8d-b32f-e3467709ef08,1
338c2cd6-23f5-4fc8-9e86-b0c2c807429f,0
338d6894-66a5-4ebe-8f5a-28279d430075,0
3392e0a0-ccca-4c2f-bf34-78adfe7bd4ff,0
3398a1c3-e00b-492d-97fc-fea98719d0c7,1
339b97fe-d439-4de8-95b5-292a8e411685,0
33a05436-8d41-409f-812b-2fcbf38c365f,1
33a3cc5b-ebb5-48ca-92d7-1065b57e9e26,0
33a49156-b074-4850-8520-7ca71617cb79,0
33a5a4f6-bb36-422c-937c-5a83754f9f18,0
33a821d9-f2fc-4419-ba9d-d40c4ca6ada0,0
33a9c330-1da7-47bd-9fc9-0ef484ed6709,0
33b1da74-d0ee-491d-9927-155b32047398,0
33b37d24-da83-496c-800b-334fb255c0e9,0
33b3d4b2-c7df-4267-87f3-50e741e57aa4,0
33b9e5fc-eece-40b6-9e55-8f7e073e5d7a,0
33bc4c15-ea0c-4387-ba1e-eb52168fe5ab,0
33bc6bf8-3971-4875-be5b-fa5ac27b50d1,1
33c08fe9-7d35-4929-95fd-08172fa4f5ea,0
33c16c19-4118-4e12-953e-02835fb18346,0
33c36876-01d0-48b6-bce4-e9aba4ef1cb5,0
33c377df-48f9-462b-9019-e833491aeb8d,0
33c6345f-1c01-4c1b-97d5-15859228bc65,0
33c66cce-825f-4768-a660-41be80680be2,0
33cac579-265e-48db-9440-2dfef12fd86b,1
33d18814-6953-4985-a0fc-7fa6b29039d3,0
33d324fc-b679-4f96-998e-28cde4836118,0
33d7027f-d9ae-4a66-817b-b3f1efeaba71,1
33d8fe7d-574b-4986-87e8-14420315bda5,0
33e093d8-410b-4715-89d1-334a041e5df7,0
33e41669-9863-4110-ad79-f5cd03149e95,0
33e683bc-17ee-4069-b2fd-28fdfe36c4bb,0
33e93a3b-af54-4b1a-9f59-4863f88aa94c,1
33e9b714-46c5-42db-88b3-f30fe42a0914,0
33ed1d1a-d11e-45e4-a88a-ebbd0124f8c4,0
33ef083d-9fb0-4b91-a09f-b492b151cbd0,0
33effa45-6b92-4483-b196-fed98f358e9b,0
33f0575d-5d25-4037-beb5-ffa1680c6d7e,0
33f0bad0-6e3e-4cb3-b7e4-94b53972ba26,0
33f0eede-dec4-4161-931c-8b5751d31906,0
33f2776f-8a1b-4297-a039-a4081ea283d5,0
33f71933-d3b9-438b-ab3c-0ff692c767c5,0
33f787c1-bfa6-4851-9b09-ed37f6afd7d2,0
33fe8b8f-5c7d-4a60-8b56-b66dd6e7bd78,0
33ffcf44-2755-4fdf-bca0-190323f75150,0
3401f3e7-ba8c-4986-9efa-25ff881d91cd,0
34027ef4-03eb-41f5-be2d-12d097acbb51,0
34041be2-02fe-4f29-94ac-69dc49f7deda,0
34069d3d-00b1-426f-ba2c-f154a24835f2,0
3406d5de-5e41-44a8-911c-a84a2063287f,0
340b0c14-183e-48c1-b524-3ec25052b34b,1
340cf1a7-6be1-45f9-9697-ee32ab91e8c1,0
341169d2-5181-4a04-90d4-938f8db6dda3,0
3411a0fe-96b1-43f2-8dfa-5b052eb3a810,0
3416ed35-b1e4-4874-b71d-61c74979294d,0
3419d8c9-3a94-46d6-b0fd-b992ded091d5,0
3419ea9b-39ef-4d3b-acc6-ff8589d4aa4f,0
341f78ad-269b-46ae-ae70-d424f523ba26,0
3428b426-51ca-45b3-8105-af4a7b58bcb1,0
3429efe4-7fb3-471a-8508-5c1108253976,0
342b2b1b-eaab-45a0-8012-10c23c11bb53,0
342e3035-74ef-441e-89b2-076916a46cf9,0
3430f84d-bc50-4280-b820-ef2761791e46,0
3432f530-c594-433f-a1bc-69bd00776065,0
3436ea3f-df48-49ac-9ebe-f8eadf4360b7,0
34379cc4-e24a-46a2-9324-016e535899cd,0
3439c522-8caf-47fd-9279-41f218b451af,0
3443941a-77fd-46df-8d32-53c733646195,0
344633b9-4254-4d10-ae5e-9d14567ff191,0
3447e1ea-020b-4b09-ae1b-5f0d7cffef09,0
344b80f4-b01f-4dfd-8cbe-5183e30b803e,0
3450197c-beca-4e5a-b5e1-9abf65bdac00,0
3451d3d9-81b2-4987-8edd-5e2aa6f202b4,0
34522475-00af-4fbc-bbdb-610c1e3d71de,0
34552b58-5033-464e-b94d-17c554adce71,0
34565361-aa93-4990-8be7-a890732814c8,0
3457abd2-4db2-4b55-8936-fd7ef03b2f74,0
34584510-3076-42bc-bf31-3d06d9d62d76,0
345898f9-370f-4a32-9cf5-5b7bf68a8f84,0
345b2410-f9c4-4534-8cfd-c92a20a166ab,0
345f6c4a-1f67-4ac8-9e2a-5254a66abb9d,0
34636487-53a4-4f3c-8e37-57cf5d1f7978,0
3463652a-3172-4a08-9f29-d20ae3c4e7e0,1
3464434b-f4ba-4d42-a7e2-5469960035d0,0
3466b389-03f2-42e7-ae01-c32022572ee1,0
3467700b-0cea-4129-ba9b-22ab9c3d8f8e,0
34692caa-b251-4e7f-acdb-29d6c47a2e34,0
3474c3ef-5017-48a1-b60a-fff95bf90671,0
3478d5f2-5d33-4d43-b177-3f4e9e4d5ef3,0
347dd45b-fc59-4d5d-bc51-0e5c4a46c771,0
3483072b-f0b6-4ee6-96be-be5fb2dd1acf,1
3486b664-6c1e-4674-b6a0-4a051416540c,0
3487335d-adad-4c4b-be22-14b4390a4418,0
34879513-8b68-43d9-b478-788652f0267e,1
348874cf-8b23-48f6-b365-8054b3e28e57,0
3489748b-48ca-456b-be37-3f5976afe0b0,0
3489f4ee-4fd6-42d2-a402-9d39645a3299,0
3491a9ce-6c4d-4c48-b546-28f14f9c6bfd,0
349376b8-af56-4119-9abc-324dbd3790ad,0
34954790-1bca-4fd3-b63c-0107dd7f7c20,0
3495ac13-6565-4cf2-88af-0074b78e9ec7,0
349652a3-b95d-4871-b0f1-1ce70500bd17,0
3498e57a-380f-4124-9e97-9a6596fa792b,0
34991a82-3360-45e9-9cb5-62a8ae0911d4,0
34995b8a-65c9-471a-808f-577b11aaf057,0
349ac88a-725b-4de7-8d31-bfc47b0e9dbf,0
349d2476-8cb7-4191-9940-e243b931bb7c,0
34a29832-19e3-4aaa-ba4d-ccde7bb12a11,0
34a35c2d-d27c-43e3-899e-a44b5a06eacb,0
34a41fae-e8b2-44ad-971d-de9629c8e13d,0
34a53523-8b03-4a13-992e-71d03597e2de,0
34a79028-e3da-4c2a-b8e6-76dd73cf1094,0
34ad520f-aad7-4e5a-a4a3-f31df779e81f,0
34ad8b74-7a0b-4dac-bb89-cce0dcad7b84,0
34ae15e2-0d79-45f3-8de1-5bf8081e2326,0
34b012ff-6b0c-4cbc-a83d-0cbbbe676dee,0
34b4790c-2d24-46e0-992b-642be6c25bf4,0
34b5ad84-ca42-4182-b008-a589d8f9ab50,1
34b741b6-d8fb-490c-8dde-a2cb7483ac13,1
34b9b069-a90b-4fc1-8281-d52384bc5fec,0
34c23a25-49a7-4487-975e-65dcaa43e200,0
34c7eda8-13d7-4abb-b8f1-1238a248a64c,0
34cad7fb-30fb-4e1b-a938-3ccaee7238f3,0
34d275a1-4b1a-484d-a34f-0fe3ea65e70a,0
34d28bcc-688e-4ee3-8544-9cb88bf929a3,0
34d7b325-ad80-4cc3-9b15-e847917e6f4f,1
34d8d886-b18d-4b01-915f-b80659486529,0
34dc31dc-77bb-42e0-b673-e9dc5f8beff8,0
34df4b61-8896-4f80-8675-511bfedef61b,0
34e0243e-4795-45f7-a66b-c08a1aea86a0,1
34e6687c-d20c-48c7-9273-04710bdb7da5,0
34e6fc61-4365-463b-8beb-7b851f51e594,0
34e70f93-b6a5-402f-ad76-59461ae9bd62,0
34e8d6eb-4d0d-4507-b55b-3656dd28e079,1
34eb95ff-d026-41be-aba8-2ad4ba3ace7c,0
34ec6de4-be9b-427d-90a3-0646ed48f943,0
34ed933b-a943-422d-aa20-d75feae6dd5f,0
34f3a25b-5e51-470c-887f-015ff90f0c73,1
34f3d7fc-7ec8-49ba-8f1b-a9acaae52a38,0
34f49688-ca2a-44ff-8fb9-1df2700d99b7,0
34f5642b-1873-461f-b6e4-803ef3949ad3,0
34f5e9dd-e210-4f0c-a206-2a45825f6ea1,0
34f71a8a-5193-468f-beb3-0b096ea59e6e,1
34f825c3-cc39-47df-b104-1bd8a4969f16,0
34f8a374-d877-4741-8994-d31ef581b1d6,0
34f99993-a107-4ce2-b47b-dd44e9a84d32,0
34fa4c23-654d-40b9-97c0-c9b211127f35,0
35000c66-4602-4e39-89f9-9fccd3cff819,0
3502e575-0a12-47d0-9083-23215ee8d288,0
350398bb-724e-4e60-b24d-2c2bba1fbe31,0
350539c9-cbb7-44f7-bc07-d4f740c34860,0
35080928-d89f-4fda-b6b0-078a86c9db08,0
350bcdbd-5ed2-4244-855e-d99a9d0a77c0,0
350bf24b-ecdd-44de-b9ef-c337662973fd,0
350cba98-f023-4b02-a7e7-f43794a8587b,1
35156a03-a168-49df-992e-2d24844fe2a6,0
35170cb4-13df-4101-a12d-2c465e0239d4,0
351a7583-127c-42be-af7d-9dc648fa8780,1
351aec6f-5963-4756-8249-3483b2773f60,0
351b8838-3617-450d-b625-7060646cc7ac,0
3520dcfc-cc0c-45a8-8880-ade18dc71216,0
3523c2a7-3d7c-481f-be6d-1d0f064afe08,0
35258a42-7aec-4971-9bc8-5674b105c602,0
352a47a4-2323-47cc-95d3-b692111ac3a2,0
352a570c-bdad-4479-bd28-651c9f945992,0
35367542-5d60-4adc-9d5c-7d2a15075e0b,0
353789b6-aea9-4f3c-8d0f-1d0b1b18aea3,0
35399b93-65bd-4bce-b377-b7005be54d5d,0
353c8738-cafe-46ba-b984-2df868dcba85,0
3545a9ab-2593-40e4-99d9-003ca96a31ea,0
354676fd-f318-409e-ba44-97b9ac0315ca,1
3547305c-8b4e-49dc-9f27-e718e325065e,0
354a58da-7a72-4a8a-b07c-c268628cc9b7,0
354b9f5f-0df8-44f3-aea0-51736060b532,0
354d7763-b938-4504-8ca9-fc994d303872,0
354fa270-34c4-44b2-85bf-837517e312a7,0
35500080-1c87-4fc7-bc51-515a4595acaa,0
35531617-ff88-4c18-8c06-bf6730913a6e,0
35574b6d-a6c4-4b15-a944-25b42cd0596d,0
35576bf1-e84d-45dd-ad07-14cc4f7572f4,1
3557f415-2ea4-4a8d-b3e3-89a9e996a9cc,0
355f6ad1-c4bd-43bc-b8f1-1090be2e8d0a,1
3560b2a5-9a80-4c8a-8db0-8ddcbc0c026d,0
3564d0ee-9878-4d40-a710-a6df5a88aa51,0
356534d3-a319-4bbf-909a-5d57bd84e4e9,0
35663216-17c8-4327-b55a-4d4115b97d56,0
356b0391-3da9-4a79-90b2-0535b0aafece,0
356c0cb6-ca15-44e5-8a5b-9a3fe9652839,0
356c7298-3575-46af-85cb-0a5b65b436c4,0
356f0e37-1c21-48bf-94d2-d9b5d2eb74cf,0
35720dec-bd4e-4a4d-8310-7eea9bd599cb,0
3572c02f-b514-4adc-ab40-136e5e8237fa,0
35735db0-7868-4afe-b6e1-a4b731cc6911,0
35741746-6e43-4e97-98f3-813a03084ac8,0
3574d034-6b8a-45cb-a89b-9e86d7ce8a94,0
357af131-294f-4879-a089-29823630c1b3,0
357d0f0b-eabd-41d8-b7d6-c3e3671c30b3,0
357e4a12-cb1b-42ea-85e5-d5b7e070d05f,1
35867c36-b540-4531-9626-c8072b204ae4,0
35877317-e5b7-4d24-a481-40b534da26ca,1
358cd474-6e6f-4a18-a934-794f9c50419f,0
359360c2-4ca6-4659-b529-6e020873db48,0
35944f81-6b4c-41e8-9d52-feb8104add97,0
3594d037-6890-45ea-abca-1d2e860c39f1,0
359a61bc-8758-42ce-b353-af4e28b29067,0
359a7702-a90d-467c-a3df-b06a91aefafd,0
359d0f76-3c67-4fc4-a438-5a2b907a4620,0
359d2c0f-20f4-4944-9f9f-b0a9df2c93a1,0
35a75b41-2035-4bba-9093-1ac5cd89ae53,0
35a761c1-ebdc-4674-8469-358d86bd4309,1
35aa037c-9b98-4763-8517-60876a032bd9,1
35ab7cef-83c7-4a6c-a3c9-f6ebe24d71c0,1
35ad6c72-2d7d-48f5-9e76-64b5bd1f1a14,1
35ad77b7-deb5-4d0b-a199-b6202ca17df9,0
35b2cf1c-512f-4a40-b041-0531b843ba0d,0
35b7fe7a-b621-461f-a9fa-5312eb17d2c1,0
35b92d0f-e9a1-448d-abbe-1c1ef58a728a,0
35b96777-cb2e-4d87-875a-34fb87537600,0
35ba468e-2e65-42db-b0f4-39a92593a321,1
35bd34cf-7a93-4cd7-99f5-7fcc4a47f654,0
35bef93c-b4a4-4ab6-90af-c857b291e935,0
35ca87af-c4c3-4250-8782-a71a5963ac68,1
35cef3af-2503-4a63-9371-91fb4b7e5d19,1
35d2845f-ee86-4a24-97ea-289965f35ac8,0
35d5a609-cc9b-4a07-94e9-adc453b38833,0
35d96c8f-5616-4701-bb51-3301c5c025f0,0
35daa074-a7be-4089-8b2a-ac472d9b5dad,0
35db9025-226b-47f3-bf52-7513b2b303db,0
35e00889-2870-4d12-bcd7-06bb7ad44c96,0
35e3f2eb-8fc5-4097-91d5-037e3f68a97d,0
35e442e0-12a2-40f8-a8a6-686a6ca3b7c3,0
35e4ffb9-a13e-40f4-88c3-e0a636e8db73,0
35e6ef6a-b2e6-4a81-bf1e-8cebb774b0b1,1
35ecaf91-174c-4a55-844e-9a2a788fa3bd,0
35efcbc1-28ed-4076-b3b8-75f5724d1f1c,0
35f26542-4d83-4811-a5a1-721b5ec94592,0
35f48541-d946-41f4-aaa6-ce9ffc9a03a7,0
35f882b2-cffa-4c14-935b-35de98a9c587,0
35fb4cd4-9316-4807-b555-be8339993a17,0
35fd62b3-bf7d-4a8d-8ffc-5944b4c364df,0
35fdbff9-8f1c-479f-afbe-ad6072071b0f,0
35fed2ab-ae73-4b29-bc99-983fb3dc3766,0
36006c48-0eca-4314-a34d-73e0c27d83a0,0
3600e6ad-47a0-4c54-b9e8-a8340c339db0,0
3601bf73-330d-4c08-9b33-45d190424db1,0
360372ad-2f70-47b5-80e3-fefb9a9df534,1
36068a1c-9f89-47be-ae08-6cb3e6f78e59,0
360783f3-b2de-41bc-9f0b-3e78e0192b0f,0
36084618-4f48-495f-afa7-54c3c1976801,0
36084818-b151-4dc1-9c7a-370e7d768a23,0
360a2d4f-2104-43f0-9c02-1fc3072cfe2e,0
360ef2bc-2161-4132-8a2f-f03ac6bcc75a,0
36125699-0c00-4c32-9097-17f0aa40c4d2,0
3616d66c-d450-42a1-81e8-65012d65cba6,0
36193b46-b6ce-49c7-830e-00b2cf8bb483,0
3619f99b-f7af-41c5-92b9-0560b6bb0b51,0
361c1ba4-02a0-4188-8f0f-34b463a91359,1
361d2a9f-9f31-443d-b478-85c79d27d906,0
36217983-815b-445b-829e-1754340d11f1,0
36229d30-aa78-4359-9656-60a5a73d440f,0
36230d30-bef9-4736-bd03-e0e76fab62c8,0
3627b7ca-9dba-44f2-834d-8d810a5c6aff,0
36298b13-4912-4da2-ab23-6bc953a1bd2b,0
3629cf6b-08ef-47cc-9338-783f4114f7a6,0
362d2a17-aaab-4749-bb91-61096e051919,0
362df521-92cc-484d-aa3b-a34afb3f31bd,0
362eb9cd-fb06-4375-879b-f7a1061ac65b,1
36307f8e-d9cc-4ba1-9f45-676380eeac37,0
3639f43e-bcd7-4101-b9f0-c065b1400b08,0
363f028f-c2c3-479c-820c-f6d837dd2dd3,1
364375cf-9ec7-478d-9180-7827626f4e57,0
3646ee5f-773c-461d-abba-9af62a6b85a4,0
3648a9fc-065f-4858-ab09-92e099f8610b,1
364962a6-e448-45fd-ab6b-6328f7af7471,0
3649a44a-c47f-40eb-817e-6360ad5c64e8,0
364ebb4f-82fe-4a1f-809a-462877073bba,0
3650d80e-4193-4cb7-be94-178fc0820b0d,0
36522343-aedd-4f55-ba46-22bf3f735487,0
36566a96-92f6-40e8-95f9-cb20c396a6c0,1
36567eb0-86e8-414a-8a59-8b3e408a59cb,0
3656ae1f-2b2f-447e-aaef-abfd6778cd55,0
3657ae82-bafa-4a53-abad-e0b039e6a5e5,0
365ae599-8b6e-45cd-aeef-a17f4d85b8f5,1
365f7d30-382a-49e0-8aad-492bda2e6ca4,0
3663063c-bc5c-4683-880d-0fc41b6365a3,0
36664746-69fa-4385-ad6f-4a58284d7458,0
366681a7-7c05-4c68-be2f-249ac7469bc4,0
3667127d-31af-480f-a621-3c9c590e3988,1
3667fd01-234c-4bab-b026-4f48f286eb47,0
3668beb6-130d-4a19-9cc1-93f3e0272f87,1
366bfe58-9542-4c78-92dd-0d2eb76b827c,0
366eaaa1-15e0-4712-9656-5b5861187149,1
366f0faa-73fc-482d-b2cb-e406b60eb0dd,0
366f3498-7e3e-4764-8a3b-534609addcc1,0
36737e69-0e74-4df7-bc9d-9c7c957489c7,0
367cdd3f-7d37-47c4-95c7-a271a41b2f4d,0
3681e394-2925-4e55-92f9-074c793b918f,0
3683c399-2b71-4340-a17d-f9a8c380bc1d,0
3684c877-05f0-48fd-b34e-2ec338f2311c,0
36856469-49e8-4b77-9dec-7c89c4d9fa36,0
368990d1-a33e-4669-bde4-893297c1b9a7,0
36902496-0406-46fb-abc4-8e5a05a5687b,0
369cfd75-7ed8-4d02-8ceb-91850fdd5b3a,0
36a13287-91d2-4b6b-966f-eb5497d97f6f,0
36a13a45-2bea-4810-998f-88999caa9089,0
36a382a7-d13d-4ede-8844-d38b9128823b,0
36a3e20a-8ff6-4e36-8d0e-ef58b0b0280d,0
36a4c00e-91e8-4482-9b6c-956323547a3b,0
36a5edd6-7ccd-4120-960d-59dc0a0900fd,0
36a7b6b7-4971-4fbd-9cab-32264a91bd95,0
36a9912a-11cf-4a57-adc7-498f5ad4e96d,0
36ae5c03-a788-4346-b34a-0c26f6464c87,0
36ae86c8-04bb-4bf1-82d2-46eb9bbef64d,0
36af2437-9a52-4404-8ef1-a3b125c3a569,0
36b63352-47b3-4c4f-ac0c-43ed4f752ba6,0
36bb2221-1dfe-4b4b-a842-b42ba47208a7,0
36bf7375-eeda-4370-8554-87afe6a2f0de,0
36c7fd6a-4f11-4eae-b491-2c07c14b1738,1
36cacd81-fc4b-4222-ae6d-fed84def25f3,0
36cd3193-25b6-4426-bf3e-54720bddf901,0
36ce55d4-26a8-46d6-a157-1bc6bc45c779,0
36d17fb5-ccad-4561-8291-989326ab0447,0
36d1d26a-75cd-4a6b-ad92-0221396becc4,0
36d76343-fb98-467b-bf92-b7353774f2f6,0
36dec890-d397-490d-983b-d64636c857b1,0
36e0cbf4-89ea-4e3c-9502-ec831b1ec9ca,0
36e1c38d-eb8f-4f3c-9cb3-b550e79908ae,0
36e2ac21-57ed-4f17-add1-edc531cacaf9,0
36e3c791-cc56-442a-8cc0-a32f2131cfea,0
36f37291-5253-4070-9bf6-b7815c889d07,0
36f44afa-ff62-4bbb-8ffa-8da1b8cb14cb,0
36f82039-2b67-4bc8-b5e1-ecd9a0695286,0
36f8b48d-7280-4def-93a2-3fa640b67345,0
36fb1fb6-2f8c-441f-8724-ccedd9dcdd39,0
36fc3aa9-0098-4151-9028-8bd519f93ab0,0
36fc532b-921f-41d4-b2e9-60d9bcaca946,0
36fc61a4-c964-4b07-a456-96c53c3980d8,0
36ff400c-8ee1-4030-8f2b-303ca3c384b6,0
36ff9e32-b482-4292-8b93-c8284eed53fd,0
370261ff-f4fc-4bbf-9a39-438dd042f3bd,0
37046522-5464-4802-b5de-a752a80db380,0
37048a32-e8fd-494c-ba72-61e15f60a09e,0
3705e887-e834-4204-a0ad-869727761dfa,0
3706f19b-55f8-4b2c-944d-a308bcb8a13e,0
3707bacf-7b27-4b65-8124-4fe8b7b9b8a2,0
370a6272-4590-4a3c-b894-5c68688b277b,0
37148889-8b46-4810-82e1-c42eae1211e8,1
3714e892-c52f-48a7-a354-35033bff7c0f,1
371cdd6f-f548-47bf-8b2d-9dc4955b4ab1,0
371db88b-e5f9-407d-83fd-c97419117e04,1
372417fd-1c64-484a-9b13-7b63d4ec0538,0
3724a0c1-5f50-4242-a178-cd5b2ba6dd40,1
3726383f-44fb-4749-a101-e79a7f654a06,0
372a065c-652e-4eb1-9b33-37ea99e49e32,0
37308d09-141e-4cbe-ae2f-1f161e98d4d8,0
37318c77-6999-47c5-9f59-1845803c534b,0
37341a64-a888-4d25-9391-7385aa9df1d8,0
373744f3-681a-477f-b914-a322d55c30df,0
37395bba-7185-4389-a1ec-f36a1548c330,0
373eec52-13b9-4500-87da-b2a1f5d3d338,0
3740a62c-c21e-4aee-92da-2d50b54f8e8a,1
3742e253-ba1a-47ff-b0e4-ee848d709699,0
3742e988-00c5-497d-af31-0217ff395459,0
374529f5-b8cf-4d7d-8bc9-b71dc333e7aa,0
374603a2-0828-4aa1-b1b9-442ed0d2fe12,0
374cfd6e-8abe-461b-93a7-a5b6e976b4b9,0
37528aff-5b80-4dfb-85cb-333269f752d9,0
3752d230-7050-4d8c-9965-be294f0cfdcb,1
3752d5eb-2f80-4a9d-8511-3422cd06fde6,0
37550b88-f005-462f-b85d-37f7a7da3fa7,1
37552ca1-6089-42b3-917f-331fd916f80b,0
375a95df-7553-425a-aaab-5ecf391946ce,0
375e7506-f03f-40b4-8858-f80699951425,0
37607a2d-a470-4d05-9ab1-fc000a5ed756,0
37610e8e-09d5-4ad0-842a-c27dd7dbd4b6,1
3763c13c-a0c6-41a0-906e-2296f204fd87,0
37660e26-4b0e-450f-a1da-05b0c781359a,0
3767a86c-adb8-4409-a79b-eb10225358b7,0
3769362d-886d-4934-aef5-7115894a7b76,0
37696cdf-257d-4737-97e3-2a5a081109b7,0
376b0589-b760-4470-8a6a-72947b46c410,0
376ee9be-e5a1-487a-a710-625ea681f440,1
37700081-e0e6-43f6-8cdd-cc3fe31cafe8,0
3771bf91-e095-4fd5-afba-4c96e017470d,0
37736a67-a6c6-44aa-afd9-2924edd8c70d,0
3773c3d2-4b83-4c6e-92da-10ffc18326f3,0
3773c676-873c-4a37-89ec-46cd090d34d8,0
3775aae6-ba7f-4bde-9e0b-9480c01869f3,1
3776ea64-5b24-4b8d-aa00-564ce9a20954,1
377bdb11-a234-44ac-a164-b2bfa42b9baf,1
377d3b44-4ed3-4e14-9ad2-cb869fbd42b6,0
378096e7-9b39-4266-9e10-f8dffaae883a,0
3780f636-2b16-4f83-8d59-b02e9f251f5a,0
37816131-e993-4dfc-8fd1-fab7ed6cac1e,0
3781b1d7-aaed-4dfe-8862-d7f6c035257c,0
37827a72-e64a-4f9a-9e9f-8fa10d8d044b,0
378448c6-71ee-454c-b954-e3818e09ef6b,0
37858a5e-b502-46b7-bb17-689394a74593,0
3786ac54-e6a6-495d-bc44-9326d1868e53,0
3786bac5-b4da-49ab-9ea0-da49f739232e,0
378a4886-144a-434f-aa9c-cde04fea1061,0
3791017a-5bb2-4edc-8af5-0075311ef3e6,0
37925301-a93a-4682-a04f-8b3741c372be,1
37932278-a863-4b23-9b68-8a6ef9968e97,0
37989430-a26b-477c-bd0b-de6a9e78a129,0
37a4446f-3439-4dc1-9ccf-41b71fff3839,0
37a99300-7e4c-4008-b5b4-8f120be6415a,0
37aa4b48-d014-469f-9b88-d9d5faf3a391,0
37aafd09-d841-4e8f-a532-109d75540a24,0
37b04302-c6a5-4e3a-820b-99dd44b4fe47,0
37b25519-d3c6-42b3-8b94-0dfcd78f2f42,0
37b2735e-e10c-492e-b456-4ee04a1f7c97,0
37b6ef9f-651d-4ddb-ba72-ad2f1afd6b39,0
37b7c24c-d15a-4965-894d-1534e0b38299,0
37b8469c-fba9-427a-be95-c08393fbfdad,0
37bc0be0-732a-44c0-bbfa-469fb5a03d96,1
37bd61c3-61fc-4582-931d-67d2fa13f62d,0
37c77b4c-8943-4233-88f7-7b4333ed1b47,0
37c9762f-68f2-4681-a71d-511d9c54a7ee,0
37cb7062-6e93-4cff-b3f1-42b23d987212,0
37cd85f8-5af8-41d8-9b9a-6acc7fb8ea5f,0
37cdab8f-4463-40be-948f-689fd623e6cb,0
37ce67b3-2038-43c4-8472-c95018a357df,0
37d12687-5922-4d86-a508-710d0d199010,0
37d20656-ec64-4c37-8aec-fc880c7ddb9b,0
37d49c7a-f395-49c5-88b9-cef6cd20f913,0
37d4cc03-a53f-44d7-9d4e-ee4e24bbcff8,0
37d5a06a-bed1-4cbe-80b4-641040cf06df,0
37d95d05-9471-4dc4-81a0-abf1532ba753,0
37d9ed39-c618-4115-8fd8-654f23fd7480,0
37da4621-e3d8-43e3-9331-3c1a4a743765,0
37dff5f3-12f7-47ae-b9b4-b2230b2c1198,1
37e765aa-e793-4444-9522-17875802b07f,0
37ecc892-729a-49b9-97c6-0207b43fe8df,0
37ee7386-a190-4004-ac5a-d70825848af1,0
37ef1876-e299-45bf-90a5-78d9140123f4,0
37f0d32e-771b-416e-b93f-d74ecced3632,0
37f1bf66-dabb-4185-8268-0c2626d364cd,1
37f21897-301d-404f-a8a7-3f4a3548c80e,0
37fd028e-a790-45ea-a180-5d8ca9ec4f5e,0
37fff92f-01a2-4e76-9d48-4d392e1c45f3,0
380168cf-a409-4881-bf6d-328f8c8516f1,0
3801ae3a-62c9-44a2-ade8-4512719dcefd,0
38065e04-f19e-43b7-ae81-1dcd09e6be5c,0
3807cd8d-5262-4101-b02e-e8afd315afc6,1
3808b17e-642f-4348-94d2-4d29f7407bd0,0
3809cb7a-9de2-44f6-9045-097c5683e0d9,0
380adcbc-0cc1-4316-8fe8-e1366f0845ad,1
380e1947-4e64-45a6-a0b1-c00520bfaabe,0
380fb5b5-6022-4af9-a6a5-d6def4630f1b,0
3811e90e-6cd8-4343-96d5-ee684b434357,0
3813599d-e6f5-4670-b81a-4d3f81315520,0
38151e42-bacf-46e6-8fa7-0d7e87c6e83f,0
38154660-bbdf-494a-b9de-d11f32201532,0
3816f8bc-17ac-4d4b-8e78-5d4eeb3b89ed,0
38191b40-90b0-4b0b-a5be-c31f067759bb,0
381a1bc5-6196-4ed4-899f-8686a4422273,0
381d4cf1-03b7-4f17-8a29-aa64bc419037,0
3820b837-b012-480e-8d8c-ab3ef711a8fb,0
3822afee-19a9-4db8-a254-0a445681e48d,0
3823b10a-69ba-4ad1-8e06-b58fc28252f4,0
382514d2-d8db-422d-9cc3-a0a27846dcff,0
382644af-7e2b-42a6-bf03-d8c2b0e06301,0
382d5c85-c73e-4fc3-8a0a-db7a344aa8fb,0
382f5357-c254-4aff-962c-53d266ee35e7,0
38326ee6-7ba6-4d5a-a431-61df82afdc73,0
3834fd3c-f756-4494-a454-522cbe111421,0
3837248d-ba8c-44a5-a34d-14bc916ef5bc,0
383e4d9f-e6e8-4b4b-98c8-758e56dcd87b,0
383e7e3d-7b44-45f1-b1b7-41eec1b11455,0
3841d2e3-ce62-4833-8dcf-81fa6bf22676,0
3841eb29-517c-436d-b5b9-d03cbe94ea4a,0
3843f551-4826-42c6-a4a4-625c35c54e01,0
384560ef-f3c7-4f78-9247-96613bfd2ea4,0
384e0a3e-2bd3-4bef-afa0-9bb2e95a1b2f,0
38513354-03f7-4fc2-b118-676b1e91bac4,0
385614af-fbde-4452-9436-a7c941791727,0
3857ebd4-5d8c-450f-8f5a-c0eb6a6ca55b,0
38599a8f-0a8d-4942-8cb8-b751a2a23a9b,1
385c6f9b-12b3-4748-bcdb-f82e47f04cb0,0
38632f3d-8c2e-4462-bd72-a4405ed19e9a,0
3866d1d2-460a-4499-b6e6-d753f1e84dbf,0
386abd62-1adc-4b20-9b5c-e77a685279d9,0
386b6255-ac83-4881-b3fc-58c3fcb63b0b,0
386d45d6-3a4e-48c2-955f-2e8d9fec773a,0
386f3775-0b23-4870-ae43-4d70b54b059c,0
3871038e-fe44-41cb-82fd-6dca23f6a043,0
387477e9-916a-4ae8-b9d1-03c984d9931d,0
3879fabd-3221-422a-9481-95a22c1525af,0
387b692d-738f-44c2-adda-60404443e2e1,1
387ce7ae-dc43-48cb-922a-bc3f177c68e4,0
387f00b0-5e87-4037-a81e-73dd8331f95f,1
387f7ab4-a628-4163-879a-5fe86b0fb7dd,0
38818feb-816a-45ec-b61a-6d18181c020b,1
38820497-d0ca-4dc0-a551-5e84197438c9,0
38820854-12e6-4416-b356-c70d5486a455,0
3883feed-f449-49af-b39c-7f39ea0a8445,0
38886659-bf91-4691-9492-a12a27cc610d,0
388bd3a2-0565-40c8-84ca-ae59ed1232a4,0
388c44ef-f4a6-4664-bc02-5c9358628cb7,0
388d1dd1-bdb2-42e5-bc28-6a21cd506c61,0
38900ae8-277b-490f-b1c2-3ac0da398f1d,0
38909a90-39a3-4cc7-8b2b-93d0918bdf23,0
3890a632-5e21-424f-8628-89c4f3fe42f8,0
38942f9d-dba3-458c-b038-a287845dfa3f,0
3894e87e-5699-464c-8499-e040365e5260,0
389b0211-726d-41f7-ba69-5570e4799558,0
389d3b20-70a8-459b-926f-bdcaf83c1262,0
38a9f913-6871-4cbd-8901-d8acdd827bc4,0
38ae579f-35ad-4b95-be56-790bc53e98db,1
38aee022-2ea9-43fd-958b-3db502712a37,0
38b03a95-b20f-4a88-aecc-470a6f20ba97,0
38b08f79-2b3c-4184-9497-d65534a54af0,0
38b16edc-8325-44ae-bdaf-3cf9f09749ff,0
38b4efc0-26aa-4784-8b3d-6034cd2b63d8,0
38b517d7-9cd5-43a6-a2ea-40826b366436,0
38bd231c-0868-436b-8419-937d6e9dccba,1
38be25e5-396c-4e86-885a-f8445101f7d5,0
38c00660-cf79-48d6-93fc-ca76b472dfc4,0
38c789a8-1335-4539-b4dd-45258c10c3be,0
38c8c0ac-8133-48cc-b02d-b4b96f1047a7,0
38d3a6f7-af5f-45c9-853c-726424f986d6,0
38da5fb0-ff79-41e9-a0d1-c89d1835ab52,0
38df40cc-c8a6-489d-9241-6b52a643e05c,0
38e735dc-3677-4af7-9c09-aedc7a042a37,0
38ebd9ae-9667-4daa-b78d-155edecc8d3a,0
38ec73c6-b984-4d93-a94b-ded3fb38eb98,0
38ed256f-e1c7-4cf3-b25d-8f5934df97d8,0
38f05a38-f659-4ad5-a53e-533725d37798,1
38f35919-5a92-411f-a2a0-5a23090d33c7,0
38f7b008-2202-4560-80eb-c9b7e71b5dd0,0
38f8ea37-2980-4984-b563-2b944f8efc45,0
38fa3e81-0e8f-4791-aaa3-67502169fcd8,0
38fdf63f-d911-4506-a50b-d71881357d92,0
39048a93-0829-443d-8274-d09ead985ac9,0
39051912-8421-4c34-b838-597018657ccf,1
390645f8-63a7-4b12-9b7a-9db9ccdcee66,0
3919a840-ac56-4cf8-9d32-b55b413a7210,0
39210935-3586-458a-b7f9-ef6174096220,0
39215123-87e4-4a43-a1ac-88f6fa7f287a,0
39221c91-5130-4a07-80ff-3dbf1764e878,1
392233f0-655a-4ad3-83b7-95a9ea65529a,0
39226da3-71d7-4d74-810e-8b8056dabd23,0
3923dee0-a773-44ad-9f2c-62deb99e94f4,0
3931de29-3961-4667-a2fb-0da849053824,0
3934db92-e551-4e3c-b58e-ede04a2855b2,0
39356ca2-0710-4026-9945-d047c191d2d3,0
3937e0ea-1e53-4b1c-a384-629dbfd44496,0
3939187b-c1ec-4c7d-91d8-d06f95d9a909,0
3939920b-42b1-4a31-87c8-06bbc7fe051d,1
3939c0e7-9af5-4e52-a8ac-1950a3082c3d,1
393cf52a-e96d-40b6-87b2-3ad20be51a1f,0
393d1cac-490c-4d5d-9222-8bc5ee7fd08e,0
393dbc3e-f76d-4045-89de-6754a99a626f,0
3940b3f5-d86c-4a61-b96b-0b38e0d79d01,0
3941b66d-a446-445c-82e9-b8d9a5f24007,0
3942bffc-83ed-4e29-9368-5b7169734f70,0
39435235-4e17-4102-87f4-17bd08fa0b34,1
3943cb0f-2bca-4476-82d2-c3907f71dc97,0
3943cbc1-81ec-4032-bdd2-c4133cdcc21c,0
3947a893-4add-41c6-b2ca-c601a0a68c0c,0
394ca0cc-ef44-4bac-b4b9-9fd3d25c412d,0
394d56b7-fda1-4c29-93f5-5e5b70d75d1a,0
394f8b79-12fb-4804-a988-a4240c296b1c,0
395a5dad-f5b8-47e4-bebd-649289785f7e,0
395bb1a8-daad-4a83-bcbb-ef069f28a302,1
3961d348-9ef1-44a3-ad29-1f3ca88e26b4,1
3962b6fe-f38a-4edb-9b9e-6b315c7a4048,0
3967c010-53b7-4279-bc06-6f133d793a0f,1
3967e924-32ae-4248-9e59-c25e5118528f,0
396a7763-9414-45d6-9b91-9c16bff70bb6,0
3973beb4-9c73-487b-8a78-aa36b8447101,0
3974b877-2274-4869-8fa7-707866aeb1d5,0
3976a5df-b539-4b9e-bdc6-19673b873000,0
3976ee41-5272-458f-aa55-c7bce533e87b,0
39770386-7069-49e8-b557-d0e455381919,0
3978f017-8a05-4423-9cf6-f039fedf7e6e,0
397b23e8-a366-4d07-9020-d85004256573,0
397d0a83-2caa-4c31-933e-28f987eda055,1
397e2646-961e-45e7-bebd-81d669c13fdd,0
398387c6-8dc4-4960-a3cb-5b765f934c8e,0
398441a1-329e-4362-9a8f-f14c9f464892,1
39846f78-f117-4fac-9bc0-022eae0b233c,0
398a928f-27c6-4028-9c73-18e9b4fc125e,0
3992140a-524b-4f9b-9fae-dcba4ab69cbd,0
3992dea7-6754-49ca-8fe0-a31238bdea46,0
3993bdcc-d000-4da4-a929-169589bcc7a8,0
3995fb2d-c749-4210-9b40-df67a51479f0,0
399aa10f-d35a-4eb1-b693-31f0da9500b3,1
399bb1ba-ace5-4123-9baa-1ac68e6d856e,1
399c32a0-5991-4177-80e5-79e05b4251e0,0
399ec9d3-6b47-46de-b681-2e98b7a8e536,0
39a039bc-cc82-4529-a696-6c8c8d92a853,0
39a12ae5-7c0b-48ae-acca-8c4544206696,0
39a702f3-c842-47d8-a1ef-59346441d52c,0
39aa59bb-c6f3-4b71-a83b-c8241c1fd9b4,0
39aa96c2-69c9-4221-8fdb-b6022c6b9ba2,0
39accedc-7906-4094-842c-13506fdafb29,0
39ad4fef-a488-48c8-a9e4-98e5d332f450,0
39af57c9-e786-49ed-8a2b-c1503bb57603,0
39b985c6-f517-4594-a73b-5a3af743b4f0,1
39bb1910-5aa0-4fe1-99b4-e9c281e438a2,0
39c276f2-a05b-41b5-89a6-199b6e247b4a,0
39c69263-6fec-4393-a36f-30e6bab01b75,0
39c90333-ed1d-45d6-b9c7-8a55f4b808c1,1
39ca241f-bdc4-465f-95d1-25b521b60de0,0
39cac16e-fdfa-4b17-b0ea-7dca4f36f50f,0
39ce010c-bf3e-474e-85c5-71b3af792b46,0
39ceb6ff-3f1c-4bef-b1f5-1050bbcbcc84,0
39d22c4c-1f4e-46ce-8c83-16bf0f928cc3,0
39d3d84f-e075-4324-9c2a-797c1d3e1500,0
39d53804-3894-44e3-a5f1-d71d9e485036,1
39d9b54b-eef1-434d-806f-bdeac2e14f89,0
39e20d1e-b044-4acf-9848-aa64fe1af3fd,0
39e5c4be-5052-4e79-a23b-d7a7c6c0f86f,0
39eaa73b-9df7-43f2-a7a1-272471481d40,1
39ece5f1-95da-4c06-bff6-e115eb8410a1,0
39edfa27-d58f-4129-93c6-9049e6094314,0
39f3b445-9267-48f8-878c-58f68ba21a5b,0
39f80e51-2b80-424a-9bbb-00510e489490,0
39fc2e24-d18a-4c21-9ad8-dd6cde36b8ee,0
39fc684a-6f92-4ccd-b451-d59924d693f6,1
39fe06b2-7f6b-478a-9ccf-cbb882a12a34,0
39fe21a7-2566-421a-b73c-953038d2f8e7,0
39fe4d96-9c5d-43e8-8ce2-5f59b2a5215a,0
39fe8834-e3cd-4abf-909f-624302e943c9,0
39fedc58-f6c1-441e-90f1-28dbd63c5097,0
3a0075e5-9798-4253-ba2c-ce73428d6d11,0
3a019021-6f45-4839-a63d-bc53d76b21ce,0
3a027af1-6e6e-48e7-ae36-7478bb6ae248,0
3a050310-0d01-48a7-83d8-e00137444383,1
3a074c22-9a38-4d35-b461-ec9f5b24f226,0
3a0f1353-4396-4fa8-8200-f21a37be07df,0
3a10fb6e-9d63-4b6b-8569-8bd347171bb8,0
3a1b2795-e5b7-47b8-b00f-95ce80cb6ce6,0
3a1b4dd2-70ba-41bb-ab5c-6bfd9a63696f,0
3a1c60ae-7f78-450d-bb33-c5433dacb1d9,1
3a224b06-c611-4d39-b9f6-bb01e283c05b,0
3a22c07a-f8ed-44d0-8b1f-543e914c4a30,0
3a24abb3-8693-4eab-be25-d7a84cc5dd36,0
3a26eda1-59f4-48a9-9183-468dc7fa7e88,0
3a2b44e0-0f40-42b4-b131-5962c43d682c,0
3a2b9c11-b19e-4b0e-b9fa-46c8a0f5e360,1
3a2d2e11-1c77-41b1-85b4-1352173ffd0b,0
3a2ddb23-e684-4b62-bba3-00124dbd02d2,0
3a34c625-a3a4-4688-a756-1fc1ec090806,0
3a383d40-5256-4715-bf24-d75279b82c75,0
3a3d8301-3421-4aef-9f6f-1070e99646b1,0
3a3e37fd-7b91-4efe-ba71-d55965048752,0
3a3e82e8-1ea5-4fe7-9818-6d81eed52ea8,0
3a4087e5-9b14-4a1a-ae1e-11159af00f8b,0
3a423fcf-663b-4803-aee3-e73e8f658e5c,1
3a43fd0f-eea4-457d-abcc-103f527c2a77,0
3a452102-1575-4461-b768-6be426574c32,0
3a4767db-d10d-4c5b-87d4-c1e0d5c879b6,0
3a49aa27-d951-4167-831a-a63d15da580c,0
3a4f9bc4-c4e8-448b-8fe4-96c4c65ca0c3,0
3a56cd89-c198-4c22-a636-c66e1a2d24aa,0
3a5844ff-865c-47c9-9c45-ffe7f9b42952,0
3a597f14-3b8a-4564-98b0-4c3fd617a587,0
3a5b9b2c-8760-4beb-9ae7-71c8a16b9067,0
3a5c41e0-fc21-4de4-82ac-881a752ed7c0,1
3a6198d3-aa96-4057-b15b-0b539fbaaeb3,1
3a6522c7-948c-4af3-8cde-075aa6d564d5,0
3a65daf0-52f3-4abe-a091-a9f9b3d8b46b,0
3a669c79-3819-44e0-a1ef-1124ef41190c,1
3a67eab9-16fc-4f23-bdbf-e319dd6fc3c0,0
3a685027-7317-45c7-9333-07b5878af366,0
3a6d7b82-573d-464c-b7d8-b440dc46170b,0
3a7063e4-5a2f-4abf-83fb-19293871c45c,0
3a71915b-ea29-4a12-9734-0919e8f43a20,0
3a73d46b-6d3c-46ab-8cce-cf9f3fa63acc,0
3a74acbc-1e95-4297-a87e-768e48b0e7d7,0
3a76a28d-b252-4fac-aa7a-ffbf0a78cced,0
3a774426-c19d-4c29-85f8-53f81ea533b4,0
3a78c4fd-39ea-44ac-9431-a7cf7026a313,0
3a7ace2b-c2ba-454c-b2cb-cb2284861637,1
3a7b876c-b4b6-470e-bf67-f9f248e52be4,1
3a7cccd5-d467-46ea-922b-b03687e329d2,0
3a7e5e66-ad93-442e-ad36-c6c774ebf496,0
3a7f4d17-b1f9-4669-87d4-bf802e1722ef,0
3a8056e1-bc07-4cd1-8049-9dbb97fa1e79,0
3a8071c5-af40-457a-a636-f6cd69bc2014,1
3a823e8f-1366-4d1b-8c29-4122ea73a43d,0
3a864b27-61f5-44d1-adce-e9adc3f99853,0
3a8b4cde-ad12-488f-816f-a828647e1d0f,0
3a8f933e-7db5-4b3f-ba25-9ceb052fda17,0
3a900203-73c7-4fcb-8a76-0755ae317432,0
3a920d8c-7367-4e6a-98e8-2e56860094d3,0
3a937d6d-b6e7-4672-bd87-18c2001b1af5,0
3a955128-d310-46d5-9c13-54ef0b9bf0d6,0
3a965384-2cbc-4d48-b807-f45bd965d263,0
3a9ba6cd-4f14-433d-b89e-6ee2cf1f179c,0
3a9e4bd1-26f7-4da6-9c76-9eaa0f53dadc,0
3aa11c32-b3f9-46c3-8ecc-9f3444496fa8,1
3aa3ed31-5598-4921-9dbc-1bddb4e19d82,0
3aa59379-18b4-426c-a0df-cd4859ebeb61,1
3aa6485d-8c21-4f23-afd7-2bffdd8f6eff,0
3aa655f3-358d-499e-8cad-1d0e5b1a4e95,0
3aa7d662-5e30-4b7e-997c-370801b361f4,0
3aadef4c-4c52-415b-ba6d-b1f795564c43,0
3abb1669-5e28-42d3-9b50-e7b64a9b17d1,0
3abdf996-35ce-45f1-85d3-400908b3cc70,0
3abe38b2-30ca-4269-afcf-c75f03a46d0a,0
3ac03dda-7905-4ba6-a03b-adc5c4f52d55,1
3ac2a2dd-2d02-4f79-9e65-95bb1c5059f3,0
3ac2b033-e9ea-4e6b-bb00-d29ccb3a9107,0
3ac6db89-2f92-4dd1-bc1c-9e0e91e2c6d4,0
3ac81316-e263-44c0-b22f-ca68b4f750d9,0
3ac94bb7-a2f9-4cfb-88e8-ad3f048e57d3,1
3acb9d11-4d20-47c2-996b-0b72ba28d7d9,0
3acf3b96-45e2-4dd7-b2d9-5e24c85a313c,0
3acfabbd-d942-44ea-8dc4-c0bd073b4a7a,1
3acfcbf3-0b15-4241-be9e-2c968f128dd2,0
3ad0ecdc-98af-487f-9027-765f604b0c3c,1
3ad39ce0-3034-4b99-a1ff-c1ce8b17b21b,0
3ad3ef86-457c-4d36-b8f7-075743b0e64c,0
3ad4e923-0044-4291-8fd0-794cc78dddde,0
3ad5ab7c-df59-4322-b8ec-190c1205a3e5,0
3ad82d84-1095-4a79-a7e9-44c588042019,0
3adc0b29-1a46-4c93-a5da-37c93f1da4cf,0
3ae1832f-02a1-47f4-8b48-b0d25cc1aef8,1
3ae28bfe-b950-4541-bb0d-f32637c4e0e1,0
3ae3b4d9-6b20-4801-8383-09c83675abc1,0
3ae87d33-756a-454e-b6a8-021290b85f78,0
3ae93437-abe0-4687-9879-54bdbb364e0e,0
3af08f25-6693-41fc-be0b-4ad46d21e5e3,0
3af0eada-632a-4b75-8e73-03883108eefc,1
3af8c1cd-9641-4d19-b2c4-31d7fb00e99c,0
3afc2a4e-b30a-441e-aec8-9cbb382ccd66,0
3afd5a6e-4cfb-4548-b4d1-3250f1c2bf8f,0
3b01a65d-df42-44c0-9430-a605f9786f8e,1
3b06a0f1-c829-4baf-9e89-bcd21726f1ce,0
3b0b77f6-24f7-4b7b-ac4d-9fa38360ddb0,0
3b14c268-ebff-4073-84d0-3e89020bc0cc,0
3b193d26-0670-49d2-8e35-afc6752ae86a,0
3b19f6d2-8531-43b1-95e6-db1b19578211,0
3b1b2c5b-e7a8-41d4-89cc-4f4a3ea89104,0
3b1e6e9b-874d-4528-8d2d-95d6ad51ec90,0
3b1efa0f-f942-458a-a451-0716ca060c88,0
3b24d7b0-ea85-4c01-9063-c3de55da1c47,0
3b25e8c2-24dd-45d8-a7d6-3c5f2f973bf7,0
3b29f3c2-f512-456f-a358-5d16be89f577,1
3b2a321f-711c-4fc8-abf4-46ea50ebda83,0
3b2a7f10-334c-4f0f-9b9d-95af0130b33b,0
3b2bd966-9120-47ef-8e66-e883c164929b,0
3b2bee16-15a2-40ab-8d8a-18296b0ca1c2,0
3b2e6e89-d520-42d6-ae33-586101698c91,1
3b2efb7d-54f0-446d-a047-d88219140d09,0
3b316eb8-bf60-4199-89cb-080043452f13,0
3b33c978-46d5-4715-b412-c5dde62825dd,1
3b3667b8-87db-4e39-bd40-c0e1ecfb0386,0
3b390151-557f-4701-b62b-468ba3af2b0e,0
3b390318-5657-4536-8fd2-918a1b13f858,0
3b3b9ceb-6bd3-4a8c-9e09-b2613da6a82b,0
3b432a49-13ee-477b-b633-302e4d1d1aba,0
3b4334ef-c41d-41d6-a8c7-c7ea5390d4a4,0
3b43f4e9-6abb-4b4d-990f-723f8c88c1cf,0
3b446de5-32a1-4eb2-abec-28749703fbcf,1
3b47888d-3bbd-43b3-b864-31fd124bd9f9,1
3b47b073-16ea-4ba8-b515-873ac3cfc331,1
3b4c3c15-2052-4825-8e5c-d778952f83f6,0
3b56b1d1-7990-4b10-be60-fb3d298829ef,0
3b56b71c-a575-4be8-96cd-443571deafca,0
3b5b6749-7af4-4157-b3c2-cfbb29f7ae1f,0
3b5f54a0-9bda-4e2d-a006-2426474f7ba7,0
3b65147c-4ac3-4b52-9ac3-e3986e9e0760,0
3b654c18-246c-49d7-94be-a6c9fd032ee3,0
3b6758a2-0f37-4d7d-9950-f4597f3427b6,0
3b68436b-9a03-4de7-af93-e9207ff247cf,0
3b6e6294-2569-4362-af9d-33072620c070,0
3b6f6e45-0c69-425e-80a6-ffc1e4209be0,0
3b7076f7-60b8-47f6-9631-b8d7bfe20c69,0
3b707854-a9e3-44ab-92f8-d0d339085865,0
3b7497ce-5d51-42eb-92f5-3eeed09e396d,1
3b759510-5372-4acd-996a-3c3d596cddbc,0
3b769e5d-755b-4e9e-9872-74beeb01d99e,0
3b76d0d2-ef4e-4167-a356-52faedec6eef,1
3b7a474a-066f-404b-bc89-15dd6c30e1cd,0
3b7b2d65-c3a6-4edd-80d9-4fb9fdf28227,0
3b7b8b23-4ec2-41a2-839e-25218a580b43,0
3b816e2d-872e-4ee2-9166-a295a0ff6457,0
3b825d34-5787-4183-a75f-3c825c57caa8,0
3b82942d-348b-48ee-8b41-9486acd8b4ca,0
3b84b079-1e5d-432b-ab41-8840c2be1833,0
3b84bf07-a238-47b3-b254-aa7c2ddd9baf,0
3b850378-a8f3-4285-827a-f8067ae95cac,0
3b880537-ffdc-4c9f-b3a4-d9b4456e0f52,0
3b8827e5-1606-41ff-85f6-168bf41e3c99,0
3b8ed838-e557-4850-be94-017fe2b0882c,0
3b9115fd-2d34-4374-9a6c-f77aec4c6533,0
3b9249a9-ecd3-4b9a-8081-7a55dc2714da,0
3b92be4c-0d89-4e8a-b267-78b36c0ac419,0
3b93c33d-34a6-4786-afd1-9260cd895261,0
3b950843-24e0-4b0f-aac6-410f28d656e2,0
3b958283-982e-4637-81a1-01be8bb292e0,0
3b9aafcb-09bd-4283-b7c0-418c0630882c,0
3ba57428-18d7-4138-835e-36191941b104,0
3ba6c253-ff92-4fbe-85ff-cbe4daf99127,0
3ba8a435-6b0e-4ae5-9eb2-6bb907a05aec,0
3bac9ab2-9089-44f9-a328-9fee399b3c98,0
3bb04ae9-5c20-4175-a945-b89194b0af3b,1
3bb2473c-62c1-45ab-af79-2e97cf9e1f81,0
3bb47d3c-f98b-4c8c-b343-566efa02a16d,0
3bb719d4-aa6b-460d-9e28-caabfeb1a558,0
3bb7dc5e-e0a8-410a-9ae0-6c50696ed277,0
3bb84614-fc68-41bf-bc50-d3df5c419beb,0
3bbbf550-af29-49e4-929e-ee8da26d9658,0
3bbc5329-6da8-4c2a-b22a-3dbd13d83e4b,1
3bbe0659-0780-44c4-8366-e51bc792ece1,0
3bbe7114-8eeb-49d6-a7be-fc10d67ddf8e,0
3bc1b96c-870e-4300-9b0b-024ef79b1960,0
3bc27bb8-a837-4d18-998a-5b2af2eb90be,0
3bc3cdef-98f2-43c3-bc2e-b78b6890c69c,0
3bc40996-59c8-4207-b8fe-9d008132986a,0
3bc431d8-a49c-43c1-bd94-1a7ca8a46dad,0
3bc62655-5f7b-47a3-ab54-b185aaf7fd6f,0
3bc85204-72e0-4b46-a1dd-f98824ad1302,0
3bcad5d0-143d-4490-8e90-78a77c212b0f,0
3bd65cf3-4550-4231-aa69-d804ee5b5934,0
3bd75b5d-4de0-4a6c-bf65-7d61fc44c4f7,0
3bd98a68-9ecf-4589-98bb-b649194eac86,0
3bdc4c9e-13c4-4e97-a5f9-ede873b513f3,0
3be2d572-bea0-493b-9ca1-01864b2a1890,0
3be2ea99-b549-4ea5-9ad6-169d01942841,0
3be9d566-e90c-4620-becb-71fa4eccfab1,0
3bea81e7-99c5-4e23-9360-281159dcbf5c,0
3beb5e93-6185-476d-809d-a10274f28358,0
3beb9e80-ffa5-47f2-9ebe-92474b4a8f17,0
3bef6a60-2949-4cd7-9e06-0b6677adeb58,0
3befd7c1-0001-4485-948c-b3524fcd460b,0
3c00b181-5bc3-4291-bf6c-3b9b32a4b44e,0
3c024d36-d53a-443a-87ca-1bbd0f8df99c,0
3c024fd4-21cf-4df9-8a7f-0c0bd139990d,1
3c07385f-2db0-4ce2-a525-2cf738299478,0
3c0d61ec-6ab1-4e8d-b3ae-88a9808a335a,0
3c125e20-c2d0-40bd-9b20-1b302252ae05,0
3c1703a8-e277-49fb-8993-79aac7b48bbf,0
3c1bf47a-a299-4549-98d9-69110bb2393e,0
3c1e0069-4487-4bde-95b1-1a61076da675,0
3c219ae3-63d3-4b70-83df-bff5d056cea2,0
3c223776-27a7-407e-a7e2-6fcfcc90cca6,0
3c223bb2-33f4-4350-b6e9-3d682a5b091e,0
3c263882-d930-46a9-917d-0726762676fc,0
3c271123-648f-4338-bfc1-1904fa901d01,0
3c27ce82-f6dd-4197-b0c8-f9305dd4e3c0,0
3c2c4511-0c33-446e-940a-f38eb78e7f0b,1
3c2ceb27-aaf2-4cc7-80ec-9a3e8479dd31,0
3c2d130d-e6eb-411b-88aa-fbd3c0222f3c,0
3c2ee742-066b-407b-9ee3-967c8549ace8,0
3c300f22-b965-4eaa-9145-439325d01c96,0
3c323043-7858-477a-85ee-8ba34aff430d,0
3c3a49d5-49c4-45e9-85f3-e14bec671b3c,0
3c3a5d85-ba81-44af-8ac5-9da9a958f19a,0
3c430211-63dd-4af9-b0c6-50dc6ad38159,1
3c449221-27b1-4e6c-b780-72ea2807075c,0
3c44c83a-983a-49b3-b6f8-b54901e4ea36,0
3c465792-fbb5-4d08-bee9-6bc4359bb782,0
3c47dad3-b3ff-44fc-b9cc-ab3f0c5510c6,0
3c4890a9-606e-48b1-8ce2-fddec6705014,0
3c4a31d6-c818-4e96-bfc0-49787b9bd940,0
3c4b22fb-bdb1-41b0-b50c-9fb76cc0d0e6,0
3c4d493d-4acb-44ab-bd28-1843742b417e,1
3c54d6ad-1ddb-4409-a6a7-802cb95a0e7b,0
3c5627bc-81a2-4edd-aac4-5d2edc7dff7b,0
3c56d7d5-2806-4ddd-aa81-76c1768326d4,0
3c599276-75ba-4452-8a66-a24ce85edcb8,0
3c5a9b71-a799-4bcd-8ad1-cf30a997445f,0
3c609e80-f3d4-47ea-8188-ed7f876e7e67,0
3c6236cc-d973-4b35-9de4-35c9921ddf13,0
3c625e56-2125-4c34-a670-8b4b7b1ebb3c,1
3c6426c5-89e5-4018-8107-4ef1b537b7b7,0
3c689f7f-2d3a-4b7f-8879-809bc98bb42e,0
3c715802-c02e-47fc-a105-35993868554a,0
3c720aaa-daf2-4b56-a43a-e6d1bf9e9d3f,0
3c76553f-72b5-43dd-b562-69e19209d03b,0
3c79880e-3686-4a32-ac59-d9378d0db1a1,0
3c7bb8ff-d091-4166-b9ba-ef7fe6c83395,0
3c7bf6bd-a980-4de1-9948-da87610ab39c,0
3c7dbe81-27c7-402a-ae0d-03f905a0caab,0
3c8300f6-5f5e-45a4-86c7-17de2f3c343e,0
3c847505-5ad6-4af7-9935-d28a3e8d4a46,0
3c885209-c282-46d0-a1be-6ef8107836e5,0
3c8c8268-6d67-49b2-a02f-974cf0491ff7,1
3c8d4d32-af89-4876-87db-f01fcd978544,0
3c8df20f-6239-4e86-8ee3-f27156fe4e80,0
3c96b297-adab-4f7a-96b4-c67235e5a964,0
3c9af801-ba1e-4aab-a2cf-9d311966b255,0
3c9f18a7-1ad2-4b50-90b8-ef08b7d94f46,0
3c9f7fe0-3cfc-42f9-8faf-1ce4184a1c11,0
3ca0e892-dae7-4c2d-b8f0-0e40dee22159,0
3ca1c9dd-0245-43f4-956d-d82048401af1,0
3ca35372-01ed-4ce6-a037-69042aaadeba,0
3ca3efda-729b-424e-9f4f-8b508cb14806,0
3ca4def3-82f9-4a9a-9237-bb3a022b26fe,0
3ca74505-fb75-431e-8644-a562462d0770,0
3ca7467b-1f60-4c5d-bc3c-9ed217029f1e,0
3ca9f7ed-d175-46fa-addb-f707e4e17c3c,0
3cabc472-6a76-4dc7-abc6-fe89706049c2,0
3cac88ef-c102-41e1-9ad9-e9e74b19099d,0
3cadb7ef-5fa4-4cc0-85b1-0167b29e97be,0
3cadbd03-4dc2-4ae5-8875-6818716d0077,0
3cb2b234-4d42-4908-984a-4d3ada53e10b,0
3cb86c80-574a-450a-a28b-5e75b8420271,0
3cb9bed0-b76d-435a-a3cb-6bc622ec7303,0
3cbbc22e-ad70-4673-bcb1-80c89278debb,0
3cbc9d33-5c8e-4603-9436-1f46447a8e92,0
3cbd6e4f-0162-497b-8b02-62d0bf881310,0
3cbdd4b9-d1ea-4518-bc4c-2f5865f32575,0
3cbeee1c-7579-4bfc-b11f-776c1ef33616,0
3cbf0c4e-acbe-4e59-9524-86e126daa39c,0
3cc10172-98c6-4319-9fe3-0bf2de7a8ed9,0
3cc15df5-0c09-4e5e-806b-93c47182dd0c,0
3cc5af46-dbd5-4c2b-93be-65ac71c03f7c,0
3cc6efbe-1f91-49a3-9b16-3a25d46fd1d4,0
3cc7308f-4527-425c-a797-a7868d06fc1c,0
3ccb9bae-664b-4464-bf7e-6618bc0f17fc,0
3cccce6b-2984-4a26-bd4e-55265fa8415f,0
3ccee4c1-ed33-4c45-a1a0-dc5acec25b52,0
3cd0c7fc-1aea-4edb-a554-35fe6bc88559,0
3cd2a453-a15d-44c9-8949-e672e8c6bc7f,0
3cde7b90-5014-4c76-867b-1a71ecb1d617,0
3ce17926-4368-4668-a693-77afe421720a,1
3ce2d67f-4c00-4643-9e94-029118ad82e8,0
3cf00829-e032-4fa6-9db1-bbf55afc0393,1
3cf290f1-e7b0-4435-a59c-fa6b7585f25b,0
3cf5fa91-83ff-4232-857d-9eb2998ebf81,0
3cfdf420-e5b3-494e-8910-5dd357ee1b97,1
3cff4494-64f3-41ae-9054-cd3ac4dcf1ec,0
3d0d09d4-36a1-456b-a6d1-14cf328438d3,0
3d0d6c5f-d5bc-4bca-8f0f-3d3402a3f045,0
3d11c3cb-cdf7-4b97-9fac-d4fe23b60705,0
3d15f030-fbe1-494a-a619-660fb2c3f408,0
3d1617c7-3158-4ca5-9b68-647db9f71b08,1
3d17147b-4bba-4ab8-9a55-ef6304465644,0
3d19f6ae-abfe-4555-be61-2145997771a4,0
3d1db921-e524-46de-b948-72dca76d33da,0
3d215fcc-49cb-4085-9eac-3c10776569ab,0
3d23f6b1-5e33-42e0-b316-c277f021e22b,0
3d244a31-1bf3-4dd9-a796-cb93622c7c9b,0
3d26c1cc-8c80-40fa-9276-fae8e92c4ea2,0
3d298461-5f7a-4a97-b1c1-f6cf7c7d5e51,0
3d2b7935-767c-4b19-b416-50eb2738c69b,0
3d2c75a7-0dcf-44b0-ab95-afc27f3bb035,0
3d2d9097-3be6-4a77-9eff-c6f5989897aa,0
3d2e16e1-f5de-4612-ab32-395857733cc9,0
3d2e68dc-c67d-4be1-8883-047500b061fb,0
3d2eef59-1781-4048-a232-28ddf088e085,0
3d30ba7b-16f5-401c-88b1-aa9afa401352,0
3d3293f8-ff35-4787-95be-cbd50bf93544,0
3d34992a-69be-4841-ad61-42c20cf3285c,0
3d36a151-fa46-4560-a9bf-bfd348bbc96a,0
3d3737b7-b94f-494e-8b0f-ef0115ae82e6,0
3d3d4d8e-62f0-454d-a3a7-f33f7db41c3a,0
3d3e4966-3aae-48f8-af67-d040159260a5,1
3d409357-1654-40a7-aee5-a084d960e786,0
3d410535-84cf-46f7-8f78-9136563fec2a,0
3d413b64-db70-44f5-9db3-2ddad5afafdb,1
3d4299f2-c984-4dbc-85f9-3b201fb558dd,0
3d43c9d8-b146-4234-92f1-1212d5b8af96,0
3d43ce01-8c7f-48ea-8660-6db56504571a,0
3d48bcc4-fc08-48fe-afe3-f0afcdbd48bb,0
3d48beb2-9fd3-4907-9db8-84b2517f5ce8,0
3d4a3265-7029-4a94-8249-46afbe09bfe4,0
3d4c7c92-6a27-4582-a821-f505d3aaac75,0
3d4d347b-7224-4ef8-bbd9-332fca4f923e,1
3d4e9190-b0e8-4eb2-9f0e-d2cc7c4383bc,0
3d4fafbd-946b-4928-9a88-f6fc35d106a4,0
3d5a41c6-4b83-43fe-8645-21f80533bc3c,0
3d5cefa9-dbf6-4cc1-b6d7-b78a3ec5ee7a,0
3d5d63f3-bf37-484d-9239-fa6d137ae6ad,0
3d603577-10fe-4502-bacd-d6877972be72,0
3d61ce57-6025-42cc-acb0-8bd50cbdeb96,0
3d6458f1-f08b-4fa6-a891-e07ddd29a31b,0
3d665161-74fd-482b-aeb8-70c1e5dccb99,0
3d665f9a-86bb-42e3-8133-96f04f058968,0
3d6882c4-939d-4127-8148-2a143ca5f914,0
3d6abc45-8823-4ff9-ae16-857ce01a91df,0
3d76e019-22f1-4659-8c1b-b1d8e01a5225,0
3d7b9b44-f4ef-45f6-be01-2884cf5dea51,0
3d7deeea-2c0b-4918-bc0d-d2b5db347aae,0
3d810ea5-f459-4c1e-b2dc-f245037b95cc,0
3d848b62-044b-40dc-86e6-83de87b3d2d9,0
3d89e146-6bb7-41fd-86bd-91ab48c61c13,0
3d8bdf8e-ad46-40d8-abea-793134cef711,0
3d8dcc46-3dfc-47a8-8baa-8d7dcb63cf6b,0
3d8ef731-2a7c-4541-9e75-31b1e20643ec,0
3d94bda7-8f2a-48ec-bd2f-3ce367b48508,0
3d966bfa-8c27-4b41-80d8-451fcd56bbe4,0
3d9bc2aa-f71d-438d-935d-55f6f3700468,1
3d9df1dc-ed7f-4dc1-b02f-9bbf0ec7460f,0
3d9fa76c-6bbf-47fc-8a56-761bfbd78550,0
3da0dbe8-b341-4d72-8736-801f7ae69339,0
3da2e8fb-b715-4266-962f-865af3195cfa,0
3da34e1d-419c-4b43-aa5a-23bc7de734ef,0
3da3f368-ce7c-4777-84f2-333f17ef91ed,0
3da54e2d-890e-40e9-87f2-158c7fe3a728,0
3da94832-eea0-4c90-b2e2-f9cc842502f5,1
3daa735c-f30f-4b57-ae87-ca7b931b9c39,0
3dac3504-095b-497d-9431-7f1f5ede71e6,0
3dacf948-8e2b-44d0-aa1e-ad06db709758,1
3daeb3df-bb1c-44b9-9eb3-d0e16257c407,0
3daecd12-d279-4ab9-b537-1e6b9858a4b3,0
3daf52fe-52ab-4eca-8980-c9e737aca329,0
3dafaf7b-b20a-4029-8d91-a9b090b6ab3f,0
3dafddc1-71ba-43af-8d4c-062b971f70c5,0
3db1383b-ee82-4cad-914f-469be465c682,0
3db43a10-5fbd-4200-b529-6dcc03404ab9,1
3db4bd1b-5ad5-4f89-82d6-8c8991ba4f63,0
3db8cdfb-7561-4899-8039-fbc0f3bf5361,0
3dbd0a6e-4069-445b-9ff1-28b0cdd1be47,0
3dc1f59f-a060-4585-bd8c-20f5954772c5,0
3dc91f0c-a653-4ccc-9e83-c27bdd6501f8,1
3dcf8b64-40d5-4a56-b591-3abb9d4de379,0
3dd10d45-7205-41c4-bfeb-041f633108d9,0
3dd2f225-e15b-4887-82b8-315691eab294,0
3dd52171-7004-4a8e-8612-cbbb93013700,0
3dd53ad7-d946-4849-9d49-62dde5458ae6,0
3dd55d3f-9377-4be4-bf24-c437b72d274a,0
3dd8716f-aecf-4664-8a49-adb84380afc0,0
3ddaa7f1-5ab7-44dc-8238-69b9bea47392,0
3ddeb1fd-a947-4e01-b94d-83752174a148,0
3de161cf-cfc9-42be-ae16-307c16e027cb,0
3de3137c-688f-4ca2-8743-1a8f3248572e,0
3de34e88-12a1-46e4-bbb4-8b8b8e0a16a8,0
3de53e63-a409-47e9-aeaf-416819807479,0
3de69c67-7f91-45d6-8000-5a39baf0a330,0
3de95d92-242d-426d-a2a3-2d3fd1b68d33,0
3df0f136-1bc8-4994-adb5-110127f9f279,0
3df167b5-3ae6-45b0-a199-c2c84c9315f6,0
3df89626-2f13-4ba9-8982-6c06057bd031,0
3dfa0c07-3d2d-4050-a4f0-0f697edf592e,0
3dfd87ca-af96-4646-ac57-68337d8f0c17,0
3e027494-bbb9-4dca-91bc-88f6187a38a2,0
3e02b92b-34fa-48db-8bb7-a025a7d4f22d,0
3e038b74-2198-4469-b6d0-59133e445af1,0
3e071f23-095a-43e8-88e7-cc74c78c79e5,0
3e0c29ad-d406-428a-af14-dab62a8c3ff8,0
3e0dea84-e68c-43d6-be36-376e97ba5692,0
3e0e65b2-f4a8-48f5-b9a6-9b028802fc83,0
3e0fc002-3324-4df1-a6a9-187f839b622b,0
3e1a123d-bc91-449f-9351-ed8383dbb846,0
3e1b2a8a-0782-49af-98ae-b5ad236e63e3,0
3e1f7a20-8830-42f7-8c65-e136d5f03f96,0
3e2106e2-eda1-4351-b031-594c2ac34e89,0
3e21612a-3fa3-431d-8f44-8036dd7c6ded,0
3e21a972-926e-4b0f-9a15-5354b797578d,0
3e24ae63-e22f-44b5-a9f6-7fb9391f0479,0
3e2c187e-84a4-47f6-b2e6-dd0df101a829,0
3e2e1c31-c2bc-4339-82b4-52b169dcdf9a,0
3e3011ae-3d73-47e4-8509-d0529244d145,0
3e31717e-accf-4846-80e6-b251941b0e2d,0
3e32c6fa-11a0-4ff1-886f-7fef4a737846,1
3e33521b-2744-4d9c-890b-1f6b558bb7d9,0
3e34d9ad-590c-4866-9f6c-986a40c74c3f,0
3e373f6d-e5e1-4a0c-a10e-6a6176883d6f,0
3e3b50c2-7fd5-49f6-8aba-72b54bf40140,0
3e3cd854-41b4-4c1a-a036-b3b0182c4377,0
3e4284b3-4b3d-44bb-bc03-fdba68c48e67,0
3e42aca2-2fc4-490e-a924-622f6425eccb,0
3e4876d7-631e-48bb-9263-3c8a7723e458,0
3e4a8009-76f6-4f02-a423-35e4ca1d33f5,1
3e50a1e3-45c8-4297-8553-bed002c69b50,0
3e52958a-40d4-4dc8-9223-0647b8d55d99,0
3e5448a6-1645-4fb8-8d5d-ac9ab8f0e3a1,0
3e56c1c5-e29d-455c-8968-56529a37e720,0
3e56e943-1b56-4d10-87b1-4ee1d03d5988,0
3e57cbc3-0656-4b78-b1cf-d2a4d8583d7b,0
3e57fafe-98df-4be2-ae15-77b9a34cab06,0
3e5a4058-a645-43ec-a4bc-1ab3898a90ba,1
3e5e9b11-8e09-43b2-9a66-a317ea4db273,0
3e5f3370-c928-4ca9-b017-de2b146dbed1,0
3e6113b5-a9bc-4ee5-9370-57f159633305,0
3e62ce79-3b3d-4525-b122-18b125d07c8a,0
3e632b06-87f4-4313-a237-a16f8eeefc32,0
3e66ccf6-5b64-4a49-920a-2fb720c22485,0
3e66ec07-97ff-4cd1-925f-e30970ce8456,0
3e69d18c-8720-48d8-9391-cb0ca8bdf0bf,0
3e6c5f4d-9ab1-4787-a9e7-09626737d6d9,0
3e7016cb-1f0e-4a7b-9798-091a127c9a69,0
3e706b1c-47fe-404f-98f5-cdf6ce006282,0
3e752f0f-0a42-42c2-a3a7-8677461c2d7c,1
3e757c8a-0f44-4536-acca-bd2215ad5ae1,0
3e77e5e7-08b7-425a-bde9-c32d3fecf23f,0
3e7bdc46-da2a-4936-8e7e-83a854e9ac2e,0
3e7be528-ae11-4e3d-9004-5c43e59b9283,1
3e7cf55b-a004-4185-9419-cc67c06bbd1e,1
3e7d3ed3-a792-44de-8912-79904b7f4f5e,1
3e7e18bf-ffdd-46cd-b650-240d003ec260,0
3e7fcf2a-6090-4728-9870-7fb54f0faa65,0
3e859afb-dfee-477a-a075-b295bf7eb009,0
3e86ca24-ec64-4ca1-9d8c-f6f34d20557f,0
3e885b76-6eb3-48e9-b8f8-eaff4819816d,0
3e88c843-aad9-4be4-a552-69a0e6cae23b,0
3e8ed3b8-a733-448c-9894-7475fd496223,0
3e8eea6a-142e-4bed-8ca6-f5ed660a631c,0
3e93f2cb-820b-445e-9cf0-727d200e3bcb,0
3e95d70b-6eed-4aa0-9e3d-712510215582,0
3e95f464-a631-49b1-8c17-29045b6ce33e,0
3e989fd5-287f-4475-912f-576253b74b20,1
3e98b689-899f-43ba-a7a0-7407ff64f09e,0
3e9cf018-5e32-4abb-91cd-fe3bd15d9885,0
3ea361e8-1749-4bce-900f-7db9350cc624,0
3ea47538-b331-47d8-87f8-14850fc145a5,0
3ea657bc-29a7-4f00-97f3-2f5a84c855bd,1
3ead5750-43d5-4e96-a023-c513455f72cb,0
3eae1c54-de28-4b28-a6f9-9ef26f7a8b25,0
3eb6fe93-56d3-478a-a4cb-893d45c39db8,0
3eb9597b-0843-4f31-bf45-823e82a4e987,0
3ebc6d8d-8aa9-4802-aad4-efff518de9b7,0
3ec27da6-cf0d-494e-89c1-e749fafdfe61,0
3ec3546b-b0cb-4a13-b51f-6a8b6ecde2ef,0
3ec5ec3d-4588-4e0a-a4e4-d8a5d8d63623,0
3ec61d77-a952-48f7-9571-643a68f765f7,0
3ecb8357-76ab-42b5-8760-76db8aa13fe5,0
3ecd96cb-1b2b-4479-acae-cf878dcf30fd,0
3ecff902-4feb-4bce-b2ff-6a952cb2fb74,1
3ed1c552-cffb-4824-93d1-defccc6cf0f4,0
3ed267c1-3507-4b2a-a934-46bc7fd4a76f,0
3ed4fc50-df28-4e6c-b811-32ea7e8a4ab4,1
3ed5d22f-8821-4e64-b642-16c4f98b1ab8,0
3ed63825-9d50-45ff-80dc-422e791e6467,1
3ed64d05-7ec3-4d2a-892d-bdfd8a629683,0
3ed6e46e-7406-4354-93a3-11c0bd23306f,0
3ed8480f-e528-462d-972b-a4ad24822a49,0
3ed8627f-b341-4e32-a546-ca8abb312164,1
3edc5f4f-773a-4c21-9576-bf38f9eab3a2,0
3ede12f6-ec51-4105-a604-28a2c1c0f758,0
3edf5f5a-cd1f-4784-9e44-73e5d5465abc,0
3ee00d73-223c-4b87-85e7-4463f0b773cd,0
3ee082a0-93d4-48e6-b992-603943a4292d,0
3ee44c90-96bd-40e6-898b-a643660af489,0
3ee529a7-58bd-4072-a681-6e2e4649c466,0
3ee87f5b-e3ec-4495-b77d-491cb8a5c16e,0
3eec88fb-a7c1-46c3-a512-46202ddc424f,0
3eedbd61-0b57-4268-ba28-06426818eeef,0
3eee6b27-d0cf-43de-891a-2045bc1e7144,0
3ef275be-adba-466f-9468-6a52c6e462ce,0
3efbf116-eca4-4820-a273-bfeb73fb2e4f,0
3f0292e5-d92c-4ade-90f7-c11e749393d7,0
3f04393e-b9a2-46da-82dc-c7702c7f9bbd,0
3f04d921-91bb-4165-a44a-a0a23b5c73d2,0
3f06d865-7e18-49eb-9139-3dca1bbcb164,0
3f097e3a-c43d-40e8-867e-47c31927e47a,0
3f0ab38f-7e9c-4b9a-b014-8b04370ffd29,0
3f0e8382-a37a-43ba-9241-0e8094d51972,0
3f10d3a2-c7a6-4567-9748-2807c0bb98c1,0
3f118125-89c5-4ceb-9720-824734447d56,0
3f1772df-d16a-4e00-af7d-f0ef6882e24e,0
3f199da1-c851-46e4-a1d3-6f2177b8f512,1
3f19e569-6c8f-4f00-9b34-81e1218c247a,0
3f19e6ae-43ad-42b7-9205-a430ad906829,0
3f1c4c40-86e8-46ca-9395-e8d2bdd64c69,0
3f1cb8f6-b652-4b22-b43a-6628a833f4db,0
3f1e3f8a-0d8a-4af9-86d6-11994d032368,0
3f22f866-9e87-48ba-8a8f-3ab69734d917,0
3f263221-6450-456f-a1f8-8de39f6bd657,0
3f2c1f5a-3f3c-4763-8a87-61d8e13f1074,0
3f325707-7489-4835-a0ef-01ed616c022c,1
3f36947a-85e5-4073-a81e-c4fc7db588ec,0
3f37a798-1d5f-4512-8cfd-250ec6004551,0
3f37e69e-414c-40ee-935c-b3198ecab9e8,0
3f394663-654c-4f2b-b25a-84926c7d9dad,0
3f3a9f91-d130-41c4-b150-c3abaf7c2d79,1
3f3eff3b-f864-4245-8a47-bd2d7c799603,0
3f3f59be-2030-42d0-919d-9bebf05a623d,0
3f40e818-0ce8-4abc-a12d-37c962a610a1,1
3f41e2d0-fc35-4f6d-87a1-7d9e0205ca04,1
3f44d108-55e2-437f-ac49-38cad9ee3f1c,0
3f470ecd-a8ee-49e5-9637-34b734130738,0
3f48724f-4822-4811-91bf-5f1d3021cf24,0
3f55ebc3-ef9f-43c9-b7a3-260c50d6dc9d,0
3f5cdde8-dc49-4053-abf9-96e9d0db595b,0
3f5fd803-1a4d-45fe-8601-cb2dbc4d8cbf,0
3f6b733e-bf15-4d70-9e43-fd602d1432ff,0
3f6efa97-bccf-47d0-b190-3565295050d5,0
3f70c59d-b1e4-48bd-9585-9e917e1394b4,0
3f7345dd-769b-4947-837e-660595eeb43e,1
3f77ab45-702f-41b3-a214-85c4087c3c7b,0
3f7b3892-c333-48d0-a9fe-fcd91164fa64,0
3f7c7a55-d1e7-4774-8b60-00177b03d351,0
3f7e5c7e-acac-4b4c-9ffe-a9ecc04628e7,0
3f7e6328-a1a1-483e-8ce2-a8ed6f35fbab,0
3f882179-eaf7-4206-b840-be07a02771f0,0
3f8980c5-51e8-40f2-bf1a-e20d797e30bb,0
3f8a355c-f181-4133-b0df-5379d8c672ad,0
3f8aa5a7-f63d-4208-b306-4e7bde86d8a5,0
3f8ab434-945a-4cbd-bb1b-94383badf852,0
3f8e24be-9717-47aa-8577-1fb640daface,0
3f8ffe44-208d-44f3-9b3c-e525c0a56b1b,1
3f920685-c648-4e09-8ce0-1a582c1673e2,0
3f921206-f859-44a9-8da4-d655ca1bdec1,0
3f981623-7320-4aa4-b094-50d0606f63c6,0
3f9fcdb0-70ce-4450-96b4-e93ac35075f1,0
3fa3e88a-1098-4aba-8c65-75c27a5a58fa,0
3fa91bd2-7df9-4564-8674-2ed631d70db7,0
3fa9240a-aa5d-4a28-97e3-ba92f32b97c4,0
3faf15ad-5dc1-41c6-8ca1-9b0c740ed071,1
3fafdfa4-eccc-4b85-b970-553199ebbfee,0
3fb864b1-c588-400c-9089-48bb6cb48b05,0
3fbb2b92-0995-4499-89a4-bbeed63630d8,0
3fbd305f-9494-4836-b25a-d506c389606f,0
3fbdb888-756e-4452-b5aa-a24b7afaa660,0
3fbe7f53-5a5d-400e-8864-2c964a57641f,0
3fc97e7a-e961-47c4-99f4-a93fba0fe2df,0
3fcbd92c-e04b-44e9-a5f4-b76b6e14b2f4,1
3fccee99-a316-4ba9-ac00-29425dc2c699,0
3fcd057e-29d8-42c5-aad1-06410e743b7d,0
3fce4693-8a2f-4075-9fec-e84bf58c60df,1
3fcfa4b4-51d0-4ffd-8be5-9129e1624a0e,0
3fd1d193-1dc7-4862-8ea4-68ace7c9274e,0
3fd1e3c1-fe74-4c23-b6a6-adf8bb03180b,0
3fd268a8-c527-4180-a02c-cb63fca19a4f,0
3fd2fc36-19d2-40e0-a16f-2ed319f3c1a8,0
3fd5262f-adf2-4a8f-b5d2-201b7f4ea1a0,1
3fdc4882-c904-44af-af5d-84a03cd735cd,0
3fe0b8d5-7358-4f3c-b7b1-ab012f099322,0
3fe4204e-568e-454d-a072-00d3ba7ca268,1
3fe6591a-1df2-4155-979a-bdbf01658ff3,0
3ff00898-9a1e-45bf-84f7-8cb468cf104a,0
3ff10797-dacb-47c4-841d-445886892d28,0
3ff2e346-a072-4186-889d-669a7810cf35,0
3ff6356d-dd06-470a-bfd8-62f4ced4c261,0
3ff88eee-7f15-48cc-8e91-3550932641c4,0
3ffe33a4-1e3a-4e79-b646-923544b02bd0,1
400270c9-f049-4f8b-a283-7aea91e07eb9,0
40060cca-b4d3-4598-bebd-0df6485e82fc,0
4008101a-a88f-4491-b010-7fd726efb6f0,0
4008cfb0-9da1-4818-bc2e-95719f0d6a1c,0
400c07b9-235f-437d-963c-67045120adce,0
400fbc2d-ddf0-411a-8188-532eaa13d00b,0
40106c2c-854e-43ad-8af2-fb260ba69ef4,1
401181b5-75bd-4b48-9a7a-71ec8cf1718b,0
4013a6e4-cc00-4f62-bc9e-8063871fc65a,0
4017720a-fdd6-4881-b050-f3192c841dd9,0
4019a291-0bc9-4562-8eae-fbdcb895bce4,0
401a6c24-a9b7-4d9c-8414-de970cae23de,0
401c1c01-7718-44cc-ab29-2380d5f5c173,0
401e0188-76be-4ef2-bff7-3c65a63a6192,0
401e3884-c294-42d0-b03a-42ab583c11cd,0
4020310f-ae14-4f4c-86e2-5e54dbc3b7a0,0
402264ce-f875-4718-8835-beea2fd96818,0
40244b46-180b-474f-86c7-f636de9ce770,0
40274541-0371-44f0-829b-c6056b54bfb4,0
4028b6e2-f2e5-43f9-9650-4ed89d32f727,0
40297fee-a0ff-4a98-8097-b2c8a053d91a,0
402aa5af-58ac-4fa2-9d8f-12a8671270d4,0
402f8bc7-72e6-47e8-99f2-24cc391e04f6,0
4030356e-512d-49ae-bd61-c06bfeb3f2f8,0
40348723-a684-4080-adaa-e4e78759ca9d,0
403645f0-be8b-4cbd-8d52-0c0cb942ee29,0
40367591-d028-4601-8a5f-0481e5f10aa6,0
4037728f-940d-4c35-82fb-8f2f1065068d,0
403bb982-ae3e-41c7-9f72-0f5b402a2f4e,0
403bd2a8-40c3-4921-9d8b-1b1dfe065b64,0
403ffd3e-2797-4e8a-b811-49a632eeb888,0
404157c7-39d6-4a9e-894b-d035b64be1aa,1
40428d13-d93e-4312-89f8-bb6812712b12,0
4043529e-b1d7-4ead-9fc9-b3261694da63,0
40464b8f-b05f-4240-a070-3870d57088cc,0
404ba8e9-ef5e-44c7-bc31-618e3a139f6e,0
404ef2f0-7d5a-4e2b-a72f-38140400b1c1,0
405130f1-f87a-4161-8416-c8c103fa5f24,0
40546b28-7b86-4275-b137-105c7fb381d9,0
405c7bc0-16e3-4396-bf3f-d2d10a133976,0
405e33a1-9ab6-4dbe-9173-0e5c39a75ddf,0
40611fae-dfaf-414e-87c5-13d66e7fd39e,0
4061e315-0708-4195-8c61-55266ce4213c,0
4062e0cb-77d2-472f-a020-7ab41db207dd,0
4062e519-13bd-4631-8226-8e5d5aeca3f0,0
40630a95-67d8-42e6-85f9-b77e71e9ed21,0
40667bdb-c0ad-4912-8344-43654d2eba5b,0
406a6f0c-fe80-4cd8-afc9-99c6e496adb5,0
407201e1-7fdc-4be3-a207-3b9eda3d2b47,0
40728c43-b21c-4b92-91c3-a2d6a3983860,0
407334e5-7838-45d6-9864-19f35480f7b0,0
40733ab3-ccb7-4eef-bb7e-d65f6dc0d9a1,0
407358fb-9cb0-4166-9644-64fe5f0d68b2,0
40749c51-8510-4a4c-b859-4a64abdc80e8,0
4078e88a-05ba-433f-80b5-c9049b6bb87d,0
407c0bdb-a82c-4695-b5af-9251ae93455a,0
407dc399-0621-4401-9382-40fcfa327423,0
407f6a1e-e930-4770-bd4b-0f0db68be672,0
40867462-f5e5-4c24-a711-c4fc65be0b1f,0
408aa999-42d6-4606-86e3-e0f50268c967,0
408eb851-7939-476b-bb9e-77cb6f33395e,0
4093b81b-9105-47a7-adab-7cbc84e55234,0
4095cc32-d632-4c4e-bd33-3b938329acb5,0
4095f920-24b6-436e-8b00-21067d459ce1,0
409a3498-97ff-4bd2-9323-7dac2bbf8020,0
409bc8bd-83f2-4870-924d-6f22499d6f2f,0
40a3dbec-61a7-4f56-bc17-46401de233dc,1
40a6daf2-abb5-4b80-b824-f8d90208c943,0
40ac90ab-7a97-449a-925d-5f8805367d80,0
40af02b9-6b30-4e9a-9203-6fe84ce84341,0
40af26e7-e6b3-4394-ad3b-68fb92a6f5b3,0
40af5940-d2ba-4abf-8900-dd8b5e68b1ef,0
40afd553-02d0-46b9-8501-d18149ca1edf,0
40b17511-b0b7-4a7f-982e-21bdb0358d08,0
40b1bb85-438c-453e-bad3-3ca9be4c4bf9,0
40b1e83c-ca37-4151-8438-12c5aa28765e,0
40b48476-bbdf-4966-a631-6c06af2b4517,0
40bbb538-4853-45ee-8c49-764083f8ff3e,0
40bf5001-4fe8-43c5-bcad-49d01fd8f0fe,0
40c1f9a2-9c04-4025-8f8d-227f1fa0b831,0
40c374fa-b023-4abc-afbe-69059d3d78d6,0
40c9fff5-3391-45cf-a4a6-7f86a3753520,0
40cbb8bf-c2df-457b-b306-c94f8dcac981,0
40d0b8f0-58b1-4ac4-b488-223a51a87690,1
40d21f17-c4ae-4137-b5bd-3e72d4845e08,0
40d337ca-afa5-490d-bc57-344fcecf143f,0
40d37905-0759-407e-832c-87e14108f5e2,0
40d3c158-af47-4e6a-baa1-c38ef5d63f16,0
40e0e648-1685-4c81-86cb-d505c90d9a1d,0
40e511eb-2b58-411a-b7e7-ff4c5fd9d579,1
40ee9f12-01e4-4214-a83b-b57e69f86576,0
40ef5fef-418e-4fec-a819-18add09dabf8,1
40ef6b4d-4227-485b-b425-5f441a74306c,0
40f14d45-c3dc-4bae-af35-eb95b27becf2,0
40f7dbf6-71cf-4065-beb7-a2e17e3fa009,0
40faad05-98db-4e5d-b144-a7275ba25b2c,0
4101c2bc-4b08-45ad-b8f6-304e301c1477,0
41025f4e-f832-4586-89d9-5d34e8504dd0,0
41028cc7-391d-4da0-a049-83fa21b40f70,0
41029ed9-83ab-4df7-9523-c04cadecc1dc,0
41035fc1-1f23-49b7-b74a-d6cee96cb7c4,0
41056087-f43a-45bc-bafe-8ea1867ea8ca,0
4108e5ec-8c14-4445-b64d-55364ee16851,0
4109c6ee-c1df-4011-815b-d6dcd82fa3f5,0
410aa0e7-56e8-4eef-b18e-163814e03300,0
410b574b-ae3d-463b-a551-c7d55e652323,0
410f3dab-5c96-4f4b-94a5-0f031e68e43c,0
4110eca7-81f5-45ec-b4dc-220493787d0a,1
4112b23f-0ad1-49a9-a981-cd0f285ce947,1
411af073-a76a-40ce-985e-ee12e1d9d83e,0
411e3e7c-7861-4865-b959-8528382623b8,0
41217eb0-62d7-462b-ba8f-568387ac58b9,0
4121d03e-cafd-4c32-a55c-9a7aa10ff902,0
4128218b-cd06-46a2-9ff7-ad1a0ebd5821,0
41297266-2351-4abe-afd6-8eb41be6ddef,0
412ac2cb-aed5-4292-ba68-31e204aab8b8,0
412be342-8632-40b9-bc0b-ff8d0305dffe,0
412d0e03-42da-4203-8289-94cac989b81f,0
412d1cbb-a943-4641-8205-1bd213117045,0
412dc9b3-e061-4197-8488-6fd0ca183074,0
4130b07c-4231-485a-bc7b-44ca80ee4302,0
4131a7e0-72c2-46ff-8c9b-622adee0d46d,0
413241ec-b034-4ef9-a081-6d348c5d0ac3,0
4132a4eb-0d4b-477d-9dec-70fe9f716839,0
4135da47-59c9-4cd9-a3fe-9eed30a6cc23,0
413749d9-0376-4480-aa9c-ce5daef3f150,0
4138aa84-2a52-4cf3-ad04-15e80694557a,0
413c11f9-08d3-4479-bd89-f8e4ffaa3bcf,0
41428b54-1da4-4be0-b3f5-5ad0957e6eec,0
41468c61-ae02-46fd-b732-ab70949f5088,1
414ad805-41fc-4233-b55e-d6a944558e82,0
414be080-7d51-475d-96bb-08316479f83f,1
414fb639-90ba-48db-a852-bbb063b255ec,0
415163f6-5d02-4cf8-8ee4-92472d63325b,0
41544dc2-ca84-4421-a712-e42b4dd4ad6e,0
41553f97-8463-4700-9d6f-cd8cafee53ff,1
41597745-110c-4cc0-a755-79e0d50c4422,0
415cd03c-0c3d-438c-86b0-ab35b75f2a03,0
4164ee0b-dd57-49be-95a2-af8746dd5401,0
41660e83-4017-43ba-8986-1576a02c3b6a,0
41681b9c-6fcc-4c78-92d7-7cb49897b381,1
416cc97d-f62c-4409-b4aa-ca72d971f202,0
416cd5e2-814a-445c-add4-a11e77f0972a,0
416f1fbc-27f9-4144-8bdc-a680898e0ef8,0
41712b41-0590-46cb-9dd9-0f25e06c1cbb,0
4171597d-6932-486a-b138-1f930607976b,0
4171dc90-9991-46dd-81ce-6ba4313dd0fe,0
417211c8-9f46-4b7b-88c9-55b335d2cfed,0
417252e0-ff87-42b6-9bbe-fc33b37215a1,0
4177bd42-d89f-4107-b0a6-bb798f2e9980,0
417a8ab5-38fd-4e6f-aad8-9bb73a7568e1,1
417ab0e2-3e15-4378-9593-da21243dc003,0
417eba42-0e06-4d55-9eef-75ef73b9dbd3,0
418193c3-3c35-4448-b874-731119fa6b71,0
4183a858-1643-4c63-ba42-ac8fbbff6852,0
4185af4e-a073-4f23-b62b-8eeb7553f5bd,0
418662b0-8d01-4532-b5eb-c68ef23fa76f,0
41869b2b-1a01-4638-8a79-51f966654d34,0
4186c5dd-0a73-49d7-ae0e-cc50f54f55f6,0
418759b9-a3de-4903-8922-b117aa3aa593,0
418bb049-cc59-4420-be25-699dce8c7fa2,1
41927bf6-bc40-482a-a37a-6897798c0de9,0
419732ee-6c4f-45c5-96c2-a0d701b177b3,0
4199af3c-d33b-4791-af35-5bfe70717698,0
419a4a3b-bdff-47fd-88d9-74f78355f097,0
419e1916-3614-43b7-a757-54977a3d7ce5,0
419e5a1b-f7c2-4ed9-bf4a-78aae7cdf100,0
419f18c0-47cc-4c95-98ff-0202b8d1fd55,0
41a0295c-8db6-4b47-84da-aa5cf42a8c35,0
41a526ee-d77b-4796-9c36-8857ff2a7df4,0
41a8ab7c-87a2-4a12-a668-121bb6448edd,0
41a9e738-bf70-44f1-a0b8-a72e0fb74213,0
41b2e15f-0bd7-4ca5-89ad-71d3cf39817b,0
41b3b011-4e8d-4944-b4fe-f5a116bf8115,0
41b9362f-3ea7-41f1-a23d-1ea78f533362,0
41bf1740-e392-459a-b091-c687ffe25b73,0
41bf49f1-f3a4-4ff3-ba25-381d67b3ff67,0
41bfb169-b629-4795-8a7c-049a972fa8da,0
41c57e42-366d-4b85-8e45-a5a3134954b4,0
41c61483-d1ed-4802-b9fc-a2b1b205ef88,0
41c8a4d3-64aa-4c63-b285-6b4d8eeb1c80,0
41cb2904-250d-47b6-b337-bcec2850f408,1
41cc6c41-3f35-47af-bbb9-3be19a69278b,1
41ccaac3-b4a9-4042-b94f-fc9f747a88ed,0
41cf4f92-75cc-4e38-af8f-5592e0d3b4c3,0
41d5efba-600c-4956-83ec-ee2f575f82d9,1
41d78333-7a59-46f9-9e16-1d5190cd8900,1
41d79264-b2a7-4260-9288-355029ecf12e,0
41da3632-78fe-47f1-8f98-7767f42aa90f,0
41dc36ce-0b82-44f6-b28a-68542fd504ab,0
41dd345c-a922-401a-8ee1-84d643a7841a,0
41de2055-2766-4927-99a3-a1058101d127,0
41de24aa-cfde-4ae0-be42-595b7e435603,1
41ded585-4ed0-48b9-a2fb-2d6b7852455b,0
41e3de81-e108-4710-a0df-b75f7f767656,1
41e43f9d-3102-403e-90dd-897aa1042a21,1
41e51b22-3c27-4983-8b0e-d0df1d593229,0
41f122f5-593c-414a-8c93-7e75a42c349d,0
41f655e8-7b82-48b5-bda2-7eceb33b176a,0
41faf8c5-288e-4cdd-840a-9a7e1741604e,1
41fc4fd6-6cad-4bd3-8386-e55f1801c846,0
42005cc7-c1b9-405d-96a5-e1ed44850512,1
4202ecbe-6c7e-49db-a34e-7e761985253b,0
42052861-21d8-4e4d-af53-62f64ca56761,0
42074cf9-30ab-4250-b49d-69650b2f3608,0
4207fc1d-b365-40ef-851b-c19bd9b38e53,0
420888b2-a37a-4ecf-83c8-b1b060cb8b50,0
420cde53-bee1-46fb-9921-5ec95bee2f21,1
420ee4fa-5a9d-4082-9497-56f7fef6f99c,0
421109a0-5d90-49c1-ac54-590c032931e9,0
42120793-7d51-4560-a527-ed37bad8adbb,0
42125cd9-e2f2-4c6a-abfa-6438dbc4cb3d,0
42149efd-63e1-4a91-bbfe-d76a1806e81d,0
4214c88c-43a4-42b6-955e-88ed5a01c9a8,0
421773bb-57cb-4c9a-b3d4-89c5d814c72c,0
421a2ec8-38ef-40ba-aaf3-27a37e1edea4,0
421a88a9-aaff-4ab9-9854-abb7cb7338b5,0
42219dda-2a95-4c4f-bec8-2070fc1340b3,0
422399bd-b5b1-4345-b2ed-97914200bc0b,1
422859a0-7d7f-475b-9956-0e211a53564b,0
422c4fee-f686-407f-baaf-7efb98398f69,0
422d9bfe-8344-4dd4-99ec-cef3ef5a4c15,0
422e1a30-f696-4cfb-8687-dc9c8f46c392,0
422eaab8-af49-49e0-918f-58680db4e22b,0
422ede2e-af0f-49ec-80fd-5bb295506710,0
42355f2c-12d8-40e8-ae94-f301f773e217,0
423fc9c9-eb28-40f7-905f-b5291fd97f83,0
4242e0f1-7800-4132-afe3-2b9c40270e3d,1
4247139d-813c-42bf-890d-06d39de8b3d3,0
424808b7-25fc-47a8-96bb-044a4265c5e5,0
424f3bb0-ba60-498d-8800-012355e7ae78,0
424fed5a-301b-46a7-a991-5f8cd71ac6b2,0
4250bd38-39ff-453d-834e-36b48d28250c,0
42515bd5-1e39-4716-ae78-105ee3a2b535,0
42563012-7082-4f21-9729-073a8b7c33fc,0
42568f16-cbc1-46e7-aee3-1b10520f95b3,0
425b60db-e6bc-4596-b5a1-07f9134c12cb,0
425c85dc-f0cb-419b-bdca-ee5c901a22e3,0
42612b1e-0df1-45b9-aba4-fe3bf8123eba,0
42648b83-a3f4-421c-97c4-68c501bb425b,0
426c3e86-4d30-4213-9ef9-f4c47270330d,1
426ea09b-acc9-4ca3-90e4-c5806d90e5f9,0
4275c3d4-c087-4e6f-b1ce-5e207f91638a,0
42779e5e-bdbe-4fbb-a473-0deb793db906,0
427bcc32-6037-45b1-b70d-1134524bd39f,0
427ddc7f-14f8-426c-a4bb-c8f21b3b344f,0
427f3f30-0d01-4c93-bf4f-6d9fc4e9ad5e,1
428306dd-19ef-458f-8da1-7b8d413eecb6,0
42884ba0-048c-46cb-b2e4-f110e119e71e,0
42884db3-1ac5-4046-a412-bc0b9b51c9b6,0
428d5234-7dd0-4f07-bf4a-88e5bdc381b3,0
42927112-8950-42c2-ab04-5a47f987a5a0,0
4293e8ec-5b45-40e2-94bb-dfa5399d6325,0
4295935e-1f27-47ac-b0e1-c9056b70ec23,0
4299483d-805a-4ac2-b182-f2a79e43d895,0
429b9a38-0c0a-4e81-9edb-a7754e724500,1
429f2fb6-14b5-4dce-860e-03ff64dbe1d7,1
42a12668-2b04-425b-b5ed-c0bad7ac1ff8,0
42a3a626-2961-42c1-83b0-aa847dedd0d4,0
42a67fd1-f442-4b6f-b88e-0aa1977896dd,0
42a90882-6667-425a-834b-6a253d9db765,0
42aa0988-2eeb-4dc3-8a80-ac8547fda307,0
42aa6d99-c9e9-4f25-882d-3fd49060ebe0,0
42ad895f-c5cd-42f1-ae00-e38f3e15f743,0
42adc306-3bf5-4437-aa22-8cd82695aa36,0
42afb3b2-8db6-4cd3-96dc-982ff2ed7367,0
42b1d9d5-6fcc-473d-836d-addee25ed9c5,1
42b3e847-7a9f-42a1-866a-ed9ca859b462,0
42bb14cf-4c62-44c7-8fd4-ec61f2785306,1
42bbf3a2-b4d9-40c6-82b3-3bf3f1482ee0,0
42bdedd5-a43e-444c-be07-34e31f81ac7a,1
42c2a36a-6ac3-4bb9-b3ca-d714a614cb04,0
42c39205-f05c-4b83-b493-14bc78675ba2,0
42c446c2-2f94-4e16-940d-de64d44cae26,0
42c5f3e5-9267-436e-90ad-776616449438,0
42c743d0-d6ea-4398-9559-875c3a4aa7e5,0
42ccd782-330a-40d4-a89a-0f07b3baaa3c,0
42ce695b-94b6-41a5-89e2-0b363ec2820c,0
42d28010-294f-4742-aff5-3183e8d819f7,0
42d2b10b-cdcf-4733-8630-5c5226f42e0e,0
42d2dc7c-a24c-4dc1-8017-2182d916f4d9,0
42d2fa32-c9b9-474e-ab84-ad803d54804f,0
42d6d978-cf8c-433a-8f4e-1ee9172c8a3e,0
42da9ea0-be1e-4014-9cca-06c5d785b2a0,0
42db9081-873d-4aa3-96ad-69fc9bc725fd,0
42dcd704-5143-4411-b515-440be92b90ba,0
42e51b75-993d-47f8-b0f9-a7e83fc4319a,0
42eacd7a-9bd9-461f-b76f-0e2de4db95f3,0
42ec0751-a0eb-4b4f-87f0-756ee1eb2d97,0
42ec303a-1c57-4199-a1fd-e9055f81515d,0
42edaca1-57a9-4449-8887-202f1aa40174,0
42f232c9-38b2-407a-a697-0c5d4c259faa,0
42f460d7-c5ad-4b90-8872-14323112a435,0
42f4ebb2-6249-4f7b-aa19-2144f04d38e6,1
42f5fb04-2260-427d-8961-2e49ae7f0bd0,0
42f6052e-3aed-44a6-a4d7-6da0fc5edf96,0
42f8ab1d-2859-4ed5-a4f1-3bc33dac9fb9,0
4300f709-88cd-4f43-8903-6b6903e5aa3a,0
43052dce-ad3b-45d4-9ad9-c09c3d84413d,0
43061cd7-5684-4671-9963-54a55c9d0c16,0
43062730-b803-404c-a933-24d5f8c23cfd,0
430a0d5b-87fa-424e-abf7-5ffcec407182,1
430b2372-5775-4b3c-9463-b852854072cb,0
430b5698-cb17-429c-8295-188fe597ee88,0
430e57b3-4d84-4276-aa51-aa79646db12d,1
431e82d6-2590-4fc5-8d02-0b082c79ce00,0
43253166-9fcb-4880-a6e4-93a20670a5e3,0
432732e2-7c0d-4f3e-a3f4-97d2c309fe71,0
4328e225-939b-4876-88c4-3fd8b88e2940,0
4329649b-af5f-4b12-8e1b-7788900d41ec,0
4332321a-2ed8-46b1-b23b-e4ad43938a02,0
4333b0cb-3f94-4539-97d1-0c671ff8aaf5,0
43362cd5-a0c7-47fd-b1c0-cb128c7c193a,0
4336d332-3b6f-4568-af1c-d510eac12ce1,0
433a7638-8caa-4ec7-b1b4-787f7a69ada2,0
433b5148-111c-4c87-a1ba-8a532c3b61b0,1
433c6d8a-f7cd-4b20-be27-109be9a8b47f,0
433c76dd-fde4-45d4-8921-5e9702f88ca3,1
433ca202-b9f7-4dd6-b683-6c09c55008fc,0
433f0515-1045-43fb-b703-a53d9bcb2297,0
4340c815-6ea3-456b-b8c6-8554855d4e27,0
43452fde-1959-4f3f-be52-9b134405b7a3,0
434840be-f065-42ff-a51d-fbf0a16ad23b,0
4348bcbc-2a80-49a4-a3ea-5ae00d4ed83a,1
4348c785-13e9-4861-bab9-ec8c6ae0a1c4,0
434a4277-b935-40e1-8821-47d6fb4b2980,1
434bf5ff-f3df-4be1-b846-3e82950a99ce,0
434ce7c7-4bac-470e-8fc6-41a7d9495f8c,0
434cf4e6-8fb0-49e1-8a79-57e6c7df91d3,0
434f367b-fc9d-4029-a623-63cf1d87c521,0
434f43ab-6bf7-4bd7-8835-80eb05c34a31,0
434f704b-4003-478c-bdb5-1738a9a7a084,1
43515d04-09c5-4db0-8b0e-c80f95634633,0
43520fb1-1be5-4744-a401-7bceffbcb5f4,0
4353f180-d0c2-4ecb-a8e0-78d2111cc861,0
43558754-8a4f-4705-b63d-1068da56dc81,0
43575193-c164-43e9-953a-033d3e74343a,0
435adfd9-ab8b-4100-b76f-ff4c7671f774,0
436196e9-bb49-4c44-82bb-e50ec53d000d,0
43672e51-548f-4dbe-924f-e078c5e32f52,0
436aeab4-3de5-41f2-acc0-38bddcfc565b,0
436c6cb6-75fb-4f48-93fd-fe87d3752c73,0
436c85fa-417c-4003-9374-e969d1677547,0
436d197f-3dca-42de-994f-0b503172540c,0
43718d77-ebcd-460d-8911-f92e5f609e12,1
43725f94-399e-4fbb-97a3-d9ca27b60775,0
4374f1d7-05ec-428c-89b5-79b2ced80b5d,0
437ab3fb-098f-4643-8647-f7bdc6e0ff8d,1
437e0ba7-a636-42c1-84e2-4e043c569419,0
43881b5c-57ff-4d77-9874-a634cdf777d3,0
4389908e-2074-40bb-9b52-ea300e36222d,0
438d350b-2a1e-4ae4-bf09-a8ab29311035,0
438fe5a0-72e1-4d20-83e8-ba75c659923b,0
43945ebb-c63c-4169-8493-8bfe2994f519,0
439549fa-4b95-4b58-9d32-6c92334dcb82,0
439d6a1d-7625-470f-97a9-fba862e2261d,1
43a5864f-06e3-4e0b-96f1-d0ffad8f20a1,0
43a5a157-befa-4150-b23a-d839eaf0edcd,0
43a86160-83a4-4d5c-939d-e98731f5a562,0
43b0a50a-42e4-46d2-acb6-e1caabff55d3,0
43b45142-816a-47f9-b43b-093b26283486,0
43b47692-d31f-433a-89a5-5ac57b878f6d,0
43bbf53d-8c2b-470a-ab72-ad2fbeec4bd0,1
43bd851c-724f-4ab3-9d9d-5c993658427e,0
43bda7eb-517a-4671-b4f5-eb5ea5d9322e,0
43c10328-aa0b-4295-a39c-41e334bae1da,0
43c1d0e9-d2fb-477e-9f5b-e4dd087e7cbd,0
43c1da00-74c2-4692-a87d-08369e1cfece,0
43c37963-ccb3-41fb-a643-6fa404e1da2a,0
43c64ccb-142a-46cb-84cd-5295f229d435,0
43cf7b20-543a-4344-8c2e-c0064014cd72,0
43cfcb42-9df8-4694-93a5-a09c1dd3f9e4,0
43d322da-66b9-41db-93ac-f3e05d08b2ef,0
43d423f8-9a98-4785-88f4-ee2e112c3762,1
43d49cfb-fec9-498d-88dc-624d51b8792b,0
43d6271a-0539-4cd4-aee9-49d3032180cd,1
43d711b0-7a7c-4918-aa51-5a93b4913ee2,0
43e2b08e-ce72-4de2-82b4-7754161fee15,1
43e35f7f-e40d-48b2-98c1-db5c607caafe,0
43e48d28-a332-4e5c-9284-e8bcac20be41,0
43e64f49-e3df-4d16-ab18-4cfd7b2872cc,1
43f60a35-29e6-4ea1-9ed1-386365de943e,0
43f9c651-2c56-4fcf-9f66-dfd74c9d3392,1
43fa06a6-ec61-4872-aeea-35dcf9dbe9be,0
43fd7ee1-ff88-4859-adf9-93024e9cced4,0
43fe07bc-de8f-4c55-9665-a3a8fba75010,1
43feabac-3ce0-4412-b7fa-f2a7f5f4e5ed,1
44005417-6572-4467-9df1-dd912cd68ef4,0
44024f21-da47-483a-8296-ede1f9af70c1,1
44033e55-f8ba-47ec-902c-e088310068bc,0
4403535d-a8d7-4f61-a4f8-3f4614b64311,0
4403b817-b3b7-4d84-b1c4-f84900402533,0
4407835f-0a21-4c44-9c33-41849b92b197,0
4408dd5c-dedf-42ca-abb2-bc21ed7fe16a,0
440b6d3c-c160-4425-8df6-2812aa098c45,0
440ca674-8e1d-431c-a7c4-d3c8b7972064,0
440dc5b2-2c51-4a76-b94f-9070969e5a30,0
440e67ae-2891-46f3-9784-0329b7d01618,0
441d59b7-fdac-4bc1-9add-c8588000e6b4,0
441f7ab0-7c30-4e74-915c-54753dd2d188,1
4423646c-66ec-4ad9-b128-b6d576e1c5d4,1
44240320-2648-4c2f-9b22-7fbb41b650ac,1
44240d0e-5996-4060-9935-4e8b65b81de3,0
44241826-d2bf-46d7-9689-a665362154a4,0
442b1759-8c1d-4aed-8ace-2b2c10ce77e3,0
442e091c-4a07-4d0a-9e9c-e4e9b0be4061,1
442e13d9-49e2-4bac-a3bc-87598d0179d7,0
4437aacc-3c70-4b98-ab22-d6df599d7dec,0
443a11a8-3479-45c0-b0b7-8e96116853aa,0
443e2d5d-f1dd-4a3a-abf8-419aeaa69f3a,0
443ea57e-1637-459e-86d6-e5000a12ad0c,0
444445dc-6f9f-47ae-a59a-fc92da03532e,0
44476342-f9dc-44be-afbf-6dfc9aa603da,0
44485572-d769-4354-950c-63ecf23eece0,0
44495739-068d-4b81-a1aa-37fa45398b6c,1
444d0227-019a-45a1-97e4-e8aad61f101c,0
4452c4af-c488-4175-bac0-5a5b58fbea3d,0
4455bb94-95b1-422e-9724-21e17beda34c,0
4457ec83-1004-477e-852a-f3019c25d217,0
445dc787-0b60-4468-8604-d7d8f80a3d27,1
445efd58-7f28-4a82-ae9f-ccd53cea7f6f,0
445f9459-19a3-4fae-9e5a-2296690909bf,0
446297ff-568f-424f-8a6b-d6b74408833b,0
4462f110-2b31-46b4-975f-072904254802,0
4464143a-861c-45de-ab37-2045397999e9,1
44689475-d6ca-4107-b6ea-67cfcdabfcc5,0
4468b96c-07a5-45bb-a8a9-3319aa5e2e03,1
446a5778-389d-4ef8-8257-77338147fdaa,0
446b2102-5708-41eb-88fc-ae58bb8ca141,1
446e3331-960f-4c98-bc11-4ea85e9bb1c9,0
4472076f-26a4-467e-833d-96653e741ec5,0
4473ab1c-3ddd-42b6-942b-b34effa0078d,0
4477af3d-7ec7-489f-a923-9f84464ad111,0
4479b017-9d5d-475b-b807-032986805c72,1
447bf4c2-26e5-41ce-8e45-3717f3d8056b,1
447cf85a-ed76-4bc3-ae02-78b548a894f8,0
447d9fb2-5d51-4933-a02f-515576f3599e,0
447eaf30-5892-4b9e-aeaa-bef5d0edeeff,0
4486a848-7bf2-487c-8bf6-65ab83669622,0
448d2dd8-b5e5-4922-a7a3-527d588d6f7f,0
44945b74-e207-41f6-83ad-f71cd30f041a,0
44970be7-44a2-4321-81cc-af0aecae954a,1
449a4911-6bcd-4dc7-811b-718e023dcb01,0
449b0986-2d85-4376-abb0-02b4264c3f69,0
449d1743-c4a4-4448-ad03-6cb25879a1a7,0
449f79b7-6904-43aa-8455-f34a8f662f5c,0
44a2a85f-5e84-45c9-ae88-24e7a093e7bb,1
44b0ae6f-ccc4-40f3-a09e-487da3717e81,0
44b382f4-1cbe-4429-b4da-f833cd3d222c,0
44b728ed-6a23-4700-9385-729ad9f9dd85,0
44b7d028-30f4-40b5-aa84-5a93aaf4da15,0
44b85e93-ce18-482e-bce5-112b13324eef,0
44b86d49-c175-4731-8352-ddd323dbe05f,0
44b9ce5d-d825-46a4-8eab-de12185dd5d2,0
44bb6a00-1fb7-4eba-b166-2992cc5edfb1,0
44bb8c39-5fbc-47a0-9077-e7e6d231905c,0
44bc127b-c2e8-46b4-a58f-a435360d2fa6,0
44bd0d60-81c1-4d18-b431-fe94c4faf3e5,0
44be489c-1667-4990-abf8-f770c1ac8975,0
44bf7ceb-edfb-465a-9d72-62b40b6ce75b,0
44c20614-9d83-42cb-9c09-4c80e76f7d43,0
44c532b3-a814-4e3b-bbe3-537e7b26fb55,0
44c869ab-88c9-47c0-b74a-0c2448ea1b67,0
44c94aa5-caed-490f-b92c-eb101eb2c0a4,0
44cefac9-13c8-4941-b034-27ca7f47cf73,0
44d5408d-ee7a-4f09-b5b0-28e0da56822d,0
44d6100f-6ec8-4f2e-a6f0-6806aa8e598b,0
44d7d681-65f0-4cc2-a3dc-ab511f2008ad,0
44d8262d-01af-4dac-bc8e-0dbce1b9ce5c,0
44d97840-655a-479b-9e9a-403ab8ce07bb,1
44dac6b2-9ec1-497f-b375-ef45e6f40d82,1
44ebc2ad-7514-4f86-9cf0-98b9d7a6384b,0
44edbe5d-74a1-4288-b3a7-67e3b464bdab,0
44ee5565-5680-4636-a17e-667537347ac4,0
44ef2e05-aa7f-4a93-819a-6e33efdce1e8,0
44f2cde8-e9b6-42e0-b250-db0541061737,0
44f3396a-7974-4be2-ba14-4959fd10800a,0
44f66930-eb83-409f-b977-e41d1153c91c,0
44f86beb-e430-4884-a97f-21340d3cabb0,0
44fa9833-9f20-42e7-bbbd-a4a2a713a93b,0
44fed934-ede1-4741-9b09-c7ed00f8c686,0
4502eda7-bb13-4edd-81cb-39d70b2a65c2,0
45081fcb-8196-444e-881a-181d4071998d,0
450e2d3f-4a8f-4f1f-a860-34120b76591a,0
450ed73f-a057-4c18-8d81-5d99a10f760f,0
45104183-eeff-48b4-a33b-c71aa2ee8d29,0
45105a70-0244-4339-92f9-b8b616466da3,0
451413cb-0f40-48a3-9351-9158dff2d67c,0
451a0305-7c3e-46f1-84c3-65a0bd61baaf,1
451b8f4b-975e-4897-9407-bff6f33f45e9,0
451c481f-05b7-43ba-8a70-c271e3eeec6c,0
451dcf71-ccf7-4534-83ce-8934c80afc82,0
4526d094-4a41-4ced-84ad-05b91c6e2341,1
452bff7c-3323-493f-844f-b100242f5284,0
452f6e2e-ee35-4dbe-9ef6-e4e8f1e36cae,0
45342780-2f57-408e-b0fb-f00f2a9d768f,0
4535a50c-6aae-4e5c-95ef-85cc69eb4a6f,1
453988dd-1e75-4589-b0f2-7bde3771e17f,0
453caea3-fa30-4da1-a4e6-47ccbfadf85d,0
45418a7d-dd9e-44b4-b12f-c7ddcba0b5c1,0
45456f1a-29a2-494a-b1ea-9f2f5dcc0c2e,0
4545cb2d-14ef-4383-9ea7-5bba2b279bd0,0
45475cd9-9f61-489f-84f0-f45e1adf2291,0
4547f1b1-6f06-4846-8837-f2aa055acd12,0
4549caee-1ef6-446a-b2dd-ef75a0d2e744,1
4549ec34-e378-4683-85bb-7424bec26850,0
454bf64e-2577-43b7-b631-8da69f868be0,0
454f68dd-7a0f-4315-b422-fe57d0ad8e98,0
45500f67-3a0d-4ad1-a4c9-e118f077d172,0
4552f74f-7df4-47fc-bacc-01867b103949,1
4555d602-3d6b-4a34-b31d-545472caedce,0
45574014-7261-4a54-aef1-be4638e5afe3,0
455d9198-7b12-4ae2-a080-9b5655d6217d,0
455ec103-ecac-4b43-9c5f-52e6bcbc989c,0
455ef8fb-3ca7-4fba-9aa7-ed8aa77556f0,0
456208bc-3316-4702-9a6f-1cd5d6bf900a,0
45627468-7055-4b8b-8025-9b6aef79e392,0
45633592-3351-4ade-bbbf-e3d4e6381409,0
4563ce00-0938-40f7-bfac-e88f6187e88e,0
456435ec-f31d-4546-a239-7ae5f70b043d,0
4565b5b3-0812-42bb-b7ec-652a8227359f,0
456d747b-a229-4a7a-a224-a68fa534215b,0
45741532-f871-44f1-a807-0455c8bf8964,0
4579c7e7-d676-4abe-a57c-cb889b93fb66,0
457a0589-711c-4b7d-b29f-4c9f29d7fb02,0
457b4aa3-9578-4975-9dbb-4d7a61e08237,1
457bb8df-11d5-44a3-bdf3-974054bd14f9,0
457f47c6-9c88-470b-aa1f-5ff8f7ccb948,1
4580aaa9-c1a5-4e6e-9ffc-caac89e9c7e1,0
458921bf-2f96-4193-acb5-3f2fc78a1944,0
4593b4a0-f6fc-4c18-b11a-9af9a51f6f34,0
459a2e13-5a2a-4cbb-bd60-35a6b53a3e88,0
459e171e-43a4-444a-b144-0b05c94c35fe,0
459f6fdb-20af-4249-aa68-b5a43d455449,1
45a0525c-7203-47a2-93f4-aa6b38f718bf,0
45a17127-f708-4a9d-a714-1a4ecac9f768,0
45a3a864-26c7-4456-b8fd-97f0a02559ca,0
45a3fc68-8b6b-46c8-9313-4bf2a9cab86b,0
45aafe4e-2db5-45af-8144-17d9cf09b237,0
45abeacc-0fb8-4285-913a-a4ce3853b0ff,0
45ac49b6-9826-4872-a4dc-3b5d9a9c884c,0
45b0dfe7-3121-4e15-be58-83afe7484a90,0
45b31f6e-f178-4923-938b-12c1b7e51989,1
45b4a7f0-b81f-4a7d-bf99-27dd3003ef65,0
45b5091f-72f7-4a15-a138-f72da7f89cfc,0
45b74dad-e9d6-49be-9793-6e2f3548d036,0
45ba6ec6-aef9-43c8-8202-7920b6a4bb9d,0
45bb1642-af8e-4da1-8d91-ff45ecb93e12,1
45bc5bbf-036c-458f-bce7-13708300984b,0
45c348fe-76bb-4201-9057-a009da9ba08d,0
45cd909a-938b-4fee-a6eb-219c77392425,1
45d12648-1c65-405c-a51f-b161ea4f99f4,0
45d2861e-666c-41d4-bcf8-667832ba0d03,0
45d6345f-5d21-40e8-823a-36d8eb79a76d,0
45d63530-1a60-4cd2-a9b7-1c01df913b3d,0
45d66a78-34a1-4f4a-bc7f-344d4b671ca6,0
45d84a19-eb73-4e10-bd13-8c8f1c487887,0
45e5d9c2-4821-4513-b55b-ac5c319bb21c,0
45e749da-61d4-4369-a877-09784390a895,0
45e85cc7-d653-4531-84ed-5d7fc16aa41e,0
45ed896c-d0d4-4fa9-bb98-636e0842c023,0
45eec895-0e4a-467d-966a-2e2bfa5e26d2,1
45ef0aad-23b3-4444-87b7-11dc8570e015,0
45f36342-0a46-407a-89a7-58ace65a6dc3,1
45ff2dc9-922a-472c-b04e-bef336709d36,1
45ff8c18-fa3e-4168-bba6-037f494cc336,1
45ffa02e-9fb9-4adc-8558-1f669ab6a3f8,0
46024034-a0c9-4c96-9187-b42581d71ff0,0
46032989-7f70-4140-b7e5-2bdbf20d65b3,0
4604049a-6a1d-41f7-9903-3771e5589774,0
46065be4-1dd0-4081-a8da-895d0da3f224,0
460a3166-0ae9-4a95-8d8e-db304d3de87d,1
460b5a99-6a4d-44e2-9437-de43bda0d371,0
461190fc-b08a-4d46-a32e-d49afa26aff4,1
4617593f-6235-47d2-aa40-2aceb204c89e,0
461defe9-ea34-4635-bdd0-e7c2c3c2cf83,0
461f86d0-8b87-4d4c-bdc8-190415516337,0
462233ee-c027-41eb-84f4-8358ff48dffc,1
462498e9-e80f-4c8d-82f2-f0c082dbb6b5,0
4626be79-4f53-4b05-9539-d77fd5491e74,1
462b6ca7-74b3-437e-bb78-f46a359bb052,0
462c697a-a0d3-4a52-bb77-bb22c6aafac2,0
463077db-9122-4e87-baa1-1a2b7ca3e9b8,1
4633957c-5eb6-4504-8f04-3150e2a8d56c,0
463669f3-361a-4a01-82c0-4d8bc1bd59a1,0
4636a91d-f1df-477d-8a9b-a27e9971b771,0
4637a8db-752a-4f1b-9e0a-366db34afd3b,0
4637f2da-4096-4224-8a4c-92c58d5a4446,0
463b2a4c-8364-487a-8217-b48deed47cca,0
463ce640-b2a7-441a-a66c-fa41fe3f97b2,0
46403924-eeda-47c1-8b84-07925d6bf3dd,0
4642147d-4238-4e36-802e-6943eee2169e,0
4645b6ad-975f-4d1f-8015-1adea8351ae9,0
4647b1f0-784b-4270-bcae-6480511a475c,0
464a7094-2513-4ac2-8845-1a816899f2b5,1
464b94d8-cf88-4093-be1e-e9b9f4b0e4df,0
464bd06c-5baf-409f-90cf-34861916a191,1
464c04a6-737d-4f88-b0cc-d11146bd109d,0
464c8cb1-f16b-4bbb-a919-236fb5012641,0
465c50ca-1483-4140-b730-fc954396e586,1
4661538e-8d94-457b-a04f-13f43061774e,0
466294ba-7140-4db9-95be-1c938655ba7c,0
4664641b-f91f-4fde-9793-ef86a6fd3a53,0
46696a3d-b2ff-42fa-a23e-850c230f2e9d,0
466ad359-9036-4850-8a26-d18cb614bc01,0
467206eb-0a25-474a-b1c5-2bf3a026e6c1,0
46743a07-03bd-439d-8e56-3708872f4c37,0
46754033-d2c3-4c15-8572-347518c9d714,0
46774f80-97f3-4f7f-9988-c1c7ad704f65,0
467dbdb1-a232-4791-a5e6-1bb961838c3b,0
467de9c0-b96d-4a70-be10-797527a2c1db,1
467e25b4-6fae-4216-b4b4-4da612be75c2,0
46828518-8d53-4d14-aeb8-1d3acf6ad2d1,0
46838edb-6b11-4774-a35f-58d74fdf0da4,0
468464dc-e6b5-48dc-a40e-b64f2c37e5de,0
468a0215-3fa7-4dae-99b0-da2ca4de8078,1
468b25a7-e071-4630-b098-d3f91efd94db,0
46908141-edb2-4ae5-bb8c-487f1e271407,0
46913c43-af92-4b84-b847-9743bd2ee756,0
46926838-a1cb-417a-b95f-93d5886671fb,0
4695c611-de58-4b9f-ac07-e55e7bab3349,0
46961b2c-1153-476c-a7a2-c8a0929c6bb8,1
469718cb-0da8-4c1c-b2a5-231cc1bbde74,0
4699f33a-3862-4902-8ab9-363a211d12c2,0
469c091c-7afa-47d0-9db5-1b795c95f107,1
469cb8a2-b27e-4b0b-ab83-71f3dc111bc6,0
469d1e22-978c-4754-8c92-d9a5073c58f1,0
46a1d5e1-4c87-42a0-b711-7b17da25459b,0
46a22860-bed4-4fe2-acf2-b8b1a95a1187,0
46a40471-ce34-4599-869e-f4ea7f119fcc,0
46a9258d-18f2-4527-9213-2cc3fb340e53,1
46ab5963-733a-4374-a523-d355581c25c3,0
46ae0e2a-2c9f-4dfe-af17-35565cb5b275,0
46b16c27-f0e7-4162-b995-87984e7d5a03,0
46b1d621-3fca-4637-82a5-f31986a5185c,0
46b2b9e4-093c-4918-b563-48dd135abc40,0
46b55a22-0c67-4dfa-b9de-a4b3507b81db,1
46b735ce-c0ea-477b-89c0-7bcbea3c9a2c,0
46ba78a7-6d8a-4ba6-b368-05e2d3001385,0
46ba876b-5f9b-4968-b109-ec0c28789a9a,0
46bcca68-0351-4683-ba91-c426cd3e8507,0
46be50b8-3bd7-47da-bb66-bfcafca45c6c,0
46c02731-4c18-4780-a8ed-7d8bdca96377,0
46c17a4e-a247-4d6a-88d3-71d421ff9bf4,1
46c2dbab-0f48-4c81-bce1-4a904c5f868c,0
46c4e381-0c18-4f61-8cdc-d834937c87c3,0
46c7e1fd-e380-4035-bcbe-921a8e004f66,0
46c85920-f9bb-4031-bb5e-ea0b0a7c9145,0
46c9b386-3b41-4f39-ad83-86c5f39edad5,0
46d36f6a-545e-4380-b867-d493f607ef6f,0
46d4eab8-0126-4b87-9de5-45ae12aedc09,0
46d508d4-782f-4c65-9a36-d771fbe5fd8e,0
46dec11d-a880-45da-97c3-217bfb787c6e,0
46e0c689-3cd0-4586-9acb-643c2e404724,0
46e6c436-84f8-427f-82ae-41fe8a95cb67,0
46e7c748-50ed-427b-abfd-570bc1f44a56,0
46e96ad5-fb6f-452f-93a5-f7a79045fb3f,0
46ec405b-16f1-4ea5-81c3-2a62dfbe5b7f,0
46fb58e9-7e25-4979-9210-6c83690e0f4b,1
46fd5ab2-c56e-489c-b154-c7d0d4494d3c,0
46ffb7d3-b0c2-40a2-86d3-4d55b747ecbe,0
4700d49a-9606-41d2-adee-ffa942233780,0
4703d4f8-d811-427a-acdb-c6cc9b9e642c,0
4704c3e0-0a62-42af-8147-4e4bbf61863a,0
4705113b-af19-4a9c-a0ec-8600cd863796,0
4705d70b-fd31-437f-9564-b360936fc002,0
470a91f3-2558-4fa3-aa0e-8bb432d8dca0,0
470b020b-49b7-4bd4-9e5f-ccfa8985b277,0
47116edc-8e1a-46a1-b135-309109cc103f,0
47140004-b640-42ed-8392-0a6aed9a68e0,0
47193bc7-1cda-4998-b63e-0416f2a9ee13,0
471a1557-78ac-44ed-97ef-96193df70207,1
471dd870-54ed-4454-b273-55ca8100d268,0
471e4fce-e712-4ee7-909a-d417da668db9,0
47229c00-024c-4fb3-8f1b-d07c2c757859,0
4722ac50-acd5-439a-8029-e9f58f9b1fd4,0
4725a3b3-6a2e-48be-b429-6a8e82c0adae,1
47267412-1b5a-4197-bd87-ee01ed8f2637,0
47267525-5f2a-4b5b-91c7-46fc751302d9,0
472a4382-2416-43c0-aafc-b531c9af1099,0
472b635c-874d-4b2a-8d83-dc029ede35df,0
472d80dd-2d42-4ecc-90cb-246939b44052,0
473614e6-61c3-4778-b9bb-2b9c62217664,0
4736b650-de99-41b1-8ab3-6ac3661d2826,0
4739ba7a-8e0d-4be1-b12f-8f20465037b0,0
473f4ab9-d8d1-4713-b283-16f10f50fc43,0
47414225-f89e-40fd-99e6-ef44201ac10c,0
4747dfc3-3632-4d7f-a83a-52a004f5e2f6,0
474a05cb-f18a-4536-9455-2e57936ce95a,0
474d9c7d-6b67-4e16-a7f0-4bd251156a14,1
474e4bf5-351b-48ad-b647-1b5e62eb9a05,1
47583ab8-1fc4-44c9-81a2-e9a82021232b,0
4759fb8c-067f-4b54-9162-adf7b7732b53,0
475e3acb-5046-4de9-b2d3-6a1e0596e03e,0
47666cd0-7ce5-414a-80e3-3b22a556cb72,1
4766a711-b7e5-4d67-8473-9e4ab4752fa1,0
47690f56-8141-419f-9368-f7e985b84158,0
47691eb5-3902-43c8-b015-1c24db3c283c,0
476b6ebc-0f5c-4ec6-9dd6-f0a621f7f6bd,0
476e2cde-8a6a-40a6-a3dc-353245e462ea,0
476fbef3-31a6-44bd-a375-8c596a27874e,0
477068d7-4815-456d-b01d-8bdbc3b83897,0
477b5369-fee5-4ca8-b347-b8606dab35b2,0
47839768-4d37-4514-bf38-69df86f16ad6,0
478e9dd1-52ea-4c29-90c1-e91689561a2b,0
47921e66-4b4e-4672-af50-f08fbbddc787,0
47959580-6d8a-413f-b543-953aeaea34d8,0
4796163c-2885-4edf-bf5a-27f1a8496531,1
479bde51-6400-4261-87fa-d29b5420dff1,0
479c8cf1-0ef6-44c5-8962-c255685c4fce,0
479f0224-6974-4e2c-b90a-3cd085af1444,0
47a4cad0-4797-4284-9140-c8214da190e7,0
47a62220-41de-4015-ba63-a1f328458faf,0
47a65b7e-fd73-4667-bad8-c09cbb2c9d03,0
47a6f20e-f6ec-4151-a079-b0929fef258a,0
47aa3391-c694-4d18-982e-ba0b54711b57,0
47aa3e6a-9063-490d-bc63-82362a22ae19,1
47aae8e0-6419-4506-b1a6-4c0d2d921a56,1
47ac1341-8bd9-440a-a7f0-c0bcb9544b70,0
47ada358-205a-429c-bc67-90b32ddb2941,0
47ae6247-2c8e-4d7e-916c-0d9999240725,1
47b055d7-c65a-4ad7-aac9-f6306296927b,0
47b6c5f5-f73d-4aeb-95f9-6572a00ce9cd,1
47b6e845-7a87-4f19-bd73-667b1a587717,0
47bd1058-a6bc-45df-a86b-ffb953e9ebf1,1
47bf85f1-0b61-4423-ada8-69690da355ce,0
47c34dd9-7f21-430b-8a68-f6c3ba87eaf2,0
47c4b97e-07d1-4ec2-9764-722eedfa208a,1
47c61fcf-94c3-4fe3-90b8-6e8cce2ebd02,0
47c68069-546f-41d3-bc1c-b9d2f35cb2a4,0
47c83c2b-b233-4614-857e-ae978264533c,0
47c96495-7db3-4694-a1ab-d90aa9994cf8,0
47cbb1a7-4396-4e5a-9623-21eaf85c5eba,0
47cd4bb1-320b-4a01-b0ca-c15276967415,0
47d45925-6526-4fc7-8140-86ffe2d4dd70,0
47d4de83-1973-4290-b9cf-3c6d1d42f943,0
47d6050a-60ed-45a0-9d76-d4b464e32409,0
47d65a65-f8c4-4c0b-97eb-be47fae98057,0
47d6eaa2-9b9f-4186-b9c2-5bb719b7d718,0
47d87ee5-a885-4d9a-8407-8c166bbe25ce,0
47db7392-e5be-4228-859c-19bc0bf3b5ac,0
47dd3e02-fe2c-4977-a5db-62eb64e6b0e1,0
47e27c4e-6ad3-41fe-879e-8244a676f640,0
47e4d9a9-4995-473b-9ef7-d35a27157f67,0
47e70874-459e-492c-bd9b-3cb2fee6b948,1
47e943bb-b099-40df-8c95-44ae1c29016f,0
47ea7f1d-1143-4082-a934-afd0c54d0584,0
47f1ba67-895a-4bfa-adc1-5dd16f588c4e,0
47f3fba4-cc5e-43a0-8a3f-55a91a6ed0c4,0
47f556d3-8616-42a6-a6cf-84ae6e72bbab,0
47f5a7bf-2933-41de-a648-52fee8da2810,1
47f637d2-d6a7-43ea-b707-a8f58e58c8d8,0
47ffe288-4ef2-4f84-91f9-5e014d00c6aa,0
4802a059-876a-421e-ab4f-85ef173cc408,0
480ada60-7106-449f-b68c-d7b1d106c068,0
48124076-2794-4f77-b95b-c050853304dd,0
4814da73-aac6-4a39-8036-db86e3689327,0
48196dfc-885c-4475-a735-d2e6206046c9,0
481d4326-f621-4a1b-bc23-905fcbbe2131,0
481d8eda-7c0f-4b8b-bce4-f164abf34550,1
481f323c-0b10-4f48-9fd0-7a9db51b9229,1
4820fbd2-ce0a-4ed7-a408-0b0601cc7413,0
482228cd-de2f-406f-89b2-dd47f8d12166,0
482685a1-d8cf-491b-99bd-6013d7bc6de4,0
48282af3-da31-4cd2-b746-194c0124a613,0
482854d0-700f-4954-b205-2393b7719d99,0
482a51ea-a4fd-4597-83b8-60af3e523826,0
4831b35b-88aa-4536-b5b5-f55ec9c3e2e4,0
4831c40d-81ba-4928-ba83-8e5a4c318abe,1
4832f26a-1638-4d0d-8327-14cc06ddfe9a,0
48337336-bc89-40fa-b975-5b3ecc8c4cd2,0
483a1f7d-9d02-4f5b-8905-edb5728123bd,0
483eb00d-91be-40b5-835b-9d2b0c5f3ad8,1
483f7cd9-935b-4696-9a92-66e5339f81d7,0
48462224-86b4-48f4-ad24-f52db02f2f82,0
4847827d-69e8-47ba-bca9-4239ed7249b6,0
484cb2ed-d437-4907-8cd6-8adb3df8c550,0
48514e52-e0da-495a-a2be-9acde5a8cb1a,0
48532485-7271-470b-8149-7cddb7f05d07,0
48562e68-10ae-4ca9-802e-466c791c7403,0
4856ef51-b4ad-43bf-b6e8-99a70209cbbb,0
485be6ff-2fa1-4e7f-acce-306a2e0e2ba9,0
485cd38b-baa9-4250-97a2-a51e60030eb0,0
485ec4e7-6dd3-4894-ad9d-5f0bfeda8f4a,0
485f9229-d343-4d20-a090-82fb95ed05cc,0
485fa5e9-f43a-4f16-8be3-f769c143e0b0,0
48621953-55d0-4ec4-a39d-18e34bf64cfa,0
486444e1-fecb-4ae6-ba19-749d9dc107f9,1
4865f755-31b8-4fd3-b0e3-00f7c7fc893e,0
4866dd9d-d9f6-4753-9839-a2caf1ee7fca,0
4867f337-7cd7-4a2d-84ec-0460334e8aaf,0
4869f72d-8599-4db7-9644-2b9993c87cc6,0
486d1556-b4f6-4adc-a3b6-5e44415b074f,0
486dd206-58fc-4c3a-ac63-3b9386dd7780,0
486fb60c-6732-4c8e-b872-e70b7c98b46f,0
48700dd1-1d9b-48f8-9620-1a9c9f5f2e6c,0
4872e663-4445-4085-a89d-f6d853739fff,0
4873ebc1-8657-4b65-842f-b8c1905c8b65,0
4874398d-15a2-4502-8440-8836e6d9c6e3,0
48744616-6ec3-476d-85e2-1b3d1144213a,0
4875302b-daf2-4415-90df-889042f1630c,1
4877f22c-4c9e-4184-8b17-eb6f64960505,0
48781c90-d78d-40e7-a014-dc0eb8135343,1
4879cdbf-8de0-4aca-a08d-825810c6d147,0
487dc1a0-c096-4736-aae6-e49f1b186caf,0
4881eefc-e452-48fb-8a3f-01fb866bbeda,0
4883b4c5-8798-484e-9945-9b9c2f018510,0
4883fc2c-8cbe-45b6-8686-0e1aed8ae3b2,0
4887a7d9-a092-4f86-9bdb-b7024aab193e,0
48897fa4-1144-499e-8988-95fa33662d81,1
48967d8a-731b-4eef-9458-1cef74f0e909,0
4896d8c6-fce6-40d6-895b-fb07ef5957e7,0
489817aa-ae3f-4928-9729-a1cf18353c88,0
489cfc62-1db7-4549-b91e-caa8f1156652,0
489dcd48-dc9b-4090-8a91-5d7ea6067387,1
48a64f7d-1429-4759-94f9-4797e68a3c63,0
48a7f642-e05a-40b8-bbfb-f23e72ec6a31,0
48a909c2-384d-42e6-ade4-fda6f2ebf07e,0
48aba7e6-55fe-4fc1-a4af-e288cfd44f37,0
48b8bb70-ab5d-4c63-a18c-913b164d8492,0
48ba256d-f446-439f-a430-69ed98e8c033,0
48bc41b5-ebb2-49a6-8f68-d34fd3ffa47f,0
48c02ce9-d094-46dd-ac93-8c5b7f47152c,0
48c0b4f4-ff2a-4bcf-969c-65006af7366b,0
48c0f589-89f2-4fcc-b996-7d8ef9a10ff2,1
48c5393d-a514-4445-95ca-31188640fb35,1
48c5b887-cb41-488a-a968-d6868336c40f,0
48c720b4-7bd6-43d6-ba28-8252030fb181,0
48c72bca-46be-4329-a8e1-b44a61dd15b5,0
48c8b1f2-3aab-42da-810b-6c3cf193b347,1
48cfc0f4-8997-406c-990d-8bfca194a342,0
48d33912-b7ea-4c22-82c6-96c862603387,1
48d65eaf-1524-4edd-a9fd-38a9cb911f52,0
48d718c8-53dd-4332-abe4-19a122aa121c,0
48d9fa50-614a-4e3c-b0c2-dc374bc04fe2,0
48dcd7cc-fe35-4dbd-856c-37686e96b952,1
48de7346-d8e3-4c6b-a03b-1fa8b68c2438,0
48de9256-deae-49f3-95d2-c60e7326a19a,0
48decfa6-b960-4f78-9cca-24eb9b1f9f6b,0
48dfb637-db51-449f-9004-b76d29ebd378,1
48e074cc-dc44-40d1-b870-93ef60659387,0
48e32653-098a-4970-be8a-eee396350920,0
48e35afc-4669-4f08-9a22-9acfb787cbb1,0
48e98b76-458d-4c40-bbde-bb0b8e9c320d,1
48eb58d2-0af3-4e08-90ee-26e5d1888e9c,0
48f9c2d3-1dc4-49a0-9399-e9146c374ed3,0
49002ec3-74b6-45e2-9923-b30020fff6bd,0
4901afa6-a59a-4c45-af35-04c4df585fb7,0
49043cdf-8c8b-47fa-b3ff-aa7029efbe4e,1
4904417a-e671-4188-aba4-50d18164347b,0
4906e116-6d9c-4173-9a38-6930e189b7ba,0
490842ff-f2ea-45ac-86db-b62fe22c1af4,0
490cafd3-f469-4671-85af-49115606384a,0
490fe618-5e96-47ab-b337-00cd28489e18,0
49144703-0273-452d-8433-aa0f30c06afb,0
4914854d-4472-4a18-872c-3f112dc67a72,0
491a2941-6812-4554-aad5-b9ee934cd493,0
491a8eef-438a-440b-ad9d-d5dacf8f0f2e,0
491e38e4-4ed2-4be8-b52a-bfe46bf6d5de,0
49210ff5-94b4-4eaa-9fec-a536eb7a6a18,0
492295b3-7766-4c7e-ab7a-d6fae48e84f9,0
49232295-97ef-4cf0-8ecc-cdece1e8b6f4,0
49234ec4-8273-4a6b-a4e5-542c92ba391b,0
49237bb8-6109-4655-8470-6d3b7262cd49,0
49271042-600b-4d18-81de-430363c5aa01,0
492ce01e-c11b-4918-9029-c73c42f511b0,0
492dce05-0f66-4487-a740-ec2ce6eadc28,0
4932540d-1b4f-4acd-8187-8fc7a42edb50,0
4934f135-c3ab-4ec2-8406-0e2409f94e51,0
49381f6d-fee6-4417-83c9-12c96dd8d39f,0
49383daf-8a8b-4a14-bb48-40ea18108ee3,0
493a3129-f815-4158-9a8d-c4d6714a5278,1
493a98db-a0b8-41d4-a583-27b15e565fa7,0
493ad31e-a182-46a0-8db1-d4f655fd91fc,0
493bf7b9-9a15-4b1c-bf59-f2ecf70e2452,0
494012e0-b0ee-4cbc-9e21-27cc8027f43d,0
49406dcd-84a5-4b55-ab8e-b881cf09c201,0
4942c2a5-8495-4d8b-b14c-00994c53a340,0
494422f1-1fc7-45b6-8f03-6006f29301d6,0
494e926a-303b-4bb2-8b6f-ce0651da2a45,0
494f2753-af2f-4604-8df0-8eb2829ca66f,0
4952115e-70c5-4f26-a948-ad9715f85e42,0
49543486-06ba-436c-bbc9-a49721b24353,0
49562352-2744-4027-a130-012853df4174,0
4957e43e-f999-4de7-a683-e883575d39d0,0
49591361-4618-41e2-940d-b70b4767f796,0
49593252-2b6e-4836-9cbb-de2152d3835e,0
495aaeb1-1007-40bb-ad35-c69924f4d21a,0
495bc958-2899-4809-864c-77300b656821,1
49624f8d-4c22-4525-8fc2-24f97234f7a7,0
4962a069-a758-44cb-b906-f0eac069c15f,0
49634ab0-70b0-4a64-a8cc-6bc651544e1f,0
49671752-0722-42ea-8230-afe15c1b48e1,0
4968e100-a000-430a-89fe-a8c27da3ab0a,0
496a7225-6409-4348-878e-47cbe50a66a5,0
496ae7ca-9ffd-4ed4-8d61-b0b61db2082c,0
496d8e1c-8d41-4d71-9955-ef4c3f9359f8,0
496d9ccd-caec-4b06-9c1d-4f76e1290ddd,0
496fae76-f69e-410d-943f-bcaac36abea0,0
4971a30a-7d52-4c66-8a51-ad515b7d6b52,0
49746f9c-973d-44e9-b049-535d271fe96d,0
4974e7e5-5d88-4424-bc9b-a1d3d8f7585f,0
49759a94-7f29-45a2-906d-96d18f81f9ad,0
4975d1ad-e586-48aa-8591-d14fd4ce6c06,0
4975e9f9-89f5-4454-a69c-104b04654725,0
497833bc-8da2-4948-a2b9-c85c9488eb98,1
49783ea1-f28c-42ea-ad0a-751bda651318,0
4978578b-6d34-4fca-adde-5f23b5100f71,0
49799d6d-ddc9-4bb1-95e9-ccb349585b90,0
497b262f-7691-4b84-bfce-cae91110a633,0
49836872-9459-49ad-b3e8-e37d2b6f90d3,0
4983b54f-1487-4d00-851f-314997760f6a,1
4983e3d9-6d2b-40c7-94d9-141a39a8c156,0
498469fe-f3d1-46cb-8f53-2897f6801974,1
4989f243-af2e-4a92-a215-018ef34cb43d,0
498bed3d-287e-4655-b438-b09526920551,0
498ee138-3c72-4161-b984-3cec84b5c8a9,0
498f15e7-7d17-4c85-8b07-188efd8599af,0
498f9c9d-2e6c-44cf-8694-d54274b00d8b,0
499120de-bd8b-419b-8767-d39337e35d34,0
49931802-3290-4c8a-82eb-32e7f415e238,0
4993740e-c208-4b12-b7ae-6bc986b16eec,0
49995a48-ba70-48ba-b376-8d49bc518847,0
499e1108-3568-4c1a-85e3-a7dc77f84167,0
499f2c22-2a61-4625-9cdd-2ea50c4a4d1f,0
49a7e399-423c-4931-ac31-b60d7afae493,0
49a882c9-bf60-47d1-968c-438ea331cf25,0
49a9746e-c10d-44b2-9ed1-342eb0b196bd,0
49ab3469-a3da-4a30-b0f3-a8696ce05b80,0
49ac3412-beee-415e-92de-90c076d2e5ec,0
49b26354-229d-4893-8585-80966fd726ca,1
49be1c35-deb4-4770-b46d-48fb53efd6c4,0
49be5513-ff2f-4e3e-b5a0-106c7191dbae,0
49beeac1-d148-490e-8ab0-bb7b66761223,0
49c30d8c-624e-4c27-920f-73430b6992e9,1
49c3d37d-d40d-472c-8619-9545586f4faa,0
49c6b339-92ed-4628-887f-a8c9e504fc52,0
49c72088-f353-4356-bb9d-d44916ef5b1f,0
49c82c20-df51-4e2b-a31d-a83f78600e26,0
49d1f2be-9ede-4653-a8c8-64f400a93f5f,0
49d5a8c1-8aac-4f57-9c6d-6703d32ab80a,0
49d94e6d-cdbe-4be9-b448-a1c9d2d10ab0,0
49d96fac-7604-4f9b-a82d-7635f7806121,0
49d9f3c3-a4eb-4d5a-9e9f-5467fdf83af0,0
49da5379-ba70-4ce6-8725-5a828b677a28,1
49daf6c4-5548-448d-a979-74529f89f7a4,1
49dbcc47-05d6-40bf-9504-2f8c53dc8c42,0
49e0579f-d5e7-424a-afad-ae246dcdc6e5,0
49e6603f-28ee-41a3-82a3-0366c2417490,1
49e661d6-e6be-4e44-9359-466aa2e610d7,0
49e7ae6a-e279-4f61-869b-29c715b64516,0
49eb280c-ff29-4c25-96c8-4cddc5fbbdf2,0
49f03e33-c893-45ef-8ecd-1d575a132d83,0
49f3cc28-078f-4f0c-954d-2a1480666bf1,0
49f7ffcf-0807-4252-a94e-c07b9058c99c,0
49fb204c-c3f4-4490-8d6c-cb1aaa6d5370,0
49fbec21-5c02-4793-9fb1-de2e334b190c,0
49fc4a28-5319-425c-bb13-a50ac5404e54,0
49fd04cf-5fba-4bd4-adaa-4b5ce5e5b4be,0
49fd9d9c-c64d-42dc-9415-3f45505013ab,0
49fe8056-0498-4226-bbea-f9a0061c0dcf,0
49ff8fbb-ac3f-49cf-8434-0a40b2adce68,0
4a00e1c3-6d4c-4354-9043-015f6103ac1a,0
4a0103b5-74c7-4bfe-8447-89aef6eb2da6,0
4a021815-3506-454c-8fa9-9627dcdec5fd,0
4a054693-0c42-4d9c-bc71-a2f86ded773e,1
4a07c895-ca0f-40b5-bafe-184be0669d2e,0
4a085aff-2149-48d3-a3e3-b9a078ffe67f,0
4a09b19b-7073-4949-a304-fb393427915f,0
4a0cc698-67b0-40a2-b5b5-9a6c15b86781,0
4a0ea9a6-a74b-4665-8ec7-e2e121f5fad9,0
4a106b36-248d-4bb8-8db0-4136855a79ac,0
4a12be94-c9b1-4484-9b5f-feddeef1fc19,0
4a1517e9-df91-497c-8968-7e613cc3a418,1
4a152f65-f10d-4ddb-95b0-9bbf442557ca,0
4a153ce0-d94f-4d87-baab-cffa6e5659d8,0
4a154c56-e185-4193-aef9-bbe94419748e,0
4a179ed0-44f8-4973-954d-73c4eef7953e,0
4a1f3733-3618-4ed8-891a-31ae3266d17b,0
4a2027e8-1414-4d4e-afe2-1b4f96e15ba1,1
4a267c93-0441-4fda-a86c-52815324a485,0
4a2a5ae1-56c8-4571-8b7b-dda2fb592e9a,0
4a2b2eeb-d320-4215-b6f6-5516491b161b,0
4a2cd24e-8717-4a1f-bba6-dab095adf46c,0
4a3ff63d-3dbf-4572-ac1a-b3cb0de3e768,0
4a40bd5a-ae4f-491a-8cc5-bf2d193e49dd,1
4a4280e0-c94f-4b8f-8dc7-423f65e84fc7,0
4a4381e0-da84-4213-9f0c-8b4ab572b943,0
4a442f38-d346-48ab-b5ff-dbc7c32ef50d,0
4a455473-07dd-48c5-9fa5-27e61fba39b2,0
4a494641-04c2-4a56-a6d9-77d8fe2aed51,0
4a4c375f-9750-4e6c-bb3e-3d586730d1b9,0
4a4cbb91-aaba-415d-a831-10853555b447,0
4a559be1-9d15-4d7e-8431-d2747775a3d7,0
4a56cbb1-eb17-497d-90d0-f6a386eb86d1,1
4a5af8e5-d7ce-4f5d-8c8a-ee2d02d77b72,0
4a5c2ddf-3a6b-42bb-a8d9-e881a9f3736c,0
4a60f38f-c4f7-4408-b18c-912753f327cf,0
4a66b065-2835-499e-ad94-74b43bd92bf9,0
4a676488-65e0-40ab-a670-333d48d4e45c,0
4a69fd21-b83f-4583-8343-4836a01afd17,0
4a6a12ee-6756-4a53-a26d-25dc7b4b5d06,0
4a6ee3d6-e512-4e68-9fc2-108f29a5c63e,0
4a730c8f-f95d-4f78-b4dc-e812ff8091d5,0
4a7339f2-1c15-4c67-a5f2-bdc7df25e75b,0
4a73cd5d-79d5-45de-868a-171bfcdd5b92,0
4a765e25-a675-4109-8631-fda8d7e546b9,0
4a785ef8-ad5c-49da-b51a-b93efe6d0802,0
4a7be6e4-9293-480e-a1e8-07d194a62905,0
4a7d0c33-dbc6-495a-a135-5d11351a6307,1
4a7fa3a1-30de-4fe7-af23-b3a2715e001c,0
4a8010e8-faec-437d-9b7c-67e63ac9febd,0
4a80b04a-a0fd-445c-8c12-904e8265200f,0
4a817cf7-09ff-4558-bec3-58ae0de0fcee,1
4a822776-5ecf-4fb6-b1f1-1ded2ba4d116,0
4a833c5c-a2c3-43c1-8a2f-31bd82c40e36,0
4a83475f-c8b5-41fc-94f8-c340572a7cf5,1
4a864434-3b74-4e0c-866d-22d989f75082,0
4a8890aa-873e-4f08-a80f-4bf18dc84ae2,0
4a8b9e6b-a9d6-4e89-8eab-7cfedd7fc4e1,0
4a956932-8a61-4bf8-aced-f2b1ed2aa744,0
4a986e4f-96e1-4b47-b9ad-a362fb55ca42,0
4a9e97b1-3428-4413-8a2c-26ba57624c87,0
4aa08311-fa35-44d8-a37d-8205c07d557a,0
4aa0e55b-23b8-4938-8ae9-a7c6b8ed039a,0
4aa1c1b5-63ff-47d3-a429-9c8bd24c97bc,0
4aa2fdc5-eebc-4acc-a980-41fc28a252cb,0
4aa5eb00-5c61-4058-a741-084c97df2799,0
4aa6286f-c8da-4b50-9447-77076e46285b,0
4aa66792-b748-43a7-9759-889af66d77a1,0
4aa7bd20-71e8-4463-bbf6-4d3c02bdbbb3,0
4aa7ebd7-f27d-4fa8-8ca5-753a5eda3972,0
4aa96eca-5820-4f17-a3bf-589895bc826f,0
4aada81f-1698-4156-9191-e8d8da23b6a6,0
4ab1072d-6a16-4496-b492-ad2466199eb8,0
4ab358c0-9fc7-484f-b240-b8fa3bfa053b,0
4ab63417-c0d0-4882-b8e4-535bab6ad53f,0
4ab6ce02-8d49-430b-b917-882cd5436fbf,0
4ab78230-9ea5-48cc-a423-dcef9b7c4742,0
4ab929d1-ee39-4729-b36e-b6ed7404f1f9,0
4ab9e348-a733-41ea-b0a7-85c764c5a0fb,0
4aba88ec-66ce-4c57-af5e-cd84df909509,0
4abb7f50-84ca-4419-b1ab-8267554659d9,1
4abb8945-525b-4b60-a21b-68251e5c12ca,0
4ac03fe5-6903-44f1-9d81-732be3bf38a7,0
4ac38e46-b747-4e05-a8cb-dfd3f64d306d,0
4ac6c738-cd2d-4975-9779-412446ab52d7,0
4acf1e18-a787-4a1d-84f4-e021df812326,0
4ad122fd-111e-44e9-8ff3-b6def2b7f4d4,0
4ad3dc79-1687-4d6e-a36b-27921e808fbf,0
4ad3ff98-9dc0-490b-b0be-49af5f7a9172,0
4ad4ae68-5735-4b48-9522-45429ceb9789,0
4ad70740-ebb3-43fa-abe5-0919cbfcc151,1
4ad87c31-ad30-4518-a50f-fb8cc89dc231,0
4adec3cd-e5f1-472f-bf2b-f79c30d5fa49,0
4ae28646-08c6-4de6-a1a2-ccb32b83f829,0
4ae629c8-3535-4ac3-8075-44f61530cab6,0
4ae7737e-3e0a-4bc4-88e3-70c0ba33923a,0
4ae7eba6-435d-4c3a-b7c4-c1f73d6ba5a0,0
4aed0b06-00af-4e71-9a07-7d17aa9d18e0,0
4aeedfbe-5802-400a-9ac5-060762adf31c,1
4af02554-5c7b-4d59-8b49-8be14375c5c5,0
4af2f644-f0ff-4da3-93d4-9acae0deceee,0
4af7c5af-8464-4f2b-8675-98df8102249a,0
4af9e9dd-61c9-406d-b2b2-5169c390a2b4,0
4afb1cf1-fe46-49e1-a314-c84cff7570a9,0
4afc5d87-792d-426d-92b5-bca543f89f41,0
4aff4204-3950-43fd-af3e-305c93419522,0
4b06caf7-a8a7-42f1-8198-5a13f70e7619,1
4b071cfe-c31b-416a-b111-92fd92918066,1
4b077ed4-8da6-4efe-8ac4-f691ae785910,0
4b08fa4e-ecc0-4517-b6e5-db35afc58732,0
4b0b61b8-a9b2-42f6-b4a9-aea299e97a18,0
4b0fbf1b-19d2-4b3d-8b05-05d80a8fe01f,0
4b1415e9-da4c-4486-8d70-c428ef4abab6,0
4b1980b3-79c5-471d-987b-fad4306b0f74,0
4b1ada5d-b579-410f-8bbc-879913623643,1
4b1bc2be-9f26-42fe-8618-072889dc4d74,1
4b1d0b9f-e875-45d3-9cae-173eee9601bf,0
4b1e7ba5-ee76-4336-8f12-1331e2e09878,0
4b217c73-bcd5-4ea4-9cd9-f9aa5d9eba2e,0
4b220812-745d-4c33-8b75-330ea870308f,0
4b2510db-b2f1-4542-bec3-d06951542baf,0
4b297450-6469-47cd-846e-c35cb731b980,0
4b2b9224-c822-4945-bf31-4fb64e5841cf,1
4b2fc3aa-4fc1-4c3f-b26a-32e149175340,0
4b336ddf-58f1-411a-8ff2-1d87bb5b82e3,0
4b3477a7-570c-4e4d-ad41-52fe11443811,0
4b3801f9-f7ce-443e-bdef-e441e581ab0c,0
4b397239-04ba-47ac-afca-7044837171b8,0
4b3bbc3e-bffb-46de-888d-892b5898bdf5,0
4b3eb8fc-18e8-41e2-a8e2-98123521271c,0
4b430b6c-ab24-45e8-86e6-388eea146b50,0
4b446bb9-0aa6-41b9-bace-52da3e5d8403,0
4b44a85c-1c47-4fa2-9082-e2317618f8f0,0
4b491142-cf18-4bda-a535-3e47a3f8d00e,0
4b4a0ede-d2de-46a8-b471-841081de437d,0
4b4e050e-37e2-4c29-ba7a-5e9dd21a9a62,0
4b4e92e4-dcb1-4f45-83a6-4c2a1c54aa49,0
4b53607d-2ec9-4f43-821b-eb20a3254ee5,0
4b56c127-5f2d-4671-b696-143467c8cf6f,0
4b5ab2da-b8f7-4af1-b40c-221cbd6b4c0b,0
4b5e6bf9-b24b-4e34-a1b2-e2cb67830022,1
4b60baf0-fc35-4835-aa2f-fd5b8a18a124,0
4b61c1f0-c258-4dc5-87b7-f79cf1795f37,0
4b63a268-cde4-4a20-b1a6-6710e316d6af,1
4b65733a-5e65-42d2-8547-faf92ea6d0f9,0
4b693f49-3e75-4a22-b5d9-d636a6f0004a,0
4b6b9e02-6559-4d58-8719-0104a7969720,0
4b6becdd-b649-49c9-b3ce-40b9fdb70bee,0
4b6db5f3-776c-4b78-9d28-fd3246e6f6a2,0
4b6fb845-d784-45b8-8ce8-fd656628670f,0
4b713419-5c12-44d1-a1f3-fd49d3409d0f,0
4b71b924-d1d6-4485-86d5-43f34d6adaed,0
4b741f14-4277-46e3-9a82-cc1855f64e67,0
4b74fd5f-6ac1-46f2-8bf3-8dad657d6c02,0
4b758002-199a-45aa-8452-f93b39e2d6c3,0
4b7bdff0-b5bf-45f2-92a1-e2190a8de992,0
4b82ca93-5a76-4923-8935-e6c6f5f7d8d0,0
4b83521f-b981-4a90-bfea-0b3797c63f05,0
4b8756d4-ea2b-4592-b5ba-2095cad5ee22,0
4b89cd1c-b84a-4a0a-a325-a507d94b4ffc,0
4b8c4a18-0949-4bb7-833e-a4d35a8baae6,0
4b978539-9f53-44bb-ad51-4b32ac6ce742,1
4b9a4522-3700-42c7-8c4e-889d939bae21,0
4b9c59e0-9d54-4870-8cfd-d51c2db0e22b,1
4b9e6b1f-5387-48b4-b9b8-1c3895879638,1
4ba175e4-8a39-440a-8bd6-1a6d8565d1f5,0
4ba22fd8-d4fb-4517-9bb1-fc97f66774e4,1
4ba2745b-bf37-4742-b5ec-d6ec8031417e,0
4ba8e95a-5bf0-4bd5-8b27-1ec1a29ca9d3,0
4ba97a62-ffb8-450b-bbf5-21dc23fe0a3e,0
4baf24e1-f4a4-4373-a932-8bf23bb584c7,0
4bb3386d-5483-4ec9-969f-4200be4be667,0
4bb5adcc-b771-4866-8ebd-d95199835e0e,0
4bb666cf-1478-413e-8fa1-c1d6f11d3ae8,1
4bb89980-f73c-4628-83ad-c6574a1d399d,1
4bba1b1a-f0ac-4860-84fd-cf1175eab5cb,0
4bbae81c-80aa-4e7a-8616-7f4b04128204,0
4bbccb9d-b5ef-4ddc-b59f-479f3fd45598,1
4bc96e01-bd5c-4879-9ad9-e8be8085bce3,0
4bc9ccd7-d6e6-4eaf-b6e8-d4e649f3fecb,0
4bcd6dd7-3767-409a-a19d-cab943597aad,0
4bcfe09e-70e2-4dc1-9d59-4d991ea06b42,0
4bd0b1c5-76cc-4b79-aa7b-857de2a57f0e,0
4bd2580e-a351-47d4-b6a1-e3560b6f66c4,0
4bd52186-19b3-4446-9859-fa1e15f487ab,0
4bd52edb-3acd-47e4-b356-faeac5567341,0
4bd5baa1-3b2e-4167-a297-a3e027560e3a,0
4bd6bd66-e921-4860-97f8-22a36aab8ec6,0
4bdbd081-0424-4bf8-906b-24b9a6069706,0
4be232a0-c795-4eed-bf47-1ec32e5e1e1f,0
4be24642-0a23-49a3-a1da-ecced1159dd0,0
4be4b22c-ca44-40bd-93da-73faca5d2f69,0
4be5a7cd-641b-41a7-8e61-e69045184730,0
4bea3163-cd13-45d3-918f-b50b179851cc,0
4bfbdd9b-9e49-436d-9951-9c21d32a2860,0
4c026043-8c64-4941-8dd8-162b9781e03f,0
4c0c5fc8-fc9e-4600-854d-5950cccce278,0
4c0e11ef-2dd9-4b22-a985-66962701762b,0
4c100a68-8048-484f-9559-4503b8d15821,0
4c13833d-7db5-46c3-8892-8063fd2fcede,0
4c147049-49dd-46c6-aa5b-fad506fd3b2a,0
4c154c65-5289-4bf6-ac0e-f35bc1e30b77,0
4c1a4615-b7dd-40db-a64d-c09c80d46fc2,0
4c1c63de-8327-429c-96ee-ec0476a046fe,0
4c1df73c-adcb-44d8-a82f-6309f3ddbb4c,0
4c21e6f2-8c8b-44a2-a148-6853a433acfb,0
4c22480e-7125-4e7b-a6b4-1559c14bdc34,0
4c224941-e41f-4f09-87c7-2abbfec215b2,0
4c260d37-d723-4805-808c-09578a7edc01,0
4c28b8e6-6665-4420-b2a7-09515fa18137,0
4c293da2-d15a-4019-bf0d-6604ff8e295e,0
4c29b7c8-f54e-4d93-a0b5-7db3322f6317,0
4c2d8140-b768-4878-8d4c-39c139cca716,1
4c2e34f9-ba52-4450-8b34-bbbc4b2008c3,0
4c345cb1-4c9b-489d-bde8-f227ce64ecde,0
4c359195-f416-41a6-bdb3-e428d917d154,1
4c3af9c8-1e08-42d7-8211-7ff3f7dc43bc,0
4c3b96de-def1-4001-b186-e16ef12c2931,0
4c3ff6aa-56c1-4609-ba3c-0c9a5c88dcee,0
4c420ff7-8ebe-4346-8bf9-42d28a5b54a3,0
4c44cfd6-ec73-483d-8f76-623a8a60225f,0
4c44e83b-2972-46ac-b616-4f27af702965,0
4c45a840-ea9a-42a7-8ef1-6c885b1f293f,0
4c4764f3-c214-48fd-a4e7-4ee2b6f0c71a,0
4c480e29-bfc9-48d2-8221-4bcf4a6a9af8,0
4c487cd1-93e0-4a03-9503-5044da224e39,0
4c4a13bf-55b6-4d91-a04c-563fe99fa40f,0
4c4ed2e6-e068-41c6-8bef-3a743d02da29,0
4c4fcb9f-c9f1-40c3-9eb4-70b1b4d228ab,0
4c524e5f-8e2a-4f89-87b0-5f91f75ccc65,0
4c54665a-e57f-4f27-ad6c-c1126a9a98a5,0
4c56ad45-3570-403f-8d48-d6721370a488,0
4c5a6c4e-7fce-43a0-883b-eadc103d3715,1
4c5bfbef-0c8f-4a2e-83cd-029dc7425dd9,1
4c619c34-7977-4399-8593-0177f233da15,0
4c68fd28-ed9f-4b53-ab85-3afbebd6005b,0
4c691274-2dbc-4005-a077-af7f1ff987d6,0
4c6e3e99-fc54-4cee-8eec-d31de8191c93,0
4c6e9665-9855-4104-ae92-b05a4e9a5c8f,0
4c708820-376c-4cdf-a5cc-90a5cfc57d06,1
4c78fc53-6b7c-42fd-b705-24678de35e2d,0
4c7903bf-4f84-4bca-a667-781df1424e94,1
4c798ad6-a0c0-406c-8597-a29a00fae0ec,0
4c7b87a8-ea3e-40f4-b616-9f00f1228a9d,0
4c8062e1-79e7-43a9-bf34-759c2c5e4703,0
4c8064f5-e456-44a3-8da2-a67eaea3735d,0
4c8863d9-6d77-45c5-9157-267f55b3bde7,0
4c8a115b-0983-471f-b50c-9ade3aace3a9,0
4c8aeb2b-810f-4e6f-9b26-a9333d75d0b4,0
4c8bee51-2f0d-4dfe-beff-426d334108fc,0
4c8e3c7b-f741-4d25-853d-80b31ea52b84,0
4c8eab16-b536-47fb-97a9-d87799cdfece,0
4c911761-a438-479c-89cc-73fb4f20bf2c,0
4c91fa8d-6f02-4df2-812c-be089911df09,0
4c92bf92-283c-4c38-94c1-77eb4478daec,0
4c97dc6e-c9cf-4dc6-97ab-3231e484a747,0
4c9afb7c-078f-4f53-a964-bd09b53dc354,0
4c9b7d9c-83fb-4b6a-a97c-3735d45143a6,0
4c9df9de-7c67-4982-9b93-c19d645c1a1e,0
4c9f0464-d88e-43e4-aa7e-23257aee1947,1
4ca3e054-4223-4eea-9b3c-ba37195ee4b5,0
4ca42892-f66b-402f-aa38-4ddb56b210e6,0
4cad84cb-0b70-449b-b80e-80f9b75868cb,0
4cae2fba-0e64-4e78-8e99-88dad6e21a66,0
4cb07d56-3029-4404-b225-293f85bf848b,0
4cb3f924-20f9-4849-80d8-3bd1b952fb5e,0
4cb5a4e0-0cb0-4098-a85e-99779a5fb19b,0
4cb66e01-acf5-4c34-a029-c3fcd91a4163,0
4cb9114d-252b-4efd-b795-fba02b55a7a9,0
4cbb30c7-5728-4742-8a0a-4cd2cccb23be,0
4cbcbd82-e263-4a20-b9c2-29a8c9a58db9,0
4cbd8dd9-5c01-4191-9c5d-9a899364aa5b,0
4cbe9f22-6820-4e7f-aa52-a1e05b31bbbd,0
4cc06472-8607-4be4-b113-4ec5424aa435,0
4cc0a125-8cc7-4428-9c76-865d8727a18b,0
4cc18018-e455-45fd-8a65-e867c82e54ef,0
4ccb623e-dc48-4ad4-be4a-87b76dbaafc1,0
4ccd457f-2d6c-412d-8676-18eec3228921,0
4cced733-3335-4713-952e-cc066f2ad49d,0
4cd24b75-0d77-4af8-8310-ed8bd299a4e4,0
4cda8774-7a5a-4f06-a53c-18309c420c8f,1
4ce36af9-58f6-4ac8-ab9f-10c537569c95,0
4ce46d4d-8cc0-4f73-816f-e6274dec1013,0
4ce93d38-3503-47e5-a935-e9fa6b13662b,0
4cea3fee-36f4-4aec-ab0e-1696b854bc4a,0
4ceb2fac-ceea-42f5-bb6f-71b02b18af43,0
4cf1abcc-6266-4847-8dd3-a42f9d9d96f9,0
4cfb57b7-214d-44ca-8057-bb8fad9608a6,0
4cfc80ec-559e-4348-aa71-7a2b2f07f7c0,0
4cfffd53-7c5b-4af6-bbbe-455e37fe5483,1
4d058daf-6e37-4c7c-b792-57712f7a4128,0
4d0697d5-2b9e-4160-83c3-7b967a0be04d,1
4d0cb5eb-656b-4631-b571-6b4b1e2ca20e,0
4d16eae4-23b2-4628-a971-deac361a7cfd,0
4d19c9ed-11f5-42a9-bc43-01d6431483b2,0
4d1bb73b-7ee7-4dd9-8935-0f7ba4db3ec2,0
4d1cff4d-dbc1-445c-929b-88876551ffa3,0
4d1d6cc9-6a71-4a92-9ed7-39b78722afdb,0
4d2092e2-6dd1-4f52-985f-0916cab9de60,0
4d27172a-fd1b-4e18-9246-27f775464857,0
4d2b74ba-6111-45bf-a696-fb9861394337,0
4d2d0495-2b8e-4c23-815f-c3e25e333b7c,0
4d34f828-f855-4cbd-b483-4bf648a82922,0
4d3e0162-9e59-46bf-8a30-0b509125ac4c,0
4d45910e-35d2-4b9d-8b2e-2baec2367f32,0
4d45b24d-7c1a-4a31-8cef-88a094d05f5f,0
4d4749cf-c4cb-4375-8d1e-d3ec168734c6,0
4d4938d8-b065-4014-9e0d-213f9d6e650e,0
4d4ab021-cf63-4314-bd63-ba8ace1f6c34,0
4d4b291a-685d-4d32-b9c4-1fc6c7e6330d,0
4d51915e-f462-4352-8a45-0882892e48c5,0
4d5d704a-4301-4131-873c-1a063529fe0f,0
4d607482-d30a-4f11-a291-38c2ce9ee1c9,0
4d6179db-0115-4107-8005-c3d7840d2295,0
4d62fbea-ca4f-4bba-8d65-80bdaf4b39ed,0
4d6444af-3169-447a-b017-8146afb7e5af,0
4d660746-806d-4b2b-aa07-218ee8f00dfe,0
4d6777d2-9716-44e4-8223-52588125eb04,0
4d678ca4-ea8f-4a3e-aab0-386b4e40d1a0,1
4d69f9e9-3400-4b4d-9f03-796895f21180,0
4d6c067e-7a0a-4768-b8ef-b564d4737d43,0
4d6f3220-30cf-4086-8538-31acee1463ec,0
4d767354-6244-457f-ada2-b16099eaa290,0
4d786d33-e0fd-4c00-9eb1-a065342dac9d,0
4d78b217-435c-4dd2-bdc7-715e5ad7e475,0
4d7a55d9-10a0-4790-be8c-98a2e2da639e,0
4d7c2dde-6b9c-47e3-b317-fb9ffbd19ec6,0
4d7c99f6-5777-47e2-ae02-ae99bd5dc5c1,0
4d81931e-709b-453f-898e-ca9c37cceb24,1
4d862018-3972-4a85-95b8-b86a31a36a2d,1
4d8878d7-5313-45f0-9ee7-f69d6f178687,0
4d8ac781-21c2-4d5e-9505-53cf7452d464,0
4d8af3e9-f33a-47f7-943f-cb91c51db27a,0
4d8c7068-cd6a-4f1e-9447-a893f54243a6,0
4d942576-b5f5-4a7f-a0de-7f8e60efdec0,0
4d9741cb-58bc-4a59-8b7e-2f2b85923981,0
4d996d6f-e777-40e5-b3b6-a271a770dbad,0
4da10987-c25f-4007-8753-419de03371e7,0
4da14008-f0c4-4a3d-85b8-e1b0527d50f6,1
4da4d5d7-56c4-4a09-a1a6-d6abd5319186,1
4da9a609-8930-41e1-972d-6bbd78fc7b5c,0
4dab57b2-e258-4ee0-b626-5e46b4d8a4fe,0
4dae1111-5e2d-46e1-b824-4c34b42ee8ee,0
4dae54e8-5cde-4ed9-abea-663e4017735c,0
4dae97f5-f8da-4e8b-9ee7-41b4ae7e49f6,0
4db5228e-ba78-4703-9cc6-eb3dfc54814d,0
4dba2e25-48e4-4a7c-a923-16309dcb7672,0
4dbe3364-e669-4fec-912c-616d24f91333,0
4dbff245-08fe-4642-903c-c5fb103fa8fc,0
4dc11db0-44a4-4b5a-8a11-d990d7f0158c,0
4dc4d874-04d7-4899-b2a6-0cf4296e5339,0
4dc54bc4-67a7-427e-a1c3-d8be71fc6bf9,0
4dc59625-cc18-4f6c-8b13-96fd6a9c47a7,0
4dc70150-7199-46d0-8b3f-6eaac5cb18d0,0
4dc7f2c4-bd1c-42f8-8677-b0ee88759def,0
4dc9a54f-6ca1-4bcb-ad96-c03b9199cb30,0
4dca73a8-43c7-47bc-9b58-3bebacaa7acb,0
4dd187c3-3ca5-4b94-af8f-b83d941f1e63,0
4dd4811b-b567-4ed4-ad1a-c578426747ec,0
4dd626e5-d5fc-48ab-8130-2c3563ed97cd,0
4dd8134e-0ded-4e86-b45f-a039ab6292e4,0
4dd8e242-a520-422c-af3a-ff6d2724c9fc,0
4dd957f6-b343-4ba4-b7cd-65dfdc312dc6,0
4dda8f7c-b84e-4fc0-85bf-252fcdd1af2e,0
4ddcde9a-b8f9-4d41-8893-8fafc320dbbb,0
4de2f336-9c90-42d3-b976-b2ec0cad67e6,0
4de86fe6-d45a-4d8f-b874-45b20a1f1f4e,1
4de94361-728d-4e1f-a7ba-f549f4037586,1
4dedd8da-86ac-4019-86dc-b6f548d89cd6,0
4df007de-f10f-4ede-9c15-2814c6c46db7,0
4df61621-c461-4585-ba1b-22ed2d26e6e6,0
4df94a05-49f7-42a3-bbfa-b3a9dadbd523,1
4dfa2a4c-6df9-4ffa-aff2-b37e0b58c097,0
4dfae2bd-e39f-4093-b4fd-c129b5082554,0
4dfe1c53-bb2b-4b51-85b3-b2f9b3110d62,0
4e00a557-0d59-4a7e-b868-f6bc227eb70c,0
4e022d76-70a0-4e52-9ee6-69fac8b7a862,0
4e0463b7-1826-4797-af17-1cf150e89fa5,1
4e04be26-c8e8-4ebe-ba35-d367c58084a4,0
4e05c7b2-33a9-4bae-92eb-3f80a80fcdf3,0
4e07c82a-d0c3-4109-9e7a-f3c80218f12d,0
4e081a53-c4ab-4898-bb89-c39700beefd2,0
4e0a4f8d-430a-456c-82a4-d69a3d901322,0
4e0f9f65-08b4-40f1-8d7c-f3d8117fb801,1
4e0fe750-296f-4a3b-a61e-9a8c7acd268f,0
4e112f68-c775-4878-9967-27075a3f356c,0
4e126f36-0d2f-4946-9a18-2a7ccc502bd9,1
4e1638df-5265-4d62-a350-383bd46cc293,0
4e193d42-ad0b-41f6-af1e-f61f509b9609,0
4e193fb8-2dda-4c88-8945-fa4690c11f33,0
4e1c864d-079f-4033-8166-7d99d4d756c3,1
4e1cd561-b0d8-4322-9946-8b5c3ecc77ab,1
4e22a11b-41ae-413f-9bd7-0610cd6884dd,0
4e236a04-827a-470f-801a-fdab92587095,0
4e238b72-eda7-449e-8bfd-18990249c89b,0
4e23e587-8325-417e-a362-028b77f2fc10,1
4e254ee6-a0e0-484f-af44-e0420c85cb05,0
4e286609-54f7-4855-ac87-d2ad9dda1456,0
4e2bfc0e-9516-4a28-963c-d0b8b44a03c1,0
4e2c19b3-11e9-4f4c-95aa-cf64824cd66e,0
4e2d787f-96cd-4a37-af4e-0d3a67d42394,1
4e30eaac-fd6f-48a6-80ed-094962bddcd8,0
4e318921-f2ec-4d72-a2ca-71cbc875cd85,0
4e368908-cacd-4f61-9eab-64a04dde9b29,1
4e3d29dd-5970-4cbb-997a-c1c42cae391c,1
4e3d53fc-b700-4d10-ae38-029a309db566,0
4e3fb331-de47-4e5d-935d-19dc17070081,0
4e454d2d-4d19-4098-a068-08fd737a1bf3,0
4e489a3a-e82c-4118-ab46-3fb6a9748651,0
4e4a4644-4ef7-45e3-a909-1df508fd1fc9,0
4e4ba9c5-94ac-4667-8379-72a33fc33ee2,0
4e4c1618-f19c-4606-b90c-0f1fd9c2e4e6,0
4e4c3137-9e40-48f5-b377-446a2b30b045,0
4e4da156-aee3-4079-a777-94b5b373e08c,0
4e50a17d-80b0-4dac-bdf2-e78398d896ec,0
4e50bd2f-4bf8-4ed4-9644-c96ff821cb04,0
4e521f85-1ddc-45d4-bc45-f887863d0c58,0
4e54c6e0-1f42-4c9a-984c-65435369ccb0,0
4e5555b0-22e1-4ec5-8e2d-a3c2ddd02fa9,0
4e575838-f678-4e63-bcd0-90152fda8f02,0
4e5b3f97-077a-4abb-8456-c8e269c8a5a5,0
4e5f14ba-a13a-47f1-adff-55b854918dba,0
4e5f8f9d-2632-406e-b391-25355ba11aa2,0
4e616dad-4355-4f47-be28-a53eb977bddd,0
4e65d5b8-189b-4c8d-853a-816e4d71956e,0
4e675554-ff73-47d0-bbc9-4da82d1926df,0
4e67e70d-53e6-47df-8883-b13afca574f3,0
4e6c04b7-0d54-4f50-8819-9261cdc89726,0
4e70fb28-8304-4e45-b983-81092226cedb,1
4e722d3c-92fc-43b6-a76c-d74d1e3eb363,0
4e734c6f-36be-412d-bbbb-f37698e247de,0
4e820c78-1ec3-4847-9fd6-4b9c02ba1d2d,1
4e897750-6b94-41b1-8017-6c0386867bea,0
4e8fd33e-8263-488f-aabd-778cdc0aeb76,0
4e94615a-57e6-4b0c-960a-1e574e0a5f19,0
4e948442-d20d-4b94-9f75-3ee8a3e1947e,0
4e996b30-fae7-4a86-b1b3-793059a467d1,0
4e9a6680-b9c5-4934-a1fd-8dac429433fd,0
4ea5d383-9f06-4fd6-91a6-0a6ea0068c98,0
4eab05c3-1013-4779-98db-8d7b6050999f,0
4eab5c47-f2d5-4cbf-9476-98c15bf71906,0
4eaf8e32-b999-47ab-97d4-b5da5ce74fcc,0
4eafa07a-7354-4337-981f-61eb52d7c7f3,0
4eb0d118-b8d0-4519-b42a-dd2b40cf4d9d,0
4eb3d89f-65c1-400d-a671-c7d98c4f7ab8,0
4eb694cb-089f-490b-84d8-faf7fe6a0654,0
4eb6aea9-5aea-4919-b1cb-8e1c68a953a1,0
4eba73d9-544b-4e59-9057-31dc4e8e0e1e,0
4ebdc73f-fb9a-4311-8132-2547658d1748,0
4ec20461-ec35-48fb-bfd0-da5f950d5a26,1
4ec740a8-e0dc-4550-a70c-001090bc884d,0
4ecbc48b-fc97-46d7-bf11-5337e5e850a0,0
4ecef581-5966-439e-b619-4557d8b84985,0
4ed3dd42-222d-4cd5-86fe-1ba541ea8376,0
4ed77e9f-3acc-460b-bad6-12b74cf476ad,0
4ed9ab1a-100b-4943-8005-b75d6b0c7fbe,1
4edbedc2-e30b-4073-ba9d-c673a34a1915,0
4edd8e70-a834-4177-8f70-3c8c4f535132,0
4ee16eed-3b86-42ba-a24d-af0ed2911c59,1
4ee471c0-aecb-4dad-9235-e921e5943267,0
4ee4be32-8fa1-451a-91a9-0a5c5ecd9873,0
4ee5e2fc-faea-49be-8dfb-a18880051fb7,0
4ee88a0a-8879-45cc-92c8-787986eb397a,0
4ef0cbf6-2791-4ec0-abce-eddcc463b4d2,0
4ef15ecc-08d9-44f6-a7b8-c9489e7db6be,0
4ef1ab79-c46b-4c94-a3a4-32478173425e,1
4ef349b6-de63-477b-8986-dc88fea52c9b,0
4ef8b4b3-b98f-4799-89ed-0ddd6620d762,0
4efb2c51-c89b-4044-bb42-502d53438f4e,0
4f015e60-3fd5-410e-94f4-df7f5a730e44,0
4f01d4cd-0371-4b4e-9aa8-364625532e98,0
4f044e7c-daeb-4b57-9ade-b80908eb5945,0
4f0519b9-4c2b-400f-9657-f6a76e0abd54,1
4f08d40b-186e-44b0-9af6-695e30dc5449,0
4f0a2510-2bd4-4efd-82ac-a2896a7fbd38,0
4f0b4c1f-1ad9-49d8-a953-f66a74d4831f,0
4f0d60a3-17c1-471e-9bc9-635db5b536bd,0
4f12fba2-cd1d-4d68-a7f8-a10ddb2fb180,0
4f132e87-819a-4d16-b216-47c450a88edc,0
4f15c2ee-fa28-4f98-afb5-0022940066ae,0
4f161fdb-0c0a-46f6-b777-105c99c48c75,0
4f1a5f7c-1b77-441b-a74e-c00fa7b0b088,0
4f1a8728-32e8-4499-b219-89a6d16a4b97,0
4f1c351e-f23e-4a44-86c1-1e0dc48127cf,0
4f1dcef9-7024-4bae-90a9-5e07be2f3dd7,0
4f1e32bc-057c-49e7-b70f-844d01a09a34,0
4f218178-10d6-4e07-b9cb-d581458bc809,1
4f22b07b-e2aa-4b94-9c31-5d9c431e3e3d,0
4f280b97-79a4-427d-aff9-54a14facb8e3,1
4f29b6d6-cde7-4c0d-b9cd-e89bbb470f3b,1
4f2ae471-c298-4b26-9977-727774405e00,0
4f2e2d5c-d303-4b1b-9b58-0905fad7a12f,0
4f33bf1d-3b1f-4486-af33-08cea2357e32,1
4f33f67f-3296-4094-bc72-9b4331d67325,0
4f37cb6b-612d-4770-860b-613c4aaf4307,0
4f39032d-2d7c-4b8b-8b0d-e927e0ca678a,0
4f39f4c6-7aaa-4455-8ad9-26c91c872257,0
4f3bb2ad-a3a3-4283-8ee8-1a1f1ff1f3f5,1
4f3edea7-2c13-48e8-9f15-b1a9c4837d26,0
4f3eebdf-6e12-477f-8383-be9b70fde161,0
4f431d99-2092-40fa-9b9c-45ee9541d846,0
4f45e36b-d1a5-41b6-9be3-81707fc0ca04,0
4f4b3b21-a99a-4c38-919d-ef574a874a10,0
4f4b5a14-1e81-4a46-bd70-b7169fc60566,0
4f4ffc51-4d35-4fd2-8957-537238d73583,0
4f51c420-0238-4769-acaa-b65401f11458,0
4f539be4-26c9-4ac3-a629-98f101f78467,0
4f5499c7-8811-4fcc-94d0-ec65fb50561f,0
4f54f25b-7a2b-470b-8f3b-1e3a4a97191d,0
4f56196e-4ad6-4d2c-ae2a-cfa94075b532,0
4f567772-a3c6-4421-a779-6175b207ac21,0
4f59474d-a392-4eb7-a7f1-42f60c072a38,1
4f59ff02-e880-40f1-84c8-da822116b325,0
4f5cf234-473f-4df9-9c01-2bbd088fefba,0
4f5d1e91-c2ca-414e-88f5-3269d82f6815,0
4f663b66-4f74-4d1d-b37e-f80f5b9434ad,0
4f6988fa-a7ce-4898-8e80-ab0083ca5dba,0
4f6eb985-0c06-42c5-8d1a-9088f3f3ebac,0
4f714371-dff0-40d0-a58f-fb644f79edb0,0
4f71810e-0c6f-4724-8890-6c84dfd7dcb7,0
4f71f4d0-e9dc-4516-8eda-9f83276d5b63,0
4f797314-41d3-4672-ad9c-de4c575057ac,0
4f79d3f3-d90f-48fe-9911-473dbc1ceb91,0
4f7b7dd7-7628-44bf-a32e-7a0a6fb3e8a6,0
4f7d3706-36c0-4742-99ed-1b052b118c63,0
4f805443-4002-45a5-b1bc-98993392b98d,0
4f8068da-bb12-47a8-89b0-7fd86becf6b9,0
4f87bcd4-b59d-4462-bf22-64d84df45f69,0
4f8c3eac-684e-4e5e-8626-1683b7a58553,0
4f915edb-1425-45a1-bd9c-18d43477e0c4,0
4f923f82-2d11-4b13-b683-fa257a17e2a1,0
4f991096-c5fc-4091-bd9c-c8285396bb80,0
4f99b6f9-8d43-4011-81d5-6a58ba825c5c,1
4f9c9b95-1aa9-4953-91a4-2c57e33397a6,0
4f9d64fa-362b-4f89-ab46-f54a9e7b1718,0
4fa69476-2317-4049-99c2-b235024c00fb,0
4fa84f1e-f91b-4cad-9f69-0936bc95e105,0
4fa8e5fd-d1a8-4ca3-8503-8773f008aeab,0
4fab6cb8-975f-4940-9a69-7009179abdf3,1
4fad771e-8373-435a-812a-0de3da0747c1,0
4fb11faf-1525-4ab1-998e-1c91c868abd0,0
4fb2857f-b0fd-44c6-97b6-20a0a5c28a7d,0
4fb53318-9d94-4a24-8049-e230d9ed2ed5,1
4fb8d88f-5aea-4a75-9893-7cfa0f41ad34,1
4fbe6839-9cc7-4bc7-9dd8-8b13708b66ac,0
4fbf6162-887b-4bca-a6d6-cbe8a805131d,1
4fbf61a1-9337-4b4d-b548-9b8d4ac2e6ce,0
4fc05779-bf2d-47a7-859d-4fbb375055ea,0
4fc1d002-5e11-4777-933d-da02ef409950,0
4fc229aa-f9d4-4d86-b8a7-29b733822a69,0
4fc4d8b5-9dbc-460a-a599-05145abb4584,1
4fc54a31-6d8a-416a-aafc-fe3db3e749a9,0
4fc9207f-a18b-4261-a033-0b582706dcb3,0
4fcaad17-d68b-455d-881e-6cf30ac473df,0
4fcb4fbb-116c-4fe4-beee-11d0fdf8f4ac,0
4fcfb2a6-74ef-4574-afbc-ca0b52ab56a1,0
4fd276f9-b91a-41aa-8e67-42ac6d55ea1f,0
4fd2c50d-1605-4033-978f-968d1220c489,0
4fd63c33-b3df-4c47-add8-8ee9cdc6152e,0
4fd74188-90f9-4a5b-aade-2570507fbc9f,0
4fe12dd9-a818-49e4-be50-deb9389dc00d,1
4fe2eb77-63e6-48bb-90c6-0a6e54c9a345,0
4fe31e2b-629a-4409-b60e-4aa82a994ee6,0
4fe8c270-ed57-43c9-a009-59ba2fd7b0f2,1
4feb025e-ff8d-4856-84ed-22d1cd2b0fd6,0
4feeba55-832e-4809-8748-f308b3c59c8c,0
4ff3a995-3624-4a5b-a82d-55e6e05ce4fd,0
4ff9b900-d0a7-42c3-a23e-3578b4bdcccd,0
4ffb87b5-da02-45dc-97e2-5e6454b3ba66,0
4ffb895c-cb09-4d4c-95b9-083a5be341c9,0
4ffd2e3d-80a8-4a39-a316-39be6753c16e,0
4ffeb34a-58c4-4473-b1d1-7b68446b151b,0
500039f4-70c6-4791-bc59-9bf97849c6ab,1
50003bb4-4dd3-43db-b42e-48903940151c,0
5001826d-df2b-416e-8004-3565ca0db398,0
5002f1db-5b78-472d-80c4-5e672e6418ee,0
50040caf-0666-4ff6-b488-a67da692ba2b,0
5006935d-ed6c-4be5-a68c-edd1869905cb,0
500de71d-3e79-4557-8658-6f10e9e50d21,1
500eea93-b118-4797-93be-8a2b76f7e52b,0
50105bf6-7f88-436c-820e-4ec3d54a8325,0
5012c8b4-e6b9-4b2c-9adb-d5495d04b3a9,0
501ba7a0-a891-491e-a5ad-1b44e8959e8e,1
501da501-8325-4924-8d1b-9a529fbe10bc,0
501fa1ad-1486-4285-a327-815121721584,0
50242ea6-046f-4004-a95d-bba000d23a0a,0
50247c7f-c92d-4c3f-bbed-55368f56670c,0
5027e621-7201-4034-8a7a-facb1edeea4f,0
50283ba5-f315-434b-b813-1ab6ca223a4e,0
502ccf88-3d43-4199-aa1e-02e3236d09ad,0
502fdbbe-9f2e-42b2-9b6d-4b256d2dfd8f,0
503359a6-0bd7-43b5-897d-31ce2623cba8,0
5035b8f2-8d0b-4676-93cd-b72d75bb5788,0
50360e9e-5fce-4091-9e37-fd66d304404f,0
50361627-c37d-4731-90dc-09c850671308,0
503622a3-161b-4275-83a3-f428652b067f,0
50371cc0-b532-4dff-8aed-1b956c6dc240,0
5038a076-dbf6-4b24-b9be-16ddd7d16aab,0
503b24cb-f6c6-47b6-b4ef-ed12f9e6af4e,0
503cc126-a96a-4e47-8c3b-31f590fc326f,0
503ea199-a858-48c3-89ac-4ccbf3b06f10,0
503ee4ed-a8d9-4ba1-97c0-02b589e8cf7c,0
50404b76-b0c1-4d8c-896b-30be31dd46dd,0
50409f7d-7819-427d-a638-371c7b762092,0
5040aff7-b452-4d56-bd3f-180eb6311189,0
50441feb-19a4-410b-87b8-843013f33b11,0
504d8ca6-9b57-4a22-8d05-5f5ca02277aa,0
50551e93-3231-4870-8fb3-d6f3bd134886,0
5059b16f-94b1-4ee0-bfbc-ac220f6996bf,0
505aea82-15bb-4ce2-a080-c9e391390803,1
505df650-e93a-4b45-a887-73012cf405b3,0
50620725-3f07-40ab-9133-bffba98e74fe,1
50666435-26b9-4341-a6fc-718cbb8c9ff8,1
5066a3f9-e32f-4062-9045-702ed4c45ffc,0
506af47a-4919-4638-a6e5-9863ff8423de,0
506b0ba6-29b3-4ef6-8967-2b1c20762944,0
506d0174-763a-47d6-9d66-79a790bc3016,0
506e629a-0270-4cba-95ea-93a64aaa2474,0
506f94ef-6388-4d38-99f0-7e695814bfc4,0
50719f71-73b8-40fc-bc84-4a00145aaf56,0
507481e5-1347-42c5-b043-a345aabb34d7,0
5077522d-d319-47bf-b942-8efeda008700,0
5077d52f-0607-496a-8f0c-ef062b9024c8,0
507dc2e7-c451-4504-8d07-ea7d9fa2ebac,1
50820d6c-5901-401d-9e60-b2348a332fc6,0
50825cde-8544-46cc-8162-f382c2d7dc1c,0
50841859-afe4-4065-9fcb-fa9bd05afae1,1
508581fd-66bc-48eb-b6d2-781af2878379,0
5089f284-502e-487d-b59f-aecc5b562078,1
508dcbde-0f8b-4066-90e7-9c138bcbb040,0
508ed7d6-57ac-4de2-a65b-7e6e45a9c57b,0
50904a21-41e5-416f-88e9-77da508dc185,0
50905167-29c0-49e5-bd46-d70cf84a7687,0
50917d1e-966e-4c80-9042-92d8af59043f,0
5095bfdb-bafa-490a-adef-27af7886233e,1
50962c53-f94b-49ef-9f0c-f6df794276d7,0
5097d80f-209c-4de6-a03d-b641f408ed97,0
50995fa6-722b-4605-91a2-573b34847516,0
509a07f5-0e64-4828-9ed8-d02737191992,0
509a2d3a-12bd-4e3c-8e7b-2e10ea6eed3b,0
509bea16-dbf8-4bad-afce-695326a8fd15,0
50a060de-f2a5-4cc9-8963-ce42d7b21051,0
50a6b738-41ad-45a9-b772-65e2d0cf70f7,0
50a77666-ef80-414a-a790-bf41ef2c8ffc,0
50a8dc9a-5df3-4ac6-8e81-fb5df19fd001,0
50a9ac1f-b257-4030-bf57-d3e3aca96c71,0
50abd32d-1708-49a9-a0bb-bef551993a89,0
50afeb7d-3c32-4df1-8217-ebaa9506d0f7,0
50b00442-a094-4718-ad6f-20af2b094e3a,0
50b7c9a9-89d6-4580-a40f-1ff4e1de28d8,1
50ba0836-d144-411d-8c9e-aada8c53f396,0
50bb9742-e599-4bc6-896f-323fb500c90a,0
50bef119-f147-47e3-98fb-3d7938b83a77,0
50c022a4-4b44-4712-8269-754e63c977ce,0
50c8eefc-f350-49ee-8b8c-93c4a837dec6,0
50cb378e-0251-4365-b2e4-a1690b060a84,0
50cb7c88-7af8-4b4f-b7bd-0ccccc48f268,0
50cc73b7-3f6e-43da-a282-2ab134f318b1,0
50cd6639-be93-44e9-baa1-c99188034d19,0
50d2ade2-8d67-4210-a48d-146474698896,0
50d2e759-3866-4654-85c6-b28886d32889,1
50d34257-0cf1-4149-85f1-dc287fd7db99,0
50d44a49-9d94-4058-aa15-cf750f08fb2a,0
50d4bec8-5010-43d4-8044-eaaf9b308101,1
50d7a048-f11f-4634-911a-c05be060501f,0
50dce68a-68cd-4647-9336-b49a9f9d48c3,0
50de6879-4ab6-4eb8-9cad-4a38c2167592,0
50dec650-0986-4cbb-8c70-cc5bffaf5e42,0
50ea5627-f6c4-4edc-bd76-820065697a3a,0
50ea87d1-fe6b-4e62-a7bc-e547dd2b0d06,1
50ed5080-45f9-49f6-98f2-b1ba1985aa21,0
50f05920-6476-4a82-8150-eaedf0aa6d26,1
50f17bdd-6ca5-4714-bdb3-c7bc033770e1,0
50f1f79d-9464-4b2d-9a92-7dc01a745610,0
50f56fb5-22a5-436a-a22f-9a35fb053917,0
50f6d92d-fe2f-462f-86cc-31b9825b9889,0
50f78349-226c-4640-b0be-b61033abb628,0
50fe12af-f524-4074-8424-f69c029ece8d,0
51028f60-8140-447a-97e7-c9a3b2fdc91b,0
51031be4-de03-4370-89ed-3692687666b0,0
51046fe6-d17d-4701-bf11-44ec04775825,0
51086579-b475-4002-a296-6169cac0932f,0
5109f011-44cb-4f2e-aa71-01551cad8cd4,0
510ce2ac-c504-46e5-be73-bfc54fcd836f,0
510f7e09-4544-4aea-bfa2-dfac2c2f8d01,0
510f80ff-dff7-4ace-a0cc-f6b5b7d57b12,0
51118635-79a3-471f-a05e-f32badb01ce0,0
51148cf4-864c-4bc3-b6c1-388de524b7ff,0
511c8bd9-23e2-4705-83f0-f1bf720b6d40,0
511fe6a9-1f0a-4598-b4bf-e7d2da18d84e,0
512075dd-d0fd-4ebd-ad33-a172a67b0059,0
5123641f-d432-4ae7-a8aa-b8a002253181,0
51294985-7248-41c2-b3d8-2013ea76b34c,0
5129b42b-f51e-4e72-9e2a-aa45084e01e1,0
512bb381-9810-4339-93e6-82f9007da477,0
5132e432-993c-4089-91c1-cc74187c858f,0
5133565c-c702-4561-b5f2-317aba4e493f,0
5135882f-6dff-47cd-9184-c0695e1be9c0,0
5135d04f-0a3a-4d21-a7b9-411347994700,0
51377f34-8906-463f-aea9-de529a37cdfc,0
51394c94-bbc8-4093-8764-0348bfd451b8,1
5139aab2-1bce-4c55-ba75-c0c2a7b8c719,0
513a42d4-3242-4dd6-8e31-c53375d82fa9,1
513c9fef-5880-4c71-bda8-0f614f4e60cc,0
513f905d-7e32-4063-b671-dde61e6146c9,0
5140ae3e-84b6-40ab-851a-babd8714f241,0
514deecb-6f5a-4e57-817d-5497acc291f9,0
5150c358-e25f-4e01-a81a-aeb0d5e5f4e3,0
51510e49-526d-43f0-9999-636df35da56b,0
5151c189-04fe-4983-8ac0-37c7c9565e54,1
515343bd-bf9e-45f1-8414-58b3601f8101,0
5153d087-e9b9-4fd0-a272-6dbfa70ec802,0
5156760c-4582-458a-807a-f84786a2384e,0
51583225-6b80-4ff5-83fe-4b5aeb0b1e5c,0
51698aae-c003-4b05-8319-0b1a901a3c29,0
517329c2-d30c-4465-a284-fd002cab62e6,0
51751776-3644-4978-abb8-8d6d84d2aa12,0
5177f335-a305-4692-8617-4030f80eca79,0
517c3eb0-aac1-402f-9cd5-964ec307ac4d,0
5180affb-7587-438b-80be-94b5335101ba,0
5182bc97-4e22-4346-8f48-d750a1ed74e4,0
51848f7a-6870-4707-8bb2-679aad1fdec0,1
51851e4e-ff02-431f-a7d8-fbea928664c1,0
518c0732-9746-493e-ba7d-b9a598fa4870,0
5191b8e6-0493-4c16-97f9-c88a158c3ffd,0
5193ea9f-4006-4e2f-a483-66b3c8f80e8b,0
5194bb3d-cfec-4aea-9a9b-ba1354c10406,0
51971e46-4747-4bfe-9078-1d69dae88176,0
51991708-b781-4a08-b57d-3d320b18b3e8,0
519ae692-5ae0-4902-8acd-22cae3726790,0
519aeac5-57c0-4317-bf5d-042fd7ae93b4,0
519b4821-1222-460b-95ee-f49c46a60c35,0
519ba42c-3bb3-4a61-9792-80440b350265,0
519e5e3a-3ca6-4807-81de-c6ee7fa361a8,0
51a4d053-a5e8-42dd-8802-75a2d2a2c00a,1
51a74bc4-8d00-477b-b54d-380086e2f94f,1
51aa151c-08b7-442e-8c2b-fc73ae0184a3,1
51aa9efd-4238-4b56-a8eb-88896695c2a3,0
51ab0b48-52f2-43e5-b45d-0449e977dfba,0
51b02a11-9494-48cb-81a0-a5a08e3057a4,0
51bc644c-0417-4c06-a84a-39478b452150,0
51bd2e73-de42-4658-b226-1c915f8cb52c,0
51c459f7-7231-4293-bbc0-7e80eb71c4ad,0
51c463b0-fb05-4687-a3c7-70ac1f9d934a,0
51c75b5e-45f4-41f5-84b5-6c304f87d6cf,0
51ce146f-581d-48a3-8f91-839b83c95860,0
51d11f14-2bd8-4c1e-980c-2856495b2bd0,1
51d23707-058a-4a1b-bb80-14caec051ecc,0
51d57e2f-e155-4c78-a08e-0a9e64e65f1a,0
51d97b53-5586-42bc-8809-066a99d73c2a,0
51da7e8f-7140-46ff-88b7-b939c03b56a5,0
51db2cae-bf63-4f27-82f3-fb970e01779f,0
51db4a34-7147-4f7d-83e9-ef14ed5de846,0
51db73ba-8850-4457-ba53-006bb142e0a7,0
51dd8c34-4a73-4829-9d6c-762f7bd94f5c,0
51de865a-2bf5-4f3f-b035-c315e01a4af5,0
51e8e8a7-76bf-48e7-9882-9ef589f2ca97,0
51e947f2-f533-480d-b1d2-9050b9977244,0
51eaa76d-5d6c-4f91-8931-a776ec5b91bf,0
51edc5f1-9638-4b85-90bd-52c5602a5220,0
51f0c39f-74ed-4cbd-a212-d10178b0dbea,0
51f312f3-51d1-4254-af75-6c76f284d189,0
51f6d6d9-137f-42a8-9e6a-bb7a6003841f,0
51f71c65-5260-4122-bf46-6ae2e6194055,1
51f9425c-a7c0-4669-9aa6-102984041d66,0
51f97142-db30-4de2-97a4-56cfb844892b,0
51fd3444-d2d8-427d-ba72-06f3bfd639e7,0
5202d324-561b-4a56-8bbe-d82b93303234,0
5206bc6f-70d7-41c7-9b78-b3661f413eda,0
5206ec5a-5a2c-4460-a49b-cce413c5c057,0
520a95dc-f071-4762-bb80-50925a548441,0
52105bf6-5505-4575-8160-685933e8e8ce,0
5212de37-dc3b-45be-89bb-95a175b3c07b,1
5215dacb-cacb-461d-a6b1-acf5b94d8836,0
52163420-5000-484a-8bb7-9f5e07f0ebc3,0
52168ee2-1458-42a6-8b52-95c8ca5b3b5c,0
5217a779-f8e6-439a-8657-84f758912f5b,0
5219bef9-ed52-4244-b262-9f8e2c555994,0
521bafb0-e37a-4e19-8660-bab970613000,1
521d8458-b5d0-40db-871e-0cedcda6a2ad,0
52219ca7-f91f-4302-b028-df623280a32d,0
5221a554-b432-4bfd-b131-b43b05f3ecb1,0
5224fbb8-8f1d-4f9b-8da0-877e52223d82,1
52277bfa-9f9a-4d46-8589-6b56461f19c2,0
5228cd2c-b040-4c76-890e-51d1c175292f,0
5229bd63-779b-4b11-af08-9578dd718d9d,0
522a3252-8e71-4c62-bb55-26dc3b8be76e,0
522ad564-a85c-4c89-81e8-338206c4588d,0
522d8286-f8f5-4781-af65-02c40b0064f0,0
522e5161-dc48-46f4-aad9-eb23361fc39b,0
522eb9bc-cf47-4434-96ee-dde8fcfc931a,0
522f20c9-755a-4c2b-8b72-03bad2a7626f,0
522fc085-75ba-40e4-90c9-cd3dcb62e43e,0
52342c3f-f1fb-4444-90fe-1c0c81b57f95,0
5236da41-c989-432e-9de6-15bd0239879a,0
52376a27-d142-4a35-8c2f-3d99bd327997,0
5238a96a-ea76-49f3-a832-669bf8084652,0
523bde4e-f645-4b54-a7bb-63d441054ef0,0
523d49e4-86ab-45a6-9482-10c091c2d9f5,0
523eb00c-3464-4ad4-ae5a-094152d3070f,0
52416592-2cb6-4c01-aab6-221fa72e78d7,0
5245d1e7-8417-4a2e-9cc4-dc13dc84e69c,0
5245e1c7-2e6f-4099-b93d-73b0c54ec2e0,0
524654a4-d123-4390-a95e-111a6cbfab5d,0
5246fbef-bb7e-436e-ae5c-a178075d9769,1
5247370f-dafd-466f-bdab-5bcce737792d,1
52498c17-ca81-4641-b5be-7c0323dd5216,0
524aec4e-e5f5-41cd-b6dd-a7c0065ca7f5,0
5253e916-9fd7-45e5-bc03-58458edabbe0,0
525553c2-a4f6-4975-a2cc-9268ba913cc5,0
52573d2a-9349-4f4c-a3b1-d4b9c5e2ee19,0
5257abfd-f461-4d56-9ad9-afb0ece37cf3,0
525a703b-ac75-47f1-b820-b9f028469cae,0
525dfc00-c22d-462f-bc07-528b1b2edb5d,0
525f1ee1-4a47-40eb-a24f-a03642f98019,0
525f5311-2a00-4656-b86f-a03ec24c10f8,0
52613a6e-8a06-440c-a07c-5edd9c0b6b3a,0
52621c60-3cdc-4310-8b8c-003cbecad407,0
52639f9d-3547-4668-95d9-14d5acc24e03,0
5263cace-d5bb-45c6-ad22-3a6894a01427,1
52675217-798f-46ea-87e2-72b4bf1c3406,0
52690748-c449-496a-9058-13ef93f62831,0
52705830-b831-4911-90e9-593ac9ec583d,0
52705e5a-ad5b-404f-9ece-c175965ecc9c,0
52739034-bfd6-424a-90cd-63517c938814,0
52756d37-af95-469c-94b4-e83b4680eae9,0
5279ba2d-a1ca-40df-9ab0-d34fe5cb61af,0
527a4ca8-4d64-4e18-91b5-ec65080511a6,0
527bde3d-845c-42e4-b2c4-5e6ae383228b,0
527cac85-77ff-458c-86ab-a7734ed8c098,0
527ef39b-ec34-43ae-a5d6-187b76076521,1
527f9435-f022-4605-9726-da4d22b9e3f4,0
5283488f-b963-48de-85d2-6f3099712858,0
528414db-8ffd-43f4-80b5-15ce06c8b3e3,0
5284b651-302f-4c8f-80ce-ea0d3423c137,0
5284d9ac-6b82-4809-a02a-9d532041a849,1
528684cb-7bb4-4d80-8f76-dc2763ab0e01,0
528b7192-95b8-4852-a865-d6d6afa38fdb,0
528c7482-80aa-40a0-95fd-745a1654b02a,0
528d0aa2-5fe2-4388-833d-e9ab4d87231b,0
528d7e0c-af34-4bff-910f-bc690788a2b5,0
528f8ccd-aa13-4b3a-87f7-cfd32182527a,0
5290f1e7-395e-4930-957e-34cabccbb67c,0
52968e50-16a2-495b-ac76-5730187cf10f,0
52974858-8872-4c4e-8011-9a0c7afc6a8e,0
5297a4f8-7e86-4646-90e9-6d3f763f365e,0
529ada35-c730-4b58-8a65-d002d7cc714b,0
529c4644-48e5-4372-a8bc-eac8952b2b53,0
529d8257-6fa7-4224-b614-637164399b83,0
529dec45-835c-4b48-b789-9df09829d481,0
52a002bd-dfa1-480f-9a1c-6302df9ad043,0
52a8120a-a34a-4d7f-90cb-8310373ec123,0
52a87a7f-dbcd-429e-875d-180b077b3130,0
52aaf118-a2e7-4394-9527-4368a50b1462,0
52ae6b72-e352-4a09-8b84-531d1173ac0f,0
52afea66-025d-499a-b845-d20089b8d694,0
52b06158-dd78-4990-a74e-d7c02ceac91f,0
52b6ae54-b371-4cb5-8b77-cffd328b1825,1
52b823bc-263a-4b5c-8b20-c58cbd231b66,0
52b88c77-92ff-4cfb-9d55-b305dc698c61,0
52bc1306-b359-4bec-b81c-b6809d3d2525,0
52c0381c-a827-4917-b67d-d40173337ea7,0
52c499c6-83f0-4541-a276-d8f46f9c8658,0
52c8ba77-34ef-4db1-8b69-0ce412cd53a0,0
52c8cb64-292f-40ec-a395-239352efaead,0
52c8cf62-4d8b-40bc-a1a7-b7b1df5d1fd8,0
52c90287-9b8e-4802-b14f-14f5cd85e515,0
52ca4884-1747-4e7a-8a3b-8d00898ecefe,0
52caa6a0-5ef2-4b16-95cd-4b6fa97c0bc2,0
52ce0bc0-6bf3-4a20-b3b1-fde4d79609d9,0
52d128c1-821e-463b-9ee2-3769c01627fc,0
52d1b28e-ca42-4da0-99f3-807ce5d7c219,0
52d5fab8-3abb-4770-89ec-2d210e82a250,0
52d66471-b55d-4a39-b558-bbe87cbd3cc2,0
52d70159-2383-402d-8ec7-929fc9a86adb,1
52d76669-183b-4b7f-afc7-320457b181d6,1
52da1f0f-6d35-4178-af50-54c3489e0075,0
52db0e2a-1998-487a-81c5-5685952909b8,0
52dc9040-5f78-44c9-be57-cd5342fb7eab,0
52ddb1d6-fdb7-4cff-b314-decf6bc19b3f,0
52df37fa-e75e-4695-ace2-5955576f7f48,0
52e0eba1-11c7-44fd-bced-6ca50b509773,0
52e42ad8-bd40-4790-b5ca-cb524e250714,0
52e66af6-e99f-41e7-a91f-97c13909e9f4,0
52eb9015-5476-4dc0-973e-32c82d77a533,0
52ebe949-ec58-4194-8512-fb883165dcfc,0
52ed0df7-7bfe-4c2e-82c7-c6147d3fa42a,0
52f09152-acf2-464b-ac71-3c765ea424b9,0
52f14900-62b9-4c87-991d-0ffce0e1fb22,0
52ff2f9d-5e55-4223-b4d8-9d758e98929a,0
53008e28-55c1-4f3a-b08c-b8245ec1dbd6,0
53079d94-cdee-4146-b1ec-b53e3f1b4463,0
53087e65-e3a5-4069-a273-005f48b41d14,1
530dab00-f208-459c-9716-013b69fe6a16,0
530f4c91-b7b9-4193-b85f-384907d1b632,0
530f510e-41f5-4e22-b65b-f5735a46d457,0
531b8d53-fcda-462f-a2fa-8d96dd37e972,0
531d557d-1e40-447c-b190-595e9e15a95d,0
53205651-b289-4b79-9c07-c263c635090f,0
5325a120-7812-4563-a541-4f4131b55bae,0
53275923-6f61-4a81-957c-f730d6751cdb,1
53289114-bc0d-4b6d-bda9-54cf22e23eef,0
5329daf2-763c-40d9-898e-43dad421b077,0
532acd63-351b-4320-a208-9c8ced53db73,0
533549b7-4d15-4068-8755-f4d1e78f4b9d,0
533c9add-05b6-451e-ad93-201e59a83376,0
533fd134-5b39-48a9-a0be-3dfdf1737a15,0
53487f37-5b0c-42d9-b7a9-2ca1cfcf81c5,0
53502dc7-e4f6-48c1-a870-f2c4d91e47bf,0
53520680-c26f-4338-a40d-56de7a8e59c6,0
5354f8d6-3f0f-4933-853f-5a7f1486fa61,0
5355bf4b-3217-4b18-b4fa-75935e5b16f7,0
53599e8d-13f0-4869-978c-9437f957c7e7,0
535ad490-ea02-4661-9ed2-0fa774e72daf,0
535c70a3-1ee6-4e69-831a-a8f2a86a190d,1
535cec6f-ab4e-47a9-8b37-fb503481d084,0
535e075b-826b-4682-baa5-eccc7c001727,0
53621edc-06d5-4b37-bca4-13c97252141e,0
5362850d-5e1f-4997-8362-10b2c38f41c6,0
5362b787-79c0-4ff2-bcc6-7fb44c0eec05,0
5364020a-0f72-41d4-960f-293499cf01ac,0
536560b4-f3dd-46ec-9678-993d24b9c8a2,0
536593f6-8b1e-48dc-989c-cb75e2b3048a,0
53671f2a-3411-4797-95e9-17c3e801cf86,0
53705e79-58e5-46b3-b1c1-d9a34d225ece,0
5370eb14-0399-4428-b0da-66e307a59d14,0
5371dee2-ff48-454f-a1e8-26c33c0926e9,0
53730a2a-d626-4e41-9e41-821593ade1e7,0
53755f5d-fd5c-4488-9a94-3b3393c691e4,1
5377a38a-c4a1-45e8-98b4-62db9cc0e124,0
537b6c15-edeb-49df-8e96-11e3642d0ca7,0
537d5622-932c-43e1-a77a-5f6e82982b7c,0
5380644f-8bef-4c6e-8d02-0a89caa4e215,1
53820a21-ca86-4325-87a9-f9a83d7cadbc,0
53826015-d440-4017-a12e-7481f713436e,0
53829b1e-3e7d-432a-92a8-41d85b8dd290,0
538650a8-9d9c-46c0-b097-4676cbf931dc,1
538685e4-e456-4eb2-9bf4-1c8757216aba,0
5387e3a6-1190-4c87-b4f8-7d2c2061cfc5,0
5389329f-0f7a-4faf-a597-c147c0346af5,0
538a8196-a368-4fcc-8412-f17b056d64ce,0
538c2a43-409f-479a-bad7-a1a96219fefd,0
538c64ef-b276-4a65-945c-10535337c3bb,0
538d6a5c-0e83-4d5e-a841-b8f45a0c42e6,0
53928698-41fe-49dd-980e-138720175668,0
53961b3a-d288-45e0-9f68-b41e271ebd23,0
5396cbed-b0d7-4f06-b1ad-c864631f364c,0
5397228f-2cd4-4d26-850a-23a61c307dd9,0
5399d824-18b9-45c6-b348-eeda0438b6e1,0
539e3616-b519-4b33-aeea-06bce3257df7,0
539f0d4d-1601-4d43-ad8d-85f4c56d9a2c,0
53a31a06-5231-4286-bc57-ed815e1249b9,0
53a5a515-0ce8-452c-b291-1718a30f0c0b,0
53ac29dd-a5df-478f-8d3f-222bc4a52723,1
53af2fe9-6da5-415c-bfc1-79c89f4f070f,0
53b26f30-ea87-4c25-b60b-d8d9fd4a2fc4,0
53b28a6e-f107-4060-a776-b04465aeb3aa,0
53b621d2-3efe-489e-99f1-7ab85c8c43b1,0
53b99d31-5211-4ead-a054-6b33fe61dcd8,0
53bea600-eeaa-4ef8-9c59-b6ac0b3e9f35,0
53c12fef-ceb9-4dd5-8981-38620a84b020,0
53c252e1-4f2c-41f2-8a9e-5cebb75a9344,0
53c4d9bd-01fe-4666-a399-fc0005373cde,0
53c57fb8-3c43-4c38-8393-fe09e37f987f,1
53c601ec-c2c1-40a7-a277-036937f98257,1
53c69461-a947-494b-80e5-03302a1d9902,0
53c8b1f3-53c4-4aa3-9683-587bf7d19f8e,0
53cca04b-0a2b-451f-a9bc-a93b20a5c28b,0
53d47721-fb3e-4e8d-8fd9-e885b173620e,0
53d50f5d-0c2a-438e-973e-5049c2e59c80,0
53d691cd-0831-44d7-a8de-15b936f1e5eb,0
53d7a2b8-1a31-4fc7-97d7-00feb20c8709,0
53d98e3b-4367-43a5-ba43-50cbe3adf5c2,0
53db18c6-f251-4334-b402-19cbdd63f4c9,0
53dda14c-4bb0-47ca-b1ce-69015f319974,0
53de6093-7bce-4e8e-9ddf-b736fcd5cb3c,0
53e16f62-58fc-4513-9921-3d6445ba51de,0
53e5692e-1ef4-41ae-bd28-41f225beff73,1
53edb22b-8bf4-4bb6-abef-e3931449e610,0
53ee280b-1e41-4ac5-b44e-9e924b2de849,0
53efbd74-aa57-4151-9683-252cc5d2d2c2,0
53f09059-14e0-4564-aff3-569d278d2b94,0
53f2deff-00a3-4e48-9d9f-1d02fd9ba6d3,0
53f34712-397d-42d5-88a3-28ca43f22da9,0
53f37657-9568-46fd-8cd3-79f9c7dc739d,0
53f41184-13c1-414d-a915-2214b9e33586,0
53f5e5ed-27b2-4bdd-a643-4cfcb080d8bd,0
53f73a32-89e8-463d-a806-3d53f575a61f,1
53f87a06-4acb-47a7-90a1-4eebcaec6697,0
53ff7c79-bf4a-4f4b-bbb5-ac509963f1d7,0
54002ecd-174a-49c0-93f6-a2e2fd2c47a6,0
54003851-9353-48d7-9ee6-bd50c96a3ff7,0
54059c1b-8747-4bcf-ae72-db985999ea44,0
54061a1a-63e8-4e11-a071-d7e020bc2508,1
54063732-c21a-4a40-a1d2-977267d744ac,0
54081332-b1cb-4169-ad69-093cf0ab86b5,0
5409b093-a3fd-4d66-adb1-33738caa7c79,1
540c0730-71ef-4f85-8fcb-3f5451d63882,0
54103fd3-cd2a-45e7-8fde-4c0ffc0466b0,0
54107e6e-4e8b-4ea1-b84d-0c79cf07f8d4,0
54190a0f-4e9e-43b4-aec4-0cf13ca7a327,0
54198c31-f95b-4015-96be-b99e3571be37,0
54199fd7-d5d5-4f05-967f-868779f8d0b3,0
5419b957-2c07-49cb-9b95-b993a87d56f1,1
541b34a9-c67e-4ea5-aa83-1841515cdf39,0
541d7cbb-6d3e-433b-95b4-0f0105a6458d,0
541db163-aed2-484c-bfe9-76dd0d29f09c,0
54225d72-35c7-47cc-aa57-9f0593fc54a7,0
54248bc6-2e24-452a-a62b-7541b29d0d55,0
5428dfba-921c-42fa-8d6b-648f72b24e97,0
542a19dd-dae6-4590-8723-4e092c045fdf,0
542a44db-4073-42c9-9500-e39d7dc2161a,0
542b288e-46cd-4002-b615-391a33f47bfb,0
542c792f-42c8-400a-a67c-381d83553e70,0
542d7f4d-6d5e-4a44-83d0-a5b7a5a0a510,0
5432a411-925f-48b4-ad9a-f2d02e2a0d31,0
5433f956-1a8b-4603-a5f2-84e1e307c679,0
5434888c-476f-43b0-981a-34f268e2bd21,0
5438a540-347f-4b9f-88dd-7a9e249208a9,0
543adcee-5eab-43ec-8f7d-003e8a049ac4,0
543db6df-0363-4a8d-ade8-cb3fe49cfcfc,1
54400c5b-46b0-4c26-ae50-4434a75496fa,0
544093c0-eda5-4cfd-8ca1-0832b49576b6,0
5441b638-afe8-4f31-8a9e-ec3fbe082d8a,0
54460c25-2ce8-406c-8a19-81a55c25164f,0
54481148-e5fc-4960-8ce9-05112baabd04,0
544b472b-a5ca-49d2-b3fc-aa4f4f54af16,0
544c9459-04f0-438c-94bf-45dd4fe78eef,0
544d1803-ae12-46e8-a253-4644f77b2fd5,1
544fb691-cc7e-4c8e-bd3d-2ad2b1e5f1e3,0
5451e973-ae7a-438d-ab8c-eeb9992477a4,0
545f827d-7781-46ce-a4c0-e8875e11188b,0
545fd17f-b4e9-4a6a-8e7d-225147ba628e,1
545fd970-8e3f-4d0c-b4ab-b556645974d7,0
5461d7a0-a989-4604-a95a-33f86205a460,0
5462ec9d-68d0-49ac-8d22-791edad8e47e,0
54640403-5970-4f1d-a6d7-7242fbfadaee,0
546445df-c1d4-41b1-9859-9176134645c2,0
546446fc-1a88-4076-9a1a-5eb55481b5c5,0
5464d7e8-422d-48a9-8fd2-331a35311158,0
5465da30-e84a-4dd6-8a11-f9dee568231a,0
5467f714-4587-48f5-981d-2011fd841310,0
546894fa-77e3-491d-ba2e-c9173d84d402,0
546dc246-25c2-4baa-992d-9b9b8b846de4,0
5474ac7e-ad1c-414a-b99a-5b82b503a675,0
547514c5-94af-4080-b49a-04672677fc5d,0
54759828-b0ac-4043-901d-a3aa06fbfebe,1
54787755-bde2-4c85-9917-030414f7c0fe,0
5479f19e-f278-4081-8f67-b5722ab73525,0
547a152f-3cac-49db-9d1d-7a510e0cc2da,0
547af2b1-bad4-4207-a765-ff44221451c8,1
547c2459-6ff2-432a-b62b-7a022509f1aa,0
5482fb0a-1703-4ae2-98db-9297a64fa128,0
5484152d-164e-4ad6-9bb3-947ae08940f5,0
54880d9b-423e-43b4-bca6-7a22087f1282,0
54889c71-92df-4453-91cd-2d7bd7ac98cf,0
5489d642-71ed-405b-ab86-2ce62ebff0b8,1
548e4c76-07a9-4b6e-bc10-1a295a8cc2a9,0
548f9ddf-ae86-48e7-bc3f-19263952a6d0,0
5490a0c3-e65b-4998-81df-0fdd703e2f43,0
5491ec51-2e42-4225-9017-7803f5fbbc2a,0
5492905b-9244-4149-8500-bbe88d0e1333,0
549310e0-9263-4324-93ba-f7c8e20f4371,0
54970c16-a16e-4822-8bb4-7ed69f641d58,0
54991297-c134-414a-a41a-d7af502dd24e,0
549982b7-51cc-4a11-9103-1612e4f05e4e,0
549b1224-a61e-414e-a423-88eb4d1b6bfc,0
549feef8-cce6-4434-94f5-554902bbae28,1
54a06089-5673-4ed8-bdf0-307c78183d04,1
54a15c29-d322-41a6-b86d-eab66c52897e,0
54a34b67-00df-435b-8add-a0ad01529332,0
54a84f10-11ad-44c1-9658-6dc0b8ff3aa7,0
54aaf1b2-2bf4-425f-8e15-36ed2e195c46,0
54ac630b-3437-4b14-a726-1ba3706d2f39,0
54b05ddc-52a9-4dd1-befb-2dfc28f1a223,0
54b0a058-5a54-415b-8851-85708a32e32a,1
54b2d6e8-d857-4bfe-a362-644cabaea36b,0
54b67d49-b0ff-4278-9f0c-4610b92ba43b,0
54b69507-9e44-4ebb-97f9-4ea3f3d1a7d3,0
54b8236c-3463-406c-b00f-09ff33f0029f,0
54ba21c0-3a7a-4712-b6d0-89f1d7ccac31,0
54bb0977-167a-43a1-9b76-8a2443b0cdd6,0
54bd6e66-15fe-47a6-972b-706e30790b7f,0
54bfb843-4bd3-4d7b-a682-9fc76ab1034a,0
54c1cdc8-927e-4dd0-8823-62063fd6324c,0
54c2b731-8f10-4251-92e7-e1b2f4bd7594,1
54c765e5-8593-4e37-8548-9bae4ef8d8d0,0
54c7ca92-efe5-4e35-bc15-086dc18692ed,0
54c86e8b-60af-4eb5-bab0-40a1a3c86fc1,0
54c8ffcc-c512-43b7-b359-50f8ecccffe4,0
54cec0c5-8711-4229-99b2-5854c022cc2e,0
54d0bc07-12b4-4c55-b58b-d628a7d00494,0
54d11f0f-cdd3-4a8c-b716-1d4d61e1265c,0
54d35f03-2729-4d50-8240-c33a89f4b172,0
54d4f765-7045-4fa7-922f-f116de8354e7,0
54d57240-f1e0-4799-9c98-3adf23ac4f6f,0
54d986f7-3996-42e6-b97f-e938d1c2880c,1
54dfc12a-5270-48af-84da-7bff5f88843c,0
54e05cef-aa23-4f26-88a8-ce41b573f720,0
54e3f961-e8f3-4202-b854-1277b5052d4a,0
54e5b639-16bc-4829-adc2-8729b5ebb851,0
54e72673-01ee-4917-bf82-99121443fec3,0
54ec3b89-c731-4955-b130-d217d14018a0,0
54fec5b4-1dba-4394-8442-add5daf67911,0
54ff018a-a5a6-414f-84c4-dc7f4b7fa3fc,0
55032d6c-380c-44c7-b553-20754dcbb0e0,0
5506dd25-18a8-4a6e-819e-9679c6fa2120,0
55072541-373f-4f1a-9663-9ffeee6ba9a0,0
5509deb9-378c-41bd-8c36-ba2cba3029cb,0
550b33f9-5619-4183-bac7-cc11dc0c0d7d,1
550f3f7f-e58a-4668-9d8d-40de7b05ae12,0
5510ea77-3b3a-42a9-a5ab-091c463745b9,0
5513accd-e037-4279-a60f-fec7c774b45d,0
5518adcd-c1d5-4d24-a60d-6d084b09daca,0
551a74c0-b1ca-497a-b471-6db8bd9ee099,0
551f977b-ad14-4831-a2a1-cd081a75bf03,0
552044e5-5f00-416d-8b58-32c33ea1ce46,0
5520bf5e-a4d9-40d9-9f2d-efaa49c3fe03,0
5521ad0f-32ce-48f0-9f87-0f8bd9945123,0
5521e608-d925-483b-9d9d-3ff7274291bd,0
55225803-7f04-48e1-b03b-b878c81322d8,0
5523a02b-d33e-4a2d-a8c8-903588ca2401,0
55246c55-6345-4d96-b2a0-d45203be8ded,0
5527c2bd-d32d-4038-923f-36636560caca,0
552992f2-8522-4b1b-a38a-af574ab920ce,0
55328191-b75a-4fbf-8969-30a66e8216be,0
55333719-ca2d-419f-97ad-61f705de3fd4,0
55339308-7fc1-4641-8c10-b0cc1a614ddb,0
5534fd9b-1889-4377-bc03-1e8a37c3ab39,0
553de151-577d-4522-8ef7-b61928fa8663,0
553f4c1e-1283-43cb-83eb-4892261b9a69,0
553fc2ac-8f70-4b0f-b95e-64648661bfb5,0
55408353-da57-40e3-9e73-4d82f8a1620a,0
55410ad0-bce9-45c0-a842-6cef7f6cf06e,0
554368f4-242b-4f20-ad05-29076e042468,0
554685c4-b5d4-48dd-8a1b-6d079c8af71b,0
554b02cd-458c-4410-be6d-a4c41953c449,0
554bb6ba-30d0-4615-9df5-5a2cc4fb7b01,1
554c6df6-3891-4431-958e-b92135d4cb03,0
554d065a-0c39-4d84-b9ef-1e7fd9472ffe,0
554ff02d-cbb6-4634-9fcc-cb9d76358276,0
55501806-1b06-4edf-adbe-1d132e9cecca,0
55511369-3163-4aef-8112-b561c0d71a97,0
555a84a6-a4f7-400f-8e97-126397f953c0,1
555e1e30-e10d-4b34-96b4-66db67cc0a12,1
5564a01f-efad-4afa-ad6c-d2c6da081a91,1
5566d3f8-83a2-433b-84b2-7f70b1fd834f,0
556c67ad-864b-47de-8c41-853ee7fb36b8,0
556e9050-34d0-4197-a52d-f834a7e4ea06,0
556effc2-0549-4821-8769-8f6b5a8924ae,0
5574664f-4538-4cd0-a727-8ac55f0153c8,0
5575d3bb-8f64-4b4c-936e-492839f4c451,0
557f91e8-ba7c-4214-b685-5be9e69879d4,0
5580bbd5-2df3-4a77-95b3-7ac9f53041d4,0
558509f2-93b0-44ee-8ca7-fd1d16c63861,0
55851cf9-07a9-4ce9-9c18-9c824f71f54b,0
55862d9a-50a4-4890-a410-2fbcacba6ae7,0
558aeb3b-2ca6-4b85-bc1d-a2fb9d896efc,0
558b27ea-8b92-49fc-a1ed-bcd46418f66c,0
559100c3-96e1-48a3-8afa-9f568be62051,0
5592282d-97b8-4ae3-b0f6-33aa656263d9,0
5593d207-5dfc-4906-93b2-d485bc987495,0
559c615f-2b54-4a41-8973-93873405eaa0,0
559eeb70-1fe9-47ce-9202-2d9b7a65fdf7,1
559f1b0f-ec01-443b-91bd-893c7de5f221,0
55a1ebd6-f9e9-4031-b499-12c5c96a156f,0
55a4be69-baff-4a19-9449-0903594d7c66,0
55a8e8dd-ccc6-4e93-acfe-9e05f8f2b63d,0
55a9c43b-4be3-4b6d-b7bf-e454d831becf,0
55b20f26-0646-4cf5-b0e1-2e385a137533,0
55b2ac16-c97a-4686-97d0-65bce557eadb,0
55b8c1f3-e7de-451e-ad0a-7ac6a8384164,0
55b9730b-f290-4c88-89d6-9ecbca6d1547,0
55bbdce3-75b7-4699-ad1b-e5dee1a125f9,1
55bbf916-bddd-4e1f-aba3-cc49c824fbf7,0
55bdd7d1-5773-48d0-8ab7-a7f4dcfc1feb,0
55bf39ca-eefa-4a7d-9ece-4bb36744f9de,1
55c24419-5488-44a3-99ab-dab4c3ee9038,0
55c344ce-739a-4298-9d17-e4add2f8a60c,0
55caafc7-90bc-4060-afe3-152a641fc5ba,0
55d209d9-32f3-4d5e-ac51-ebcb04ec336b,0
55d362ca-f25f-440b-9a74-12a84c8b2d02,0
55d39d5c-fbbe-4956-ae61-6d9e87eb971c,0
55d42d03-67d2-486f-a1de-2cb6190bba34,0
55d57aeb-7aad-472e-b7c6-292fd5f327c5,0
55dd15d4-e4f0-4385-a6c3-112fc66e41c1,0
55dfcffa-bc56-4d17-b1d4-e6c1db90ddbe,0
55e5e6b0-4081-4065-9365-1436b9561d5f,0
55e8be70-0ca1-4214-8998-1173dc68ebe6,0
55f320ae-c6b4-4fb6-911f-8de24cf2b4f4,0
55f62590-91aa-431d-a790-dce60ca59178,0
55f697a8-611a-4d25-bb3c-ec9af684dc72,0
55f6f8e5-46ef-4c2c-b183-08610afa54ea,1
55fb15e5-b871-4f17-bc5d-0446d25dd484,0
56036b80-2dd2-4dcf-92ab-3fdc9c0b2b5e,0
56053b08-7fae-43fe-91d3-19192e8d40d2,0
560d89e2-3807-4816-bdd4-7a79e4878844,0
560e2d80-4f47-4d01-8fca-cc22b946bf63,0
560eb514-f252-44ff-b2b0-4e2648d753c8,0
560fcab9-113f-417b-a1ae-d79cf16fdaaa,0
5610ba48-9af8-4b81-acd1-0ca7fe71260a,0
5615b591-321d-42c3-a08f-e52da8438d42,0
5615c481-9dca-4c6e-868a-f5e1effed27e,0
561b0966-aac7-4c33-87ee-2000515b49cb,0
561cd9e6-679a-4e16-bbde-ee69bca2e89e,0
561eb6b5-3df7-4c3d-a63b-39e2102162bd,0
561f214a-85ac-4b1e-922a-df7b7a6a9523,0
5622054f-4854-4e60-a51c-2f2aa1937dca,0
5625c14b-0010-42ea-b53d-cf1158b2fcf9,0
562a07ef-6e72-42a4-a2ca-a55194a7fe25,0
562d1e35-dcb0-4095-b754-23ad5a135535,0
5630c487-1aed-4e16-b367-ac769d044f9c,0
5630d330-d274-4189-a61a-c3fb408d3fbc,0
5631e243-01df-4339-b3ad-02a19aafc1f6,1
56320847-36b5-4ab6-9ec8-b8177ab791c4,1
5634a7c2-cf17-4c08-ace6-dc37d2693676,0
5637509d-9021-4de6-9297-c4830bd71543,0
5642d036-c494-4ff2-b0f6-eb387d775986,0
5643400e-dfee-4a6a-9856-cb017510b3ea,0
56472642-1e11-4a59-a046-2db62db780dd,0
5649fb68-3b03-475f-afd6-7c9742387d42,0
564bed2d-0700-466e-9ee3-5c7ed8598175,0
564c5233-62dd-4b30-a318-6842352d3b3d,1
564e98ef-e94b-497b-b257-187559b9e00d,0
565104bb-5baf-460f-82c5-6b4482e88331,0
565366f4-50d2-4865-ad0b-1eec6f32966c,0
565593c9-01bd-4120-a385-8552938b882a,0
565b733f-5864-474e-a5c5-e0380f2d301a,0
565ec58f-a773-45f4-8892-29990257fe08,0
5667a1c5-1c1f-490c-9a29-3192c96c07b9,0
56690b67-0678-4b00-af9f-c5639d2f422f,0
56696995-9ef8-42cc-b3ac-5bfddab7f468,0
566f4722-5e4b-4a2b-ad12-129c08302c37,0
566f5a9a-46c7-4962-b732-1c11c08e7d3f,0
566fa092-88b8-48da-8682-c99b516413ad,1
56784060-c065-4f4d-9075-42c434290b8d,0
5678d5c2-533b-493e-b7d1-2991e3d3992d,0
56793618-0e72-4b40-9c59-ea379ef8929b,0
567b776e-cd2f-4f52-8060-e62ad0487ecf,0
56804dd9-c394-46c5-b513-edde0579e659,0
5681bab3-0c47-4108-8b46-8bd23da68d57,0
56869383-830b-42a6-9a17-f01add2d26d5,1
5689f443-862a-44f1-8749-7ae301ae3816,0
568e7226-0b7e-40d0-86ad-a41fe601267d,0
5693b1fe-ad43-4ff5-8754-ccb2d0ec75eb,0
5696e662-72a4-4d14-9b77-0362a243abc4,0
5699408a-f26a-4073-95e3-4ff18d25fe4a,1
569a8974-9e65-41ef-802f-b14f8266232b,0
569a8fee-b88a-42e5-88a2-e4633070cb7a,0
569c3e1e-d743-4ff7-99f2-ba6187c8dcc6,0
56a1b7a7-e305-487c-87e2-05f4ce07c14e,0
56a4c09c-93d7-4305-a928-c13ef7f81463,0
56ab7858-3c60-44b1-a8b1-ff9fd09e2e21,0
56ab8945-dd06-403e-bf56-b300f823e553,0
56ad1dbf-acee-42e7-96f8-4b0c343e4c83,0
56b59a88-b60e-4a25-8f40-a79a243a7189,1
56b86e80-7919-41d5-94cc-a3dce8a16961,0
56ba92df-4b3f-4117-aba8-596a59955ed6,0
56bdae12-9c94-4911-8d64-68841c972ffb,0
56bdf2a5-25bf-462b-9fa7-d59bb45f7df5,1
56bf64ef-a23d-43f1-ac6a-0d537a74ccee,0
56bf6ff6-b2ea-4631-967c-47f7ef6d4973,0
56c2c0f2-2422-4f97-91be-9220fc5e9472,0
56c7f46d-0613-4e0e-a965-00fa990636a6,0
56ca12f0-e60c-402c-bbb9-6b0c467bc9db,0
56ca8468-b7db-4821-9adb-a4b344ca7dda,1
56cf606e-02e1-459c-9ff4-b77e86783668,0
56d3e4c1-7a29-44c4-b7fe-b63856efd20e,0
56d8898c-cab7-445a-b237-c62382c399cb,0
56da2629-7b06-4185-bf7a-151cae0c566f,0
56e33766-bc6e-41b9-a806-346cae8c2f9d,0
56e682bf-b8f2-4b01-9700-d26ef47bad2b,0
56eb17ed-7763-4415-b696-e15a5c01e71b,0
56f17153-d466-4a37-adf9-274dc7151b95,0
56f78e71-619f-47d8-b1ce-6db00c8cd2a5,0
56fa6b37-c693-4ea5-ac4e-37bbd8c17ce3,0
56fdb3ae-d2ad-4ac9-97e1-8a04a562bbc3,1
57013039-22d4-43d7-b03d-a89b9626011e,0
5701846d-aa99-4933-bb29-31251e4d3cad,1
5704a964-e15a-4191-aa75-263c090cb166,0
57057abd-acf6-49a9-bcd9-01e8a1df1051,0
57065c7b-08f9-4752-b01e-199ad363bc42,0
57072d33-447b-4a81-a9bd-994c3834e3d7,0
570b3f24-c0f1-405e-a3da-e21b1fc61ee6,0
570ef6af-1a9b-40eb-a43c-5ef9a9679eaf,0
5713e31f-8dfc-47db-bf0d-0d9d57bd07fa,0
57146ac6-beb0-4d4f-b573-23d957b3e92b,0
57195c73-127d-4fb2-acfd-f6edde028867,0
571ba982-7aef-4b50-9aa0-1f5ef9b23d56,0
5728a901-554f-410e-9d30-9fabe3c31a62,1
572dc8e1-4aaf-430f-a77e-75190eb250e3,1
572f3330-e192-47f8-ad9b-d2f9fe994af8,0
573664b3-23cf-4028-91ac-0835c638c8cd,1
5736f9fa-fe2d-41b5-9a28-73176538348b,0
57389319-05d0-4269-b8af-5e68936c4b91,0
573a57ef-a462-45aa-87b5-9f12b6ab689c,0
573b93d3-eda3-4109-958c-8374abe01323,0
573d0135-174b-4093-ba0d-a6a1a66d7ec9,0
573ebafd-2ab7-4aee-b3cb-930ed0ce1b24,0
574057bd-6af5-4296-9b04-ad861538a299,0
57459fd1-df48-434a-8da9-33840c0a2e3c,0
5746ffff-3c01-4fc3-aeeb-9891a61bb070,0
5747f2d2-143b-48a3-a21d-10522ef40dbf,0
5748a240-4c86-4324-9698-ffb9512a59eb,1
574b4405-9c80-4cc3-98c7-aec14c3ddff6,1
574bf155-57e9-475c-89ac-0e8ce4a47bfd,0
574c2103-fd06-4803-88a2-59c9d8d83b28,0
574ec0f3-50b1-4d59-b80f-b4560cc8d9c0,0
5750f0c3-ccbe-45e1-a63b-34c46650d4a8,0
57549bdc-f1d9-42a9-9f01-a7f193e2b86b,0
5759ae96-4970-46c3-9a99-79ac39c3e2e4,0
575c20d3-715c-48a4-97fe-d9392e3c620e,0
5761612b-c92a-4305-8d7a-cfe052357d2c,0
57694b28-e4a0-4269-90d4-c5e6d7478a72,1
576ad357-fd66-4223-ac47-20dc7df10844,0
57700a09-120f-4b28-afd0-cdd85f9117de,0
577284e2-cb32-468e-9543-c58ccad47764,0
5772c4b6-b742-4ce8-bcf2-5abd3d9b1476,0
577867a3-63dc-4faa-b993-5b6134e1fc34,0
57819223-6591-43e6-b17b-b7234bb74b87,0
5782d069-3ecc-462f-bf45-52e483c17951,0
57837bce-c4a5-4700-bccb-828ec1c8b889,0
57851b8e-5405-4774-a707-0617e0ef4b4f,0
578c4b6e-ff27-495d-8689-603bde8b6cfc,1
579159f5-5af3-47cf-9104-b892c5467789,0
57968f0b-43c4-4069-b6a3-3e780062b9ee,1
579730c9-c1ff-4763-a82a-d2fc4575e70e,0
57986234-245d-45b2-a8ea-91344489e2fd,0
579896c4-1ee7-4e02-990b-21f4941dd062,0
57a16199-b97b-495a-95ef-0bc761dbb251,0
57a62abc-baa2-4950-95f4-66c18b42ac57,0
57a93148-d80a-43ca-b027-74d40742fdfd,0
57a96a32-f91f-4667-9abb-f3ef08c1fddd,0
57b39a18-498f-4203-9dd7-06f38bb8cebd,0
57b7e947-ab9a-4304-a857-765b0360d3b4,0
57be1ecb-8116-494d-a1d2-9aeed3bd7122,1
57c0402d-1e53-4763-b8a5-5636e2d3f411,0
57c4f1b8-77f2-474a-9a10-f4e15c734f26,0
57c65a97-d9d3-44b4-8fa0-d02e552c9571,0
57c6e444-28c2-4149-a016-bd34c566077c,0
57c806f4-26bb-4a7e-b371-c029a616b0f7,0
57d86f24-7592-4c9a-b210-6539ea6d1682,0
57d8ea1b-4b84-40a6-90fc-b140570a9bcc,0
57ddd33a-edeb-428c-ac0d-a69a52c09efc,0
57deaa22-ee5c-487c-9f0d-5bd5cde50bc0,0
57dee8e9-3481-4cf8-9fae-07bae6873aa1,1
57e27a47-89ec-4be4-bdd8-e0d51ee91eec,0
57e6c0c0-b66e-456e-9df2-2c2278805b4c,0
57eb74a9-62b1-461f-a3d3-930407589a7c,0
57ecae71-b5f6-41a6-92d5-92c522eb7b28,0
57ecd258-3138-4793-8f44-48cbdb49c3f4,0
57ee8232-0221-4e8b-aa68-ad32ac610384,0
57f1bcbc-b4e5-411d-adbd-d910fa9369f3,1
57f291b0-f117-4327-a861-6ae15a87a13b,1
57f5abda-c899-4ca2-82c3-29f8863fb7bc,1
57f78e12-c996-4931-89e4-2e52f084b90b,0
57fc211e-77b8-487b-9dc7-2976775a18ab,0
57fd7279-4359-41f3-95c3-3489399848f6,0
57fec099-993c-4650-b31a-7664d5b4497b,0
5800b79a-62b1-4164-8470-24dd46586671,0
5802e8d4-d40c-493c-8392-b35fe0363867,0
5803c663-f3ba-4479-bfd2-b404fe48c531,0
580681de-89c7-4fd6-b379-591b349f7205,0
58070309-27ee-4f2b-94f4-b7c73f6e7c0d,0
5807a9e5-a962-4b28-a3e6-efcb9ab3f453,0
580813aa-d7e8-4ef6-8ef2-e8fa95d90dbf,1
580a0407-dc7a-4ea9-b424-b016112afc81,0
58105f29-c7f2-4348-80ba-3fb0c739db8b,0
58107f18-f3fb-4a8a-89b1-d1c005fa3670,0
5813bce0-d65c-4ca3-8e5c-356875604116,0
5815641c-b40a-4221-a6c9-08c468f31f56,0
58158427-e575-471c-8f6d-0af2f4796ec8,0
581659d9-b677-44b7-bb6d-a3f4bbd57359,0
581702dc-bfc7-49fa-9f37-92350e7ecc34,0
581765de-e7bb-426a-802a-9f4ea5d6a723,0
581775f3-a1c0-4855-bf18-da7a5a853811,0
5818608c-e2c2-4d8f-ba86-f002bd76014f,1
58199bdb-0292-44d6-9dc6-f7b5c66a2d4a,0
581bb237-bd04-4f34-b79e-e044d7298814,0
581c117c-c484-45e7-a0fc-95ba6356aae1,0
58200a5d-9575-4e39-8d20-6e4b86ea3b56,0
582054df-9ff1-40ec-bae1-318e5e740885,0
58280d67-97fe-4d0d-9c66-4720ecb9c458,0
582888cf-087d-4bd0-9d92-72cd58e7f756,0
582c222c-6344-4fbc-b0db-bcbef499a754,1
582e29b3-cf1c-47ef-b931-2a209fd43f2f,0
582f2a97-8589-479e-8538-761049e8b1eb,0
582f60dc-c8c0-43af-9502-bb85bde51496,0
5835359a-d459-4298-b1a9-664312c76368,0
5838c612-f9bc-466f-9c1b-64b1dd031992,0
583e48f6-b54a-4e9d-a692-98b6d456cc77,0
58410b2e-94ac-40c1-b7a2-e564d8eb465c,0
58422d7a-394a-4d42-a9dd-54e352e0eb5c,1
58437f46-2197-4eff-aff0-949496260c2e,1
5843d594-efe1-4dd0-9d63-173ac95003ad,0
584515ee-7b4f-49d4-bf05-4cfd279fbe78,0
584a072e-dbb9-4d1a-b6cd-b9b21b0e3a4b,0
584dc94d-9078-4e52-9752-b8ccc0653349,0
584e24b3-af60-4bf8-9bb1-01ae10ea5fad,0
584f2ff8-b2f4-4dca-b5ce-af20d8727abd,0
58501232-217b-435c-bc65-e4f8546f46d8,0
5851204c-be25-45c1-b92a-faebec174eca,0
5852f785-dd24-468e-9bd8-a1de691b2289,0
58577714-02ce-4b3b-87e0-7e11844d7aa2,0
585b8c31-df94-4643-9f9c-d66abbd32b09,0
585cc392-641a-47b7-b500-5cd70359dd17,0
585ee55f-2e95-4df5-8dec-761e5cd6693d,0
5867ccde-1bd4-4ca5-b5e1-788bf1e6b473,0
5868220b-2f2f-4d63-9b4f-134e847854a4,1
586bb3c8-dba9-4334-9c69-5ae3d1cd32e2,0
586c3b92-0999-46db-9219-9ace836f2c73,0
586d3cc8-ef4c-4c14-ab20-f972ea3b756f,0
586d9b07-df7b-4f29-93a2-72966039392e,0
586ffe99-363b-42e4-85d0-b7cb53793677,0
5873a0cd-396e-4a72-b82c-081d3b1a6e22,1
587884e5-1e8b-4ec6-ab58-ff3aac184741,0
5878c34b-e50c-4ada-814f-8be7c5fe1823,0
587e8816-b07a-4fd6-a2bf-2d858c63ae47,0
58806136-98d0-4222-af28-8f1678867552,0
588a09ca-c858-4f06-8f42-13ad044af043,0
588cfe22-9641-43d7-a1b7-13428774acb1,0
58924c2b-3af6-4be3-87fe-91b5c67ae8f8,1
5894c884-0ffa-4a6b-922a-c3c1434e03f9,0
58954acc-0d66-49cc-8452-5b1453440237,0
58987649-2bb4-4e7a-a8f0-a56f79eb4468,0
5898a023-f2f0-4723-821e-364d0f6fc370,0
5898ce9d-0cbf-4152-8818-b129dcd9e72f,0
589c8a6b-5f4f-452b-b72b-740de3af0401,0
589dceb9-3e2f-4ee4-815e-189f6543238e,0
589e8859-0b7c-44f7-9f5f-009fb789b3f3,0
58aabe73-418c-446d-84ec-9b742ce9b0f5,0
58ab9950-ed70-4d1d-a337-edb6f8c208b8,1
58ae0ca8-2803-4ac8-8a1e-521f97ef7f3b,1
58b062c9-0e35-4a28-b0e8-4d2942f761fb,0
58b1883c-8900-4e84-b126-769932d00ba8,0
58b6a7d3-4578-4085-9345-6cf8dce66b33,0
58bb8a66-8621-4837-801f-3e3607456bf5,1
58bef856-66f5-4845-8b00-6e437d1a453e,0
58bf1069-1476-46fc-af69-d1fae114bb49,0
58c1ec2c-24bf-4a7d-b2e5-e94826a8307b,0
58c25d4c-4551-4ffc-9eff-e66eebcd4ccc,0
58c6787f-86c6-49d4-956b-b58510ac5b4c,0
58c92002-f7f7-4b6f-baed-537659b248cd,1
58caa4e1-c168-4deb-9cba-78ffaad6725d,0
58cb2a3b-5444-41b1-9d81-aec812aa515d,0
58cb8c44-1ea0-4b66-99ee-0a0256f01275,1
58cd6950-4f51-40e3-8f6f-f4299fe1b8c8,0
58ce330d-fa87-4705-8408-cb03638830ba,0
58cf09e9-c7d2-4847-8594-6a9e921f529d,0
58d15fbf-ced0-4589-ad09-2c75a99a309c,0
58d25440-3cb6-4821-aa58-6221f7f1750f,0
58d49d76-eb00-4dfd-b159-917dfa84a86e,0
58d62cee-4a5e-4609-9271-77989eef5c45,0
58d9dc60-0d5b-41b6-a04e-7f3578512cbc,0
58dcd411-d3e8-4927-8dc5-a90e10b1600a,1
58dede87-6b29-49e9-ad67-fd99c650fe6f,1
58df86ff-ba05-40b6-98b5-29ccc8aef968,0
58dfda6c-8cac-4e04-b355-c659e6356165,0
58e10437-ce74-43ff-a0e3-625b21868853,0
58e66d88-fd2d-4da8-92f3-859948b007bc,0
58e9aae5-f9f5-4abb-92f8-f17b8a1281a1,0
58edf852-1e3c-4f7f-8378-a69b5a2f01cb,0
58eeb80a-dc9a-45db-a1fd-97c7e24c6995,0
58ef1b91-207b-4f57-a173-4f9d1528d0e0,0
58efa6e1-5c8d-4017-888b-02024e84e7fd,0
58f0b53d-e632-4244-9a92-2bf4aeb27f79,0
58f26f89-fa92-4555-a6be-be517c44f535,0
58f659be-1298-4a86-b4ae-a5b119b387ac,1
58fa4fc1-785b-4d96-9676-2a047299baae,0
58fddcc2-5f29-4345-9a36-1a0189a1f00f,0
58ffbb9f-97ea-466e-89b3-414096f43cf4,0
58ffdc08-a6ab-4847-ac8f-3d5901b11107,0
59003eb3-416b-4bb9-a763-14ba5397ce18,0
590c1a75-a029-495d-a866-34ed4ab5f92c,0
590c50ae-9c6e-471e-9b0d-7c9d5f420699,0
590cbb1f-9803-4981-89d5-0f945e4302b2,0
5910ff36-5d0e-4b25-b062-63ca0f19b68b,0
5915d602-1476-4ce8-b492-1ebff94e7501,0
59187e2d-11b3-43a9-8232-6fe57885df8c,1
5918f15e-c7b8-4844-901e-f15e38408916,0
591d67fb-a299-40bb-ba62-778a6ecba720,0
591db227-d004-401c-8f65-5ea4d4ab35da,0
5923b4f4-e050-4a3e-8b60-cbb9de50a108,0
5924e458-eab1-4f96-9959-44e2b25b608c,0
5929e0c4-506a-4bbe-9427-5141281676a2,0
592b2b4a-585f-4556-9531-96e317a8d586,0
592f136e-8e79-4d5a-9303-3ef614b7d5ba,0
592fa270-4d5d-49f4-b207-a20323a07ee0,0
5932a02b-6ef2-4cdd-9256-697e17559972,0
59360b02-f957-4539-be10-5e396bbc6ba3,0
59366d37-8514-4a01-a804-f71b2685b5ed,0
5936b7e6-435a-4384-82bb-89fd7dd25b95,0
59384dad-e711-4dc2-b2a0-7d9c44804d01,0
5938bd5b-ea3a-44a0-aaba-f75a32bd4c9d,0
5939d27e-fd39-4129-83cd-6702537d9154,0
593cf529-ca9f-49d9-936b-2dc44c8d8fb5,0
593f10f3-531b-4dc9-a646-0a6f639714a2,0
5942d209-4a76-4d56-9363-0417ae84580c,1
594ac61d-7b36-4a5a-8034-a68b0c42630b,0
5951804f-6b77-4671-960d-b67e9cbdb6d6,0
59541a7c-1aeb-4bae-8779-0b12e06a693b,0
5955f712-5d12-4c3c-8bbe-04fd3cdf018c,0
595772cc-da85-443c-ab34-e2998de9b411,0
59593435-e81c-4721-bd26-a12faf36476b,0
595b4904-49ab-4431-851e-2fa36241715c,0
5961bea8-2999-4d22-8891-d95e3c9353bf,0
59633c09-a5c9-4597-bd9b-a15b1b57ac6e,0
5965206e-6be2-4dfe-94f8-286dc50a980b,1
59667d81-6d3c-4eb0-b2ce-fbc03a079aaa,0
5967de2d-00aa-4b35-a2e6-498c46d8baef,0
59696d2f-4540-40e9-91b2-b427d35e50df,0
5969f82a-f1a4-4b54-8475-d57b4f1e7621,0
596b7c30-27b8-4ea6-b01d-28faa302632a,0
596cb515-ad09-414d-baac-52bf6ceb8135,0
596e23c7-58f2-4e7d-b7e4-cbeabf8fa4b5,0
59721c28-1777-4ed6-80b2-8813a5bca6bf,0
597c6d8a-20f3-45d5-9d66-a5e2bc53dad3,0
5980fd34-6dd2-494f-bb53-21b732e2dfa5,1
5981f675-ce5c-400b-96ca-87bc051ce925,0
59852916-f53f-4707-90f1-9ec31d651c09,0
59856779-e0b7-4a9a-a575-a632eaed5331,0
598611d9-e653-433c-b0ec-274d00326b64,0
598b0ea6-f409-4901-85b2-1513f71b2896,1
598c4f1b-6c65-4e08-919c-2506432f24d8,0
598f3e40-25c0-4f22-8c9e-0d72c5b47f8f,0
5990b9ea-b979-46b6-906e-37cbd1a89f7d,0
599126dd-4f43-49a7-905d-a74de95327ff,0
599429ad-0f8f-43f5-a53b-9d557f6ee780,1
59988f0a-04c3-4434-918f-7768876353b5,0
5998dc07-c1c7-47e2-8b6d-2c4a5e1cd5a7,0
599c4ccb-5037-4de6-9b27-b7ccfa5f571a,1
599cba6e-381c-42aa-91d8-db11edd2c0f4,1
599f0287-ddc3-4f4e-8be1-bc529e6f28e6,0
59a43915-9309-4402-9bd2-d69f1f8f91cf,1
59afd4aa-775d-4f29-8c21-e161e8d8074e,0
59b31704-dcc2-43f3-9cbf-7dec9cebb108,0
59b35aef-3ece-415f-887a-c7756688e903,0
59bcf0b8-6e00-4317-80c4-0889ba952149,0
59bf1636-a74d-4e94-8af9-6260fc9556df,0
59c5757e-ac62-41b2-8b47-a7fde328473b,0
59ca887d-d882-46d7-97fc-4f40ff9c44ee,0
59ccdd6e-fe92-474f-b874-ee3973dcbe7d,0
59ceddc4-e719-4488-bff2-6fcb303efd3f,0
59d5da51-b88f-4583-90d9-db5327b2ee95,0
59d7dd24-55d5-41d1-836e-84640fadfdf8,0
59d836cb-40b6-41a9-9826-7660a96f14ed,0
59ddaf65-ec5f-444b-9d41-cb3a8a3e88e6,1
59e18d8d-dec3-4423-9f3f-563b39192fd2,0
59ea4f74-53b6-4b01-9b69-b6f22c75b936,0
59f0c33d-89ad-4bc4-a5dc-3cc56148d084,0
59f148e8-9dc9-47c4-8d33-0cdbeeb12b25,0
59f21475-27f1-49a5-b6d6-83c46049f56b,0
59f74f02-36ab-479d-a8f4-868550e932b4,0
59f7798a-5b5c-40d9-8418-f66f18986d2a,1
59f79284-cef5-4c84-814c-a57eba5e88aa,0
59f8981a-24c6-4afb-bcc6-9ba49094b74b,0
59fa2a00-3d9d-4e2a-a0a6-87a986ce8361,0
59fc6555-d2d4-458b-9a38-87b7e47c8c6d,0
59fd1846-fb40-42d7-bb14-1a08a6061aa8,0
59feddea-8339-4004-9c13-f11d45b899bc,0
59fefa9d-dd84-4452-80db-0d8862bc6f75,0
59ff0b51-bf01-40a2-82c0-0acf5edce040,0
5a01b446-1417-40f8-8a73-7dee651b3eb9,0
5a05b292-d158-4b4a-9348-1192623b0615,0
5a08a39f-ccb0-476e-a363-08e0eb792edb,0
5a0a3810-8f68-4b63-abe4-3ef2a7477bcc,0
5a0edaf2-efc3-489c-bef0-026bd22a2842,0
5a0f1c4a-7f13-48cd-aa40-22452bdb4426,1
5a0f512c-a4e8-4617-9031-e5b862a21fb8,0
5a134158-00da-418e-8d90-62c4b44eafc0,0
5a19d6f6-24e2-4455-a8f9-91587c62e5f0,1
5a272c96-d026-49b3-b879-c6f6f08f3640,0
5a2871a6-c378-433a-a3b6-0e794fc22ce1,0
5a289f19-bd5e-44e1-b13d-9bff99ceccb7,0
5a2b695d-8cff-42d4-8bc3-ae603fc55fe2,0
5a2b8852-9e93-4cb8-9d36-21cf068cabc7,0
5a2c1993-7676-4047-9492-820b1479ea9d,0
5a2dec7d-4196-4827-bc58-2cf52fcbe8f3,1
5a2f04a4-a813-47e4-bd23-00caf0e0d8e8,0
5a32302f-3383-4e73-9125-870719357af1,0
5a34274d-fd05-4f5f-af9f-7a9ea9fb56ea,0
5a3aa5f5-f212-4874-a51b-f4ada8d557bc,0
5a3d84e6-9c56-4e14-af5a-2b2115958232,0
5a3fb215-65da-40d7-b48c-0cdce0f50a6c,0
5a45903a-1c6c-41d5-9555-722d61960c20,0
5a45e5ca-0a2c-4c35-9f79-b33606ebf7b1,0
5a4dae93-555f-45d9-b189-95206483d4af,0
5a4dfbd8-2e0c-4a1d-b8d9-b9e9d5e4e465,0
5a4e63d8-3336-4758-8787-c988801247ef,0
5a5182aa-2bda-4dd2-8220-29c999b4be01,0
5a548fc5-0a85-43a4-8b4b-961ea626f2fc,0
5a55c54a-5ad7-43cb-b633-965e1812fffe,0
5a5d48a4-4d13-4dd2-a04b-f5623ec11d43,0
5a5de8e4-1268-4167-8fc1-ec8dea3b25bf,0
5a5ea3f2-47a9-43f1-aa63-51e412ed5608,0
5a6662f3-f5eb-4e5a-a428-f9a756f709a6,0
5a67d253-d959-45a4-b19d-a15a15336a30,0
5a6903ed-693a-4344-8f2e-10b2cc309320,0
5a692b20-19f2-4e93-a1e9-41d15e318335,0
5a6b1c1d-cf77-4fb3-8bd8-af737030685a,0
5a6d5945-1696-400c-a433-7de5f6e062b2,0
5a6d72d0-3e15-45b5-a1f0-3b2aad440913,0
5a6fd2ba-c3dc-4de2-8d1f-1b8a71ee1475,0
5a7129cb-8f08-478f-b343-00c4e5bb750b,0
5a71b687-9ad7-4c00-a18b-56ad5be61783,0
5a7845a6-d5af-405e-adfb-4512eac818ad,0
5a794d2e-bc7a-48eb-8e71-1f075140abf1,0
5a7cb5c8-dfbd-49fc-aaa6-f918a8517fb9,0
5a7eb9ac-a1fe-4ef2-86f8-5292084a3ff6,0
5a7fcdd9-1154-4861-87ba-84fed5db6fa9,0
5a7fce92-99ef-4c6f-b516-37f884d37774,0
5a86fac6-27ff-4563-adb2-d922a5ea4aae,0
5a87d4b0-c1fc-4196-a779-c2a7f6c2b686,1
5a895b40-01f4-4076-b164-23abff9155b8,0
5a898346-c81e-4daa-875a-1ef328f1eda5,0
5a8aa900-7123-4f15-b1cd-865aceddad94,0
5a8b3552-66ee-48cd-a9b4-8a00f0350634,0
5a9160c0-50c4-4d4d-b94c-d4ab6c5a2907,0
5a9390d1-38f2-4c9a-ba55-7d861d2ca54e,0
5a987fbc-fe93-4313-95f0-e3aaf51c1435,0
5a9d4aab-531a-40e1-bd3a-7926b0b7c04b,0
5a9d88f2-4535-49f0-a95d-be5185745b8b,0
5aa0d082-ce6e-401b-b439-d5bb01164070,1
5aa55f19-c0cf-48c0-900f-f1a0b0d6fe29,1
5aa63bc2-e526-49df-88fe-38fbe1ed5b52,0
5aad931a-4798-4a73-bd9e-4a4da4813015,0
5ab04178-07c1-4db8-a212-ece11b502606,1
5ab1a620-7571-44ca-8299-3b1d66da4e61,1
5ab1cc7d-c2d3-46e7-8bd1-e561ed483407,1
5ab26217-aab9-49e2-b474-e8e942eb8707,0
5ab7ffc2-a9e6-4969-a979-e02c74dcf277,0
5aba7cac-3c20-4bff-94f3-6744bc7be592,0
5abb71ea-c037-4e0f-91c2-1e46ba7f2275,0
5abba0a1-5316-4281-8612-252faef42c28,0
5abde206-44aa-40fb-bf4f-bd9c2914dedc,0
5abf1445-a36b-4b39-9f6b-2a33807029a9,0
5ac0d390-fa60-409a-9431-b5662e0f6803,0
5ac1f9e4-f848-45a5-ba62-e53f7fac87ac,0
5ac21097-5e2f-4c25-a6ef-897a05ad1f8f,0
5ac2dfb4-5524-4ead-a093-5bf0d809adf2,1
5ac73548-9d2c-4742-b9ef-912f89340e51,0
5acb7d3d-2141-4308-8e54-e1cb39747aa0,0
5acdddc9-0396-4ff6-9ef9-4ec9fa54ff76,0
5acdf1f3-50dc-413c-aa75-11518da18fc8,0
5ace28a9-2fa1-49bc-9522-6703cc858114,0
5acf944e-618e-4d09-ae86-cdee9ba247d1,0
5ad067c7-b693-4521-bc44-6c734c74192f,0
5ad42e19-63ca-46b4-8e3c-464053518754,0
5ad5a74a-9bfe-4b54-8ff3-80d6dd613094,0
5ad7c587-49eb-4cc1-8f6d-2bbb7f1d700b,0
5ad8569b-1a4c-4e7d-b9f3-400f0a48ae35,0
5adceb1b-a29e-4d29-9168-338d2300c573,0
5adf4dee-1ab6-4039-a80a-7bc1a2cfca61,0
5ae142e5-d9aa-47a1-b4d1-e874eeaf0f6f,0
5ae91bba-4aa5-48d9-9a12-a5b3a5c29250,1
5af11803-66d7-4d5e-9c72-f80b67c51fdb,0
5af2843c-2f38-4cda-9820-00f8d00a3ab4,0
5af4af22-df8d-4833-abe5-9e81a8d65ddc,0
5afdd0e2-b6fb-40ad-b343-ab2107b9cbef,1
5b007608-49e3-4ce0-937a-8c511b4f8969,0
5b0113d0-f985-4ed9-9b49-78a9f0a2add6,0
5b057347-0325-4a41-ba7c-33ca65c02a1c,0
5b08a35e-cf87-4eed-bbc2-f06c6f42362b,1
5b0a0745-c84e-4457-b455-15e1c3427e51,0
5b0aba06-5a5e-4aa6-ac2a-7980ef79bd30,0
5b0c5de1-053a-4fea-975b-4c75c3ed3ace,1
5b1c0199-bafb-4e13-8234-ae74bcbb2130,0
5b1e24dd-5af2-4bc0-ba93-4705332d7f85,0
5b1e6468-f11b-4aa6-8e12-aebb657d54ac,0
5b1fe15c-94a0-432a-8d9a-86ab6bcf6823,0
5b220611-7eef-4528-907a-d8f61237de36,0
5b2302b7-1c82-4f5f-a62c-cbebc4b22350,0
5b27a191-74be-448b-8b83-b88c0def5511,0
5b295d81-db8c-4873-90c2-de3ce73fc679,0
5b2d41ec-9a71-4030-8ad1-7000ce1a0e4b,1
5b2da72a-6bb6-40b0-a7e7-0d8f3d402e03,0
5b302b69-9f9a-489f-85da-a5c7b3b47358,1
5b32be2e-66c5-46f2-9960-62db38c5a046,1
5b32d3cb-6409-4822-9f87-07d4ebb7bc76,0
5b342376-d3bb-4620-ab85-bbae5d6104a8,0
5b3c8362-7ce7-4b01-a215-7c9c238d949c,0
5b3e2be2-979b-4fb0-93e5-cbbae0663934,0
5b3e76cf-ca78-417e-b956-682d45810c20,0
5b3fddac-27d5-44f1-8b0b-a01184baa570,0
5b457e93-51af-4477-b0b2-78949bc13525,0
5b46e9d1-1e94-4a96-bbb5-2e8f11917924,0
5b4a039c-4682-4a95-9c77-a00c359d26aa,0
5b52ed4e-b8d8-4ded-8715-757366bc6dc0,0
5b55deaa-80da-4af9-aa1e-5293234b2022,0
5b5d2199-d66f-418f-b968-f862bf252d57,0
5b5d640c-706f-4a81-b0b7-aae6012cbd35,0
5b5f9e1e-62b7-4b52-983f-6e24ac004a83,0
5b603e38-b899-41ed-a825-322bce5fe00f,1
5b6554a1-023c-480b-afaf-2911ce1ce6e1,0
5b69a7b4-a19e-41df-90c5-3225eb815a3e,0
5b6bfa93-9844-4891-a818-76901cf53b45,0
5b6e188a-bf1c-476c-9e20-46568865baec,0
5b7527e5-5af3-4615-b115-2d0c85b016ff,0
5b7c454e-78a0-41be-bcf7-963214d9e1c0,0
5b7c75aa-1a23-427a-82b1-123fb23c01b5,0
5b85501d-d34c-4e08-abda-cad6858898db,1
5b863b97-97f7-426f-b368-83072e3b0078,0
5b880bd2-b298-443e-9445-2a29165de409,0
5b89b269-2da6-45e0-b7e0-6da5d92d356a,1
5b89e69a-56a7-4070-9a3c-6becedd530ee,0
5b8aad71-24af-4013-b39e-8990bf45e2d5,0
5b8cfd8a-02a5-45a0-ade8-b64320aca781,0
5b8dcc77-0f19-4b54-ae57-e8b9f4facd7a,0
5b92184b-c41c-4df3-b2a3-ef413d685792,0
5b923595-c6ae-4e26-a4d6-c01169eec627,1
5b953765-5c64-4fdb-b786-cc1b17e929f1,0
5b96e1c5-7a50-4bf7-a560-06f83f819860,0
5b9a4744-5c4e-4059-9013-5b9f3b258051,0
5b9b332d-5d01-48b2-a833-575ef3a35302,0
5b9bff46-cd7d-4db6-a156-a2ce1e74b776,0
5ba4aeba-f6bb-4a37-b0b0-683f590f0a1d,0
5ba888d8-2f50-49a5-999a-6260f0eea54a,0
5baa805b-2e55-471d-ac02-67cc50aaafd9,0
5baaf8ad-8745-4930-a0a2-654a40e483c7,0
5bac099d-578b-4d7f-8fe7-e4117f1fdf03,0
5baed059-122f-4bbe-b903-edd153ba0388,0
5bb2a92b-ecb3-4905-b000-25c85044af8e,1
5bb3d8e9-41a1-4a71-9b9a-9bfc71b1e899,0
5bb82f80-6dcd-4701-9aed-415bfc547952,0
5bb9d8da-af69-4699-b3b8-e83789d7caab,0
5bbf7c55-7889-4d35-bee3-089838ad0486,0
5bc24d51-1c8f-47ed-ae50-58755236d810,0
5bc28f76-dce9-42de-a640-a6f52d9a6de9,1
5bc680bd-84b0-4d5e-88a9-dbb35f15b45f,0
5bd0bd20-ce89-42a2-86b1-2112a3ea0bdb,0
5bd13d4c-4c34-41db-9f78-cc62cefb0f0f,1
5bd2c348-7461-4e76-a815-e1c9f7a00934,0
5bd34034-8e47-4155-b5d3-9c4987dc5cf8,0
5bd5a845-6084-44c4-8264-240cc9cfd5b7,1
5bdbb2c2-cc51-483b-918c-0afc62bd0f1c,0
5bdc5ebd-ab1a-46d1-a1f3-6dc86d55f4e4,0
5be19c90-91f5-4921-8a8f-9c6d942572c3,0
5be28a4c-3aa9-4c03-be0a-66f2aa40dd5e,0
5be2903c-f808-415d-ad62-02b32982c54d,0
5be4a3ca-c15e-4282-83ba-488d20fa8007,0
5bea93cf-28d1-4785-b0da-bdd765ab9f39,0
5bedcbe9-1446-42ed-88cb-ef75c4c1dfd1,0
5bf0bd4d-ade1-46b9-a8ef-bd62137145a3,0
5bf19f88-735b-4508-9709-75d9a9a46420,0
5bf275a1-46d7-4bbc-b7e8-8d25d97beb65,0
5bf3760c-9fda-4eec-a439-f12e67d43d02,0
5bf816d9-21c9-4063-a911-1e769cac11c0,0
5bfa0421-e00c-4f1c-bb24-3c09eb56cb40,0
5bffb34a-e882-4a1e-ba0b-20bd7d9d289e,0
5c00aa86-dae1-402a-9894-a2568a8afcce,0
5c055b65-0e2f-4647-a18e-5069914d4960,0
5c077e53-1fd3-4005-86ea-43d52f33fd67,1
5c08716f-8579-43b7-8194-dc88a600ad7e,1
5c09a97f-c00c-4997-b74e-934b831ab077,0
5c0d316c-d7cc-4787-94db-cf136cdb5a7c,0
5c0dfcdb-56e5-4094-b194-6d5b53f6454b,0
5c0f2c33-314c-4f8a-81fe-f1d96f1136ea,1
5c109831-b87c-44a3-96bb-d891d2393698,0
5c11c2cd-e824-465f-ae30-8ff8f7b340ac,0
5c137a93-4b3b-4df7-acb3-ee3593fdeb81,0
5c18f58c-287e-4fd3-90f6-eef2275453d7,0
5c1a6966-4f4f-4b98-929e-a0852831a713,0
5c1a983c-61e1-4877-821a-3f37756ae961,0
5c1fb83e-e577-4af6-8e7c-6f6081cba759,1
5c208eec-6d93-4280-9ece-7be1df101f4a,0
5c237dc6-cb68-457b-aa04-278eaf874655,0
5c23c488-fe19-4ea4-a966-ddf21587f013,0
5c252b9e-c52a-414e-bdf4-c6a5aa6a6304,0
5c259c31-d21c-4730-a78d-905cb6c3be62,0
5c2989e6-433f-4c6a-bcaf-65e1044de4d3,1
5c2bf801-f76a-44fc-81c2-fa6fbd067057,0
5c2cb109-5a66-4a19-9ed1-d4e20dd1606a,0
5c2d6e38-1dab-47ff-8f04-2d84f90166c6,0
5c2e271f-ba11-4bdc-b9c3-c4d768829c83,0
5c347b5c-5200-4c03-976e-31fbd653b6a9,0
5c35f78c-2371-4244-9a0a-3c69a0d823f4,0
5c361c9e-3d4a-442a-83b7-38c95b09dfc1,0
5c39e081-9d43-47fb-955c-d9887f11f8ad,0
5c3c3b4d-aeaa-4e40-97d8-14c59a417bc9,0
5c3d9de7-06da-446a-88c4-729bdd9ffa8e,1
5c472aeb-395e-4315-b4b7-9a4eb0b43d87,0
5c4afb76-2dce-471e-ab87-19b79daf140b,0
5c4c8721-d783-4fbe-babc-feb177ae085f,0
5c52caf4-b7d7-48bb-aa26-050b309a23f3,0
5c5378bb-0517-4d0d-b28d-dc13a7802690,0
5c53b770-33ff-4b6a-be57-a0cbd959bf68,0
5c5564cf-7a34-4070-ba7b-4b27f3292c61,0
5c5a5f58-5467-4743-81e1-0d98825bd4ec,0
5c60102e-1dfa-4eb7-9c54-265fefef921e,0
5c63d41f-8e00-4cd9-8b59-19ba3cadfd25,0
5c648976-d2fd-460c-b275-a7d5f30ea14e,0
5c67eef3-1e72-470b-b8a7-93245e98d9ef,0
5c6bd73c-d602-47cb-ba46-31b21f9928b5,0
5c6da725-c405-4281-9555-76468a8951ac,0
5c725ede-4b68-4881-9335-f3de5cffb7dc,0
5c7280ff-f0ee-4233-943b-b9f7553f3967,0
5c7a2fc4-0147-468e-b13f-fd33969c280e,0
5c7eec98-6fc0-4902-9a8c-b44b38cb9a5a,0
5c7f058e-d6e7-4743-8f46-e45d334b5c37,0
5c8169cb-0443-4627-a03b-01746ae83bb6,0
5c829e89-1a31-4385-bba9-296743e3e462,0
5c82df91-e88f-46c8-bff4-32f095e5b12b,0
5c89c00a-492c-469a-8dee-eec3be4ed9be,0
5c8c5d73-c9a6-436d-a345-0ec645aadd1c,0
5c8e8596-80e5-4c51-98bc-ad0bd8a645f6,0
5c8ee039-2b8d-4f27-a943-a09e41c0185e,0
5c8fb603-c950-4cab-a645-895d5d475692,0
5c92b2d9-f13e-41be-adf2-9318772322de,0
5c9659e3-66e6-4ec0-a896-381f93a2cbc2,0
5ca0188c-0c48-4a2b-9bfb-4f8cf0437590,0
5caca0bc-1e20-495a-b35e-8f48ae1b273c,0
5cb7fb26-aad3-4a31-a930-241bf7e823fe,0
5cb9eaed-9c9b-41f6-90c7-5e3dd6417081,0
5cba1903-dea1-4f33-9b8c-9a76b0d13495,0
5cbdf367-4683-40ba-8ec1-bbe953c3d984,0
5cbe27d9-0b66-4664-be23-b3f1123bba4f,1
5cbe49d7-a083-46f6-a729-1863ed561424,0
5cc183ca-9ae3-4c9a-9ac0-851fa7267711,0
5cc1f6d5-1c70-4274-a406-304131da4222,0
5cc3a87d-07e7-4d77-8491-7086522fe5bb,0
5cc7ef02-f00b-4a28-a9a4-ede6d34cd323,0
5cc7ff07-cfda-4aea-b06c-c3d4e88e397c,0
5cc84642-565b-452b-8cfc-cda3c95158af,1
5ccad87d-069b-47f9-9df4-3718067c02b6,0
5ccb3cf2-fb2a-48a4-a69e-a76588ff8a13,1
5cd46afa-cdee-42f5-982f-55a84c735711,0
5cd7181b-655d-4de2-ab62-74d44ff74470,0
5cd8577d-28ee-4852-9908-a639b607539c,0
5cdbf18f-0a2a-477d-b529-8d4308bb8bf3,0
5cdd5a42-78e6-41e0-a00d-752b6d55623f,0
5ce543e1-6bcf-4ead-ab7b-c8775b33f8ab,0
5ce5ce00-d87a-4a9f-b629-0472a77a0825,0
5ce654d9-038f-4c51-98ee-eb5e93835b79,0
5ce93f38-a01d-4800-b08f-be8d3b0d7af3,0
5ce9e85c-e9bf-4bed-84ec-9cf5aabcb142,0
5cea0df6-a0d0-4842-89ad-1b09037e3467,0
5ceb559c-9582-47b9-88b5-41e8a3771c5a,0
5cec0c2a-86cd-4e7a-9ea5-119bc16772a9,1
5cedb6d6-c5f0-444d-aa9f-0c53c10ca8d8,0
5cee007b-4f33-4c5e-8942-943a19011aa5,0
5cf029c8-098d-44bf-b0e5-b134cac8ef8f,0
5cf03211-199d-426f-afa3-6ced2e25675a,0
5cf0ab12-21c8-4a17-bee1-3e00a0675d3e,0
5cf51184-d6f4-4d27-b20d-2e31edfbfaf2,0
5cf5e1ad-1cc9-4e3d-8708-ee65043d8c0e,0
5cf6c694-66f9-4ab0-a070-d525ab0a80ba,0
5cfa8f12-7676-4207-b16b-b46d9a3db1d4,0
5cff3e15-534d-48c9-a9e9-6945c03d95a6,1
5d016c9f-5f15-4d6f-9d3e-323c36c28187,0
5d025c42-d432-4b18-a271-4b76d265735d,0
5d08b9bf-421d-451b-b913-c38f0e6db1a3,0
5d09a4ff-47d6-40bd-99e6-4e094f380d5e,0
5d0e27da-8f1d-4bd3-b52b-6198d0901115,0
5d0fad37-4a63-4772-8ee3-43a428eaafde,0
5d105f21-e9df-4c19-9dc4-7fb4483bb0c9,0
5d1253e0-3be4-41f3-a281-9aa781285265,0
5d12c960-40a4-4efc-83a5-93594b933700,0
5d1520d0-df4a-42b8-a29c-96ef44061784,0
5d187544-76b5-4240-94c5-08a771ae6c1c,0
5d195e1f-f20a-41c8-bcb7-6412c7a13fca,1
5d1bda30-fc41-4e4b-b850-de08efc12cba,0
5d1d2133-4cb1-4ade-8a2b-25d48cce0659,1
5d1e5c56-a871-4457-8432-9724085fdc5c,1
5d20dfdd-b1d8-4cf6-89a2-55541c8ff1cf,0
5d226448-589f-4c77-a89d-423dbdc73454,1
5d233e22-e25f-4a3c-8e6d-7931115c0653,0
5d236f5e-742c-4892-90c1-c8b98a0ca2f1,0
5d23df49-d71e-4433-ad91-1e4b63e7bf6a,1
5d247857-b392-440c-a720-1946900dc0df,0
5d2815e3-4c95-45eb-98ba-ab808b72feeb,0
5d29a7f8-7fe5-427a-a02a-cc33815e115d,0
5d2ef2b2-04cd-4b29-a140-7d7788a4af7c,0
5d3067dc-de89-428b-978f-573ec039e60a,0
5d33555f-ec7e-4064-b826-6430995f8824,0
5d34f8bc-1669-4f72-860e-fe2aba2f81b9,0
5d3650d8-f6be-4b23-84a0-a8c16c71a690,0
5d3c8507-6a48-4145-9e8e-186a94965d3a,0
5d3f0685-a322-4d33-af74-db5ddcf380dc,0
5d419577-89bf-434d-9851-d08cd7096028,1
5d4351aa-cd4f-406c-bf57-35376620e748,0
5d46f919-eeaa-4048-992d-d46689b182d2,0
5d4aca9f-decf-4cee-834d-f12c2fa56f03,0
5d4c9929-a7a6-4ada-a319-924aba99c118,0
5d4f08f2-9777-46e4-ad2e-7d330de4f147,1
5d5304fd-c48a-4ea4-a1b9-4a150f3fcdda,0
5d5b16e4-d722-4ac1-b8e5-c9d28f6081da,0
5d64a07c-7bdb-4c76-915a-0a457c558f5c,0
5d6a580d-1a4d-451a-b391-07e06d28be1a,0
5d6af9f8-214e-45b9-b787-a54b4cee5ef3,0
5d73184d-f6c1-4779-8ea0-1abb8c17449f,0
5d754fef-4ded-4d5c-8161-40a81573d9b5,0
5d79dd4c-9c81-4836-9c82-55cfbd7cbabe,1
5d7d4ae8-15f2-4a37-bb0b-e063aefc62fd,0
5d80fa97-832e-45a5-8a47-96e8a104d031,0
5d826e51-90f4-4d75-8249-5cfb88eb2c06,0
5d85f0a4-4790-45fb-837c-eba909aec899,0
5d86043f-764e-4469-a0de-6b4c45c6379a,0
5d87e023-22ce-445a-a9d9-4d7e18cbb2cc,0
5d883398-840a-4339-ad8b-53010bd33f89,0
5d8d07e0-7dd0-4af6-ae23-0dcb1657acb0,0
5d8dd0d3-d93d-421c-9ee3-fc17724f0846,0
5d9196d9-5bc0-432f-aac1-8f22a10723c5,0
5d9281ef-6f64-4a8a-bf8e-7813044ffb1c,0
5d93d39c-5790-4ad9-a137-b82480ca1379,0
5d9752b2-4bd1-4104-93f8-aefda3f55972,0
5d980204-6991-4f1e-af97-4ca8ece065ee,0
5d998762-25b9-451a-93e0-5fe1e95bdab3,0
5d9ad90d-0700-4752-8764-c62fc4d20c24,0
5d9d6637-59e0-43cb-9bfc-c65a429ed3fc,0
5da4e372-1a68-40e8-953d-22ca6af13145,0
5da6508c-0a48-4721-9a21-43a3992aeb94,0
5da65f3a-1a66-4b36-8deb-07a45415f2ea,0
5da80829-99c1-4049-8e2f-bc549fa55b7d,0
5da8a95e-4a90-4a76-992d-99481abf9cf3,1
5daebc1b-92de-4906-85b0-80d2a4436475,0
5daef157-915b-4fb4-b835-b45b9e97a472,0
5daf2b94-5078-4e9d-b4bb-66798f611dad,0
5db22476-f258-4c2a-869a-6cf522c08a21,0
5db40b41-7861-4a3a-9540-2fdd690e4557,0
5dc12724-5518-4acb-96d4-bf27030d1aba,0
5dc81a17-c392-4256-9f95-0c6fc9047cf2,0
5dd009c1-99ad-47ed-bdd0-9967ce07042c,0
5dd19741-40f3-4267-ba52-ff3866648ead,0
5dd5dc73-824f-4780-9d10-620ed5518ae9,0
5dd6122e-4de5-4565-a146-b6d3929838a2,0
5dd917ac-7019-465c-b90b-666b0c9c9f61,1
5ddc4817-ac1f-4ec5-b80f-7fe87f6404b5,0
5ddf373a-e01e-4cc2-8e8e-77d343b3c39c,0
5ddfba70-5d7c-445f-b787-1fa1a5aba76a,1
5ddffe61-fe81-4614-9f59-022148652323,0
5de07cf8-6f46-495f-85c2-5792b756b877,1
5de2f6ff-988e-4dc7-af6d-35d193481f6e,1
5de3a155-8305-484d-ae6d-6f2255784456,0
5dea3d01-f0f6-449a-8bad-4bbda3c44d09,0
5deae02a-6333-46a5-9f97-4c03b49b2738,1
5dedc5c7-8750-4c2c-b726-ac12374257de,1
5df2ff29-ae3e-4a76-8a25-4ff1379e5dca,1
5df86381-6ccc-472d-a5d2-8bb56b54fdf9,0
5dfaa63d-920d-4aef-9c54-b6b8cd69bdf3,0
5dfaaf09-c94f-424d-887d-14f24ef44eb0,0
5dfc3c85-190b-43a9-9445-ea823e2d59b2,0
5dfcf3b1-54c0-411f-9209-554aa6d79eeb,0
5dfd391b-7bed-43c8-a465-2e722a1cae91,0
5dfde341-add5-4232-9910-61a524bfee68,0
5e008d13-b847-4415-b7ec-1ee1859b02a4,0
5e13b867-30a4-4ae1-b65f-d41ba76f40c7,0
5e166246-3be2-4196-bc80-e18fbd40b04a,0
5e16732f-2dc8-40ba-a1c6-3893f720f0e7,0
5e17d365-7f0f-43f8-95c3-3d9a1baa8c02,0
5e1dca56-d03b-4abc-ac74-ff3c9234c008,0
5e24da60-6b1b-4693-af85-30f864525414,0
5e278dd8-94f0-41a2-a36c-ff6f212a99c5,0
5e2f7e97-9054-4673-99ee-99379fc1f6cf,0
5e2fb5ea-232c-42b8-b76b-469901f4da20,0
5e2fcfbb-0415-4db0-8296-f23ab07310e7,0
5e331229-2757-4ece-b1a1-066757a15c93,0
5e33d0e0-6dde-4dbf-bf1f-58ce6a141ec7,0
5e39a41f-f335-480b-ae81-e7ed2218927b,0
5e3bb833-c8a9-4230-adcc-99ec35d2a9cc,0
5e4365c5-4fee-4549-af59-a5c7f524f7c9,0
5e45a844-a507-460d-a991-245e18e1cdcd,0
5e48d07b-9c58-451d-aea9-260d2e6cc189,0
5e48dbd9-fd54-4593-9ba3-7eaae02331a6,0
5e4a81da-8169-46cd-bec7-3c156ab7c343,0
5e4c57d7-7f89-48bd-be6b-80bb98bec293,0
5e4cefe5-e49e-430c-aff2-b51a2bde19ea,0
5e51df81-6e49-4af9-b30e-901374ad501a,0
5e54c2d0-ffcc-440e-a96e-1db7521d0754,0
5e56c796-0133-4e4d-a2f1-25df8757d7f2,1
5e577b31-6dae-48a4-9987-3df845a2fbcc,0
5e593d9b-a4f0-4a3d-b2f5-7f82a2c7708e,0
5e651a73-4087-4be8-90ee-ea0bbec24cd2,0
5e669df4-6cc9-488c-8a80-ffb334c0710d,1
5e682ebc-ad60-412f-b992-ba7df8647ce8,0
5e6b5bf4-dd6e-497a-ada1-c5da5752aabd,0
5e6c6b9f-ac03-406b-b638-5cae70022e71,0
5e6cd60b-8c89-40ad-aa34-907f359df07d,0
5e6ddaec-abb3-4e5d-8b37-1ae5ac71703f,0
5e7200db-9949-4b78-9176-c2c3e44418b7,0
5e74bd09-bd4e-4ffe-8b25-bd489e2c43cd,0
5e7c4d99-982b-4662-9f52-78f62b999f64,0
5e7dfac8-4a75-4609-a5a9-8d614e045bec,0
5e86e202-73da-4330-9d59-44448b2e8da0,0
5e89463d-268e-453d-a4c6-57c8d3926014,0
5e8a3a01-8d8f-4963-ab60-b5c3f86e5bda,1
5e8afb64-7cf6-472a-9f74-8c892cab3a68,0
5e8bb465-1072-47e8-9a98-fe8f9a7f3519,0
5e8f189f-a82a-43e4-b781-0729af6bd929,0
5e92c823-1e07-41ad-a0ba-e2074d042d29,0
5e93be03-cfa4-4a9d-ac8d-adfcdca184c5,0
5e94e935-77ea-4248-910a-5d4bf8028b98,1
5e964144-92c6-4b33-8f2a-cae560fddb1d,0
5e96a6d7-d9fe-4ed3-87ae-2f7eabf32092,0
5e96c14b-7d66-4859-8dbc-eb78c89f993d,0
5e996c66-fd5a-43ef-b103-67384cc148da,0
5e9ba1eb-6f8c-4dce-a2e6-bb02e4bb0dfa,0
5e9c6845-ef5c-4e3c-ad02-90cbcabf4953,0
5e9d1b62-ef82-471d-abbb-b152ef9d7152,0
5ea3a6c2-764d-405b-9062-9445c450463d,0
5ea43b84-4b19-4c93-815b-2525ef468548,0
5ea4eb82-cb68-438f-9971-0bf2be5c67f7,0
5ea5c826-253f-40cd-b4ae-a595cb5f8dde,1
5ea831b7-8aad-4d33-9bb3-aa3d70b282de,0
5eaa73b0-b0ba-4f94-9071-f80c2d601f18,0
5eabb4fd-ab44-47ef-9e02-4aea8a0181e8,1
5eb2afc5-267d-44d1-9631-7920fc9b585a,0
5eb3a009-2be5-4d2d-be9b-8ce4ee0977d7,0
5ebaa574-6bf5-495d-92ca-54f019b0a5e8,1
5ebb2de3-fe31-4d8f-bdee-03c59a34d1b1,0
5ebb93ae-cbdb-4d2e-8aa9-060f42d9153d,0
5ebd75e4-a286-490a-85b6-faffdbdb5eb6,0
5ebe07d2-b440-48af-9b83-bcc8dc0c8cd0,1
5ec24194-f232-4587-b6df-e5c1f93db24e,0
5ec6656f-98a4-4ea5-8464-71816bf0e00d,0
5ec8097c-dcfb-4c78-b978-61004f170adb,0
5eca5f75-3f8b-4cb8-a519-516ab59d3628,0
5ecd938f-f1e2-4bed-95f5-b1da6be2ba5b,1
5ed288fa-b517-4717-a9d1-eedb097eb538,1
5ed2b90a-bf77-47dc-9a63-dd22b52c97b3,0
5ed3e29c-7ed1-46ee-a649-2d0c0fa6d9df,0
5ed5eabb-1601-452d-a08f-b43f35af593c,0
5ed9893e-476b-4300-ae15-21bc3d93bfc0,0
5ed9ceee-2a87-4ee5-aab6-f8c8541cfd89,0
5edbddc1-e600-4226-af53-ed95f7d6c635,0
5ede4394-eb59-4217-9cd2-e892ed5a6add,0
5ee4c905-5ab2-4cfa-963f-cfe8e36ee84d,0
5ee57587-db76-4d13-b4e5-ce8ef4439655,0
5ee869b2-0580-4f40-9598-21f766d3b3ff,1
5eec6e7d-04ff-466e-a75c-be16656a0c86,1
5eeeb619-48de-44b4-9197-4c066490a63f,0
5ef194b3-8827-41af-b89b-ce8702e1fe0e,0
5ef5d1d6-2fdd-45ee-8508-f378c5e14958,0
5efab356-7ecf-4db2-b732-7831ed1c1153,0
5f00b855-7bba-432d-a475-245b8cc2f3f7,0
5f087b18-6ff6-40b0-bf65-d45c957ebe84,0
5f0af69a-c271-464b-81c3-43d882377cc4,0
5f13b7b5-44ae-4e46-9176-33ea379939a8,0
5f148ef0-2f52-4ec5-9e56-5eb21f18679e,0
5f1a945a-f52c-4505-a174-1b1ba98961b3,0
5f224ab4-7ac6-41b0-b250-b5a9ce1680f3,0
5f231569-9719-45c3-98c5-d19deea5bb9f,0
5f233e02-a829-4f54-8678-ffd840faeb53,0
5f238ff3-617a-45d5-966a-bece6ee7d481,0
5f24b15d-d20e-4908-b361-86dbb8877893,0
5f24c222-5401-426c-bbe5-80dd851a9ed4,0
5f256668-286a-4835-adbf-530da49c03ab,0
5f25b940-f2ed-4f5b-8c60-f4db11db0c07,0
5f26b734-312d-4f09-b094-6a310c6667b9,0
5f2788cf-f13e-4639-8679-3018ad982c38,0
5f27f3ac-53c8-4374-9b34-5274df59b3e7,0
5f2c479a-e4d8-4275-a1de-effd05a784ea,0
5f30f7d1-ae39-47d1-8881-cf4a8db726a0,0
5f331b5b-6644-4b9c-8b32-17eff4491b0f,0
5f394a19-277b-4204-ad83-13ea1cde786d,0
5f39ced1-e9db-4361-81ec-e023b52c25b2,0
5f3baa8b-3f65-4e7a-98e7-a97bae6ce8ee,0
5f3f93a8-fd0e-43cf-b1a3-eab330e58191,0
5f441446-a5a9-4b71-b553-c76af052cd2b,0
5f498071-0694-46b0-8690-64c48d91f65c,1
5f4a0ff6-cb6b-4ca7-ba9b-a8e86fcd8689,0
5f50366e-28a9-4b02-bbc6-94f27c6249f5,0
5f51a42b-7014-4458-92dd-f19a7e1ec914,0
5f5274b1-20d0-48a9-8644-f998668d66e1,0
5f5327aa-f380-4566-b07f-2b299eac087f,0
5f539f4f-c15b-4c24-8ce0-176941798a4d,0
5f53c80c-83ba-4711-9a95-fe66492ceae5,0
5f5fa1ea-5679-4ffa-b495-5d0dea13664b,0
5f6396ec-c24d-45c9-a557-b27d82651196,0
5f66a3ed-5d68-4800-8259-470578781b46,0
5f66ac2b-8e4d-43ab-9fda-fd18d3d5df78,0
5f69b2fe-3ad6-40e7-8e15-a2e476282d66,0
5f6a00b4-56be-449b-a74a-6f1ca7ddfaaa,0
5f6ae6eb-472f-429a-9a4f-53acddbaea1f,0
5f6ddf6a-3fa2-483f-84f4-c377ee0371ec,0
5f6e78c0-3688-4874-841f-a843642bd2aa,1
5f723602-2b5c-4db3-bd85-d6ec0b1ed591,0
5f7343fb-f0ed-45ef-827a-ca2839bb5496,1
5f750147-0132-478f-a7e7-41c50e2cfbcb,0
5f7e0cd9-2aad-446f-a9f0-4689a36060dd,0
5f7eedc4-f924-43d8-b573-46511f473284,0
5f814d8c-e978-42ee-9c84-bedee168e596,0
5f825386-f308-4e56-b91b-1cf829d8e52b,0
5f89b7d4-5e8a-429e-990b-48f10cf09bfd,0
5f8a0173-3e8e-4380-81f5-7ca5dae983aa,0
5f8de2a0-d05e-4ae9-83d2-88eb54a80dff,1
5f8facf3-ec23-47b6-ac10-5d499994d4ad,0
5f95bbbb-c4e1-4f95-ba82-bdb0d7886226,0
5f963030-fecb-4243-9015-62bb12dc08cc,0
5f9690a2-6811-4cc8-9085-2b2c14b14040,0
5fa09e26-74f1-4a1c-a89b-753387e5dd24,0
5fa2dead-0e2c-453c-98d2-ea29007d28f4,1
5fadc155-4b68-468a-8d3e-312893ef37f1,0
5faefe52-a695-43f6-99ff-3b7933f8cecb,0
5fb03fc9-2369-4ac1-ab0e-48ad10397525,0
5fb103ac-6272-4ad4-b830-183f3bf35e10,0
5fb6ce44-3176-414d-9407-953af2101652,0
5fbc2b10-0b3a-45a5-ac66-645247845192,0
5fbff9d2-9f4d-4761-a42e-c938d4946fee,0
5fc07e80-6f07-4b49-b9d5-45cf6ef0827e,0
5fc22b56-7171-4133-bf3f-abd92077cedb,0
5fc33ff5-dfde-4793-a9b4-24f27064943d,0
5fc8f1f6-7e73-4a39-aa55-abecc964e5c9,0
5fcc2813-da99-45b4-82ed-91c3d2820a4f,0
5fcd2b25-e05d-4d2c-8929-9153355d1840,0
5fce664d-a89e-47ed-bbb5-22acb06e821c,0
5fcfe68c-4ffd-4c22-9904-8c8fa5ca241d,0
5fd298fc-78c5-43a0-b174-45c22a7511e0,0
5fd343eb-7f8d-4afa-9a62-12293c301c14,0
5fd376d6-f2c0-4c09-b81c-3d4f77360fe3,0
5fd384ee-f5a3-48f2-bc91-22e994c0bb0f,0
5fd3b4ac-921f-4c2a-ad6e-83c03e997991,1
5fd5034d-1466-4276-af53-3ee639a3d034,0
5fd6f708-a9d8-4a59-8baa-2a7dec8c6a40,0
5fda480b-3e3e-47ef-8615-39f1dbe78917,0
5fdb05cc-ecaa-4207-b293-83cc07276d8f,0
5fde2bc8-4a5f-46fb-99b5-cfce65e19013,1
5fde4eae-6db0-4b42-a630-0dddb40a5b87,0
5fdfbca9-7c7f-4b4d-9d24-040338c318b1,0
5fe02b11-472f-4267-a4a7-96cfacac2b23,0
5fe263fe-7340-41b1-b014-dfa540cbc3f6,1
5fe32836-5378-4474-a4f3-ab76b4feba45,0
5fe46349-91c2-4c90-aa15-28b15fd56293,0
5fe942e6-180c-41a1-8180-01525c27c380,1
5fea2368-da2c-4a76-be8c-e98a65a09541,0
5feb8b06-9a53-453f-9ae6-e96465a25df6,0
5fefcbf0-a38a-4f73-b980-36b4a4fe48d4,0
5ff156f0-c18a-4ed2-addb-ab219549f677,0
5ff29ef1-8b44-4d31-89c1-57c48ce45825,1
5ff5c2c0-0c39-4409-a9d9-d2b50e8127a8,0
5ff7b447-b7c5-4e8d-91bb-f3c0fd6ac765,0
5ff7b91e-112c-4767-997c-ed63db6d97a5,0
5ffea21c-16d8-488d-a73a-bc4e45cd5958,0
5ffeb6d5-5b5e-479b-88ea-2fcfb3c28ee7,0
6003c64e-1bca-46a0-a91e-4cc31e96639a,0
60134129-6097-4e1d-8307-226cf0b0aeb2,0
601946b9-a02d-4dfd-93e2-aa0197e721f0,0
601a1865-7376-45b3-a916-fe88daf785a5,1
601b4e5f-5584-4cce-90d9-49e381b29cd1,0
60203607-6c89-450b-b7a1-5da644c86615,0
60209780-74c4-458c-a541-2b9c6cf524f8,0
6020da25-764c-4319-9c8d-b458f65211c0,0
602111f8-4bc5-45ac-9b12-47e0a6fa76f9,0
6023c425-e688-460d-9d66-98695018a3b0,0
6026fdc3-f18a-4cef-aa8e-a0f2e319e513,1
602a16a7-4157-4026-bb8d-c05ea37ceb15,0
602cda14-e03b-4b5b-937c-49b668643090,0
602e0863-01fc-42d2-8950-116c327f0bf8,1
603105ff-a5c7-468c-9ff1-24db983898cc,0
6033e995-a0c9-4955-a597-cb6b951d3242,0
60364427-6e45-479c-a493-5da4e453dede,0
603675c8-98e0-4438-8ec1-e938bfc0dd57,0
603bc41d-64fb-4558-a640-7d0b25fb9f93,0
603c1da7-cbfd-4fb4-af2a-4523f24e8f4e,0
603c6822-3ffe-4c37-9ada-dd8b3abb0b2a,0
603c71c0-a8b0-4eda-99ad-85b1c551cd73,0
603ce15c-4b6e-4a83-88c0-6998c8c05138,1
6040a7eb-78c1-43dd-a7ac-808bf4e8da7e,0
6041a94a-5f8f-4f7c-833a-ea7cbfde62d8,0
604352e8-d647-420f-9fc1-79e3e211ff91,0
60467f7d-907c-4733-96f4-68348bb60139,0
604694e4-d912-44e7-98c2-8e388a0e4733,0
604ace8f-4a5b-4069-a88d-a3cbb118a914,0
6053c141-aa96-4867-b18c-2d2cf691d07f,0
60558aa2-63ce-4016-ba47-fb993fdbf717,0
6058f746-9593-47aa-8a4f-25af51ac9487,0
605d9e9a-3a9e-45e5-b758-b9727f9fb254,0
605f1935-8027-4260-95cb-42d7d703eb25,0
60628d30-71be-4d65-a24d-18fbfdbcfd82,0
60644431-a1c7-46f0-a74a-32888ac1f7b1,0
60649a66-9b44-4416-931b-81095aad6256,1
60679437-5805-4573-b884-d21d1b4d631c,0
606a21fa-8621-4389-a4a3-ca786970f562,0
606c5fdd-568d-481c-adfa-cab9b99a05d7,0
606ca904-922b-4c92-8e78-6f70469581b1,0
606da516-d366-4cbd-8294-58b4503a4813,0
60711802-c29e-426c-aed6-b29ececbfc97,0
60748e61-5131-437b-9220-abaec07e8be6,0
6075ef1d-0d85-44a5-abb0-48e332e95850,0
607644f0-63d1-49c1-b50b-69dbd38e7428,0
60790516-1070-4030-b5b0-9050529a0714,0
607b08a4-54fe-4cb2-bc48-6a91310c0893,0
607b51f7-647c-425c-8689-2c10ad813fe1,0
608128c5-ad9f-49f2-8af8-655cc23adf45,0
6085e78d-6eba-4f2a-9dd0-2c9616f32a38,0
608dd194-dd9e-4960-ba59-cf6aa1cc72d3,0
60924dcb-4d3f-401e-a34c-9535b1065371,0
609301c0-3e40-40ad-897b-aae75eff488e,1
609472b4-13fe-40fd-b0f0-4477561828e5,0
6095bf1b-255b-4e00-bd9d-bc934fa427ec,0
609661cc-d3a7-4170-af95-7db014638ea4,0
60979264-3625-4c03-8480-a0a706c858d0,0
6099020d-6daa-4b42-86dd-71be514d3f48,0
609bd53c-5bb8-43e8-9c01-ce931c4a5660,0
609d3232-e70b-40b8-8454-b2782cb13fa7,0
609da4ad-4fb0-4d46-8564-d54e4d32ab4f,0
609e5f76-bf3a-4ecf-a3cb-2af166c57c4d,0
60abe6e9-b0a6-484f-a8e2-479bff67dfb8,0
60ae19df-6ded-4ca5-a234-4eb76f023b9c,0
60b5e2f4-26bb-493a-b426-5a32834cbb79,0
60b7c7ee-2a2d-4efc-b9bc-82b44f31eb65,0
60ba188d-94c5-4ae2-b572-34d199598f9a,0
60c715cb-b564-4bf9-8c0b-f145cd552259,0
60c81dcb-56e5-4ebb-906c-e4e57051f81e,0
60cdce76-946f-4b9c-ba54-5489b92fc952,0
60d247fa-743d-4c02-a3e7-67c2de122f4b,0
60d81cc8-1ec6-4a33-a739-2310b777ca38,0
60d954bb-be3f-43a8-99ac-cb80bc43b0f8,0
60dab244-4cd7-4739-890b-7cb0493e5903,0
60dbfce5-24f6-4b9e-b52f-f75f8997de8a,0
60e36087-4a7e-43e2-93b0-aa6d13c0da13,0
60e4824f-c8ab-474e-9c30-0bd905dc1831,0
60e96f43-9fc6-4feb-b377-48ee7b07d00b,0
60eb65e2-b588-4cbf-afd8-7db1cce70fbd,0
60ed88e5-8650-4c1f-9a0a-24a5f80b0106,0
60ee1759-49e4-4dc1-ba40-86ae67724224,0
60ef29ce-bf88-4edd-b51e-4c5cda64af41,0
60f3442b-4c99-4995-83ce-fc12c6edb0b5,0
60f42555-c411-40ca-85a2-342774fa221c,0
60fa0fed-a4f7-4975-b6a3-186163961e5a,0
60faa882-a609-44ac-99c5-dfb5b9ea2114,0
60fbafe7-a24a-4be8-be8f-c0d303908726,1
610111d6-b9ee-442d-a1ac-8fb30ae19a56,0
6108dae7-9fdb-47f9-9cb2-201277710340,0
610c8af3-d65b-4bec-afb6-aeb8879ad076,0
610f101a-c743-4d6c-9abd-12be5c711ffe,0
611182ad-8fac-4b31-9c74-d56b8fd49bdb,0
6111dec5-8930-4002-aeea-b143990702d9,1
6112ec62-792c-40b1-9804-c2da557ac6db,0
6113f8b2-d3c3-487e-92f3-c2aefde9d7a8,1
61146630-4f4d-432c-b84d-bc5195978d2f,0
611b1353-6fe2-497c-b2a9-1fab246d3441,0
611bfb38-9390-4267-94b3-b21cdd6764c2,0
611e41c9-4e1b-4a46-b6fc-7f61f00cfeaf,0
6121efeb-60e9-436f-9298-a005f6be12aa,0
6126a86e-12c0-456e-9622-845136454531,0
61283363-4355-417a-9de5-c1bc05fae3b8,0
6129ac3d-846a-4837-9e1a-5183c1e4d68c,0
612acf06-11f1-4269-b4f6-3647b410fba6,0
612c747f-563c-427c-a6f1-3cc84765fd7d,0
6130a42d-c103-42a6-be23-2217e1b1d13b,0
61327c87-e460-4d9a-9670-128517800cc7,0
613362b5-12ad-45c9-9aba-72424f423e12,1
6133adeb-1fb5-4f0a-a681-ded0da6630bb,0
6137d643-7d99-47d7-a33d-f5886f1adafe,0
6138fece-8fb1-43f9-8a1b-d3a7adf6c581,0
6139ae2a-0e7f-4aea-92a1-51da498f4d3a,0
613ec1d5-401d-4c7f-9c6a-47bd64ca89b8,0
6142f619-0baa-42fe-9ec4-4ea90f4ddc87,0
61453b50-d081-43ab-89eb-136028ebb0de,0
6147163d-244b-477e-a36d-bd51ca985174,0
6148a8ba-0e47-4849-89bd-67dad881933f,0
614b9802-96bc-4031-a5e4-54988b92e1ce,0
614e43e5-1a02-41d6-a6f9-7f9b031c6948,0
614e957a-d52a-4771-bd64-dfdeb4123017,1
614fb6a9-78e1-4d06-a633-cd76499abba5,0
61502d02-006e-4cae-8bc4-a413692639d8,0
61509a7c-7ecc-41ba-aaa6-d6a6bae2f1ce,1
6150c212-ad0e-4a4c-bd7a-35e95ad0ada8,0
61554171-2117-4d46-8de2-860c9b78e38d,0
6155e842-ca17-4e09-93a4-e9cf8a831297,0
61568e0a-d9bf-4be2-a064-054eccc194d2,0
61590c71-8b54-498c-a332-1ae6b998cb39,0
615aed70-b3cc-4419-9774-ed9d5beeea1c,0
61609d94-ad85-4647-8a0a-988d110094cd,0
61632e93-bf5f-4299-b282-b96d9b6d3442,1
6167ca9f-eb90-4310-9b46-81664aa6f01a,0
6167fcb3-1d6f-4f06-990c-e36f9178349c,0
61686630-b8bb-400f-94ec-ae80d39f67e7,0
616934cd-ce1d-45bd-849e-25b0dbc9f1b9,1
6169bc90-8f56-49f6-b5e8-2a3d7e28500b,0
616c12e9-00f4-4f1d-9f71-5a394e513636,0
616c6edd-a553-42cc-89dd-d17928226c84,0
616c7ec7-99da-4ec4-918d-ce2c69e76c29,0
617034e4-17ce-43b4-bc68-f3db41ba5e45,1
617b6392-4550-4c0e-a1ab-7a2c16e022f1,0
617e4ea8-882f-4008-a5de-0897e019ffb9,0
61808f6d-057f-429e-9735-a06906bd6d81,1
6184efd1-9b56-41ef-b18a-4b0ef9ed7e07,1
61850911-7781-4ed9-9da6-30cd8232712b,0
6185b33b-b3a0-4087-aacc-8aa59d573193,0
61863c47-dafc-4d1e-a0e7-97fb948dcb02,0
61890b50-05eb-49df-8c59-0bcc993ebc9c,0
618cf20e-672a-471b-8a12-95c203f7e661,0
618f4b0d-6538-4934-af35-deb9dd3b2d12,0
618ff45b-944b-4fa9-aeef-33bc7136570c,0
6191ba57-2715-48da-8bd8-fcf14d9f0536,1
61924515-e4d1-4c8a-8d4b-d93aceb1809e,0
6194b4ca-2698-4ed0-bb64-7423363a2f4c,0
619aff24-151f-4a2f-9918-63942e46b2b8,0
619b164e-da7e-4fe9-a8dc-8dd938fce703,0
619d9ad3-ff5e-4a49-b95c-84c3d43841fb,0
61a010cf-53aa-41bf-873a-b905377af7c9,0
61a238ea-fdc9-427a-9be6-80c3d6cd7b41,0
61a35538-84e9-45b6-8d08-4011090e4132,0
61a49cc7-b6ef-446e-bd91-4fc254165768,0
61a5f9c4-0757-41bb-93c7-0582c79efc8a,0
61a67f3d-5d22-4d0b-8e95-3877ffe04afa,0
61b02e66-39cf-4694-9cc8-38d91ee0090b,0
61b07b3a-e781-46ac-8187-ce28413c1a6e,0
61b7eec9-5ce9-49af-b7ee-6425bf3abf9e,1
61b86b9a-8d52-43f4-aac7-eb6964409c32,0
61bb2d77-9d3a-4b32-aba3-a71f7de7649b,0
61bd2d3d-08de-4459-ac03-eb5e2737f5ec,0
61bd55f7-4101-44b3-9fdd-b933d6cd9d68,0
61be6d54-ec47-449b-88f7-9522dce8ad12,1
61c08415-9065-4c90-9672-30b51f196af6,0
61c2559e-2183-4c66-90e4-c8e3ed91e1ad,0
61c4a3cb-64c2-451a-bb03-6a8e83ab60c4,0
61ceead4-f73c-4a60-ad63-39148ef1114b,1
61d1dd4d-893e-48ec-82bd-387541757dff,0
61d2525e-07d6-4131-b45a-af6db02bd74f,1
61d35c19-0b46-4e0d-9e17-cead014adcfc,0
61d90c6f-7e48-4010-b845-cbd5f5a18265,0
61d926a8-6071-416b-b1bb-3ae083df29dc,0
61deffc7-2d00-4521-b28e-cddd34a2451e,0
61dfa5bb-ed7d-4ee2-9376-6c708f3f841d,1
61e4deef-545d-4269-a734-0649a838a1bb,0
61e54a14-cf7f-4525-b35d-641c73d76a70,0
61e54c3d-bde8-4892-8f68-e3067c9a1826,0
61e587ee-c019-4e31-ad97-31ebefd3a3b1,0
61e706d8-d167-435d-b3dc-a3b78dbc575b,0
61e7789b-224e-49e1-a58b-ab2fd563e076,1
61e93a25-82d2-4e48-b601-e359b2ec3926,0
61f2a35c-bdde-40c3-b361-186695a0d14f,0
61f96940-5df6-4760-a063-207ec450e433,0
61fa651c-5043-4df4-94b0-3d19284d2e04,0
61faec4c-3703-4eb8-92af-0d9bb28194c6,1
6200d2e5-6d35-491d-b93d-bf574ad946b4,0
620654c7-b98d-493b-b791-ec1d45d5e5c0,0
620888e0-53cf-4063-838e-b52f566c871f,0
620dabbf-33c5-4f27-a1ac-43e972489262,0
620ee811-ed30-4587-8b5f-a2be9627ca9d,0
620fdc84-b261-4dfb-b419-cd6e30704a35,0
6210a28c-f1af-4b49-a7b3-1c663f544712,0
6211bc34-917f-46d2-aa2f-e0fee32a3962,0
6212a31b-3cec-4fec-9f7c-907ce307d09b,0
6217c298-0ef7-47f8-afd5-1e780804b22e,0
621884fd-1cbd-45f4-be61-edf397e4633a,0
621d62db-e410-408f-9c3c-f14b50ecacf3,1
621ecf78-e278-4799-8b84-de7e38af9028,0
62211c1f-bfed-43fb-a89e-1b4dde70a773,0
622251e8-ccb6-4bc4-b7d5-74707824df37,0
6222f419-c275-47d6-9ff2-e21a755d3935,0
6228363f-4190-482f-a790-9848db1e209c,1
622c4a06-3310-4f7c-8156-0dad34245715,0
62324fc4-1e9d-49fe-803d-9399a977726f,0
62376869-b591-4815-a6d9-411b029fc762,0
6238ab71-50dd-4778-9e1b-e9d5a78677cf,0
62393b51-48ba-4364-9177-d636edd5af0d,0
623b98ca-41de-46dc-bec9-f5d19e17356d,0
6249a79e-ffc2-4554-96eb-abe93553cd9f,0
624a9eb4-8409-4684-99de-3be133cf7461,0
624de7ce-309e-44a6-ab7c-7e7e24d6c7b8,1
624e8798-54a7-4e46-9c15-4c1113b01e3f,0
62509c5c-9470-4bed-82d8-fe6af0417682,0
62550d50-50e3-496e-9386-1ab8a194a4fc,1
62572ee8-6377-4c05-81f0-d1344bc73d14,0
625aa271-9240-4814-86db-124ceae4d292,0
625cbc34-daec-4e9e-a0d4-216ba21f1d98,0
625d5df5-a07e-4462-8af5-dfd543667fdc,0
62610a62-336f-423b-9e2f-eeb8d2a17738,0
62623719-42ce-4ca0-affb-282598798d3e,0
6262d6dc-3ad0-4303-a8ee-87a5e7095ae1,0
6267021d-ed36-4568-a9b2-53627663a57f,0
6267f317-7d46-497c-8a6b-02fe934db9ed,0
62689528-0c18-4c47-88af-3de4844ada8d,0
626efa2f-ccaf-45d1-ab53-aa4a41310b89,0
62729a91-af79-453b-b07c-630891eb2dbe,1
6274f5ff-175b-4560-8249-e8d3f894f026,0
627626de-b744-428b-8c8a-c294fb1cb7e9,0
62765098-f5ef-42e2-89f4-fbd9eaff8e92,0
62769900-8d5a-4b6d-b863-fb2a621eb638,0
627c4c47-c0d7-4b80-946a-f0ec7773ccc7,0
627e4b99-b5c6-4e80-9133-2c4fe7b99a19,0
6281685e-2809-4976-b634-f1c0bf95508d,0
62845775-dd32-4804-8120-aa5e75d9ed99,0
628a0822-642f-43b1-afd8-4056e41eec8e,0
628e52c3-8676-4092-a59e-f29dde665e32,0
628eed00-1728-4358-9a57-ae519cf3e64a,0
628fd22d-abcb-42bd-8107-578580e877fe,0
62910c52-fafd-4c90-9c9b-c1604f35617b,0
6291c002-d4f7-487b-b05b-774b87b326dd,0
62958bfc-55cd-40d8-a441-877cfda50df0,0
62964d01-7807-46f8-b937-67c7a5132ff7,0
62965913-d957-4cc9-827f-6be844f5a8fe,1
62980865-187f-40ea-bf06-e843f9421004,0
6298bbdd-fc08-44eb-908f-ed8b540ccd88,0
629f3ba5-be9f-4a74-b727-914e8c85720c,0
629f6f54-54d8-464b-9061-5cc0e47984d4,1
629fddd7-e816-422f-b53f-834a4ac37c9d,0
62a0af58-d8fd-4d9c-9434-c5b437833f74,0
62a3f834-9553-4771-8222-c38f50b6c4a6,0
62a8d8f1-3307-43f1-80ea-7a4a279fa67f,0
62af2f85-49b2-4df0-9a7a-10a07fc7dcfd,0
62b123c3-094b-47df-8eed-1d5d53442e8c,0
62b3ccff-6f6d-4f65-9ae5-0faa031bca8c,0
62b7edcc-755b-4c8f-818a-f6fea09fd27f,0
62bba85a-d0c7-473f-9543-417b063fadf0,0
62bbdb78-b802-4efa-b10d-a4cd02969344,0
62bca9d4-6ca9-4a70-a4af-1bc6dcaed65a,0
62c24717-6b10-4d2f-b342-f237086c6ede,0
62c2578c-e06c-499b-b727-1c41d3e1dc80,1
62c73b76-0a96-4ebd-9b03-252b15251a11,0
62c86c7d-d6c5-493b-a847-fabfb46336d2,0
62c87f44-f773-4ecf-ae13-1f6ea1eb4d40,0
62cc12ff-d6c1-42b0-9b03-4f99897faf7c,0
62cd1626-2093-4574-8736-dd1f3962aa34,0
62ce061d-4602-4bde-84d5-ccd9decedb42,0
62ceb8da-b10d-4c9c-a35a-c656afabe60d,0
62cfed2e-6bd4-4d61-aa34-46adddddce7e,0
62d7c6c9-4b47-4ed8-ab2a-23e5a0cdbf5b,0
62d7fb79-badb-4411-8215-18962976fa44,0
62d893a9-614b-4d4a-9909-708189599191,0
62dcfe16-f2b7-4bf5-87bf-88852aa21885,1
62ded7c9-a9d6-4613-8764-79663fb29950,0
62dedf16-fb74-44d8-9b60-e13cbbb4edfe,0
62e03f02-9195-4f84-a677-35b990db4ff1,0
62e3a024-f50e-4f9d-8a8d-24f8c968cc6e,0
62e4a079-5741-4a25-ac76-d5765d7a33b4,0
62e59434-05c1-43c0-80fa-f7ba8b4058bb,0
62e6524d-d33f-4fe1-88dd-634b8a62b1ca,0
62e79490-4d08-44c4-8694-13ec3f2845e7,0
62e8a7a1-17dd-49ff-8b18-6f7cc1dc4dd5,0
62ebfb0b-c90b-43ff-b0cd-3db968390314,0
62ed71c1-a860-4a61-ba1f-76751394ce66,0
62ee9979-d4f6-420e-96c7-4f20464b6ded,0
62f1b860-8358-48e9-a238-770f5e54f2df,0
62f1d362-79d0-4312-b4ef-5f640c25360e,0
62f4d791-f3fc-40d4-a6cb-dfccd7996cd6,0
62f82eb2-b1be-42c0-b59a-a69673bf002c,0
62fce56b-4ba4-4cb0-a8a4-da2ae3a04f1a,0
63002226-695c-4252-8812-4ad08eb01ef6,0
63077002-54d2-429b-b805-74f64f2b417d,1
630b3e86-b30e-4fa2-8687-b0c6d205f10f,0
6310a545-246f-438f-b7a9-87c9a4e3c1ed,0
6311bac8-a936-4676-bc7c-2b2957e342f9,0
63180fe7-aa2d-458c-a0be-a742084ddcb1,0
63187fbf-6acb-419f-92d5-bba68165122b,0
631d3f0f-2db2-4e77-bd63-3d7c37f712b1,0
631ee746-d47d-413d-b401-da3e051ed7c5,0
6323a190-df10-42a7-a8f9-471e6144e2a0,0
632832ef-50a3-4775-9e25-5b749e5d94f2,0
632a802e-2e1c-4871-9fe8-9df3ea4c9220,0
632a9470-f1aa-47c8-b25f-9e03a8c384b5,0
632c9386-9cea-470e-aa4d-76b74aad881f,0
632e3f3c-9599-46f2-8093-5dedad7c79ba,0
6331e6d8-726c-4bc8-a58a-8d077990a16a,0
63352634-36e5-4fae-9272-e82f2651e8df,0
633590f8-3b73-4674-8772-02c52bfbe181,0
633a4688-b627-431c-8f0a-55dc0e7dddaa,0
633bd0e9-db9c-45ce-91c6-44327d4accc4,0
63412f42-fc7e-4154-a7fd-91797f560e83,1
63441191-34f4-4e22-85d9-5f4d376858d2,0
63466ddd-8848-40a7-ba71-fde2c4df6686,1
635069a4-e85f-447c-ada1-d203e52ad06e,0
635513d3-1085-4d7c-bab0-669459fbce63,1
635a3ea5-d9dc-4813-b3da-53b6e7bba90f,0
635e9c4b-e3c4-4353-9cb4-b6a277cc5fb9,1
63655c61-935d-4030-af7d-1b914aca8230,0
63658db6-0c2f-432e-8ae6-758285eafcad,0
63668555-707b-4013-9f4e-63c62d0773a2,0
6368bbbe-d4ec-4bc7-8e29-cbab5850fb45,0
636b803e-9912-4418-ace9-8a53e002e8a4,0
636e31ac-3547-433c-a648-24653fa9b214,0
63710495-9d17-4155-b681-653eebe72f2c,0
6372f828-473f-4d67-8c0c-a767b4e31efe,0
6375adc6-8dcc-41e4-b088-8df1c0bfe506,0
637d3a7a-2b93-439c-8ae0-cd21278e07c8,0
637ee891-78eb-4ff8-8df3-29fbbccee927,0
63809a9b-067f-4f2d-932b-afb01d7711d3,0
638154d3-be91-4461-ad78-778461be28c5,0
63825aeb-478e-4d70-9a92-76b8dae2ac45,0
6385715a-eb74-404c-bf73-e90ba8538d01,0
638bbb7b-5936-4ca5-902f-dd58bf672f39,0
639077a0-c127-4cc2-bdfa-9057ee1d4df7,0
6395f5bc-d6ed-442a-b324-c11ae08f300b,0
639b230b-6e05-487c-a586-599bf5b6be4c,0
639cc4ef-ca4d-48f2-adea-f103816f4346,0
639d9b95-009e-4eb5-964c-01fbada1971a,0
63a43f73-8fa4-4d9d-9ae5-bf86bce5ec39,1
63a89e1e-ce69-4c0f-9ba9-d3a934251e4c,0
63aabdfa-4da1-4840-bf7a-ee9ba959fba3,0
63ac706d-22a4-4cc4-a707-32ca4acba496,1
63af7120-1fe0-4c28-ac7d-c14bc1d73c88,0
63b557bd-7440-46e4-9401-5cbf63e58186,0
63b7ee19-d9f5-4a5c-ae85-b4c8659a5750,0
63bceb1e-151a-480a-a007-a81bba2c3790,0
63bdad7b-77a6-4af3-9f7a-e83484365901,0
63be7c10-4019-4089-95f9-0fbd2f966401,0
63c06d6c-5df9-4f4e-9069-f09ddfc6f0f1,0
63c0ada7-0309-4d23-8f44-d23e13281c2b,0
63c330bc-a3df-422f-8b39-9a63863e6c6a,0
63c924ea-e759-4c98-9375-c99f2cf6c785,0
63cc611d-6a6d-4038-a1dd-18f68c71bcd3,0
63ced1f5-0ac0-4972-9852-972b90b572e7,0
63cedc90-05fb-48c4-8588-903b94159d56,1
63d06365-b527-4acf-9c18-52c698f7796f,0
63d11b62-cbda-46c8-a1c2-6e9492d8c71f,0
63d13996-aefd-4576-9a8e-8a7320332ff8,1
63d30d3f-80d0-42aa-b250-51b823e88fd5,0
63d68afd-1e63-4b93-b10d-7815bab1a472,0
63d7a935-168d-480d-8657-d5aa1df6339e,0
63d98de4-9a94-477d-a53f-0d9b7a534e5b,1
63dc1c79-b891-4a4f-872e-1743d7da7f18,0
63dc8b14-69b5-4b72-bf4c-17590c817659,0
63de96c9-140c-42f8-be94-0089fc19910c,0
63e126ab-c41e-4f94-8f78-d8e2e5ba3214,0
63e139e9-3c65-47c9-9609-aae046d597e5,0
63e380d8-b853-4c57-87a1-283a65b04841,0
63e828d5-74ab-43c7-8bcd-301b3bccba7b,0
63f0e822-f89d-48b5-8be1-6d509c4d0466,0
63f0fc7c-aab3-401c-8f38-1e9b16c0188e,0
63f1a3f3-c966-493e-ae01-7374d701d462,0
63f2ec00-39a0-4932-8656-fe7e79a7fab6,0
63f4b948-dc41-4874-9d21-25ae77bc850e,0
63fad08e-7b1e-4277-a306-bb9226148343,1
640319ac-ca35-4197-a406-469696188784,0
6405b314-903f-42e2-9c0e-efd6df9e7cb2,0
64078b68-989c-4355-985f-da0822387e31,0
640c54dc-2f7b-4f34-af27-1dbabf6b3d45,0
640d169f-7f8d-4136-b4e6-19445266b907,1
640fdccb-3f89-4330-aca2-507c5a23f1cf,0
6410f789-0aa5-49cd-bdb0-00b0aeb94a18,0
641675d4-11a7-466c-a4e5-7c47460e9d3d,0
641bafa9-7679-4e41-92db-b8908ca32a5a,0
641e8790-aa5c-4660-bf81-a199afcca220,0
64227273-9264-4538-a5ab-483205704c86,0
6424f6d6-5ba5-490a-bd0e-1e6e761f4f27,0
6427a12a-cc23-4875-94a5-91709241be9a,0
642a9245-04e8-4046-9588-70017d9941fb,0
642b52d6-5864-413f-9c61-383c5fe9aeac,0
642bf881-5bae-4462-82b4-469d695cdabe,0
642cfa78-be76-4716-ae95-e80a6660e78d,0
642e2e95-5404-4d89-bd04-c345dc841a5a,0
642e6440-c6ac-40f6-b840-83f00eaf3b2c,1
642eda88-5364-4eba-9adc-78cefdcef410,0
643095a6-8230-4f0f-ae99-421d149d2781,0
64311b40-c278-4aed-be8e-a014dede89e5,0
6434661a-6bdd-4346-9282-398680c0084b,0
64359482-3459-464f-b672-8eeece7224c5,0
643901f1-78c5-4ead-bcae-aa8b268b8b38,0
64395776-e183-4053-ad7d-501a52ccd97b,0
6439ccfa-50d9-4722-8d20-27353cbfcb51,1
6439fb08-378b-4c75-87f9-b3a9b4e8ae47,0
643c9d91-8c42-48ca-9603-abdc1768f0f1,0
64412b85-d693-43ba-9053-0de260a7c6cf,0
64466655-2c93-4788-b5d7-c5820f7c5044,0
64507d68-94cc-4b50-b228-47b43e44562e,0
6451f621-de40-4716-b019-b13dcebc517e,1
6458094c-6594-4251-8923-ce95058f4425,0
64588f85-d8f0-44d1-a9ab-09e09ef8ec1c,0
6459aa92-8e00-4422-8d3f-2ed8caaba634,0
645a4904-cb5e-44fb-bcc5-694d69a816b6,0
645bd992-d1cc-4ac1-97d7-416d02cdf046,0
6460b289-557d-4837-bdf6-dfb565d0cb33,0
6460cfea-9a6e-4f61-82be-b38bce611021,0
646483f6-9e46-4bb8-9c96-ef773cee171b,0
64668c1f-e0db-4bc0-baed-90f2211ec6e4,0
64687e3f-cb0f-4de4-8f8b-d2cd1074ecf6,0
646ae198-1e38-4519-86ea-dc97004e3826,0
646d0eb3-7a00-416a-91c8-bfafe93a901b,0
64707153-40e9-43d9-af22-8ba334105147,0
64797948-6926-4e79-842f-149d5f4312f2,0
647a353f-f072-4ea9-bddd-434657305f4e,0
6480108e-3ef5-4281-bf52-58a4620f50f9,0
6486b388-0de7-47b4-9c5f-699e734c539b,0
6486fceb-c789-43a5-8ef0-e1f1146f60d3,0
648850f2-bc55-4ec8-a66a-23d99c5445c2,0
648a3344-9de8-40f5-b5f7-faa693b13dc4,0
648a97fe-dd2a-4ddd-966b-c62465ebec7c,0
6493750c-6eb1-4ac5-96a8-db8bc31a7f96,0
649757d6-974f-4e6f-a4b8-e3b4c63b110d,0
649cfdc0-b9da-402e-a458-fab6e1a15be3,1
649eab6c-317b-4014-a79b-889960c8f7dc,0
649efd26-202a-436d-bf58-0228d31dde65,0
649f12dd-22db-48e5-8956-f2d42a1306c3,0
64a30cd9-15e9-4798-8f0b-1d9b1707b8e4,0
64acd0ed-c987-4dfc-9293-02273ab05824,0
64b26367-4cf2-443f-8bae-1d05f4c06bd1,0
64b61f5d-27fd-44fb-a05c-64ca6986f477,0
64b62651-5947-4473-8a54-21d080ad1742,0
64b6d78e-9135-4dac-a1ec-5646029f7404,0
64b7408e-3c27-40e1-8c38-45abaefc2cfe,0
64b883b6-ab9e-4e46-ab14-a8904aa330d8,1
64bf86e3-7f59-48d0-9fac-69e96e194c6b,0
64cd22e3-cda8-429e-872c-384cdfd24659,0
64ceb843-1fcc-4284-acbb-b1c18af5d7e7,0
64db9b8e-2712-4810-b346-578bbd7b93f1,0
64ddceec-d4d7-4454-b926-772b657078bc,0
64dfe910-77a0-4ce9-b706-dffd447c5099,0
64e0401e-5fbe-455f-91c5-1ba9b83c3e6d,0
64e0a33d-e925-4514-9380-2db6c1e85179,1
64e9bb57-d9fa-48ba-a77d-8de37a512c13,0
64eb6d70-587c-4860-8d49-91de535b5a85,0
64edf32e-5bf9-4ddb-bc77-cb77192f49b5,0
64ee1527-c6c9-4404-95f6-736fe61b6fdd,0
64eeeb65-38c0-431c-9183-df72265bfcad,0
64f63940-9076-40eb-9200-8e0c1f322b9b,0
64f7d844-7415-43e6-9c6a-8c82e9b14602,0
64f90fa8-870e-47d2-94b5-ede1950328aa,0
64f91065-fb9b-4e8d-9101-6061a23b6f4f,0
64f994d2-bb38-46fb-a011-188f5691d14b,0
64fbc50e-398d-4391-9b41-e3dce688ecde,0
6500d4b1-6502-49a6-8d39-e7e3f1854f88,0
650662a3-f737-44d7-aaf9-9093b21b7cc1,0
65084ce2-74d4-4732-94ba-0d62c4eefa8d,0
650afea8-53cc-4795-b7a5-da1f27d85aba,1
650d4000-ec92-4308-b8d7-e066de873ed9,0
650e9e4a-12c2-45c3-b8c5-ea94ec34d106,0
6511769e-50f5-4b6a-89dc-d8005b620139,0
6515605b-1f6c-4bc5-a277-cc5f77eba3b6,1
65166dc6-0f9c-4ac2-82d8-2ff147b0c739,0
651a35dc-4137-42b3-9167-c60ed378378c,1
651abc99-a9fb-4a8f-8224-630926acb91c,0
651ba0b8-80d1-421a-8149-e60fad73fb99,0
651d489c-2e59-4fae-b7bf-daf5cd343183,0
651da638-41e1-4730-ac54-4365ce25529c,0
651ec67f-2744-4be8-b49d-65e5e4cdda9e,1
6523b329-d8e4-4cec-9fec-68263ecc87f0,0
652d1a61-e9af-4077-b2b8-503e1b3a0b2e,0
652ede29-18d1-4776-aee9-22779f9dcca9,0
652feb7d-265c-4f05-ac87-a73f9a570fbd,1
65367682-f43c-498e-a74b-6a1d21ce9409,0
6536a342-2cdf-44c1-abee-1d1f7f1bc736,0
6537be20-c6f1-4f71-83e9-560d338bc2ba,0
65395fef-21de-4512-9b67-380173c9aa66,0
653addfd-9bba-4d32-bfec-70c3d3d1fe43,0
653c2b44-602a-494c-b300-d28df49b1c1d,0
653ea207-777b-4563-ad73-42ab9bab39d6,0
653ef566-1f57-4754-a164-2265f833d0f3,0
65409a78-e152-4a3e-aeeb-8d928e434ee8,0
65440d37-03b8-4883-bdaa-7b5a72e2a26e,0
654834ff-053c-45e4-911d-68ab753b5d93,0
654c10f2-a597-47a3-8ca9-ab020a70c524,0
654ddd0c-a46d-42ac-8e9b-430c5b59e187,0
654ddf57-1b71-4809-804b-9803fbfbff1d,0
654e8473-1b98-4a8a-a22a-17bbcc36f1bf,1
6552b09f-ef46-4441-bf59-c1546f8166c2,0
6552ca86-7859-4bc2-852c-d9ebaaff40e3,0
6556f89e-3ef9-4e84-a843-dc0cae665143,0
6558cded-93fd-4c60-8ce2-7dfe57594e84,0
6559c5eb-02fa-455a-9173-f6f4afc23e76,0
655b8ad0-fc2e-45f3-b812-729464d495f8,0
655e10ed-062e-41f9-9d2a-184f933cdad0,1
655f1d9d-5ed0-409f-b619-9a0a3cb0d764,0
6561ee7b-d731-4331-bcd0-cc1e0690472f,0
65625e86-f141-42cf-8f73-f3c585ea6249,0
65628bfb-c08c-42fa-bb1d-43d8eef8c072,1
6564225e-2d04-404f-a4d8-b7486d36ae81,0
656798db-1a4e-40f9-b473-d8c9244fddc2,0
656b14d9-f817-40ec-b8f0-8822fa4f8ba6,0
656e7123-ad9d-44d3-bd00-e342ed2e8aaa,0
656ebf67-ca25-416e-9895-b319f9c8cc84,0
6570ad31-1aef-49c3-9fd4-d0db800bc433,0
6572146c-a8b8-4176-a3c5-5688793c29a2,0
65722002-14ec-4075-ab89-a9165d6708b8,0
6572ab19-3cbb-4fe7-9d26-cc00d1743d43,1
65778687-b123-4f71-b60f-5a5ab7cf6ed6,0
6579d8ab-616b-4a94-9754-4066e330a379,0
657afc8e-bdbc-4eef-ac42-c8538eb95f12,0
657b2980-854b-497e-a0ff-ae5c2c621b6a,0
657b6de4-2913-42d3-b8db-5951f967da23,0
657d2d48-50d9-421c-bab3-a26694af26aa,0
6581c793-755f-4ed0-8b9e-790721cca75e,0
65829b0b-ec10-476a-95d7-0f2d6124c43f,0
6583a300-92a5-4b99-bd26-8f815e1bf836,0
658662f6-db93-4746-b86d-a0c863f2bb51,0
6588e24f-f31e-4c3f-bb70-2d0f783e5121,0
6589a223-84bd-4785-9749-a103edcc6bc7,1
658c09e5-586d-4b89-b8ec-578be21a0b87,1
65909094-650c-4248-a9be-78402085866b,0
6594bafc-b601-4bbd-9ab2-2c4043343976,1
65950902-df2c-4d21-9395-c1af6bafa8d2,0
6595ed6b-7d31-431a-93ae-2bd49727bbc0,1
659734d2-a460-4b10-8852-b4418a0e3d93,0
65990154-47d4-4461-ab75-04f3567c8670,1
659fde87-d0a7-4085-a8b3-b0d16d4678b3,1
65a2f9c3-4609-4ee5-b990-0288de16f25a,0
65a61f01-f731-4a9d-a146-461ead3756fc,0
65a7ee6f-9e04-452f-bcd3-bd69d9c82c51,0
65a93a21-345b-4dc2-aa36-53b053d31731,0
65aa6de1-1a9b-43dc-9fc2-0fe1bbe68ce3,0
65aaddc8-fdde-4c55-bc3a-635e273f99bb,0
65ad13b5-0a2d-45f6-82de-046f2529cf6b,0
65aeebc3-61a5-49a2-bdd1-815bcb52554a,0
65b08ec0-3166-42c1-8ee5-1d0bcfd42d44,0
65b0b27f-bc21-458b-94d7-643931890ec3,0
65b1a4c7-ba71-41d3-b25d-6b742bd23cf7,1
65b612e5-2cba-4f13-8df6-b3a46c12f6a7,0
65b6c640-cd42-4d58-b7be-bd94aced3835,0
65ba4d80-032a-4706-b75f-c9382354643b,0
65bd21c3-f845-46d3-a0b9-501a42fc7620,0
65c08f68-ef1f-4d93-ac74-d9719bcf8bca,0
65c4672d-31c0-489e-890b-8bf766247e0c,1
65c4d62a-b928-45be-aaf7-b66f7fbb04d0,0
65c5d49b-21d1-43ca-b562-dd9a02545b26,1
65c8742d-5ace-4fbb-82c3-6ea3a69029ec,0
65ca1382-9bb3-4caa-a6a0-748e4890a47e,0
65ca9baf-b9fb-47b5-9f5b-159ef73d76fc,0
65cb347d-454b-4f13-a3be-be2074b0390e,0
65cc8e89-7895-4e01-a714-bfe3e0f8fb4b,0
65d05c77-a7d4-4ee6-9c21-61bd8852f6df,0
65d09aed-d5da-42cc-8b4c-72df8d70f068,0
65d129ad-11ed-45fb-95c1-a89f1d88595f,0
65d13c9f-4fda-4813-82e6-54777d03a5a5,0
65da16b1-82ce-486f-93e4-68c310d6ad67,0
65dc311e-e117-4f9a-8ee8-3926fedb8541,0
65dd2f2d-4ff4-435f-a1d7-fbb3ac9ffabe,0
65e018aa-d3e7-47ff-9342-d86c2a92b92d,0
65e07569-c95e-46d8-810a-25c05268f91e,0
65e100b4-814b-4dab-8765-42a19db944b1,0
65e24714-a273-4d1b-90eb-c4fdf5eb3b93,0
65e591f7-9f74-40d6-9044-e586dbc137da,0
65ed73db-6aa7-4b5e-9c1c-56323c205011,0
65ed7ced-6d3c-4c99-9aa4-fbb318b70c54,1
65ef1a6d-849b-46f6-a181-4b019546ffed,0
65f01b8c-aefe-49dd-b8f8-10b986185d13,0
65f044ee-cc48-4252-8929-f97c34201caa,0
65f06f2a-00ee-4c23-8cd0-194cf73f068b,0
65f15262-2f4e-486b-802c-d54a3e3d922e,0
65f3a4dc-445c-42c5-adb2-3d0a988fc2aa,0
65f3f187-450a-4a55-a287-6ee99e2b0dd6,0
65f49a5e-4114-487e-99ed-faa7793b9ee3,1
65f62eb2-2241-492f-a039-85d15dc2fdfb,0
65f71da3-60c6-4e53-a82b-8169e11caed6,0
65f8bf12-f180-4306-980b-371b659fd4ea,1
65fa384d-7757-436a-946c-f30617754bf6,0
65fab974-4f0b-43ec-b113-10ef572601f0,0
65fe98ba-01de-4e16-ae7e-1a2b168457fc,0
6600347e-aedc-409b-b383-c752e337f7d1,1
66013d2e-79d9-4a36-a577-450876e06908,0
6601ac57-5492-4335-9975-6d96f8bc7037,0
66074c47-a57d-4dfd-88cf-b8d49398fb01,0
66077821-b73a-44fd-bfbe-d9ee76e39f3c,0
660ae2cd-0515-4c2e-8745-f3c844ef3cb7,0
660ce355-63db-42a6-8448-56c56a4e52ca,0
660f66dd-6ae3-477c-bd48-c65f150e252e,1
6613306e-f25a-4ce4-804d-4c0ce86883a2,0
66140feb-2cc9-4dc1-9e9c-8beb48097d62,0
661d97aa-5447-4469-a46f-8f48180098a1,0
6622bf4f-43b0-4c45-931a-d52a0adaa1d9,0
6622e89f-db8a-4374-be60-de705c0497e5,1
6623dd90-5e78-45d8-8576-26dbc40d211f,0
6624b1cc-b8b5-4218-8914-7711d630471a,0
662616f1-6ba9-4c29-a73d-1252a67c9e01,0
662667b9-c60b-4df7-a8e5-12afccccbc4a,1
66284f8e-a9aa-4953-9eb1-ada8fc5e2ba5,0
662ac548-aba4-4672-ad38-bbf51d04732a,0
6632695e-9161-4068-b54a-0cf9c9e8dfc3,0
6635807d-3d81-447e-8127-f000578088e9,1
66366dc7-7e19-4a8f-908b-0df3a681c097,0
66368672-1801-4db9-b037-3d542949abba,0
663aeefc-3b32-4715-b5d0-ed3ac74d414b,0
6649f5a7-6c9b-4d9f-83ca-167da9d14771,0
6649ffb8-c03c-4a44-8dea-0f3a6ee9f74e,1
664a1697-7df4-48c5-87f7-fd04aa5b9994,0
664a4fda-1e1d-48e0-ba43-2f32b9e6d26b,0
664e82ad-e39c-4f1f-b870-c993a9ee6b13,0
6659484a-3b0e-4242-adb5-9247a3b586b0,0
6659eb98-a81f-4126-af4b-1ad8fe5b1742,0
665cfc3f-5829-42a4-b097-f655d93046ae,0
665e2eb3-eb3d-4460-82af-70bbb2c88089,0
66612caf-2067-4282-ae3e-5f39eb9187a2,0
6669361a-491e-4dc9-80a7-8eef1dc97165,0
666c6dd0-1125-418f-8b44-351e54836d12,0
666fb3a0-f8a3-4899-999b-518ea6da0a9f,0
6673f747-c21d-443c-ba75-a27a97a69519,0
667aac02-162c-41bf-8e1b-de6900de5a4b,0
66817e1a-7008-45ff-add0-94e7136688a8,0
6688640f-2f8c-4b3a-a843-ef1a7a33fbdf,0
6688b8f7-cf31-45db-b009-6d82e6f97e3b,0
668b95d4-16cb-4bde-8062-766a4545b3b1,0
668c3e4f-573a-4e4e-94ff-ec77b558c78b,1
668f2716-0946-4e64-b0a4-e33e241ebd72,1
66900bee-1d77-4e2d-9d62-6256efb4e747,0
6690c332-2b68-479a-afbd-9894ea428457,0
6691c446-0b1e-4431-aa11-5569da504369,0
669202cc-931d-426b-b8b1-2b075f498b4c,1
6692570c-1dbc-43b2-ae84-f6decc60d8c1,0
6693a5eb-a782-4951-afcb-f7b147faacfa,0
66947fa3-1e5f-42f5-b68f-dae1529621bc,0
6694db5c-04e4-4b0a-86e9-02c73631b31e,0
6695ac3a-ae66-4feb-8dc2-7432af992703,0
669641b9-4f35-4f96-a35d-54d0ac58c49e,0
669ed272-8268-4108-8279-10db961b49c6,0
66a6f538-4270-435c-807b-d909abd74dff,0
66aa0669-a1d5-405a-a390-560c61d8056b,0
66aa7907-9cfc-4902-b390-ca20f52b765c,0
66ad5006-8d14-4ce1-90be-38d673772c23,0
66afd5ae-390d-4705-b176-b983b2384248,0
66b876c6-fe29-4848-b470-c082fc979d4f,0
66bc224c-7926-4d90-b5e2-a52ee1649b1a,0
66c1c74e-4ccf-419c-baef-6daedb96732e,0
66c5470d-8629-46a7-9902-0965be37a5c7,1
66c67465-0d33-4c17-a5d8-a55129c35b13,0
66d06472-a32d-4e33-8318-b6584b44447c,0
66d514cd-6dd8-4205-a96d-8e99ebfe3dfc,1
66d5684a-d8f1-4279-88a2-098a55ed7ac0,0
66d79752-7aea-495d-901b-259835a066e4,0
66d80218-231b-45d0-9d49-cc656b5baa8b,0
66dcc19f-2d5f-4f5d-818d-9065ebc2a1bb,0
66ddf8be-7a97-4dd0-97df-d1d3f1d3af79,0
66de081c-737f-4302-9957-c90603e9a3ab,0
66e00ead-05fa-453f-a1f3-fdff632644c7,0
66e0f9f5-8c7f-4215-aab8-150c776dd45d,0
66e2a7c7-72b5-4fdd-a746-ae6386925ed7,0
66e59aee-6739-4cdf-8bf2-b035502bce0c,0
66e67104-e972-4ddf-8144-f0d450a3f63e,0
66f11c23-992f-401d-84a2-d70f9e395fc5,0
66f1c0fd-4122-42b1-a8cf-68617ff69370,0
66f3f679-d43e-48fe-9497-37a8596cfd3a,0
66f6ff36-8e6c-4615-a95c-2e3372e4c95b,0
66f7e8c2-69e3-44f0-831e-bb8090556baa,1
66fc60f3-2b65-4d69-9b8a-7dc32621268c,0
66fda5cd-b5f0-4a1a-90cf-d35acb773043,0
67025035-f435-4a13-a3e6-25d4dd1698e9,1
67050781-b6ae-4501-a1f4-ac8c7d59ec04,0
6706df1b-ddd3-471f-be52-9428811b0401,0
670ca2b0-a605-4a0c-8f5c-381896cf1d76,0
67148f75-2a50-409d-a162-4e763eae3452,0
671550a6-d642-4e34-85a2-ed0a19199272,0
6717a488-0020-4d49-b1f2-fa096b7af1c2,0
6718ea9b-e76f-4873-b07e-3a8122424f2f,0
6719814f-236c-4432-8a4b-68a29d00fbc5,0
671c7d01-a380-4d1c-bd79-4774491402ba,0
671e4fc7-5771-4998-b330-683dbafa056e,0
671f08ce-cf06-4392-b4d3-2be3e71af49b,0
6720c4ed-2008-4c88-b9f6-e795f472d815,0
672133a8-76a7-47f5-b6bf-de469bc862a5,1
6725affa-5996-4a66-a9ff-6fa9ac4b1fa5,0
6729ed71-a81c-4fdb-8082-537f1c602dc7,0
672c2822-b43d-4618-bf19-2ab84e4832c7,0
672c90a6-9752-4b09-94ac-dd74184c1529,0
672cdef7-cf42-4eae-9eb2-b68a19823645,0
672e268c-e845-453e-b796-d9106ad0ee76,0
67318c61-54a5-40f9-a501-dd869804c914,0
67319657-6af5-4fd2-8418-2e37ca6a6b8b,0
6733490d-aab8-442c-a618-01a626cc5397,0
6733f5e4-1188-4931-aec9-f30ee79c57f9,0
67358375-e969-4f88-b27a-e5e297a9803d,0
673a0f26-171d-46c2-aa59-26d3de5fab94,1
673a27cb-de67-4357-b317-5096b921b90b,0
673d6fd3-091c-4171-b2ec-de2109d5005f,0
673ed374-672c-4632-9290-89ab7835b040,0
6741ed3b-7c90-4cea-9f32-2b24c7c3280a,0
6742e974-9d30-4073-bdc1-079e17873396,0
67442c34-e227-4f76-8e9c-f43833255121,0
6744f609-f710-4408-b6a0-91d2da1a3615,0
67451ce6-53a0-472a-8666-373fdc2b64fa,0
67462107-0365-4ab9-983e-30d1f1eb31c4,0
6747ea18-37c2-4684-894f-1f978c3f93fd,0
674a3ebc-1d76-4e8c-8b1f-d6d0936f9c65,0
674b26cf-62d7-444d-aa86-b2a853bc244c,1
674cc487-c25e-432c-b339-0797fac50378,0
67504941-8423-48e1-b2e8-4f6add164151,0
6751686c-b87d-4d0e-9544-149a174495d1,1
67528d92-5243-4f76-8d6a-68516b9efe15,0
6752a6cd-b275-41c9-aa0f-aa8200ecc73b,0
6755adfb-f62e-40f6-bd65-120b72d1fc8d,0
6755dced-b147-46cf-9cb5-ce4667be5c48,0
675b686f-6b7f-4588-8318-ccc3f94bf56f,1
675f7e3e-3549-46a9-aa48-dc6d30edae1f,0
67617b37-e679-4566-8475-b2e2dc6e7a6b,0
676185e0-139f-4857-bd9b-7fb2e4118aed,0
6762c783-bb89-497b-8d4e-844df2de441a,0
676430a6-b79f-4e11-afc0-f457e77c8da1,0
67676af4-f510-43e2-82ab-51d90dbeaa0e,0
6775dd7b-ff8f-4803-94a0-722d9f30ef0c,0
677a6026-f776-49e7-8f8a-1fdd9aa858f3,0
677d4505-c62a-4960-8ad4-02ee02b1da15,0
677fdb19-815c-47da-816f-459c6d8fd31f,0
677ff247-b0f2-48c9-85a5-a4c8c6b2bc2c,0
67860572-6eda-4c0a-abd6-f325fc6e0870,0
67866864-829f-4c86-91fd-950ae0bb3f47,0
678890b4-f521-4966-ab55-b01a8efeaa55,0
678a0e91-6e68-42dc-85ce-34e2bb8cae66,0
678c42b7-557d-4ea6-8678-85be5165ad01,0
678d3ab6-b2f7-4084-a6f7-a850d5e0d62f,0
678d74b8-030a-49ca-90c1-2c1b1ef530c8,0
678f164e-40fc-4c8c-af6f-7fe8492dea88,0
679202ed-dfe5-4303-acc3-d41acec2f84e,0
67937a0c-c6a7-46e5-a879-fd40869644d1,0
67960e13-68d6-46b3-bf36-c13a5e5199d6,0
67987441-134a-4339-9e61-0ddf61229872,0
679ad0b1-e3f9-4795-8901-db4e377e9028,1
679faf8a-08d4-41ef-bc5f-4f18e3ddbd8d,0
67a475ea-c4db-4fa8-a4a6-50330101ad3f,0
67a66efb-7ef4-4cb7-a729-86460759ad64,0
67ab5f59-756f-46e3-b745-6589e7523a98,0
67ad3f58-6a07-4d09-85df-b84b82ac03b9,1
67ae2506-728a-4064-923f-ed856474df52,0
67b08878-f844-4602-9b6a-d109354cd7ba,0
67b65a9d-06c0-43e2-8be6-27400db9b7d9,0
67b80a0f-d118-4fd4-8ee3-d3e32e7cdce6,1
67bb70ab-94d4-40da-a48d-b0bbbccb95f2,0
67bbdcd0-e48d-458f-8820-15daf435669e,0
67bf5dab-4115-4660-a6a1-6f525346ac0c,0
67c1e4d7-52eb-42d0-9805-997ae842b631,0
67c40460-6869-418d-96d2-c87a0c333498,0
67c58bf4-6d8b-41d0-8bfc-8a9ecd939c40,0
67c68ecf-77f8-4a3d-b7cc-577f12a2ad91,1
67c6c006-4583-43a7-87eb-f61201378d4b,0
67ca7d71-ead1-4b4d-b19f-79513afe735d,0
67cc367a-c602-4533-a75e-adb916fe714a,1
67da5e3b-c51c-4139-9072-bda40597aa37,0
67da70d9-b24c-4052-b800-ca6aee24ac8c,0
67dd090f-0796-463c-9189-cd5e10bc8fec,0
67e10029-5d64-4244-9d6c-fcc2b9fb6e6c,0
67e1bea6-ddbc-4d82-b435-2df66ec837ac,0
67ea77ab-9c15-4a85-82e5-8f59436daaa8,0
67eeead5-994f-47fc-a86e-f0756423912b,0
67f408a0-d4fd-4f1e-b5bb-f33680d65ff5,1
67f63b77-6c75-4e1c-acaf-d5574cad82d8,0
67f75408-fdc0-435b-9d4a-c19efe8a7b6a,0
67fee49a-caa1-4e45-aa7c-3b137a237b95,0
67fef260-03a9-4e68-8faa-f8e30516ccc2,0
67ff453d-c60c-4914-b5b5-8c2bdd3e4c56,1
68010e65-ebcb-433d-ad1c-877f5356351e,0
68057ce4-5341-433f-a493-fca52cee70d0,0
68062690-c1ca-4d15-b2d7-811fa87bf8ac,0
68072809-5c74-4a34-afbb-27ce98f7652c,0
680afdeb-61f3-49d3-a99f-29f5e6fa4b3d,0
680df97b-e8e9-46ba-9283-0188e49db128,1
681012de-a9c3-4681-bfd3-e464cc182c64,0
68124cdc-99dd-4651-bad2-aa19f21dac9d,1
6813a0a2-4814-433d-a37b-be05206d77ea,0
6813faa3-6476-46a8-b276-b480548c98c9,0
6817bc61-a3d6-43d3-bc31-5946fbbdb73c,0
6818cd2b-7f7e-4d52-88d0-7cce4f8600be,0
681b88b4-f9a9-4139-b80f-ca41fcd59e63,0
681bb5ce-e273-4784-b977-53b4f5e256f6,0
681ce2eb-bfa3-48c2-bd23-dc9d50eb84be,0
68211b99-44da-47b6-911f-2b519333bca6,0
6823a1f0-bcfe-4f20-b687-473c39853f11,0
68244800-ef23-4289-84a5-e0341df7788a,1
68246e24-70b5-4c0b-a1de-d62001b1789c,0
682a362b-db1f-45bf-b503-dfc2012cce18,0
682ac9b0-5d3e-4267-bc5a-c0d9985a19df,1
682b04d1-7932-491c-bb6f-340ff6a6a42e,0
682bda60-68c1-45c7-8c46-f1e49a0a4082,0
682c9e85-fddc-46d4-9f1b-850df4a46f19,1
682dd5be-ceee-4840-817c-54678ce0a22c,1
682f9507-3625-4c36-a14b-39887a9d1fcf,0
68332928-65cb-418d-adf0-621a34dfcd08,0
6833714b-24c0-4592-b458-eca7cbedecfa,0
68338773-2e96-4949-ae3b-b86ea54a51fa,0
68361df4-586f-4597-a570-1cf12170505b,0
6838c746-599c-49ab-afa2-2673f65cf70b,0
683f417f-ec3d-4b12-8d53-6cbffa6e33be,0
683fa401-bdbd-482a-84f2-84144fbfd8f8,0
68416b8f-5711-4b26-b195-4a85fb3c2a6e,0
684332cc-43a9-4083-bfbe-c9472b1a3249,1
6844e940-fb00-4143-9522-aac0507402a7,0
684b1140-b37a-4cc8-aff1-eca2218981f0,0
684f1892-108a-48e1-9a13-1de5b3f272ae,0
684fecb4-aeaa-4edf-8a71-7dafeb5a4b00,0
68509c0d-f52e-4f71-bb7c-d4f4730e4966,0
68532148-0d25-4c41-bf28-f0526ba26d07,0
68573f4d-07b1-478c-be3b-5236144d4b06,0
685830a5-c4ea-4ef9-9137-e274773db717,0
6858867a-47e3-4e8a-b7ab-a21795555cdd,0
68590bf3-8a2f-426d-8255-d3669288106d,0
685b3909-0acb-46e1-8036-1324e030dd23,0
685f97b1-28ae-4e52-acb8-d8b3c2bdf847,0
6860e440-6acd-4f55-b1b9-d09190f68a92,0
68615b14-3974-4456-8387-ac39c705b408,0
6861ba71-49fe-4b53-83b2-b7043e7088d1,0
68667bce-8645-4525-a0b0-90850bd42d29,0
6869e04a-60af-4684-83b5-60824e62e3d7,0
6871314c-eb0b-47fe-a964-3922c6d9ee61,1
687810fb-ef9c-43c5-be3c-241137510c37,0
6878fd01-c1ab-43ed-83dd-18ef9ca57ab6,0
687f8b1a-e1c1-4254-864b-80d4db03cb4c,1
6880a069-753c-432e-a065-9872329c0e81,0
6885920b-d8cc-454a-9bf9-4b0dbc83f7ea,0
688ae36e-6b19-478b-8250-f1afd5cdb327,0
688f6014-9150-40bc-a8f7-bad34fa2cb06,1
68953ec1-0b3d-42bc-8c74-352658ccaf5d,0
68960957-3fab-4e1c-a6ae-b125afdeee78,0
689a0495-fe1a-40e6-932a-6f6e99ca113f,0
689aa331-dad8-47ac-a696-50386eabb955,0
68a17fd4-abe9-4e72-bc75-c752ddb5eacc,1
68a64156-4507-445d-bc97-08300bbff023,0
68a8182a-a6a8-4773-8cd8-be8aee258570,0
68b683ab-d816-431b-b078-18379e14b87d,0
68b8c982-2935-40df-910d-ab86a99765dd,0
68b8cee8-4d0b-453b-ad62-9ea664aa3f5a,0
68bf5971-c498-4333-ad0b-6892b2d969f3,0
68c29427-c2a4-4ed2-bd47-7ea30329b40d,0
68c83267-c93a-4eeb-8f01-b8a6ec553f7e,0
68ca1e0f-35ac-4db3-a271-986acfd3c257,0
68cc716c-1fc0-430f-94e8-e0e4ea70c275,0
68ce3d7f-493a-42b9-a91a-767a191d326d,0
68ceb3c9-0fb8-457e-bcba-ff640e614d6d,0
68cef760-2661-4ddd-97d2-751f8ef4f132,0
68d4d1b3-c2ff-43f3-9fd3-c2b33273f06a,0
68d4e25d-a919-4426-90c9-0d15df0ed1e6,0
68d5a604-e05d-43e0-8804-9bfddb8baff4,0
68d7dc28-aa8b-4c03-987d-980355e9dc32,0
68de0a9d-1e60-4986-881f-7052a31ed3eb,0
68e12ddd-0eea-4759-92ee-34b8bbe3c250,0
68e234e1-0816-41aa-9a34-6ed3610c8e72,0
68e2bfe5-a965-4751-8ab2-8d914f83394b,0
68e2d070-5dfa-4676-941f-f38b5ccfddf2,0
68e45757-7bcc-4fea-bf0a-0ff2c8607723,0
68e7f24e-bcf4-4ed0-993e-fbf2ed7f3e42,0
68eaf782-9b86-466e-8c78-3199a47d2166,0
68eb86a6-6557-404a-b334-4aaf6f43d7a9,1
68f1133f-b060-45b5-ac40-63a7114eb1ac,0
68f53d95-59ab-42e6-83bc-feaa2c964610,0
68f78545-1c14-45ee-bfc8-6c09509328f1,0
68f8385a-8fa2-4eee-932b-0b2750bc7b11,0
68fc8c46-bd67-4f5a-bc07-7bc4f44374f8,0
68ff63c5-02bb-44e1-bf30-8ce12757e4d2,0
6903e7b0-f63e-4c31-8890-3ea683bf8a22,0
6907504c-a8a5-437d-8f45-39da7ac1bbed,0
690c210e-f12b-47b9-9948-784bde362a1e,0
690f0689-9226-4673-8580-a9e75d88ec57,1
690f1b82-b3fb-4883-b282-5d51b7ec1b68,0
69159a4b-f784-4551-979b-7b8ac1a2991c,0
6919ca5b-ed03-41b9-96c7-93a30dc9f5cd,0
691bbe6f-0bce-426c-a0df-ea462e30907c,0
691d6bf4-93e8-4e4c-a528-08b8368d195a,0
69206015-1dce-4dcf-b53c-5a1374e88193,0
69209baf-b383-4517-9b44-47c6e7a02e25,0
6924f230-233c-4c42-b843-ae813fceb99c,0
69271ded-834e-446e-8a59-c8b70de806ea,0
692814b8-b4f3-4b16-a619-23eb7eccaa57,0
6928ba14-af8b-4159-a2ee-fccb982f2504,0
692be847-979a-4e10-b760-6d45a86409df,0
692f14ce-bb09-4894-9bb5-287031f9ed78,0
693005eb-61ed-4f6f-aaef-6d16a6b20291,1
693670b0-2fe3-4656-868b-0fbfff304865,0
69392513-ce10-4480-9481-3f3ae21673fb,0
6939621e-f297-4297-a1db-a5aad95db710,0
693c0f5d-54bb-46d0-a121-21ad5e1d420a,0
693d1edc-ee22-40d3-9ffb-3e93240475e9,0
693d7f48-ce68-49e9-92ab-2a774663bd1b,1
693e5099-7e8a-459c-80d5-ac24d7f6189e,0
69417225-29bf-4c62-aa28-c015d712c866,0
69436822-c2b0-44bd-8ef3-7b2afc100768,1
694439b1-42e1-482a-a2e3-acbda211ac54,0
6945c20e-f237-48ee-9c83-317ca0d1557d,0
694769d3-467e-4c35-87bd-82126687efeb,0
6949bff5-0038-4578-980b-477c269a618f,0
694a0df0-d436-44c2-adcd-2f939992c86e,1
694b13ee-848e-4ce2-8adc-0114c7e94637,0
694defd6-50cb-4391-8ecc-5f1b3808dbc8,0
694f50a8-4797-4966-b87c-90a4391e670d,0
69507711-e1cf-4db0-a3ce-2b39029deba8,0
6951ae49-00de-4611-8c59-868b71219c89,0
69534342-85fc-4a22-a1a9-1bce5100cdd4,1
69538ea4-17ae-48b0-aaea-9ab218ff3ed3,0
69561690-e29a-42eb-adcc-76e633f30bcd,0
6956e72d-575c-41f9-996e-f374f8df72cf,0
69577b87-8ef6-448b-8312-12e6d373c06e,1
695c4d73-44bf-499d-b00b-9c3934c2a1a7,0
695c853d-a1ab-4d48-8f07-77ffc473dfa9,0
69609aaa-252e-4f60-bf48-63f30030d514,0
6960f519-101c-4f9a-ad95-7d17b05d81f9,0
696698f8-1828-4100-80e0-b6be5228945f,0
6966ca4c-d77b-4b1b-888a-c4c84e95a0e7,0
6967e0b6-d929-4f80-8272-4ef07ae6c1e6,0
696d146b-dd5b-40b3-a208-a8ab851ef68f,0
696d41fa-873b-40ed-8bb6-55eb8a859c33,1
6970b8f7-89bf-4d9d-9751-e4e46bd33eab,0
69765b67-e36a-4411-bb3b-1e5ccd1db777,0
697715fa-d616-4484-808d-6b8b0b2191e6,0
69793014-4b99-4273-bab2-94e2db9ae337,0
6979df1c-6f38-4f95-910e-0ca92a57c500,0
697b0d5d-49c1-4195-857b-ad338c5096cd,0
697c6ca4-73a7-4601-927f-07030ebd6298,0
697ca292-19b5-4a90-8000-9c5828f42bee,0
698447fe-1bf9-4874-9a26-663b50378acf,0
698650c8-1aa2-424d-91e8-83601b9ed26c,0
69924bd1-6b54-4da4-b895-b800eb6e113e,0
69951632-3045-4913-bc74-985b6d12d21f,0
69a30962-4f5d-474c-9059-9ea3e64e2861,0
69a35dab-4696-4a81-ac19-8e66d0fca69f,0
69a50146-8a5a-4687-b4a9-50adeea83dc5,0
69a709f6-ca24-4edb-87a9-c22393fc660c,0
69a9fa1f-204e-451e-b42b-7478104f928d,0
69aa1900-c939-4984-ba8b-c9b0475e95f2,0
69abf133-39fa-4e4e-9844-11be18338a78,1
69b208c5-222f-4c6b-908d-c032483b7573,0
69b251e2-b20a-4e40-8c1e-fc58b08516fb,0
69b4703d-e561-4dcd-8e07-b5b75732b1cf,1
69b727f6-ff44-456b-8536-fee22ab4e9d7,0
69bef603-1df8-4936-8e1c-1084da083f14,0
69c17f4c-42cc-4379-be69-bed87481a1c4,0
69c27004-7353-4dde-afbc-d58fe6923e7a,0
69c5665c-4924-403f-87b9-791d86f0f81a,0
69c5cc6c-5bda-4a32-a015-cbadec42fa3f,0
69c95a88-52cf-4135-b7ca-74b95d8f67fa,0
69cf2375-5ca9-4488-a815-af1f153b910a,0
69d0a9b9-a012-4073-842d-e44905833076,0
69d3c3d4-3f45-4a70-bdab-7a20df7a3e00,0
69dfa3e0-8915-489c-9006-5b100f24b5a1,0
69e06bdd-e6fb-483f-9834-802c3132ad67,1
69e5c27b-16d1-4b95-b268-b10b3c2dbdf3,1
69e68cf2-7c49-4b7e-b8bf-ab839a72def1,0
69e900d9-197a-4260-b761-abcca4e50f73,1
69ec4157-c0b6-4182-a5ae-84d770aed1bf,0
69ed5e4d-0be2-48c8-9b6b-f9815afdf041,0
69eea526-30b3-4891-9024-309c5438bc9e,0
69f008d8-fa8b-49a2-89a2-8651ff6377bf,0
69f30fcc-a08b-4a2e-80d0-58d178086ef7,0
69f3e148-6d8b-4aba-9b38-050d3e0d9a34,1
69fc69f9-3eae-4c6c-9bd4-826f6edeff6f,0
69ff4446-daf2-43d2-b537-994e7f928f0a,1
6a00544e-d37d-493a-ab97-55877a50779c,0
6a019a19-52a3-454a-890b-f023e6c13ae7,0
6a047ded-6788-4b65-b9b1-79391933226c,1
6a06440b-caed-463b-b664-8dd57c767052,0
6a08783d-578b-4c14-be57-7626d5f70d63,0
6a0a1872-b8e7-4ae2-b0a0-39f234eb1f9d,0
6a0b5ca5-8148-448d-a67c-bc750c684072,0
6a0b807a-ddd6-4d6d-baab-83173a1e37fc,0
6a0bce6d-92af-457b-a429-b4b3b1c5fd7b,0
6a0c4e09-51fc-4a20-8874-ed7f542e148e,0
6a0caca9-beee-486f-8367-6f9281f9ae41,1
6a0df6b9-d1e9-4a0a-ac06-ef91f2ed61c6,0
6a0e5794-5554-469f-9776-af963e33d2cb,0
6a10d141-d94f-4015-b662-411d5cae04c3,0
6a120c9d-2917-45a4-b119-c0c2cc3246f4,0
6a129ae3-bc7f-4380-944d-1f04821ac1d3,0
6a16796b-46bd-49d6-b268-ab59a6b00557,0
6a17407a-a680-4080-8305-60fd177d00d1,0
6a1aeba8-f8f4-43c2-aa46-25ac850d2110,0
6a1d53bc-b6be-47ba-aae9-a31c7a8e5acd,1
6a211448-62e8-47d2-bcff-1f392821482c,1
6a225697-d031-4cba-b077-399007fa7000,0
6a23a833-7ddd-46e9-9e0b-41e7eca7f0cb,0
6a23eb18-b584-4a4f-9004-d6045d7286da,0
6a248ceb-c0dd-4cf8-9e95-afcbbc8c6f19,0
6a261a85-20fe-4337-84a0-0b90aa1d9793,0
6a262bc7-07ae-4954-8896-68748a2adc38,0
6a2b3cb9-9ecb-4598-9629-490ef1cc5336,0
6a2b6add-a6c2-49dd-bbc4-206f35936733,0
6a2c88dc-fca2-4424-9728-07bfa0b2835a,0
6a31c345-6030-4bd0-bc87-436ebd101139,0
6a34e9cb-44d0-416c-b9c8-8381e8aa62f7,1
6a38ab15-8f05-466a-9a5c-03ff6dc3657c,0
6a3a84fe-dc4e-4921-baee-74116f338662,0
6a41b3c9-34e3-4fe0-a3fa-81e3aaf0c9ba,1
6a454599-01bc-41b4-9e27-6b55464ce262,0
6a461841-4f77-4967-bb9c-37eb0f532a26,1
6a49a8a3-2f40-4746-ba19-dc85ad2ded20,0
6a49e140-e3ef-4058-bb4c-96f64ddbb5d8,0
6a4a128e-3157-4154-a157-f9b5b357ece7,0
6a4b642c-14bd-4347-9504-084e5a9f719d,0
6a4bac3d-aef9-42ef-aadc-1df9027313a6,0
6a4cb5e7-a91e-457c-887a-ea1fd170ce75,0
6a5933c9-d1c9-4915-b239-b56e70418001,0
6a5ab8e7-59c4-4059-9887-d05c4bf05246,0
6a5e0ba5-2e61-4ea8-8320-50cbc6ac5bd3,0
6a5eec28-26da-4af9-9cfd-474ec01739ab,0
6a622df5-da2f-448e-a06a-b36955c2503a,0
6a629ea2-1fca-47ba-8205-d2f8620841b1,0
6a63ff82-550f-4720-886b-96c09d722f58,0
6a64b9e2-57af-41f4-9714-420ed624bfc0,0
6a65dd03-babb-46bd-a5d0-f91aa6beca79,0
6a661149-1fdf-4d07-8a3e-ea052b425099,0
6a690fa6-92a3-42c5-9b0c-ecaaaee37abd,0
6a6c7e1d-f29a-438d-bff7-07d3432078bc,0
6a6da0f2-1996-4c63-a0a6-95b3b1e67f5c,0
6a6eb817-f219-4300-a8e9-2bf9ad8c5411,0
6a6f58b8-e4b6-4565-ae0c-ecfd65e0da02,0
6a705e35-e70c-4ecf-9aa2-01ac52d976ff,0
6a7194ee-8505-4fef-a4e5-798ba2eeeb35,0
6a74738f-a28c-4bef-a004-c4ffa428a29a,0
6a754604-31dc-41fd-add1-a88d1c7d0c0a,0
6a78c493-357f-4749-8c8c-d7de1d3bc8af,0
6a78e988-ff60-4abe-b8fd-9bb29a1d3732,0
6a7922b8-9dd2-4bca-abfa-299fdf5b0656,0
6a792811-ad26-4b77-a9eb-e3a05b09d38c,0
6a7c353a-fb58-4e92-9832-ee876eac70a4,0
6a7edf73-631e-43e6-a1a9-c0865b0c5016,1
6a7f6b4c-0671-46ac-bb53-13987552446e,0
6a80b224-83a0-42c8-a912-8eff5d2820fe,0
6a8510f8-ce65-4a8d-ac2b-11fd1fc18874,0
6a8787c5-4b62-4228-b6e5-0426873e2878,0
6a8abf96-9073-4cb7-8a87-e115bf5723b2,0
6a8d1f63-9bb9-4116-a917-5ce042e3a9f4,0
6a8da7ee-462e-474a-b657-e20bedfbe493,1
6a979089-3128-4cb8-975f-3b7462a87787,0
6a9e410f-252c-456d-b5f7-37d479fc1c70,0
6a9e4b3a-0544-4b00-98c1-cf611e28a26a,0
6a9f84c0-f24e-4b5b-9f56-b2c6e84121f0,0
6a9fe85f-2c31-4f9f-9929-8023a90922d0,0
6aa16eda-bd27-4c9b-a6b1-022532f1856c,0
6aa7f10b-a344-4986-8907-1d6d22fcbd84,0
6aa8df80-be1c-46d9-bb0c-45e8a4b89f3e,0
6aaaaf47-1c1e-430b-a4b0-78b98d408527,0
6aad9f5f-b427-4664-8792-685f20abcaf3,0
6aade8eb-5690-4169-b2b0-d79080e69e81,1
6ab0463c-8c86-4e93-9548-2bab0591a6ca,0
6ab3c3fd-70a6-4f81-9a52-714822af6ba1,1
6ab57d86-acdb-4596-8696-9a2d7bef6c98,0
6ab5d107-1d9d-469b-ac14-fc0a46b21db9,0
6ab696f1-784c-41d2-9ce9-95437108e0cd,0
6ab701f7-1da3-467f-ba91-f76d67769cdf,1
6ab861fd-e367-4763-9c64-e4c328465148,0
6abd1136-b7a2-411e-bd23-4dde79ebc0b3,0
6abd49f8-6d1d-4f56-956c-5cc5924d9a5c,1
6abdcc31-f297-46ba-a6e1-96a15cb6f1ef,0
6abde8e2-5efe-48bc-a6db-4dcbf6bef2af,1
6ac33235-b1d6-4047-9ce4-73c2473f5b1f,0
6ac4bc39-5ddc-41fa-b136-e778c27cb8ca,0
6ac7ce97-e8b1-45d0-8922-7a17acf62dba,0
6ac9b141-3760-4177-8fb1-ba01cf1b7aa7,0
6aca2f29-aa48-429e-b296-db2e39ad71ae,0
6acb66af-0751-49b7-9da7-d40d87c6aa5c,0
6acc02ab-c9c7-4ec8-aea4-c6c9ba19ce15,0
6acf0d65-39c9-4075-8229-d19570a7e19b,0
6acf34a6-63fe-4876-83de-8e9a9cbd90e5,0
6ad176c5-9a30-418d-b725-58267d6a7d0f,0
6ad428ca-137b-451f-8d93-56a2ca300775,0
6ad8fdbb-8858-4771-9a39-e79b5f438a1f,0
6adbe888-8ebf-4fd9-a225-6f480dfba49b,1
6adcbe5c-4364-40ea-b1d4-c496dbcda21d,0
6add08f2-3b80-4e50-a969-1bcb365d4da0,0
6aded6af-6844-460c-b7cf-000d9e8e9d34,0
6adee87f-ea1d-4aea-862d-d65dca9285f5,0
6ae08d98-e8f2-4491-acb0-7abf7924ed82,0
6ae3d3a0-ea03-41df-9b27-1d45dae47f53,0
6aea7cf6-fda0-492c-8c84-f48a76997bfa,0
6af47985-8c9f-4c41-b6c4-22b42634c320,0
6af89d0e-2c85-4623-9735-baa199e4f837,0
6af8e33c-d878-4913-a597-f9910e1db975,1
6af96112-bbb3-404d-a4b8-79419e562b04,0
6afe824d-8bba-4b20-a477-7d71db6fe7d5,0
6aff7c5d-4f10-4546-b4ff-c2cfac0f624a,0
6b0648ee-45e4-4829-a270-2ff766014335,0
6b06b126-e387-4940-8fb3-75b2972f11aa,0
6b0ae06a-4bf3-492a-9407-c73af0ce038f,1
6b0baf4b-e45b-44f2-b420-3f898f1bab29,0
6b0c8ede-8e73-4684-92a9-e793f34a0fde,0
6b14ec5d-8944-4fea-80fb-b80747fec806,0
6b16be66-a3d7-4ef3-ab6d-08c2e5afc40e,1
6b173823-4fec-4cd8-a4c1-af52a4410401,0
6b1b7a0f-be35-4c81-b91f-02e1891d0d65,0
6b1d504b-d89d-4ff2-87f1-5fdc15c21da9,0
6b21c06f-edf5-44ef-b489-8031cb67de97,0
6b224aa5-1053-4a97-9129-94d178e77471,0
6b277cbd-f904-4b27-b063-286f0322cfa3,0
6b2f9f91-0a26-4b65-8c2c-f47b5bd3eedb,0
6b3049af-c359-4d71-80e6-420849d7a7f4,0
6b37682c-b139-44d5-bc48-27f6e521f063,0
6b3bb8fa-2fc1-46a9-9e5b-f3bca21b5de6,0
6b3d46b4-e065-4ada-bae6-f5e3d0e634e8,0
6b42b717-83c2-464e-8ec5-8c043e09ff25,0
6b46be83-e3c9-48b5-85b5-4f2eb6ad9252,0
6b492ef2-73fe-4f16-97a3-e46b6ff822f4,0
6b4a463f-1092-4e5b-a7bc-abe6666ee62b,0
6b5ac4d8-7108-46a1-b13d-7b9f54beb366,0
6b5ac627-4d0d-4430-b3ff-860125e624a4,1
6b60a00c-789e-48f6-adbd-1461a8a66a1e,0
6b6293d8-8269-4b9b-b21d-75ad1f2f83e3,0
6b647669-5073-401a-8f7c-bda6a6fd76fd,0
6b64c482-cbd9-4b8c-9d28-88daff794295,0
6b6611da-8da6-4985-bc11-703f2d27781d,0
6b6b93b0-b499-4d13-bd6c-578fde3fef9c,0
6b6f2682-1cc1-471d-82f5-e3d2ee9df9fe,0
6b740daf-4e57-42f7-9105-29a1bc3f1175,0
6b771aa6-4d2d-4f7f-9489-9d6ba51b4f71,0
6b77b51e-49c7-4106-9d89-2c17bfbfdbfb,0
6b7ad7d6-d7ba-4a69-addf-a912949ad08b,0
6b7b987d-64a5-43f8-8e52-ee69f5e984ff,0
6b7c354c-352f-4c8e-9823-a8a42ca71f17,1
6b7d9ef1-3549-468e-919a-4272c5dbc9e8,0
6b7dac2f-a967-498e-ada3-4226080f44ec,0
6b7fa8d2-7d77-4cf1-a054-0da9f0443489,0
6b863390-66a0-43e9-9221-0aae9f9f10ee,0
6b89fb33-6680-46ed-b92b-987206ecf78c,0
6b8a60d4-8e88-46cb-8078-51fd35ea4d3b,0
6b8b648f-32da-40e6-ad4a-d340689e4fee,0
6b919f66-a357-4e5e-9524-5d44135ea1b5,0
6b92682c-11f1-4139-b2e4-1bc35d9f30f9,0
6b92eba5-ca74-4600-ae92-9a24e8cc0f42,1
6b9557a6-a853-4130-af48-abf6f774a83e,0
6b970b64-3f93-45e2-b77b-ffef036b723e,0
6b9775cf-f781-4805-9d00-cff6102bff76,0
6b985704-9f5c-403d-9429-575d2a5421c6,0
6b992403-f6de-4326-bd06-05ffa4bd2f66,0
6b9d9f5e-09d3-4f3b-b30f-e5f2eb776049,1
6b9dd5f1-d1f3-4932-9516-21eb9d4b32a9,0
6ba59909-d050-47dc-aea2-493a9e2ae0b1,0
6ba86f50-dd72-4dd2-b08c-c7e57fa60e3d,0
6baa3c3c-5a5d-4dd5-ac82-79d14fa13db8,1
6baab65a-184a-440b-8da9-2bbd9debb391,0
6bab3300-2bf0-4193-8934-e6250da77f39,0
6bb5217c-339e-40f9-a6f2-b8e2839b67d5,0
6bb82344-c0db-4efc-8918-cf7bffaec79d,1
6bbff457-f30e-47df-8db0-bada639b522a,0
6bc051e5-67bc-471c-9a09-85e339c5fb49,0
6bc5fbcd-d041-477b-8226-c3c28ebd28cc,0
6bc6627d-7e6f-4137-8d31-1e5fd81fdce2,0
6bca612f-1cf9-4bb8-8d0e-02b4588e7dc6,0
6bca68c5-d8c3-4955-a7c0-c23757ef721c,0
6bcd25c8-b997-4ef2-aace-9d9664b840f7,0
6bd19824-1c90-4f23-8500-c94767241856,1
6bd2506e-a782-454e-82f6-b826372f45d4,1
6bd3965e-cf03-41b7-accc-d876dbbea88d,0
6bd79676-70a1-4633-a925-34012461c440,0
6bd7f61a-b2c4-44b3-b8db-602eedec46f8,1
6bd93b70-3dd5-4cca-9213-0c9e59c436ec,0
6bda59ba-6f7d-4a5f-88e4-b29dc46bd3d2,0
6bdc7aed-2f8e-4fd8-98ca-15bdd0955d67,0
6bdcc178-b735-4a99-aba1-fd1589fe6435,0
6bdd7e34-be24-4fef-88a8-9ea098841f35,0
6be02679-225b-4a47-9134-6c83a5ad2900,0
6be93ae1-6d08-45fa-ba8f-b38680d4bfe2,1
6bea0232-5e14-49fe-bec1-7ce2df535cf6,0
6bf0516b-c09e-4a2f-b3c9-49d16fb4bea6,0
6bf06e6a-865e-41d5-b8d8-7394d2b686c8,0
6bf247dd-1390-4e43-aab3-87ef52efaf6d,0
6c003374-97be-488a-b933-99daaea1a956,0
6c007e21-8baf-4eb1-990d-d4eff7a5c096,0
6c00911d-7a4d-4eda-b854-c30a7ef3f123,0
6c01f0e9-7d10-4f4c-90ff-d7a8adaead3f,0
6c023d6c-9f89-4111-9d00-686a5c9c4d93,0
6c0319cb-4fc4-4c0b-aa88-98f5a35903f0,0
6c06e698-af4b-4cd1-b748-86922754c7a9,0
6c08dcf8-0567-4a84-a6cc-d0fecb9ef261,0
6c0ba3cc-ddb7-4de7-b164-6db7cc8b5bac,0
6c0f5d4e-e279-4a75-a219-1fd9a0b9eb9c,0
6c1055a3-37fd-4842-917e-ba07e3791bd4,0
6c15e361-eeb2-47dc-8826-72a891f5aba4,0
6c1616d5-4db7-4371-a756-45de85e8c062,0
6c16a8d9-8e94-41c5-8fe9-8322d53e41bb,0
6c172210-4157-4e62-b55a-394ca8668bc0,0
6c1d3ba3-0e81-4dc9-869e-131c166372b4,0
6c1daeba-0a4b-4841-a204-ff1575285d44,0
6c20b3ca-cd70-429e-83f8-21282db45186,0
6c2367dd-11f1-493c-9a80-a5052ed3c7f1,0
6c245ef1-286e-48d6-bf3a-f13860bd9ccd,0
6c24c137-8290-4b36-a8ee-6f91ce3b0c67,0
6c258aa7-5896-4548-aeb6-f175668a0e36,0
6c2912d7-2bbc-499b-a803-51950159cf03,1
6c2ec3f9-f49c-417b-87d1-4cd67f6cb55f,1
6c2efa96-3129-4daf-bd88-73f79ec7e8d0,0
6c31cc2e-2341-4a7b-a806-7f762a21130b,0
6c35f4d4-8d74-4661-a772-05bead139300,0
6c3b5227-f8fd-41a6-a7c2-1b1d3f91786b,0
6c41d78e-c4d7-4ba2-8d48-aff400743ced,0
6c41f365-0fd9-4225-a1af-554452ec8ffb,0
6c4246eb-6201-4c2b-9219-bf33c038f169,0
6c4b4b80-7f2d-4b14-9cee-4bd21545766e,0
6c4bca8d-c832-433f-aa0e-09154167996c,0
6c4d162e-1c0d-40b5-b4f5-ef43220bc10c,0
6c4e5142-3ce6-4bb0-9b7d-e6b463fbce93,0
6c523d3c-6e71-46f6-8102-7602a67564cd,0
6c5ae871-fc39-44ee-b3a5-1589e8ee1b6a,0
6c5d7dc4-9ca5-4532-b729-ba8ae7e799a6,0
6c5ddf57-97d2-4351-982f-14c3005a8e1c,0
6c5e7211-ae90-4684-b1c1-19eb355e1a9e,1
6c5eea12-0d0e-439d-a688-4adc4894937a,1
6c66944f-5b34-486c-8e02-647225b71268,0
6c6811fa-a846-48ea-ac2e-558d5c63aa70,0
6c6ac4af-b75c-46c0-8747-5e1dcaba0c0d,0
6c7122d2-f5ae-4391-badd-35ae650fa790,0
6c712aae-7aa8-43ec-b75f-abb2c22f113d,0
6c75241a-d75f-4418-ace0-f487c7f1d300,0
6c75dcf5-d38b-47d0-8657-c63b41c24fa4,0
6c881fe4-44df-4813-88ee-b8ff62307cfd,0
6c882902-c84a-409f-9913-2c991698062b,0
6c8949fb-31ff-42a8-9ca7-635a98ba7ff7,0
6c8c016a-2a1d-412e-9ca2-f186a61976d5,0
6c8cd5d7-69af-4701-b5b1-ea1f83eb3e1d,0
6c8ebc55-ffc0-404b-8272-a626561a5330,1
6c8f9329-6abc-4e1e-aa54-b5a62fd7a02a,0
6c93689b-8ca3-4bc7-9643-6d2c7b536c0c,0
6c94f19c-f4d6-4bde-9d0b-66feecd03670,0
6c953573-13df-4265-b261-be9827be9f13,0
6c9a530d-301b-48bf-bb68-b993cf784b90,1
6c9b1d24-9a43-4d10-b789-2097448ecfc8,0
6c9f4d44-d16e-4b8b-928e-000ff3cac39d,1
6c9f5a4c-8b2e-411d-83d1-430c2ffc5247,0
6c9fad04-7b3a-4eae-a8f2-52bfeb3d9cac,1
6ca4bd6f-a1a4-4a0d-9cb9-b5a06b504fac,0
6ca58f18-6724-4beb-8db8-50cda6d78ece,0
6ca8b72c-afbc-45f8-9fc0-5e42d8358607,0
6caf156f-c9ca-4983-a474-0e894d58a1f8,0
6cb33924-5918-4edd-82dd-11bd8c374935,0
6cb364a0-ebd0-4577-878f-13c43551a230,0
6cb4d736-4712-43c6-b65e-1627fc5a3ea0,0
6cb5e8d2-7054-4eea-861a-0a8c9eeeb79a,1
6cb8ed13-8f8e-453e-819a-5324173322f6,0
6cbf384d-26ac-45ca-99db-b3981bf20981,0
6cc7bfc3-7576-46fe-9e6d-466911e4b4f6,0
6cc7c5ab-a68a-4c01-8fc5-67bea70d283c,0
6cc85dd8-9ec2-4f15-b05e-80319e8a2397,0
6ccc8e06-c539-48d8-9ad6-4fa9c9f4183d,0
6ccf4b5e-5f1e-4450-bebf-5c58b2486379,1
6cd2fef3-d266-4ca7-ad18-acfa387d0378,0
6cd64191-f9bf-4645-bb29-07c0d792456d,0
6ce69350-faf0-4ead-8099-b7b9157a3a1f,0
6ce76a23-9cd9-4aa1-bb3e-39f067b20c09,0
6ce7c23f-8889-458c-b75e-9a8ca36a013f,0
6ce87f65-a331-4f51-8950-3ed3da463302,0
6ce8f3df-9350-45ad-84c0-0af1b287a3da,0
6ced296e-1ebb-419a-b30c-e223f53ff390,0
6ced68a0-4c4b-48fa-8b63-89b6c7a5de65,0
6cedf957-fb06-47b7-825d-910eb42ed832,0
6cef6825-80e1-4f56-9242-f57ce0db4f09,0
6cf0563c-f7f3-451a-b5ea-84435194e46a,0
6cf3f461-af16-42c2-bec4-d63827f3dd62,0
6cf4660e-41d0-4a2d-9412-60d656e6a551,0
6cf55679-69d8-448a-baf5-bf5d2810b889,0
6cfbf203-91a0-4199-b72e-3d911d91ebce,0
6cfce208-e126-4759-838c-704fb97060ce,0
6cff5aad-1f2f-4250-9080-d088a4608716,0
6d01ac9d-6ced-43e4-9100-3999e886e4a9,0
6d04ef39-45c9-4a14-a4c5-14ccb034b687,0
6d083c7b-7dc1-4831-b543-c7f518adf7c5,0
6d08d784-3d1d-4e6f-9a61-e44285a51066,0
6d0cff65-0e32-4569-b33d-ab9ef28420ae,0
6d0e8580-e9a8-4bd1-8607-06e353408504,0
6d122c6a-cf6d-41cb-9a83-165dfff556eb,0
6d18d872-d4f1-436b-8ef1-ae485199eef1,0
6d1e723f-b962-478d-bb0c-07a2ea209023,0
6d1fa7f7-70fb-44c0-8c1f-9c761c756ff5,1
6d21d6a5-cb77-4f2d-891b-cc924512f92c,0
6d2979d3-a14e-4418-8aa7-fb0d50acb45c,0
6d29cf88-80ab-45e6-b138-f97267609b14,0
6d2dee51-1e67-4c85-99cc-6b0c471fdaa7,0
6d2e0fa9-3894-4bec-bfb5-2b70825055e7,0
6d2edfa2-9360-4212-aba8-f328779e5cd9,0
6d33551c-0fc4-414a-943e-791a7b21a0d0,0
6d364c73-d546-45f3-963d-3c400e7dd4f7,0
6d3f14b2-1c4e-440e-9432-92932920a7e7,0
6d3f72f1-795f-42b8-8ba4-a336a43a6fee,0
6d3fbf6e-3a56-4ccd-87c4-8f87158b3b91,0
6d3fc5d9-8712-493e-89b2-171bca437392,0
6d479166-1e78-4729-85c5-64b75591acaf,0
6d48b526-44e2-45f5-8287-f2bccd4e0d0d,0
6d4abf1b-20b1-43ce-a04a-eaf104d98773,0
6d4af4bb-a08d-465e-af56-642261c2201e,1
6d4f8d74-b180-4947-ae59-104cde7efe4d,0
6d51f935-749e-4232-b6d4-a0db8f4e8645,0
6d52f031-e7da-48d3-a9e2-ef6c5963b1c1,0
6d539869-44c3-4454-b7b9-34fcce96ec03,0
6d561233-9e87-4189-bfa6-fa9cdd809617,0
6d570a66-e288-448a-af16-a12e79fe2397,1
6d599e0d-411a-475d-8832-1fef4114f608,0
6d5cc563-8fd8-4698-9eff-659c500ea181,0
6d5d2c5a-94ec-431d-bc60-e6a9ab7eaafc,1
6d634069-3da0-4e46-a5d2-dd09ebacce0e,0
6d6609b2-5366-4c78-87d4-99807e3db434,0
6d6722d7-4827-43f5-a1b4-b221ca382e6d,0
6d687682-23fc-4802-a314-8af5c07b5d4f,0
6d6a7d44-3589-4b89-885e-f0c60f5487b7,0
6d6ad5a9-ca20-4a73-87e4-65c0b0568b7e,1
6d6bf99a-acfe-4aeb-9577-6b356a76929d,0
6d6edd54-6e22-4a49-9bc3-b93c2193a7a4,0
6d709b08-f536-4983-b6d7-5e9c3cdf13fe,0
6d730372-8b39-4dff-bda9-376891f0baa8,0
6d750e1f-0d27-4cd4-9c09-18ca60ba8cdd,1
6d76ea69-edeb-4224-9a47-6dd232d2201b,0
6d7a1722-da15-45ce-8358-dfe1d299dd6b,0
6d7bffb1-c838-4e93-b230-188d229b9b29,0
6d7f8900-2b3c-43ce-b448-e1e8972b4660,0
6d7f9f34-8f80-4162-a676-78b2c952d60f,0
6d80b27a-54a1-4c13-9a2b-d6178e666f1f,0
6d843fe4-9a9d-48f5-8a5d-04129dc7ae18,0
6d84c56c-f7c9-414f-978a-624a50208621,0
6d85575b-ab14-4655-b4b8-6e719d75877a,0
6d873607-9a44-45b6-968c-7cc6dc308379,1
6d8b4d1e-713d-459a-8f9b-bfef7d4ed6e9,0
6d8c25c3-a8dc-4c68-b469-eeeacb5ef831,0
6d8deed2-4e58-408e-87ba-a77b31eaa720,0
6d8e69c1-a0e0-4440-85cc-9a426e394943,1
6d8f47ad-2096-40c7-b2ce-d51e0e891af1,0
6d914cec-89b6-43b6-8393-e24aca4e5203,1
6d96c492-9f31-4515-b7c2-9e5668a479dd,0
6d9997fa-7b97-403e-b4bb-25a816e35fcd,0
6da021b1-60f4-49a7-8343-cad1aa2f5304,0
6da0a346-6420-41d0-8691-cb645c8f9d3f,0
6dadd7a1-fc00-47f9-8593-61c5aa87c067,0
6db3921f-b6fa-4524-bc7e-356acee482f2,0
6db7411a-3d8f-4675-9306-f2f62854384d,0
6db9cbf7-2e41-435d-a679-683a328ba047,0
6dbd0445-dfda-4bb6-ad04-acd3d59ad211,0
6dbd1dd4-43cf-46df-9c5a-95c1176f6b05,0
6dbedddd-fc99-44ed-ae33-12ab0dfd54f6,0
6dbef13f-8e01-4872-8d4c-c4b20a98387f,0
6dc1f7ff-86c1-4216-bc5c-7ce5125bde02,0
6dc23c16-4a6f-415f-993a-e9c78f5e2ced,0
6dc3df52-5525-40b7-9c93-08a833cd496f,1
6dc4a3ce-7e84-4f0f-86ad-4102a4f44857,0
6dc5a419-dfc1-4ca4-9c3b-49c020191354,1
6dc5d544-32a0-43fc-b27c-83939298db97,0
6dc61c51-3287-447a-b3c2-c8b78df182f4,0
6dc69964-b731-4a2a-82fb-13a06c56c754,0
6dc9bcde-7b08-4513-bb23-3d2cfbeec0f7,0
6dca021c-854b-4ad4-b093-fb5d0fd68976,0
6dca3af6-c430-4bd0-acc0-cc4ea325b336,0
6dca6642-11fc-487f-90a9-bf0748944db5,0
6dcaf064-9769-4822-8f40-db06fc468868,0
6dcb4c42-ed0c-4f96-859f-a40c13155841,1
6dcb9260-279d-4e21-9743-abed1ec9f904,1
6dcc399c-49d2-4607-994b-22906f594edb,0
6dce2a06-3bdf-4b34-80a6-b1138220be24,0
6dd20f8a-46e3-406e-972a-092e90a70a2b,1
6dd35c5d-ebe8-4a89-a120-fe850512895a,0
6dd3ec4a-d8ae-4788-89a4-3831f6c89316,0
6dd4420f-48f2-4e1d-8cea-cda9e6ac3274,0
6dd5325c-ce05-42b8-8899-b1ed94cac4fd,0
6dd5f251-7245-49c7-bb33-cf52d6a9f89d,0
6ddb5c9f-08c3-4316-8edb-fcf3dd654c77,0
6ddb92da-1381-4e0c-8c03-8f8448a0a186,0
6de15bd8-36ab-4b7e-8b60-38768fc838de,0
6de2ef06-4600-4a83-87ff-a6ebc03769aa,0
6de36c8d-cd0c-4fc9-815a-3fa232b83929,1
6de602a7-cef5-403a-909f-744c089f7e69,0
6de87aa7-3dc8-4285-ba3a-ddedbde20f64,0
6de95f5f-7928-47cd-b656-89702353b405,0
6deb7f73-1da6-478b-91dd-cff8058f23b2,0
6dedc566-36c4-43bd-8315-33fb2d440a82,0
6dee30b4-cd82-4d59-93c0-8611642d5d45,0
6df2f3dc-c93d-4cc6-bd57-8b5887063bb2,0
6df43498-f23f-407e-8670-942d79f908a8,0
6df69f78-0d80-4147-8ed4-85b427ebc5f9,0
6dfb7c26-f5f8-4f82-b74d-5ad25b236377,0
6dfd091d-5759-4f96-9252-d5e648be3bee,0
6dfe7056-a353-4dc2-82da-7adda1c9d5b5,0
6dffac9d-95c4-4074-9d9e-eb3b1193b9e1,0
6e000392-ee9d-432f-985e-c6aa6d73ccee,0
6e018246-bc1c-4dc3-9b34-b0d8dcd0dae6,0
6e0215ca-d287-4423-9cdf-03d1ebbc805b,1
6e034867-21f7-42bd-8aab-4a53be7b1370,0
6e04b2be-d1fc-49c5-b4ff-d78919917f8f,0
6e054156-6994-4757-baa4-b5e84b8fd83d,0
6e07cfcb-1e97-4f04-861c-45ddf78d68bc,0
6e08a730-d88a-48e8-9645-96eeac50e49e,0
6e09b24c-c343-4542-9f1d-a5391abbdb2f,0
6e09de41-e8c5-4636-95f4-2f5909f7b067,0
6e0a8577-840f-409c-84b2-762d027fbfbf,0
6e0b789b-c2e0-42b5-a36f-16864a37ddb1,0
6e0d248a-ad7f-4eb2-9eea-6259ff65ee16,0
6e143461-1124-4fd6-9416-132ea16e19f6,0
6e157629-8739-4246-9f15-44f695aab8ee,0
6e1b9789-6a0f-40e1-9513-5e4fae040659,0
6e1c6dd9-0f15-4438-9c41-f433ecd4f09d,0
6e1f25af-0e5b-47ab-ba71-656c74678f07,0
6e2181a8-a130-4c41-a8ea-60bd98621bc7,0
6e234f5e-00a0-46a9-aa24-059ae493febf,0
6e25e1be-640f-4669-a739-e4a3416a7209,0
6e268534-0608-47ba-9955-a9f3be8387f8,0
6e29fc1e-e996-4cf9-923e-cabd7a2e8a0e,1
6e2a1dc5-c52d-4760-8e50-b3c57a5e20eb,0
6e2e5659-aa3d-4f79-adfe-a4ed0e1a3609,0
6e2f14b2-2b8b-4244-ad62-f86b0f5ceead,0
6e30219d-6170-4427-bf4f-814772d2e4a9,0
6e33d39c-4c08-45db-adee-b79bd1a5b4cc,0
6e35c610-9770-491d-abde-f733a1c634c7,0
6e3c33fc-217d-4db1-b5f2-7d561874e3e9,0
6e409ad0-b489-404d-b7b2-90bab2279600,0
6e45c12e-69dd-45b0-b31d-483973bafe01,0
6e469c2f-838e-4132-bae8-80b557ed06e5,0
6e46b54f-d425-417e-83da-364b67cdcbe9,0
6e477a81-63f8-4f18-b328-bb0c8126e3af,0
6e47832a-9169-419d-809f-c0afae47cbcb,0
6e48d2ee-a73c-4dc9-90db-0e10d8dade5f,0
6e4b3c49-5ca1-4d17-8b67-d81bc3793160,0
6e4c785c-9a11-4cc1-afa0-e178e876b6c9,0
6e516673-bfe0-44b1-bd76-51b61c2d11b1,0
6e54ac11-7580-4949-94e4-041f4832df96,0
6e54f975-09de-40fd-8671-3f7b2b52c4be,0
6e5915ea-ca49-49cb-b50d-32e59c386b0a,0
6e59274a-c184-41eb-a046-8365b9122b85,0
6e5cf60a-d394-437d-8f9e-517eb1b58fa3,0
6e630301-b421-43b0-b9ad-28d003921f54,0
6e671210-ee62-45e8-ad02-07591e13b4eb,0
6e6913a2-9795-4437-853b-9f3e1e2b246f,0
6e6cc216-cada-4000-a376-7e6e9849def7,0
6e6da82d-09f2-4ef0-9b08-d830ed01dd74,0
6e7022af-07fe-4b0d-a098-971c4192cf6a,0
6e71ab2a-c89e-40d5-af78-2b7d4862c61f,1
6e72e5bf-bbb3-4f86-a8c3-d5bd0b6d3f4a,1
6e743e4d-a12c-4281-bf15-bee75dcc4955,1
6e7be3db-ff6d-4b5e-99bc-1deaef0129b3,0
6e7d93b2-50c5-4b20-9d38-f320cdb131a9,0
6e7fa5c3-c4f8-4318-983c-fd91975cf03b,0
6e81840e-9ab0-4add-b3ed-76b019e3b2e5,1
6e8190ed-e267-4acd-b66b-279865c3a10a,0
6e839ea1-4f00-4762-af76-935164b26962,0
6e8423af-43fe-4d20-9c1c-76f5c4f572b2,0
6e84e523-4871-4648-9f93-f2b219ef4686,0
6e865603-1612-4fef-ba02-db36d86f2a8f,0
6e89be58-7627-4044-a3e2-acff408f4c82,0
6e8b7699-8cca-406e-8cc2-50c1761c165d,0
6e8b967f-3fe8-49ff-8277-b0a93b5e6ac8,0
6e90d870-160c-4504-8b8d-2ad2d85841ec,0
6e913700-cb09-4160-9e1d-afd4bcd4b7dd,1
6e9167dc-18c1-478d-a252-b8011c88ac9e,0
6e91f95f-c900-45e0-ab33-5b54968f7b6b,0
6e931f23-54f0-4fbd-9fc8-2779f54a3954,0
6e9326c2-4bbd-4594-a4f1-c812ab7bdfea,0
6e938e7a-2de4-440e-8a28-1ed8814b9484,0
6e97d5b3-ede7-4db5-9153-d9a97f461a3a,1
6e9c521e-5010-49fa-82d4-16ba942ef3e1,0
6e9eb627-a8d2-4990-997e-5cfe75403d13,0
6e9f94aa-a1bd-4cc5-b7a2-1145f00af767,0
6ea03be6-e8fe-4ad0-bb6f-c65d0d922364,0
6ea044e9-e457-435c-b207-b69cd068fcda,0
6ea0799c-5b11-4309-870c-8e2003747674,0
6ea19907-8d1f-4a32-8b27-7d17367e0908,0
6ea1d367-be98-4184-8b6b-ab4c02d0d8b1,0
6ea352b9-766b-49b4-8645-6d468d74eec3,0
6ea59955-c992-44db-b9d8-2fd3dff8c8e1,1
6ea68211-abd1-445f-b7ab-8bde2ae1cd94,0
6ea6f0ed-ab39-4513-bb4d-4500606e1242,0
6ea70f4c-01cc-4b97-b366-bb10bc1a304a,0
6eab8ad6-8116-4f70-894b-be8f67d3f234,0
6ead81b3-aa7c-4e62-9fa9-7aa2a579e095,0
6eae6d33-709f-4bb6-9120-0a63e8ed8031,0
6eaf41f1-7a7a-46b2-b71b-1b304d74f7a4,0
6eb5d944-5283-4fc5-be52-b5c85c9280d9,0
6ec328d0-9dfa-476c-bedd-7008d703b0b4,1
6eca28d0-ec49-446a-aa5a-0dd52e2fe7f2,0
6eca74b1-47f1-4f89-aeed-7e5b81858d94,0
6ecbc77c-c8f7-4efa-835d-791ac80b53fd,0
6ed17c81-274d-48dc-87e8-aed089242ab4,0
6ed1afa3-8f8f-472f-8859-ae2b305b7507,1
6ed2f589-e246-451d-823d-33efe4e69b75,0
6ed3290f-b92c-4881-8be6-114c16e16d39,1
6ed7b306-a304-43ea-ab17-48a92e7431b1,0
6eda2f44-3917-4154-a53e-5f515edc7aa0,0
6edbc264-5d0f-44a6-ba2f-f1e66e9cbc41,0
6ee1e568-bb5a-475d-8eee-ad464a65f4fe,0
6ee2dc5d-6115-4839-8d62-af88b98464cf,0
6ee4d27b-6efe-4bfd-ab30-501a03b544c8,0
6ee7c1ab-12af-4875-8df4-428a7a594274,0
6eea7e70-e183-4b79-bac7-715bf649a1ef,0
6eeb611b-9f71-4ecc-a661-8f822a52e81b,0
6eef9937-ce9a-477e-88d1-e7f3bbbe9ad5,0
6ef22b82-ee14-450c-a4e5-ee21a0d62ad4,0
6ef2df3d-5815-480a-a98d-816b4810a368,0
6ef2effa-8d8d-43b4-b53b-3641023249e4,0
6ef3cd44-24a2-459c-950d-0b063677c598,0
6ef509ac-6662-444d-9ce5-2acbd745fbdb,0
6ef6fe1d-6a1d-4ff9-9050-695db644ef6e,0
6efce59b-7227-4bed-9c68-78e8bde32896,0
6f049995-f2d2-44e8-b59b-90133d3b99c2,0
6f090792-63f0-43d7-80ae-ccd921c68341,0
6f095b8d-95f2-432d-aa05-fa560b20d33e,0
6f0c6dac-8274-4eb1-9761-19758c263185,0
6f0d74da-e5ea-47a1-bb0c-6189911e32d2,1
6f0efd5d-16be-4ec0-b07b-b9e73de4e0c4,1
6f0f96aa-98f7-4fdc-8870-7c86820f8a11,0
6f1af419-3388-441f-97b7-47bb89a24a37,0
6f1eb2ca-c004-4304-b259-50f25ec347ea,0
6f20e77a-df0f-4cea-9093-20d2275d2c29,0
6f211c27-58cb-4594-8ffb-67cbd622edf7,0
6f21f212-4f02-4de0-b518-6619fdab342d,0
6f22782c-3e1a-4f5b-a788-90b6de668391,0
6f257df7-d1e4-4005-893a-c7c72743f548,0
6f297a60-5eee-43a4-b777-333e60405a40,0
6f29e770-2717-48a5-b42c-5bb973dc9794,0
6f2c6721-eec3-4619-8074-dcc9c47641b7,0
6f314471-54fe-4ea2-8848-634e7598ef4c,0
6f348c47-df47-4231-a3cf-d8a01b7e0372,1
6f36948b-c69e-46a7-8dd0-1307e91e370e,0
6f396596-d6af-42b4-8a88-951c3f56d9d4,1
6f3a2813-0a93-426d-80f9-0ab2fd74881c,0
6f3a6894-f2cc-4643-ab0f-0dc854d917fe,0
6f3d54f4-55c7-4728-8d34-dedb20aaf2ab,0
6f409b2b-c3d3-46c5-a836-29003aac3781,1
6f430ff7-5240-46f7-8dd1-5681b395c3d5,0
6f43ae72-a4bd-4497-90ec-8cdc5f7b9013,1
6f453e12-4f92-46ae-810a-95ddb9c87164,0
6f4c331a-6077-491f-a702-ae0946976bea,0
6f50a4e9-9a0d-4d11-86e6-18fd84eefd66,1
6f50daf1-35a5-486e-bf6f-c3937443ef4a,1
6f54c598-991b-455e-9b8d-1d54d980e1b0,0
6f579497-76f7-468b-8703-943c9b20a134,0
6f57b33e-02a5-4d6a-8c7e-97f5980b0af1,0
6f67ebb6-e0ff-45c2-83d3-69a2dab4dcf3,1
6f6d5848-7580-4dd3-ad4f-037f4a5875b5,0
6f7030e5-f757-41cf-8abc-0f243b0e09da,0
6f77fd95-541b-4876-960c-83822779ae8c,0
6f780d41-8379-4733-9b92-1ca4a6868026,0
6f78eb8a-7c93-4c0f-bcf0-2d96436d5f74,0
6f79f3d3-72e9-4c03-b460-b3369d857a27,0
6f7c3d7a-1518-4383-b966-455de5b6e4d3,0
6f8269fd-e6fb-4f39-b249-e0b773ece87e,0
6f835c89-b8ca-4027-8e2c-8d97945a21e1,0
6f915150-3303-45b9-bcfa-fdf8d28a7d02,1
6f915c74-dd4a-4e20-85bc-f0ded8c5adcb,0
6f94357c-7d46-45f3-9171-e6ff70467c46,0
6f949520-6226-42a5-bd8e-14cb212637e5,0
6f95c199-d3f6-4217-8f48-369f4fa1f3eb,1
6f95c497-2294-473c-9376-489fb48bc738,1
6f98b651-3e4f-4cb4-b69b-ba0f93b618e2,0
6f9cd69e-56d8-4e15-b8fd-2a679fc57142,0
6fa16649-9f4a-4f81-9b0b-628ec398f5fe,0
6fa30bb0-1d09-4210-aadf-c21eaaa7c316,0
6fa337dd-e178-4b25-b0fd-89f9faeca3b3,0
6fa4e3d3-57dd-4657-affe-b85760bbd75c,0
6fa63855-8e61-4360-8490-0f7d9a355281,0
6fab2a5d-530f-491b-b76d-5daea20ecfb6,0
6fac45f4-94aa-4795-8afa-4679bcfed0da,0
6faf34cf-7383-466c-9523-bafdd9fab5b4,0
6fb06490-0bef-43ba-9c29-fb0b2d6781aa,0
6fb1ee8c-08bb-4f9a-a6bd-040e6fdb519e,0
6fb599d2-29e4-4849-965f-58248e82ac14,0
6fb5e9ed-11e8-47b0-af89-0877c2023b22,1
6fb635aa-fb9f-4338-8f68-ee8cfc56985c,0
6fb989a7-aeb2-4b0b-b77c-8485e06a5c7a,0
6fbba766-b371-46d5-bfc2-58081540cfe0,1
6fbecedb-3ade-4e85-bbd6-07dbcdae0a35,0
6fc06d8b-aec3-42e1-84ea-e2f7f794033d,0
6fc09434-922b-4a93-a4a9-22e7fd37adb4,0
6fc15712-df77-402f-be85-af614cf6a4e6,0
6fc70781-137d-4b33-93d8-f7d0a6565d80,0
6fcaa36e-2832-4079-9541-4060602e0e45,0
6fcc4314-52f4-4747-96a2-4f08fedbf33e,0
6fcc8155-91ee-4b49-b79f-0faa3087861c,0
6fce8d45-69a4-486d-9695-b538482b48e0,0
6fcfdea4-eaeb-4aef-96e5-7b2b38880759,0
6fd38b8d-3290-4867-88e9-3efc7988c236,0
6fd943d4-383b-4cff-9a04-5526b1ffbae8,0
6fde21d5-37b5-41b9-99bc-c0ff7eaa25f8,0
6fe2fc57-8c2c-4f7b-b0f6-23d816423339,0
6fe376ad-8072-4d2b-9950-1ba214496562,0
6fe48c25-8a40-4a7d-bbd4-b5a3cf08668f,1
6fec0a37-c38e-4191-aefd-9498e6ebfd58,0
6ff01ec7-0b51-4437-a446-14b27aa76492,0
6ff14daf-9e67-4a11-994e-c5499b508f9b,0
6ff63b3b-d972-4c62-bb3b-72c6bd05a1fd,0
6ff97653-0e21-43d9-aafc-3fa6c3b3661f,0
6ffaf569-36ae-479d-a05d-4f5b96c2edca,0
6ffc6ad7-9ce0-46bf-b7d5-0fb2db487134,0
7000e25b-061b-4fe4-a87b-f5d9eda6984a,1
70029a7d-f966-4e94-8450-97e535ee83fb,0
7007088d-ef22-49c0-8bac-fc8ba0943b05,0
7007cd6a-0c96-466b-9ca7-4c3c1b1f98d8,0
7008707d-6466-4705-a88c-7b827ea95bbd,0
700a0bfb-2497-43ae-8d00-db088787ba76,0
700b0c13-a68b-41e1-a802-b2df0821421a,0
70106297-228a-48a5-b578-4580a86f6146,0
70181278-66c4-4a2c-9c0a-7f8245cbc774,0
701e202d-4d97-4f4a-b437-95c8ef49970c,0
7022a481-cba3-47f4-9b8b-7f955fe63058,0
70272d31-7cee-45c8-9864-dae56c808b20,0
70276e0b-fec6-4087-8aaa-a0e0a452b0b6,0
702aa92a-aaf5-46f4-9cdd-a0f424996518,0
702d9952-79d7-4f3f-aa92-25fde1211924,0
702fcb2e-d98d-49ef-9c74-9e5fc444878a,1
703109a0-c6be-49ea-8902-fd605cbeb9c5,0
70348389-9e08-4290-88d5-5a71bee99c23,1
703931cc-9a52-4c03-b991-cafb34a87fc8,1
703b39ab-29da-42a6-8f23-d7bb3b7014ea,1
703b786f-b670-4bc2-8af5-7b5c4cad8ef9,0
703c26dd-1bbf-483a-a202-d948d354b232,0
703d88a7-0fff-4127-8ffc-dc33eb47a9b9,0
704443eb-ba7c-4933-9242-2299bfb231e8,0
70467d25-7e91-4b2b-8bfe-77377fc3f706,0
7049cc55-02ad-448c-ae59-cfffacc7ca51,1
704a3cd6-2960-4474-ae44-4ec2c4cc7ac2,0
70538dac-b676-4a0b-bc01-3c3598513684,1
7055af85-01f4-41e5-80c2-b712eaf33b0d,0
70573abb-f2e0-4b0e-a9ba-90101455f933,0
705b96e4-fa16-4dc5-8a5b-44259a0b45d9,0
705bb97c-6716-49fc-bbf3-7189042b67ec,0
705bebc9-10b5-4867-9f6a-17b83d106ea3,0
706095bb-bc8a-447e-bb4e-fd1a7a6fae32,0
70614c56-e4c9-49dd-a5d1-a2865c911610,0
70638700-aa75-413a-814e-d8af5877d2ef,0
70649a09-1640-4e8f-a854-14ccd45b8979,0
7064aaca-2777-4609-ab4c-dda0efedcc81,0
706564de-a9e8-4307-ab47-a394696560b9,0
706571fa-bea5-4c00-894b-98509dbef85a,0
706ff354-d9f5-4ef4-9ef2-4f4c70d2a90a,0
7074a26f-3f2b-422d-b2fa-c36d7d81eea6,0
70762da8-7f6e-410a-bbe8-4d77fb6adf85,0
70777f06-7bb4-468d-bba4-ce06afa27f4d,0
707808b6-f935-41e9-b9f0-0c6c4f34339f,0
7079c3d5-9cc1-47f8-b52d-c909335cce4a,1
707a4b93-2967-49da-bf92-ca4b93329b15,0
707d9046-e05a-4b5c-be22-7b13eb8acfbd,0
7081000d-d564-4242-9acb-4bdb516c4a5a,0
7081f1be-8a26-4a0c-a08f-a0a6561f6b7f,0
7089ed82-2d94-4802-af16-409e00859d41,0
708b7ba1-de25-454a-a0d9-2e12550eaa7c,0
708d1143-b69e-4000-bdbc-9af3c8298e1a,0
70901019-ced8-442f-a5a2-57fa7159d6d5,0
7090be9f-a136-4c50-ade9-5aa46170bd9d,0
70925a54-b9b9-42d5-9b18-46f7fa924cb8,0
7098ac3e-9181-4f10-aa72-b8f8d1fb5f2c,0
709d590b-053a-4f94-a9e4-10971321710d,0
70a73e56-7ebe-43ab-a95c-cf039ec0ece9,0
70ab2d65-e206-47b8-a6c9-88c1eccf3e0c,0
70b36812-0934-42af-bb99-e39b1d522b6e,1
70b37a30-2408-4c26-b79b-a83140c975c3,0
70b83964-24b5-41d6-a4d5-0411f97f666f,0
70bcd383-0f3c-4d35-b9c5-c7a938d993fa,0
70bd36c6-0ecb-4cda-9b75-71969279a801,0
70c5df88-5b18-4217-ab6a-539b272060b9,0
70c7679d-0e74-4c39-b995-d10f8c0a8a22,0
70cef237-50af-4d9e-89d2-7bf994c39c02,1
70d2376b-b03a-4785-8cef-b0caee0f5abe,0
70d2d211-8dfa-4498-be2c-31bda10c1629,0
70d35034-900c-4714-bc4e-e6fddc47d3b6,0
70d3b39f-ee2c-4fa5-bb22-cc9f6b41073a,0
70d48342-c013-4a4b-8ed4-af09e2a0c8b7,0
70d69000-d449-4c7f-ab17-31a030d2383b,0
70d7122d-2901-4f67-89f3-aae3c58728b4,0
70d753c7-7eca-480f-902a-81952526fe76,0
70d8ffe6-1ef6-4c55-99a7-912beba94193,1
70dcb758-9ea5-44d3-96df-ca8dd4287a8a,1
70dd35c2-e42b-4607-8e2e-36be03a86a9d,0
70e40114-409d-4daf-98a9-758ff38b6390,0
70e5c8e8-62d6-4982-841b-cf0e7d9a8606,0
70e69a49-5d44-4f11-81f7-837e0305bd4b,0
70f03d7e-577e-438c-85d9-f236d6be23fe,0
70f5f63b-f49c-465e-b69a-ac253f05f0cc,0
70f78c7e-05ed-4b4d-92e6-7e6e45c37824,0
70f8fb68-8055-429a-89b5-4ef7a6f1b2f8,0
70fa0126-806f-49fa-a152-5101cfe74af5,0
70fcb81f-f98b-47ba-8228-9c2774b2d62f,0
7100f4e2-9083-4547-b114-37004876e50a,0
710101c0-874d-479b-b683-2280df4881ec,0
71036bde-1e4e-4af9-ba36-77f09ad977a4,0
71044507-73c8-456c-97ae-c7b7810c7b6c,0
7105a8ed-b0c9-4fdf-abe9-ff9eab1248ca,0
71064aa4-7a00-46e4-a8e9-3986a3be0c96,1
710d7315-f617-4bbf-b884-e791ec2859e6,0
71144732-545b-4d12-b57c-9ed6575efc83,0
7114e592-71d0-4480-812f-b311fa3ecd0d,1
71173012-5d07-4561-b5bf-23bcc4ec44db,0
7117e191-9868-4b7c-9f78-64c8200823b9,0
7118a7cd-db51-4ec6-b75a-72119e7169be,0
711e1bda-0b29-41b1-9980-73d5da207f6e,0
712122b6-5460-406c-9049-ebd928e6acb9,0
7122e1de-35a5-456b-afc7-970bbdadab13,0
7125cd6e-2998-4803-946d-bedd6cf13f02,0
7125ee2f-9d84-499f-bf21-f8556d9e7102,0
7128803b-8aea-4c1d-a9eb-5ce42fa5208b,0
7128e86a-9ea5-4f15-830e-38de6f08e21e,0
712eb086-7817-4637-8343-7fea3eeecb5f,0
7138e6a0-1e4b-4d12-be48-6b90a314bf73,0
713973eb-4c04-462e-a370-d97045b877d2,0
713ae1cb-80f1-409e-ba2b-7ffb2f17635c,0
7140c7e7-733d-44cc-9bfd-0610b7cef7ac,0
7141af7b-605a-45b9-b93b-a87fd16b034b,0
7142214c-d1e6-48c0-812e-76181773d0c8,0
714664c7-8711-4ca8-9d85-31c03d83ad7c,0
714b5fe6-8a9d-4014-b743-b06292d464f2,1
714c9537-c8f4-4938-9d90-dcbbc53cb9bb,0
7151f6c4-20e2-46c2-a05f-bc3b28634f78,0
7152016e-e828-4946-b082-af76649a3933,0
7153128c-eb3d-4e60-a91b-503d8f821fae,0
715509b4-f7b8-4c5a-9f1c-9e36fa007bae,0
7162ade5-7e53-49c3-8b57-e9023f5be0ab,0
7162e6b6-168f-4c55-9fa1-b71025cc8078,0
716442e4-89d9-4ac5-9ea5-7a2dfb181025,1
71654e83-a6c9-4d44-9ac5-a53469eaa96f,0
7165ffb6-e475-4db0-a417-bad57f34a39a,0
71686e57-4b4d-40d8-b74e-2ec21fd498a9,0
7169224c-a694-4c32-954a-1b3633c51c3b,0
716e2d76-7e1d-436a-8c55-2feab0ffcb13,0
716fd715-ea2b-4e86-bad3-1939193619df,0
7173029f-64a7-4891-9ccb-95b5a8260500,1
7173ae77-df7f-4552-9572-24c42bcf9898,0
7177a319-c6d5-40a3-8af5-54adbf8b874d,0
717953ef-98bd-459c-887d-6945efcb4b08,0
7179bbdb-3fd3-478b-86ec-d444b8310f5e,0
71809c74-a622-4b6c-97f9-4049a64b4b8a,0
7180f220-e7ce-4a1a-b5d0-b5922a146d31,0
7182d2c2-c448-4ce0-a588-cb81c7db9e52,0
71832df6-939e-4a7c-923a-025ce23678c9,0
71877794-3e7e-4f4b-bf69-415a35843465,0
718c4e2f-6944-4147-a129-67725476bca0,0
718ff21e-a744-4914-8d54-04e1cc5d2d5f,0
7191649c-3414-44d5-a626-7e953fc56419,0
719457bf-7852-4171-8066-ce8b7ac1ee23,0
7194d88e-0f47-444c-85ad-1b93f113674c,0
719bf451-4a48-47c9-8d66-19589cc6f29a,0
71a26bb4-c25c-4241-a3a0-c1709537a321,0
71a46392-9451-46c4-8aaf-3b01b330275b,0
71a8d4e7-7493-46f5-af46-76d2d3f17d34,0
71ab5973-1658-4dd5-a077-8777d32948d6,0
71abc750-f9ca-4a6c-9986-94dc6727ecfd,0
71ae5e8d-a875-4ee4-b2bc-8ebd4762503e,1
71aed912-a5a0-4a5d-81bb-f7454106a4c4,0
71b03ac3-e60e-411c-b763-7120238546f2,1
71b305a3-099d-43f0-b60b-62ffaa4444d0,0
71b44969-5538-48af-b591-b8278241048c,0
71b5d1dd-07f4-4a0e-96d3-a38ee967a401,0
71b661c5-ca58-4281-be50-40e8c99222ef,0
71bd145e-508f-49b8-9cfd-f754ed758989,0
71c08987-1477-41a3-82ff-0a3297b0d7e1,0
71c283b3-ccd0-419f-83be-526704518d7f,0
71c52eb5-bfd1-45f2-9351-28490dcb9d6f,0
71ca5b3f-1473-4957-a610-1de72281425a,0
71ca8368-f25f-4e2e-a5d4-de08cf3eeb9e,0
71d7ebab-3325-45c0-a967-09dd72a5f3dd,0
71d807cc-0df0-4095-857b-17a0b0f70e8d,0
71da1247-0a5c-467f-83c1-7cc8c945ef8d,0
71dd0138-4ccb-4fb5-9699-b2f8ff13ab47,0
71df4d17-d661-4f07-a548-da0419b04126,1
71e40329-ff79-421e-b285-43c65c94d1ca,0
71e8eb9a-b296-4410-8992-71f12351bd45,0
71e98a11-7193-4be6-8b7e-48c50eb277d6,0
71f58aa0-56f1-4f28-aab4-cf519b285e64,0
71f66176-3500-4df5-b0d2-308d7a282c57,0
71f90850-a6d9-47ae-85ad-f45af45a9752,0
7203b936-c92f-4579-a12a-5cc3927824df,0
7205dada-73dd-4f24-b32f-aaeb2667a57f,0
7208f8a5-8a90-4701-8a91-7b3ef9391992,0
720e2790-5b0e-4132-9987-03b1063f1096,0
7210474d-fdd0-4a9f-9882-3a81d5f70ffe,1
721252ac-1b98-4655-999e-0a7e0156490f,0
721485ff-0194-47eb-8c2c-ace950a84a76,0
721c0761-b100-4d57-a927-bd2473d064c7,1
721c1226-0105-4114-b176-1123e91abed6,0
7223dd41-4301-404b-b58c-7036fbf19831,0
7229f9e2-a2e1-4d64-b002-758960da87b3,0
7232a199-ca43-49c2-bfd5-8db7360b87b7,0
7233212c-6492-4f54-9e50-52e5b57264d0,0
7234ef72-bcc8-4a14-a940-5b1ea5e79886,0
7235ce3d-ba4a-42b4-90b6-b34aef520fc7,1
72361670-452c-463a-add1-be72c75022df,0
723641f9-f9e5-4a16-9f8f-3e968ca94f85,1
723b0673-490c-43ed-ab2e-162d0728f687,0
723ee8cc-5d2a-4937-9c20-59b8de17383c,1
7241f894-7cdd-4574-92ca-3400f5e6c15b,0
724738bd-9bae-43ef-a7fb-9ebfcb2c92b7,0
724b5864-19e7-4d67-9596-054e6c1c1689,0
72516fd0-89f6-486e-98a2-fad72f4991d8,0
7251adcc-ac4c-4b65-b396-51266a3f6a88,0
7252140b-491f-4c5a-bc73-f9b6c548caab,0
725519d5-f186-4907-a4e6-fa59e1b13147,1
7255e47c-255f-4de8-b3fa-7c0f931b2111,1
7258b647-f996-456a-98dd-2797c9df3b26,0
72591a71-f388-4a5f-9288-6a65c3415580,0
725b515e-4b3e-43ff-941e-3fe4de65137b,0
7261699d-5046-449c-91aa-f2919174bd8d,0
72639cb3-d4d1-4919-9ea6-294c9ea4b293,0
72673d79-e5db-45c8-adbc-5a37af6a74b2,0
7269f625-8746-4db7-80a7-50c862e85551,0
726a8e73-26cf-4ad6-9a3a-2173b697e36e,0
726b2c2f-14b6-4af7-9167-585ef06b3997,0
726e0593-004d-470b-a56d-c2e3298f5835,1
726ea3c4-e57f-4978-8892-e0a821160876,0
726ff52c-30dd-4b1c-ae89-938b463f71b6,0
7271b168-d0b9-4a53-a86a-1144ab435c9b,0
7272bf78-3433-4ea4-8486-c5b2507b0a27,0
7275a441-70a6-4635-a361-eb437d04b749,0
7276852c-550a-4d48-866f-a6eed5e34677,0
72830abf-f6b1-4f9f-9e74-5d2bf9e44cc1,0
7289ebbe-0c8a-475e-b76c-11f4feeee14f,0
728a8243-35bf-4022-ae96-31aa74f6002d,0
728f305f-f5e6-4e15-87a3-445282ee7620,0
729318b4-fda2-4030-83d9-cab1e38b0ea5,0
72937e37-3a74-4da4-9c9c-d9ee96d19bcd,0
7294a040-87bb-47fb-87a7-99d1f29f56b6,1
7298864c-9229-42f4-ac09-8578705e46e2,1
72a38e46-8c19-494f-a301-431ba6cb10cf,0
72a42eec-bf91-4b69-b479-a9970557ab41,0
72a4ba43-e399-4c24-a4d1-315ad4cb5c75,0
72a73d39-bad4-41a1-aa48-492033e0a20e,0
72a868f1-f5d2-461e-9d3d-06a7984d849b,0
72add001-638c-41f2-805d-3313ca8bebd3,0
72b5b330-e7b4-485e-9995-d9b8350112c9,0
72b7c285-ea72-48da-bbba-cb3e6669654d,0
72b992dd-311f-4766-b4d4-9558195b736f,1
72baf6cc-65ef-45d3-a0b0-7a2b7e0dc386,0
72bcccc1-fc9f-44a9-8552-afcdc93940b2,0
72c5ec6a-c942-40a9-b88b-e19e029cd61c,0
72c6a4e3-5104-4e81-aa05-b4241f35ea6a,0
72d1f6f9-3dc9-4447-abd4-3bd9df42682b,0
72d2dea7-7b4c-4523-9f43-6c03085eb74b,0
72d30a88-5582-4dbd-a95f-81c1dfd54b29,1
72da927e-9bfb-4dc6-b19f-2c06b38c0609,0
72dff511-b8fe-4e7c-8d71-f55551aaf04b,1
72e343e2-050b-4503-a91d-df9aafb4798d,0
72e48113-b167-43e3-bb8d-f3d6ffc663d5,0
72e4ef4f-8e40-49d4-847b-b215a4d43a98,0
72e58c84-ce93-48cb-a459-4c9011a4c25e,1
72e9cb1c-2e4f-4372-927b-c45d554f8006,0
72f19504-b69a-4eca-a357-274430a0a1c9,0
72f8f4e7-8b1f-428f-9e0a-88c65b981ae2,0
72fb314c-2ff9-4121-9d46-e94f3cc518c5,0
72fd144e-f15b-4063-8085-e45c576bffd9,0
72ff8418-e14b-4d27-a490-94f97001b3c8,0
7301e484-67fb-48e7-90d1-b075e2b278b0,0
730375d1-af00-472c-bc2b-7145dcd07d21,1
7304dc24-cd3c-4a23-9d1c-7ec4e2e74740,0
73069fe4-9448-4db4-b130-567372a588c7,0
7309a1a7-a899-40a5-8e77-64f11e621bdb,0
730cb7a1-5b69-4162-ab43-60162b51253f,0
730cbebb-44d2-4d63-8939-6fb418739d3f,1
7319b079-4fc4-44c4-a8df-7398fc331c8f,0
73209fe8-47ef-46fe-8fa0-388b08644d90,0
73221ad5-6269-4627-bba5-7459d5201bdf,0
732317c3-add2-41b4-ab53-f5ce2c9969ae,0
732322fb-01b9-41da-9b6e-b762a1608845,1
73259133-fee1-47f3-a291-fe63bd56d502,0
7325c6f9-630f-4669-89e5-93947a63a500,0
73260a11-f167-43f6-9069-6c910419af69,0
73288824-1617-4b13-bb30-72b0011c569c,0
732df5d5-ad83-439a-8297-669a222866a0,0
732fed44-e4a9-4442-bd9e-1150ac93dece,0
73315166-b0cd-47d9-85db-405a52f0cec5,0
7332cb7b-6efc-4544-9df2-92ce06697d5d,0
7332eefe-645a-44f5-850e-6c94b8da178f,0
733710f0-1f9f-4da1-a646-1618258dabdc,0
733ef9a7-d10c-41e9-abf4-708399a4246b,0
733f39b5-feb0-44aa-a4a4-5d49a6718f84,0
733ffc85-1d57-4076-973a-e499b19068c9,0
73419300-6356-40b0-b6a0-669d02e04f28,0
73430149-688e-4453-bc39-ebc4ec141750,0
734447b6-b3cb-4ecc-b1f6-6e7b63d598e8,0
7345093f-298a-48f7-83c0-fb2b8a15cd2e,0
73467e5b-ea1e-4386-889e-a478cc1174c8,0
73494d4b-6ec6-4f7a-b45f-de734198f7d6,1
734c98fd-a529-4dc9-bc31-4d5467310d1f,0
734cc56d-df18-4f18-af1d-376c84e6be29,0
734ecc98-9e1b-403d-a520-dd495075e702,0
734ece6f-0789-40b8-98d4-305428605d2e,0
734f84b5-7734-43d9-a50c-2334d664bdd4,0
734f9789-82b8-47fe-abea-9c82eb139445,0
73531986-544f-4094-8eca-110daaf6acf1,0
73534944-d950-4985-b98d-fa266f079cb2,0
7356c76c-7743-45a3-83f9-069e7d248427,1
735bd7af-1aa0-49dc-b133-aa22c27e5c2c,0
735be5d3-493d-49c1-8065-a3c8f6a18eeb,0
735c5fce-2055-4df6-8445-4ebd272ea2f2,0
7360477f-718e-4ec0-b653-1ed4f305693c,0
7361aa0c-e5db-4fb6-bbdc-4ca440e5b3cf,0
736825c9-12f9-4f28-8bfb-8fb0a9fbf435,0
7368950f-a713-450d-85ba-4050ef3b8164,0
7368e0f6-6e01-4b18-8141-3cc3fb267478,0
736d4c80-1c03-4987-a446-3c5633bd3854,0
736e7b7b-7ebe-4878-a85d-155d2cc551f9,0
73709d8c-271d-4005-bb31-a453a805a26e,0
7370a5fc-f94e-4e08-983e-adfb307c159f,0
73737bc8-9185-4dcd-b1a0-ce2aa7e49a22,0
738061d9-7450-4241-955f-48336adb141e,0
738a413f-eb06-40a9-ac6f-4e9e85fc6d67,0
738a4479-d835-425a-891d-bf49ce72d965,0
738c3e3d-043b-430c-8c4d-a209be38fad5,0
7394995f-b6df-4aa0-b8bd-af91aeab701c,1
73974b03-a622-47af-a98c-c468511bfbfd,1
739c4490-a8a7-4d75-9a9e-d4d2a50c0910,0
739e082a-025d-4d44-b5cc-5c609a31aa2e,0
73a46f36-3ab5-4dd3-9da2-ff5f9d7836d1,0
73a7642d-be3b-4eff-9281-8aa033884fa8,0
73ad5a09-2d9c-4f48-b127-c9ad4c8e0672,0
73b05f0e-1ae3-4b91-abca-9bcd580e0286,0
73b0f6b9-7892-4817-9082-5828ce5d9364,0
73b0f8e3-d48a-43f6-945f-6e881f9c230c,0
73c2146f-708a-436d-8e1a-181fa6139064,1
73ca135d-808d-4b44-a807-fdc74820fe1b,0
73ce1b39-0a7f-4d0a-9252-410c435066af,0
73d361fa-3c2a-40f7-a3a9-e61c825deab6,0
73d455ab-8977-4365-adb4-149d684f77f0,0
73da5742-5b4c-4f6f-961a-a73c72fd8665,0
73dbe7af-2e5e-4475-b876-f7424869d71a,0
73dd2b0d-ba6d-41f5-b754-810567e61771,0
73e0850c-3938-48bc-8050-3319c8a322a6,0
73e0b488-390f-4249-9139-6e8899ae5626,0
73e596dd-d53c-47a9-8283-c8bfc7248452,0
73e9c33e-08c0-48b0-aaf4-aca59f1ccf9e,0
73ebc8eb-a0a1-4108-974a-ce9e1f331be7,0
73ee2da7-bab7-457a-9e87-63f993977a66,0
73f06d76-db3a-4f9e-ad76-a0063ebe485e,0
73f12071-3eb5-4f9b-8694-780e39516f5a,0
73f38c47-e663-42dd-a52c-4dba137d7996,0
73f4d64a-d24f-4cb1-a710-2b4e6d837cd2,0
73f736b4-0a34-4da0-ae76-e1209791b47f,0
73fcb990-8730-436d-bc5e-c10ea67810a1,0
73fd9aa2-c996-4663-83c8-53f9ca083f81,1
73fe179f-9973-4fd8-b041-c1fc61509b98,0
73ffe909-06a2-42f6-b200-04940b71c5f9,0
7402c056-fe78-4ac6-8c56-454cd461b9c6,0
740361f9-c14c-4ca6-b3e8-5be8e2f20ccc,1
74036d6d-8ead-458c-baba-d303dd19995b,0
74083724-6ac3-4007-9fdd-c162435f9b09,1
740a711b-f729-421a-b097-5ca26154db13,0
740a74f4-d04e-4fe4-86b7-d71e926b7f37,0
740af94e-fe71-4302-b0ed-850cb4a7a7fb,0
740d3218-2e47-4bde-af74-0c1f87525573,0
740ddc15-1b22-4138-bd25-34a11678f149,0
7410d396-3839-47af-9699-3016e2a527bc,0
74121f23-90fb-4787-82f4-f1af36b6b255,1
741501b2-0e9d-4af6-964f-1436c5819bd4,0
74160b9c-841b-408a-9036-c32ded1f1f96,0
7418b5a8-20d9-48cb-99dd-0b9a200551cc,0
741d7142-07cd-4a90-b746-17764307107d,1
742078df-1f23-4acd-bcfe-8eed52155a0c,0
742408bf-8467-4115-8e80-825a8273ab5d,0
7424c8af-4729-49f0-8f93-d0184734803f,0
742904e3-ee99-42b5-a151-14fb1ec6b615,0
742dce0e-8f50-41b4-b6dc-e9bb54b8ff09,0
742eeba6-2d5a-485d-9508-b834ebbc590e,0
74311bfa-aa15-462b-a9dd-bc20b01e15ef,0
74340695-2541-44ff-82df-783c371ea7a6,0
7437e9a5-972b-41f8-950b-fb6f916ab5ce,0
743d0d46-07bb-4933-b311-d405911553a5,0
743e426b-8bf2-4cfb-befd-a9df712be543,0
74408ad5-721c-4064-ab75-379227bd85a9,1
7442325e-3e71-41e9-b303-086477ea3855,0
74475abe-9fde-486a-b26d-a8a72975ee23,0
744821e9-ebd9-4fa1-8796-efb0ac3ed3f1,0
74482591-1d9c-40b3-a313-93d39bd357f2,0
7449835b-0183-4541-8bfe-b78a59123650,0
744b2813-1484-40e3-8faf-f174744cc5fa,0
744e463e-c601-4ddd-8d84-82b4e5d96e8b,0
744ffb5a-8055-443c-8a5a-cd856b1582de,0
7451e9b5-2a51-4cf2-85fd-1e0aad5c4295,0
745528a4-a6ba-4a24-99f0-ff9483fd3527,0
7458844e-6861-4c4c-b2e7-2a06a850ce94,0
745acf15-fbdc-41a2-a14a-609d72c469cb,0
745d1f1a-a534-4214-935e-7c6cbb24b884,0
745deef3-308b-4f9a-8a33-a61e819b884d,0
74617efe-0923-4dcd-98b2-d84372a2b3c5,1
7466c47a-d996-40e9-a497-7ba869adcce0,1
746a9586-dd07-4cf4-bbc5-f3cb9c893b28,0
746bc426-8cec-42d6-88eb-758f22ce956e,0
746ddbeb-119e-4b37-9b87-6cc6ed0be2c8,0
747267e1-118e-4453-aba1-a503bdb1c5ae,0
7478b538-848b-45b3-ac6b-1775afbb2b06,0
747bbb8f-1ba3-4cb3-84df-1ade9c88ac51,0
747d0f39-0a09-48f8-bbcf-0f0c1c4e47f3,0
747df9fb-a1ea-4295-9a82-75e087b2a700,0
748066e9-3b97-4898-a413-2f1de6eeef93,0
7482f7eb-0aa1-46f8-bb09-a52dd79b154d,0
748311b4-dde0-4d55-9dc4-feabd348f099,0
748467fb-c5bf-466f-a011-600a75f37ace,1
748afd68-307e-4a00-a00f-7689919c0175,0
748c4053-9484-4877-bd58-63be2465d951,0
748dfde9-e9e3-4ee9-abae-b4e09157007b,0
7493d0e6-667e-4b28-92c1-8c9825a25875,0
7495252e-9bf5-4843-a804-6d162f6c1bfd,1
749981d4-631d-4826-af32-27af07969022,0
749b1b6b-2bf7-49bb-8794-b57b19d34ea6,0
749f3393-63b9-440c-85fc-d93405c11c55,0
74a1ae46-cd04-4af7-98cd-f9368e6327d1,0
74a1c95d-2ae9-4566-8c26-2e95aa2d94cc,0
74a23319-459a-4b1d-a637-4ab518261a0b,0
74a23f6c-c831-4662-a612-c080e219657b,0
74a48341-20d3-40fe-9460-a601c0c895a7,0
74ab212f-c708-40d9-a63b-ad11791c444e,0
74ad4ffe-7dbc-458d-880c-e45c3b2e6709,0
74b35ab2-a3fe-4dba-8627-64c232840eb5,0
74b40753-4891-4182-8ed9-b46636edc1da,0
74b50ba4-a395-49d6-acab-e3c6ff85d4ae,0
74b60918-ff5c-451d-ac30-4bad6e3bf056,0
74b881ee-9d78-48fb-b28c-efa34913e656,0
74beef65-a1b8-4d3b-9a62-2453f9bee01a,0
74c160bf-53a3-4bf2-8714-71a143cf3576,0
74c32255-1401-4053-878c-bfca94d96d06,0
74c833b9-060f-42cb-9f0a-b35a580376d1,0
74cad356-9215-470c-a918-8feb632df66b,0
74cba569-cd11-4cfb-9b47-c51bebdf0c31,0
74cca6ce-1afc-44d0-8065-7346bedafebc,0
74cce41b-d296-4a1d-8590-e345371e7fa5,0
74ceaf85-6825-42d7-a03f-c4adec70bc4d,0
74d04f22-d57e-4849-8c5a-8b669065f770,0
74d37f1c-fcfb-4944-9162-c67b24442275,0
74d636ef-eb98-4687-9df4-d798a10da28f,0
74d64443-bde9-47a0-94e6-5533568192ac,0
74e4ab60-cb3a-4093-a89e-f5e50b90877d,1
74eaa6ae-c616-42aa-bee5-671825c2bff1,0
74ef4bc4-9b45-454f-911e-fea997344149,0
74f1bace-567c-43e0-b889-aced4ee2348b,0
74f46519-7786-452b-8a6c-24602fd2bf01,0
74f55250-b881-41af-8c75-0776371646f2,0
74f5c42f-f1e5-4b5f-8aac-93596c010eb6,0
74f5c92a-6970-4439-9c6f-e9c7de9476ae,0
74f9894d-2208-4b34-af4b-85e704614885,0
74fc9cf9-d978-452c-9d7d-c7062c72b929,0
7502fcbc-444d-4187-9d61-99138902ccf1,0
7503ff23-9985-4e0f-aa1c-486632d00ab5,0
7504f0f8-ccd8-4bcc-9b5a-cabf651a2eab,0
750c76c0-0c5f-4d6a-a72b-6bd2a146c666,0
750d046f-71b7-4bbd-834f-4e120eec8480,0
750f5618-b28e-488c-b459-19e994a6ff04,0
75106f6e-1afb-4514-aa85-c8d316fb1efe,1
75114158-0511-4d27-b3cd-31b21eca14fb,0
7511fd64-e19f-4a99-8eae-adc2e4748572,0
75136ee1-ccd9-4120-a278-99f6578487aa,0
751541e7-17bb-416b-9fbe-2601838b4a97,0
75162d54-1120-454e-a8bc-a39d44bb3557,0
751b41e1-ec6f-43af-b2cf-4d029258f0ff,0
751b9c5e-1617-49c5-a07a-50a2edcfc900,1
751bb565-9532-47b7-bc63-973113af07dd,0
751d82f7-73f5-4569-8706-7abcca2c7149,0
751e3658-f9c0-418e-9b45-d7355e46b993,0
751e9048-ba18-48fb-92f6-ff320fff6a05,0
7524e719-17b9-4d11-8dae-cc5965d9bcc6,0
752b5133-e524-4ae3-a651-d5f7911a9e54,0
752c1f2a-53c6-474d-bc4a-6d719e819bf6,1
752cde0c-85c2-4813-b256-6fc8600c1cdf,0
752e210e-039d-4291-b2f1-1117c1acedcd,0
752f3a1d-a40e-4a4b-9769-3602c01e262e,0
7532ab1e-3b91-40cb-bc4d-edce6f2eff5b,1
753310ee-0aa6-42de-877d-0d104a67c6b4,0
7533800e-18fe-42b3-aa77-7d18969ed5c3,0
7536573c-586f-436e-a473-25bcf0bd4709,1
7536ab31-6e1d-4608-b658-5353fc20c628,0
753cd6be-0536-43ab-8e8e-5417a3cd441b,1
753cda9d-f220-43bf-9917-44fe536435fe,0
75449194-9c93-45b8-a08d-ff1d563b3260,1
7546c4cf-0ef7-492e-90e3-1771b40648af,0
7547b171-8ad1-4149-b7fc-c94ec52792c0,1
754b58c9-77c1-4e93-87e3-78e16826ec04,0
754bba3a-e820-4aac-87ee-31fda357782c,0
754e70f6-e936-481c-9bb0-93bb69b77eec,0
754f091e-22b5-4170-912e-c5045847c394,0
7550ca64-a106-45fe-bdf0-fe9fd6fee0f3,0
75546620-db1b-488d-8ca9-332a5a521abb,0
75562970-9913-4372-800b-9e51b39d078f,0
7559921a-a521-473f-9dcd-807d113817d8,0
755d4b43-7a10-4609-b7b1-1be76c8829e0,0
756416ce-3049-4be9-ae77-ae7b064d12ab,1
7564726c-f3eb-4750-9c90-a5626011df23,0
756481a2-d6c3-4550-b22e-056748bb2bf2,0
75667d95-cbd7-4b34-95e6-aa63c68eeeb4,0
756772ae-bd14-475d-b2f4-8126b5568cca,0
7569f365-8c8e-41cf-9901-70b2969a5e0a,0
756c9620-2e1e-414d-81dc-326b516e01e8,0
756f4a8d-5e4c-4f52-b2de-2d0ff4ef4c49,0
75736d74-f452-49d0-b018-58d584770822,0
7575ca49-46b8-49c2-af60-7e729c580c81,0
757a6b94-688a-4725-95ec-19ae451f312e,0
757b1970-9ff6-4abb-9feb-1e85a2ab66c9,0
757c04a3-b308-4946-8189-4f162aa5e559,0
757cad82-223c-4511-b457-7a9a5d8c9252,0
75803ae6-e9e7-479a-a009-9981200c0a01,0
7581078d-1c85-4bf0-aec4-c411948a8f22,0
7581c25b-1d55-48dd-a187-493adaab7746,0
75876df5-a411-422c-a695-2bb4005b0a54,0
7587cf4e-4b48-44a2-bd56-fa287e9c2bd9,0
7587dd35-ca84-4e6c-8808-abbb795320ae,0
758b3056-76f4-43bb-947d-23be0a3391b3,0
758ca4ed-916e-4e34-8fe1-f55e42304697,0
758dc9fb-66b2-4afc-8ac1-b177bc2bda92,0
758ecb3c-c080-4f79-aee3-6cdf3caf4910,0
7591ea05-3123-44b7-9544-2a9dc18d9a99,0
75945981-8b42-47a2-9a2b-31c4b7aa8fb9,0
7594f1ef-ccd1-4612-a34e-9300b83caa77,0
7599d55a-ac44-4032-ba61-206e9db1dbf1,0
759c81c5-bd3e-4c6c-a7b4-3260e833b83e,1
759e4015-7024-41de-a407-85785e4e93ad,0
759edb7b-dd90-4552-8060-4138aba048b9,1
759f8591-ace0-4657-8dbc-881f916918a4,1
75a14576-f53b-4c59-9687-dcdbdc5650aa,0
75a47d93-f85e-4072-9fb1-3bdb04a24811,0
75a61a1f-8771-4981-bfe2-6de5020e4c13,0
75a643a7-dcaa-4bfa-9d81-4ec12fae692b,0
75aca467-b89c-4d53-84ff-7643429f2bd0,0
75b099da-f4db-4855-ad5f-87bd1061c17b,1
75bd083a-32c2-43f8-8580-6e53260d2f43,0
75c0d275-fedf-4ad1-815e-d33060687cb2,0
75c4531e-bd12-4a05-a9e4-ce1356305a4d,0
75ca3120-2b6c-4110-8f73-2ed9423a8288,0
75ce5f68-066a-4c37-8d6b-2312f7fa8738,0
75d7439c-fc44-4179-9d3f-35c61e557711,0
75d8ac45-fed5-4ea7-a046-3de020552eee,0
75d940ce-b56c-414c-a911-dfd7909f8172,0
75daad51-3a59-4bf6-8c46-8de42af10b7c,0
75dacbc0-b799-4d1e-b7e8-2be3afa10e41,0
75dc5528-e7e8-4c88-8c73-b6ce026a8244,0
75dd2b0c-2579-4824-a2bf-3ae3c4b6054c,0
75e20322-2c0a-4b85-811f-16f06313338d,0
75e3774a-f44a-4c82-9b4d-3e77f526b39a,0
75e9dc60-cb7c-4c2f-b432-e13a7755f7a1,1
75eaabfb-011c-460e-97e1-e5a8668d5be9,0
75eb4add-a4aa-435d-a3c7-6a66cfca4500,1
75ee6813-3765-4ef6-8c83-0cc424488802,1
75f0529c-fe3d-4b87-bf13-c24e568c229f,0
75f18e52-b8a5-4f44-9f51-2020aa919ee7,0
75f2ae45-f510-4600-a370-3db58f0936df,0
75f590cd-9942-440c-917c-213c5d6c18fc,0
75f7f9f9-9a34-4803-bbdb-3099fcb27dfe,0
75fc5278-6d1d-4938-872d-9a071f7f3b66,0
75ff42a9-73a2-4832-8b75-242eebb58977,0
75ff74de-f7d5-4417-9451-a66855a18399,0
7601aa30-2dcf-4114-82e2-9eb4e5c667fa,1
7603634e-1e2b-435f-9c9c-b8d69e803bc0,0
760a4333-5079-4f29-bb28-6b06992286db,0
760b9bdd-7732-4019-a153-50a6a640efd4,0
760d361c-deb8-4af1-b6e5-8a7306b09d45,1
760de1df-0eab-4d45-a5c6-db766a3a35e5,0
761134ec-4542-47db-a507-35ce9c41a1d9,0
7616545a-77df-496c-9e8c-74624ab2242b,0
76183ba7-804c-4487-8cf5-396a936e4ff4,0
7619cbd3-50e3-468e-928c-f22bec8e8f94,0
761c0006-8efd-41a7-a8bd-5b04dc3a32fb,0
7621bad9-beb3-406b-a7b2-8d8ef95c3b3e,0
7623644d-9cdc-4b96-92eb-8eafb6ecbca4,0
7623f98a-8788-4b42-80ae-e0ce09d3e7f0,0
76271790-1ffd-4f07-98c7-fe105b9766bc,0
762a2626-4589-4daf-a4b7-d234073a5426,0
762e13f8-b774-4ad0-a1dc-0fd53f8254c8,0
762ff2e8-15e4-4a80-a536-7ed147deaf52,0
76339db5-565f-40e2-ac9e-b5bbbc8326a8,0
763439a8-1a2b-4071-ada1-a911b6a7ae14,0
76345ad9-c8ca-41d5-a502-e8ccbd8f293d,0
76353c07-9376-409d-a03c-71cac83a4e47,1
7639ac71-4754-4e14-9532-dbe3b9062761,0
763b2576-9a08-4ff8-8e09-b803e65197c0,0
763b495b-98f7-4ae8-acb7-1d484a79bc26,0
763be119-97d5-4807-a1b1-6cfc011192bf,0
763c1558-1f1d-4f25-9c4b-00c8cc714f22,0
7644f642-ac87-4d00-befe-c1945f3b7a49,0
764526d8-5202-4ba0-8dd6-c17ae9c032ae,1
7646152a-2959-4832-a7a4-1ee6a7e828a7,0
7647e945-6f4a-4e3c-88b1-4f5de80685d1,1
7648b8ce-7c5e-41ce-8f51-980d8848d2d8,1
764a723a-2104-4b61-bf9b-a0b31eb978b3,0
764ab3a6-fbe5-4b76-bc67-5244642b5deb,0
764c718b-c268-4786-9507-25244a88297d,0
764e6450-a4fc-40aa-89d2-128ace118736,0
764e9715-185c-4080-a658-590aaa014992,0
765645f1-f222-4cc0-a80c-56a611571031,0
765b3ee3-8367-4718-8a8c-a6636e9c10a3,0
76604289-6aa2-47ab-910f-9de6119eed1e,1
7660eece-bec2-4fae-998d-13fb24d095ee,0
766794eb-8fca-42a0-854b-b1331a7ddf97,0
7671524e-eb47-45fb-81af-dea35495eb85,0
7672aeaa-d130-4483-96bf-b0eb7387ebe7,0
76757140-41bc-412f-be04-f7a6ff08b6eb,0
767a2171-67c2-47b5-8fbe-4a6d7047bb0d,0
767c1767-e8f6-403e-a366-84975c6f0287,0
767d6f6b-dc26-4581-8183-232bb4294189,0
767eb9b9-56da-4d51-9758-b8a52800ef83,0
7680cce5-0441-437d-bd5c-f4dae7094026,0
7682c205-06e3-4b15-a30c-e460af7b6b92,1
76834667-939b-492f-8378-960225d88b52,0
768c2172-6b40-4d92-a5d5-e7e180e70eb2,0
768caaa1-e99b-4b3a-9638-48fa0d9186fd,0
768cbb74-3f3b-4492-924b-2a8e0853cafa,0
768e1653-6236-4075-96e8-98e8a3f9b845,0
768ff14b-8c1d-4b9e-ba9a-08d968cab64a,0
769030b9-5240-4e7e-9cac-3727007ff1bb,0
76986e64-c0ab-40af-9ee4-64b6f673998a,0
76995a3d-939a-47a4-bbfb-229ec6bee28d,0
769963be-ae0b-48e9-8f1f-6e5a54d2fc10,0
769e80b4-6b64-4d33-befd-3755d5b2564c,1
769f095a-8a9f-4560-a887-08c98b62f2d4,0
76a5393f-0b0e-4301-bac1-e3cb9efbda38,1
76a749f1-dd7b-4fbd-8299-a51dfe7ac4e1,0
76a7da77-401f-4514-a982-7e051e8fc89c,0
76ac9b04-20a1-4fb3-b377-f49cb4537424,0
76af9d9a-351d-4966-813f-1a1c01dd0978,0
76ba425f-4d55-4631-abe8-f22df9e54e6d,0
76be3404-2302-415c-8c77-9531f4c9791e,0
76be9265-a53a-4c53-a2fd-7131f375a565,0
76c19692-863b-440e-a711-69cb5cc28539,0
76c3a463-95af-4011-9e3b-7942f9c7ad02,0
76c8e98f-8bc0-4020-a309-a4d15ad4236f,0
76c91353-ada3-43cc-b5d1-443a42bdbecf,0
76ca74c7-ee47-4b21-b721-7a1cba8a90fc,0
76cc3a22-5137-48c8-b94d-36c7a46f2767,0
76ceeefb-753d-4d4b-ae42-a27eb2a3a2f7,1
76cfcd08-413d-4c57-8647-71e97f827d83,0
76d0a6af-9cf1-4fdb-bef1-8bf79985f74d,0
76d1bb7a-81a1-4602-b7bb-025b91d40b1c,0
76d331d1-1810-4062-93f8-c351513c35da,0
76d4931b-9dee-4387-b9ef-f3d8c60e708f,0
76d89496-3784-4406-adc8-1c49b4a9b419,0
76dea704-db77-4c90-af34-0b19eede3fac,0
76df4851-4868-4a08-89e1-0b60fece31df,0
76e282e7-1e37-4c2a-8125-f2925cfce2f8,0
76e37ce7-0cdd-418f-947c-07cd34f97499,0
76edb01f-eee9-4487-a93e-49834a603576,0
76f38d01-693d-48a5-a4d8-75aa08277911,0
76f699da-1c59-4bda-9589-f739ea1bec93,0
76fa2000-115b-421e-a01b-829e68aa5d86,0
76fbd5c8-db9e-4bd2-a590-9b1de12f0040,0
76fc8862-acda-4c8f-8f8e-010b5fe3d719,0
76ff21f5-063c-45c4-8d53-409e45974a9e,0
76ff6be7-8efa-465b-b609-aecf3d14d126,0
7701c5bd-b28b-4992-a939-a4df8164c015,0
7703200b-95f4-422c-ab9d-9ff8a37bbb6c,1
7706afa0-f2d7-46f7-8e24-2c4880979c3c,0
770dd90a-1a03-4858-8d14-25d6b825a600,0
770f4e5c-5e65-4358-b03f-d431c5892574,0
770ffbac-61ce-4cd9-ad03-2f2117fd506b,0
77111f4b-788f-4168-bceb-24402dd9678b,0
7715987c-f26d-4ac7-af19-ed34b83d302c,0
771a160c-e2ed-444f-9298-0efb611545c5,0
771b3227-050f-48dd-8b6e-146810178338,0
771f6c7f-ee3f-4c90-b998-d1adc68968d7,0
77237171-2bac-4c9b-8c2a-9269ce1671d8,0
77269bb2-1ee9-4af0-a8c7-c7b044450d07,0
7731eb47-766d-4045-bdbc-12080d6c5f14,0
7733c757-221c-4b90-8ec0-47cbca5f03b7,0
773d2db7-6a6b-4efc-8cbf-6acd8dca6ba0,0
773f8428-2dfb-421e-8f68-0a0e5384642a,0
774650ee-9f0c-41c9-8467-825c61da7219,0
774d8c63-b4e5-4e2f-8ad8-87f69030ea5b,0
77530fd4-8b73-40c5-8667-70fc555777f5,1
77550183-d9da-42e4-8983-569017fbe4dc,1
775ad1f1-18fd-4d4e-9d91-de9be0127bfe,0
775f412d-6386-4936-a282-cebe36401bd3,1
77626e84-8d95-4a28-897e-a3ec64be7814,0
7768407e-f7b6-4d34-89d1-39847f20c521,0
777cb9f7-a271-4fd9-969f-3c2aa95b3998,0
777e19ff-0a15-4e19-b7aa-62d410d5586e,0
777f62f5-bf79-4df8-819b-19a9435090fd,0
778748f5-a036-4e9c-8379-48b0b2cc277d,0
7788ec42-b625-4149-b0f6-f7a9e791a221,0
7789a02f-5c7b-46d3-9abd-398b1c87780e,0
778c37ec-6172-42e4-87b6-289f6f25321b,0
778c8d50-dc51-4375-81d1-f2f3e051ee9f,0
778f0e88-34af-4025-bef9-201ecebf036b,0
7798a00f-0fd6-4da0-b988-741968e9722c,1
7799be35-cbf4-4815-92c7-b14edf0a1c5b,0
7799e0c5-54c7-40a9-af19-b2310d524bef,0
779e3f03-4d46-40b2-a1a3-e8a7eaae5b37,0
77a0b03d-98cf-4b2f-8e01-c762ba8866e6,0
77a73f97-22a2-4a34-b176-82913a1eadcd,0
77a9af88-c647-4008-96d0-7bfb4922c6c9,1
77ab29fb-dd11-474b-8fab-d87c4f8caf8a,1
77b3cd91-da8a-401d-85d2-cb9c8ed56e2a,0
77b4326a-429c-4756-854c-35bbbe364dea,0
77b58d70-c7d4-49e2-8df0-dd6d930e6b3a,1
77b621a4-d00f-4d86-bd96-226b0b53d350,0
77bd612a-4d96-4cf2-b714-1bffa4edeecc,0
77bd899d-6d94-47f8-9c6a-9131bf8847db,0
77bfd6cf-64d8-4d08-b190-3502aeffd6a6,0
77c10de9-9a53-4a50-b1e6-19f3fde01d2e,0
77c11665-8758-41d9-bfb9-6f0035841f69,0
77c1b058-ee4b-4646-a77a-7a9d14c801d5,0
77c36c25-e416-4482-81e8-8bbd49fafba8,0
77c74895-e545-44a8-aa65-ed5b934fc99b,0
77cb65a8-c2e5-4b8c-9abe-deee5b3ad37a,0
77ce61af-709d-4d24-b3de-ce49b4f6d03d,0
77d25d20-0363-42a2-8cdc-08e9450d95d4,0
77d3a7b6-0fd0-451f-8638-bb90a900f3ea,1
77db4279-29f4-4dad-9c6e-bef72d0e352c,0
77dc2a49-13d1-4dc2-b1ec-9c0efde3b7a5,0
77deef9f-9141-44f1-850c-9daffd4ff59c,0
77e1b7fd-2cf8-4899-b823-73479422bdf2,0
77e24c21-6f7d-4516-956b-1e8868d066f6,0
77e2a9b2-3b26-4fa4-a133-46adf0194d46,1
77e45037-8d06-407d-87ac-95ae781921a4,0
77e5d39c-330d-4c66-af02-a031c8dbf157,1
77ed23bb-0fd3-44bc-b803-09b96c7523e4,0
77f0ab96-3e8c-49a1-9836-b3232391d3c0,0
77f9be3a-4ede-4568-9f1a-918b8ac2a447,0
77fab401-f0e4-4f28-94c0-f0e1383e49c7,1
77fd41d1-2930-40ae-b3e8-072d00a53f7d,0
77ff27db-9da6-4151-85bb-fd8caca2a719,0
78011c9b-ecd5-4bf2-b5fd-4d0938b3ed7f,0
78027614-c555-46e0-8662-f38720cd34a9,0
78049e06-ac05-427b-a2d2-b81425ae3841,0
7804a560-4f1c-4e9c-96ed-a5dc2543fe6a,0
780834eb-c879-48f2-acae-1a02b1d609c2,1
7809792b-e47a-4baa-9f69-aa13a5d69470,0
780dff45-9b73-4520-90ed-fe33b2b05e91,0
780ee309-4efc-4d69-bc54-0241128d2c00,0
780f2194-ab86-4446-b2fe-9ebd3d0be089,0
7811f1cc-e73f-4e5d-b0e4-64ba6b8644d4,0
78123ded-17f1-4df6-8d3f-ca752a138092,0
781281c3-cb5f-4dee-a3e0-671f82b8373a,0
78141229-bb79-48d2-b874-ad5fa0c4a883,0
781727fc-d699-4464-b526-baa98bfac690,1
78177615-7bab-459a-8992-7e04bac59a4d,1
7818e4b8-8d0b-40d2-821d-2e9337d6b8ae,0
781da695-33e6-42c3-b91e-5cc4fd830327,0
78253400-acaf-4c93-bf09-e505dee65fea,0
78284ba0-885c-4e3d-bb20-4ab7c5e73ed6,0
782c8813-76d7-499d-956c-8f522728e330,0
782fe5f5-0eee-4ad8-bf9e-4949f7eef12e,0
78310ff8-4470-427e-ac40-d54b6679fecb,0
78320e1d-4595-4b1c-a5e6-1e81da0ee10b,0
783337e2-c9cf-48e4-abe0-35a96043539e,0
783450da-6186-48cf-9240-f3ef56612d1c,0
783657cd-d267-40f6-a62b-3130283c1c60,0
783fc5c6-4e0a-42c4-a7b8-5ea0be920582,0
784094fa-b6bb-4f45-9a60-94ece65def8f,0
784241bc-7150-43c6-9d29-b694daf5850e,0
7842bf95-41fa-484d-bf67-74914e570e17,0
78491601-118f-4359-9946-457d75abcf95,0
7849d8ea-d018-45b3-9db5-45ee96c6298d,0
784b9c8d-3bb3-4511-b403-d51033ab4920,0
784bd843-51e0-4e51-affb-39339f2eb1b8,1
7852f190-e0b6-4da0-bfb9-3cd42641a539,0
78551af3-4835-4ac8-a927-84e7e4f0d8d8,0
78553906-1d29-40a6-b992-a1863f2ad7ca,0
78565fba-d6d4-46dc-88ca-ae32a84bbb5f,0
7857d1d5-3e06-40bd-ac56-16b08edd2819,1
7859363e-5b60-4839-bb9f-e93a4892ae02,0
785a49be-e823-42b2-a2c1-941f4cafbbe5,0
785e2ab2-6df0-4937-bba6-ebe03f7433bb,0
786352b6-946f-4172-bd09-b56a1d463393,0
7863621c-8641-4b46-b28e-600b05830f88,0
78684172-7885-4ae0-9efb-8e55941f4ce1,0
78698aab-3537-4356-a781-e61da6133014,0
786a6ecd-badc-4144-932e-202822272fe6,0
786ad746-ff22-45a4-8651-33faa0fe65c8,0
786f00e3-353a-4f95-ab2c-c5ae3d775abb,0
78721a01-79de-4a91-9b3e-ca718f02502c,0
7873f45e-aa6d-4cb0-a97d-fcdc45f0bfac,0
7876800f-7a1b-4f90-8be5-d47b0eea8582,1
7879a2a5-3d6b-40d5-89a3-71691e045b88,0
787bb4f7-309b-4144-a8eb-588727a01070,0
787ccc21-fb30-4518-ba46-0503cc1fcc62,0
787f1d42-bd18-4068-b5c0-2b9b3d7e7642,1
787f9921-49ba-4992-a282-78e550ffe536,0
78817e8e-0bff-4e86-9859-d166065b14f3,0
7884cdb2-c1b1-4a6e-bbeb-67a5faef3b44,1
7887ac8f-482e-4bca-be5b-9fe0c35c5a3b,0
7888592f-bc9d-4e2c-9410-92cef6410c65,0
7889f7c9-3ef5-48f7-8348-c376611b64e6,0
788ac3ab-2c88-4d6c-b166-8e5dd7adc10b,0
788f16c0-4bb6-475b-8595-a7c501c2c52d,0
788f7847-ed57-4899-9aca-5ed948395e43,0
788f87df-9de4-4a48-a63b-1d334af8b88e,0
788fee40-4543-4472-b9fc-475a4aa84dd8,0
7893c3a1-fcb1-4bc8-9030-bccf828859ac,0
7893ded2-cb01-40cc-bb4b-ad68640d0e3e,0
7896bd4c-8583-47d0-87ab-51ccaee26015,0
7898530e-7f1c-4f5e-af0c-3de6587f6f10,0
78992a76-c000-4bed-a726-48a9b743822f,0
789ab727-ad68-4333-bb75-49a62fc8b77a,0
789bb38e-a454-45ef-b5b9-3d058ba3995f,0
789fa14d-089b-4f51-8994-0bb7a427e3b4,0
78a02f4e-e337-47c9-a69f-e8d59695300c,0
78a2ce1f-ffac-4f7d-b48c-7d8eed817520,0
78a4ef21-c57a-46c4-a381-700eafbd5421,0
78a7e704-9cff-4cec-8866-bf78ae8b534c,0
78b59039-4a1f-4312-9557-0b819d175413,1
78bae3cd-6801-41ff-8fc7-2bd2fe9e0e64,0
78bcd494-a0be-449d-a352-fa2940e4811c,0
78bd6089-cd5b-40e5-8a34-51d9b15b731f,0
78c1e5d9-e091-4dde-9f61-bea3a19a3b88,0
78c2c987-848f-45c1-b9a6-4565aa57bda1,0
78c38545-d8d3-4694-aabf-ed199e0a426e,0
78c479a6-00a3-4df8-9e52-ebf5c668f595,0
78c974a2-a879-4d76-877a-87e6aa19231f,0
78cbfbb4-4e49-4776-8bcb-9d9d24a31daa,0
78ccf293-4a83-41cc-9f42-685b54f28b06,0
78cde63b-2a33-4cf3-89b5-8f9cb95d3f2d,0
78ce7d92-d93a-4585-b84c-0f75374f4cfc,1
78d1007e-428f-4985-b364-bd5f549a4370,0
78d4fd1b-e527-40c1-9359-01e0cd1a339c,1
78d74484-4e0d-41c3-b277-e539cec3e4de,0
78dd1552-98ff-467d-bd4e-41308a8ba420,0
78df093f-3614-454f-bd32-370864b96c38,0
78e079d2-0e1a-4bd4-826a-0038fb6dcc66,0
78e47f57-7410-4175-8a14-48c68d32dcd5,0
78e7d274-68fb-452a-bf1b-40e127a8b73b,1
78ebd824-8ba8-440b-9e9b-6a4dda17cfff,0
78efc238-0a20-419d-a501-a695ea8a5e73,1
78efc28e-5cd9-49a9-a870-2c013648e1fb,1
78f0bc89-5851-4f32-bf96-cd7f75d5cbe9,0
78f0f33b-6438-44e9-bd57-d29fee09db45,0
78f116a1-43c5-4cad-8f21-b2b36be16e31,0
78f2d66a-8d0b-46b3-9801-90d75a4836bd,0
78f3ffe3-18b8-4248-af7c-675bfe1d6280,0
78f692b2-8f28-450a-b766-b4e8c9b0f8d1,0
78f8025d-e783-424e-bc09-b6bbfcf09f4d,0
78fa05d4-7456-4094-90cb-710469e91889,0
78fab761-4449-49a1-9cee-5286840cc5f7,0
78ffca60-a94b-485d-8555-7c8f81dd492e,0
79009d33-0f25-4de8-a532-a8c74cf73601,0
790217ae-5ba6-417a-8e2b-afe29fdd6c62,0
79063e28-49b9-4b40-bb71-a3030388769f,0
79152931-fd4c-404d-bd00-f28ea13e6ce5,0
791c9d19-a2c6-4972-b4cd-09d060062ca6,0
7921d827-5c35-4a3b-9cce-5eea10b569d0,0
7925d4a5-7084-4acd-bdba-2ab68b3d6920,0
7927eaee-c794-49fb-a156-77725b100dac,0
79283d94-613c-41b2-8d2b-87199e2c184b,0
79287d86-b646-4311-a6d7-02b1a254eaf9,1
792e9b85-dbd5-4eba-be22-d5b002bc9d90,1
79313cb4-97e9-4ddd-8c24-1d72c68ff288,1
79319692-89a8-4c79-9756-257e3475b7c3,0
7934ea86-ba4d-4c17-8c83-27ed5388092d,1
79387c43-9c70-4c42-80b1-e42aff3fd26a,0
7938b86c-4fde-42d5-ba7a-91eed1085ee3,0
7939621c-da2b-40c3-96ea-da63942df3f1,0
793b0b58-5bed-4be5-92be-6180605a94ce,0
79450860-f00d-42a3-a91f-35f1e63f8b7f,0
7946906e-681c-46b1-a4df-4c4dc018dc70,0
7946a612-3ab9-475a-97fd-447a14777db4,0
79473b03-e3b1-4cdb-87c0-597a9d334ddb,0
794ad605-b208-4732-af1a-67f33d3c5e2d,0
794c43cb-58ef-4d5b-a2fb-e69a2474f7cf,1
794c94bb-3433-4b4a-b69a-b67bb6d622ca,0
794e6714-2188-41c3-8e89-5c9508d9a011,0
7951b674-2e7c-4cd2-b608-2a2b7321be4f,0
795a8fd8-4d3b-4264-a69c-e39aac936157,0
795c583b-3790-4f99-b70b-8404616f3e3e,0
7960c9ff-de97-4565-9aaa-0f12ad7f8ef7,0
79653b58-19b5-4cef-b50b-cb8da27f90da,0
796807d5-5aa3-4649-8adb-cfdcc0ee8db5,0
7971982f-8f2e-443a-9ade-974369fdae03,0
79723a9e-2d28-44ad-bf8d-777e40774d11,1
79765608-43e0-48d9-9f48-af422d3d3d24,0
797770ea-5692-4f6c-a4f3-d861c404590b,0
79798897-3285-4b7c-8e0e-7eeac49f64e3,0
797e058f-c2b1-42ef-8e51-b8be4c57779b,0
797fa8c5-6abe-4888-b463-e1f16fdb8c99,1
79825d1c-0720-426c-8e6a-b59b01d27f54,0
79844069-3d4e-4157-8b5b-f7f87d9778e6,0
798dc839-7b80-41b1-b975-83e02f2cf8ab,0
79908533-6c50-4aa8-885f-545312311d98,0
79963847-63ea-4a96-bf6f-b582d9cf3dcd,0
799a57e0-4f77-4a22-ab54-61a20bac164b,1
799ea513-523b-4585-a6e1-b816d8222da1,0
79a9d67a-6813-4bb2-a7d3-e34efba53f19,0
79aaecf7-08c7-434e-bdbb-f02c66901d2c,0
79abfee2-023d-4706-894b-9f7f6672f31e,1
79afbdea-bb0f-4347-b272-7efa806ff414,0
79b02ef1-2091-4922-8f95-ff04de230644,0
79b0f12e-2407-4bc7-b1e7-3a71c8e4e2d4,0
79b17238-1baf-4cb0-b582-b55b6e3eaa30,0
79b2596d-5ee8-40fb-96ab-8f7713194c83,0
79b53fcb-7100-43d7-b620-95e378e80a96,0
79b66b2b-f8f2-4f23-a7d1-b921d0816b90,0
79b85403-1480-4f39-8391-468dde71a82c,0
79b8fbc8-2205-4361-b121-33cb4b8a555f,0
79bb1244-e54b-4666-9b27-8cc3c097b90f,0
79c0fdf9-413e-454b-9664-bfe56d812efa,0
79c2a51a-77f0-487e-8e5f-5b812183d249,0
79c57a35-75b6-4695-b63b-d29163a16410,0
79c6f0c5-8710-4177-8e53-566d36b03e60,0
79c97755-d2c0-46d8-8d6e-5a1fc9d37e1f,1
79ca69b4-a0ff-435f-bf2e-ae2226130bf7,0
79cd34c8-077b-4f45-8389-7f3559b865d0,0
79cf4b37-768b-44b0-8fec-3f29571ac501,1
79cf54b3-6beb-4cb5-8f62-1deae1a026ec,0
79d525f4-30fe-4689-9b13-cfced82a53e0,1
79dbd66e-086b-4066-884a-c0ef7b256258,1
79dec6f1-576f-4d0c-bc5d-02e73ff74404,0
79e2fa09-6f4c-45aa-b0b4-ba900c23ed7c,0
79e3af2a-8707-47f5-88af-84667f28da2f,0
79e63138-13bd-449a-85a1-fd54dbab3586,0
79ea0638-f66d-4310-8af9-9bc1f0cdf60f,0
79eb2590-a42f-48a4-a18d-35a656a7c6b6,0
79efd5b1-4d91-4790-a179-4362cb321ce4,0
79f3c4e0-84d5-43e4-8089-f753b1d3fae2,0
79f4eac9-078c-4363-95b7-e665448a25ff,0
79f7cdbc-e217-41db-a938-10300c5e9ac9,0
79f9a124-8c6d-4b28-a4c7-643d7fed72b1,0
79fa526f-a393-4e92-b07f-1466c511548c,0
79faebbe-b5f8-4eca-9875-aae5c2b7c588,0
79fbfdfd-f506-4702-810c-d27d02d7bbc2,1
7a01fe3d-690e-4448-ab9c-7ab9bffa4608,0
7a024eb1-e706-47ae-a5f0-b3659ed1a5d8,0
7a04295e-c3ff-481a-bc43-c071f0a37850,1
7a048064-00a9-46de-8ccd-ca374269674b,0
7a0565ba-46df-4a42-a1cc-3a288f31efe1,0
7a05ff17-c049-4187-b10a-ac47bdd24bfd,0
7a074b60-fba1-4c98-aec7-926706d97543,1
7a0a7080-18bc-4a41-981d-f9d7b9722cdf,0
7a0b3db4-596f-4bfa-9d8c-d2bd9542e914,0
7a0f0001-085d-4f52-9066-27ecabdb6c50,0
7a136e3d-63ea-4cca-be57-2d2c54873f99,1
7a169308-b5ed-4cb1-9be7-b0c6092184ad,0
7a19d1e4-0f21-4206-bb1a-ebc81affaacc,0
7a1c8afb-db72-410c-9ccd-1c1ea2877b1d,0
7a1e8141-57f2-47a4-83b5-19d329f75cfb,0
7a21cc1b-5f34-41af-b86d-f372520982e8,0
7a22c85b-b2c2-4ff9-9cf8-701d62d9cd42,0
7a24fc68-a9ed-4ccc-8708-4eb6d4a4c7b3,0
7a275741-ddbc-49d6-a7c5-f8c5656d4b1d,0
7a27b107-c545-4391-b407-14bdd96d1725,0
7a27f1dc-8b15-47d6-a92a-eaf9f4739a7e,0
7a280c4e-9c69-4ec8-982f-bdfec8c02d21,0
7a29970f-ba1e-4496-afaa-8b4ccf029216,0
7a29d40e-61fe-45bd-b4b5-87fd55b52d22,0
7a2bc6ad-2690-4535-aeb8-ad8fad23bc23,0
7a30230c-2c27-4493-a260-e99285a97569,0
7a36d27a-a73f-45b1-ab6a-34b4e66aa3cb,0
7a3e1321-876f-4d66-9b52-55727dc2ade7,0
7a44de56-9770-4ead-a8c5-9e9744b64fe9,0
7a4fbc99-6373-4c8f-b8be-63a3a446faf9,0
7a521763-a0c5-4b79-a57c-4144e967727c,1
7a5badd3-4cec-482f-8149-c984b40c1618,0
7a60ebef-da61-4ede-8c37-9263418fb588,0
7a6314f1-d24f-4d33-bd5f-a70c2e54f5cc,0
7a64b01f-7cf1-4cb2-aa9b-1f876da1167d,0
7a67e4e6-8171-4cfb-b42e-d248f116e2ab,0
7a69164c-b5f1-47aa-9cd5-0357d7ba31a1,1
7a6d3dfe-029b-4b66-a38f-3812145ff790,0
7a6e3c42-65cc-4f08-8958-2b2d60a49f2a,0
7a711bc2-6c7e-45c0-9339-e4d703943270,0
7a72e305-c720-40ae-a628-34f4cb4c5062,0
7a73c63b-4fc2-42ec-876c-65b08fa944f3,0
7a745f46-b7eb-41f5-b08a-59d28fd21c04,0
7a76fed6-e067-4490-82ea-d76aabb24fb6,0
7a7b3c72-4fdc-4fac-a417-787e76b6bdee,0
7a7cc9f4-ed56-40dd-b3d4-28642385bd42,0
7a7f3df9-02ef-4fb7-bce4-b57aa855efcd,0
7a82ed3c-32f7-40cc-bfe8-db9bd3bb057c,0
7a84113a-e4c1-42aa-9dcf-46845394a6e8,0
7a846063-df5c-4234-a30b-689c42102f07,0
7a8615de-bf40-46b7-b6f4-f6a06c66a7ce,0
7a902925-68a1-446d-953f-fcef2de05eb8,1
7a9036b6-8812-4503-a3a9-f1f877235d62,0
7a94b914-ff1d-409d-aad2-6b67c1f4fff5,0
7a95fc93-e6f2-4e5d-81f0-782ad6dbdc2b,0
7a96335f-e7fd-4373-ad37-64758a9e122d,0
7a99eef4-d6b0-4f6f-a528-6f266d021682,0
7a9cbbaf-2201-48d4-b475-c461e44f7517,0
7a9d29d5-69ba-49ac-ae36-a507063a939a,0
7a9def24-a91d-4faa-b657-4768a0b0187c,0
7a9e3887-0510-40f9-8b6f-8801188d36d5,0
7aa04cb4-21d0-461b-a8ec-1c940ed4ff7d,0
7aa19006-5dee-4f76-a0b2-42559f475370,0
7aa31495-e654-41a0-b398-19266ffeed45,0
7aa406c1-b1dc-4a9f-b7f3-3aa43a37ec3e,1
7aa70a56-0718-41fe-b4d7-da7c2123ec88,1
7aa7b069-7643-4635-b0ff-7e0ac8be5ea8,1
7aaeec2b-f0ad-4f0f-a5db-f2262866dcb3,0
7aaf688a-ed55-4cd7-9cab-9ee8bf81e483,0
7ab75bc9-894e-48e1-8982-ef2c6c4f8ef3,0
7ab82a23-bac7-43da-b871-4ce5a47001d4,0
7abe13a9-9746-49c6-ae42-ba731cebe1a4,1
7abec9f1-b520-4348-b9a4-a298ada310e8,0
7abf22e4-b269-4a47-833a-c5adcb9d86c9,0
7ac594b3-1271-40f7-a28c-b0dee8c2d1e2,0
7acc32c1-36c8-4320-bf43-01d239f21167,0
7acd4ecc-a6f1-4719-b113-7b14006d61e4,0
7ad09ded-69ec-4c57-b317-b59e377c371e,0
7ad1fbd8-fb6b-43ff-8c66-292eb4999fcf,0
7ad77b73-0285-45f5-8e59-1aa8288119f8,1
7ad8ff05-ed19-4cd0-a197-867309dda757,0
7ade1b16-ca12-4490-bc91-090d0c5447c9,0
7ae0d9c4-724c-49f8-894d-6fdc5fe2645e,0
7ae0f046-deaa-45e0-9459-b81249f13ea1,0
7ae2043e-8afd-4930-9ef4-e4f0a08a4767,0
7ae27a4a-bdc2-4243-b280-3377bf7adcb5,0
7ae55da2-d1a4-454b-8263-04a50f09d87c,1
7aea1c1c-0360-45be-91ef-1a9c8dd08f83,0
7aedcd4f-3249-4aa9-a689-34e1fe272c23,0
7af52c1f-fd11-4f3d-b0c7-0374855aa20e,0
7af5d391-b02a-4251-ac06-5cc23bff10be,1
7af77999-aff1-4f64-95e4-5b6f7cb216ce,0
7af822df-ad90-4911-b02d-0cd369d2c92d,0
7af9a602-eb56-4724-a63b-b982cb1f1fda,0
7af9ed69-03c6-42fd-8acf-7329e1ea49df,0
7afaced4-4fa0-4123-ada4-21c5d6344a50,0
7afe0acb-3cb1-4dd0-befd-273a49ee03ca,0
7aff5b84-4da6-402f-8268-eadcec504bd1,0
7b01943e-99de-4dd3-b536-7527f39fd1f8,0
7b089281-8057-4592-8572-988b66e6b66a,0
7b08a0cb-547c-4c43-9ea3-009614e67fa7,0
7b0c48d6-eb81-4b21-9b1f-64d5a48339c8,0
7b141afd-45aa-419a-82e1-ac92b710bc64,0
7b153f26-3931-4818-b78a-ac3e2883e903,0
7b1b081b-5c5e-429a-8d23-d0f13fc67cda,0
7b21a5c4-9b15-428d-833d-d7f68220ec89,0
7b22977f-45f2-4e54-ba72-057fe898afcb,1
7b236ff6-1058-4c8b-87f6-d91039360b8d,0
7b286784-c51f-4868-8c52-cae52c6ea72d,0
7b299fec-34d0-46bb-a850-7aac5a18dfa2,1
7b2a5a22-5172-444a-a561-c7d36137392d,0
7b2ba237-cb6a-4c0b-aca7-459607a39114,0
7b2c1ab5-7799-4d11-ab4a-99d00b82a19f,0
7b2e094c-a039-4b3d-be69-4badb310160f,0
7b30c664-1b48-4a47-9cac-23bfd7ccf040,0
7b32c789-619a-4763-aafb-aeef724efc09,1
7b3480f8-4dd6-4137-a0cf-1b7296b49bba,1
7b34b6e7-337f-49b0-93e2-7d76c7ee69f5,1
7b38a32c-8b9a-4298-8794-049b8a9cdaa2,0
7b394609-6294-4bb3-84c5-6fb76736b4a6,1
7b3b7765-b75f-4951-800b-bf61cccf01ea,0
7b3ca513-f4af-4730-98ed-d941d6cbe3ee,0
7b3eea6f-4bc0-49b8-9d7c-5998a89965c3,0
7b4d4b0c-82bc-4638-a4f5-0b575a588236,0
7b4f6888-7952-436e-a627-23d9a81402bc,0
7b4ffa0e-5364-4dcb-803d-4b3b8c5aa93e,0
7b53d2e1-4d33-493c-ad86-da2ff4584085,1
7b55aa28-6bcd-4315-8dbf-857fd3075de7,1
7b56311c-1308-4ca2-b40c-7ebadd3cb83b,0
7b588682-1c23-46eb-aaa7-d60da5675b0f,0
7b598dcc-93a3-4f43-aa52-02c398ffb397,0
7b5ff5b6-a981-4773-b4e4-84a77c471a6a,0
7b6086df-9325-4a04-b74b-9c15f7edc73a,0
7b60cf95-e063-433f-a51f-5c32a2f75a6d,0
7b632c67-63ed-4771-bd1c-06c77d3f6a8c,0
7b65a6a9-ed57-4d09-b977-5cf6876cedae,0
7b669d23-f8f0-4231-8f4b-800f5df70eb7,0
7b6931f9-8a00-4c52-b9c0-0f92772e54f6,0
7b6a9aaf-02b9-4bf7-88c6-f9881dd161e7,0
7b7028ee-79fc-4a82-af56-08d44e9a0141,0
7b70e2d9-7d2f-4182-b1a0-e009c03f8d8b,0
7b70f657-aba1-4d04-9f2c-a30e21282bbe,0
7b74f67b-d8b4-4ce8-aa46-96c2290bbd22,0
7b78037d-937c-4f36-b6d0-903959fd59f9,0
7b7a0f32-51ae-439f-ab99-7bd797a35838,0
7b7a8a18-d590-4130-804f-cda8c0623218,0
7b7cec23-4ea1-43bc-a76a-1f95436c7630,1
7b801111-5209-4eab-91d3-bdfc71f66d89,1
7b82b733-324f-4790-a606-498250112ab4,1
7b846e8a-2df9-4379-a6d2-67d90c4774ab,0
7b85a340-409a-4986-abe6-39efc057cf6a,0
7b888d93-765b-4207-92b1-091f24a41e4b,0
7b8bba10-82ae-4d46-8070-a3843fea3f4a,0
7b8e5b35-edba-48fa-919b-cdd4734008c4,0
7b90ee3f-8e77-43d9-a6c8-d85426d0a78b,0
7b916ff1-57ff-4dc8-9a57-e53bd9d21ae3,1
7b97e508-a978-4753-b3cc-68f5702b9b6b,0
7b99852b-e5c7-4b23-bf39-d6912b59e7f3,0
7b9a0548-5d61-4279-95ef-8349d27db0e7,1
7b9c7b15-12c2-457e-ae0c-45c2377096db,0
7b9cef73-0722-4f03-b19c-616d9243b6b7,0
7b9f9713-3795-4db8-bc82-62af051a267f,0
7ba15cf6-5594-470c-96c7-da0454b8c493,0
7ba1c324-a192-41e9-8034-8a46245ff1b6,0
7ba33a77-24c8-4632-b297-df8eca1ae78c,0
7bab2026-2def-4ecb-b8a2-d3bc2580b04d,0
7bac37bd-d300-4914-9e33-0275637d4e6e,0
7bad1137-4544-46fb-a6e3-2ae22fa06280,1
7bae86f1-5d51-487b-a35a-4623daf113ad,1
7bb057a6-229e-4c14-9bc2-c45a66a97b47,0
7bb54a92-8cb3-4029-bcbf-fc214063c26d,0
7bb63979-dad4-40f1-a2fc-62b92f82e74f,0
7bb9a3aa-318b-4a09-b07c-0ca2e9b875df,0
7bbee7f2-f041-4c70-b421-e325a3acf07d,0
7bbf9349-7a55-40b6-9600-47d6164c5d3a,0
7bbf9d2e-33c7-448c-93e0-49506f860efd,0
7bc08e38-1ff5-4c66-a8a6-1ca04f487a53,0
7bc88cb6-77d7-4496-9b77-e7868e560c6a,1
7bc8adac-1259-415a-8f53-f1c5347caf9e,0
7bc9ed67-ffdf-4ffc-82f3-ffd752663032,0
7bcba51e-7247-4a7e-8ee5-e478e4678266,0
7bcd793c-310e-49ab-b074-c3a913053f58,0
7bd0c4c1-77c8-46f1-86fc-6c491e7e42c9,0
7bd6f271-ca26-4a18-af31-01481bf8847b,0
7bd74f90-ee73-4edd-8b9d-7dcbd50c4f42,0
7bdc7b49-61b1-4aea-8de4-8a0b3b3fb06f,0
7be228d1-34d0-4434-8a16-5837c51144c3,0
7be3241b-1dd7-4bf0-991b-4628ea8bc719,0
7be393f3-c675-4ae6-b0ac-06bd98267ccf,0
7be60a9a-3fb6-4ae8-9527-b6b319d387f0,0
7be8be3c-9c6f-40f7-bcc8-8a770465ea07,0
7becd204-702f-4d4d-a63f-f88ae126ed01,0
7bf0bafd-7091-4179-9d9e-de7ae5e2882c,1
7bf3ecc4-d237-431b-83c0-83625c3b7a0a,0
7bf670ec-7d73-419a-83ca-971e38e14db1,0
7bfbd375-9444-476d-ad42-f1e51730017d,0
7c057093-4467-42ba-8d90-da8c9a3bebd1,0
7c057ec2-4f22-4e98-9d4a-6c9499229e50,0
7c06308c-f693-4ae2-8314-73074dbb843b,0
7c06390b-d773-4a4d-9ce6-8a42c43d71ba,0
7c0a075a-1565-4f9f-b21c-b0049fad4d6f,0
7c1046c6-660f-423e-8eae-8e2ea588394b,0
7c1138b0-8b34-4662-acde-6c2b7ed775ac,0
7c120591-ef8b-4dde-87a8-15f01d57e7af,0
7c12fe2b-3e8e-41ad-a12b-523defe2d8ae,0
7c152046-d0c3-46a9-94dd-ce89229d4e46,0
7c162c1a-283e-415b-9333-06c8dfd215f1,0
7c1bb13d-4653-4d67-94d7-88fe0e2a6813,0
7c2125c1-01b0-4c12-bd9b-2a089756f476,0
7c273c5d-7d10-4b8c-bf4b-8c1628f76acb,0
7c2879dc-0084-4df2-a054-fb36ba917894,0
7c290c9a-47f2-46a1-a10c-a4eff63f3615,0
7c2acf57-4d84-4d2e-9287-3f679d347d23,0
7c2c92f7-9fc8-4970-b616-6a0591d23a76,0
7c2de9f6-51e5-40cc-8cb3-170cd48ff122,0
7c2e84cd-7885-4168-ad55-b9363af1afe2,0
7c2eabd6-dfef-4ffa-b8da-c7516b0f2c01,0
7c2eb778-1c5a-4a57-8aab-c30900739669,0
7c3457b7-e4bb-49c6-b4d8-e37f45211fa8,0
7c3bc8d4-0945-403e-9c5b-bac660bb0e22,0
7c407099-a68e-462c-b7ae-26171ef68ada,0
7c40c5ad-b305-48e7-a076-15f78fa016a3,0
7c4208d4-28c6-4f67-b784-fea5670bccbe,0
7c451264-079e-4218-b677-89ed82274cd3,0
7c49e806-4705-46c6-b1dd-6334d4d8ec45,0
7c4b56c4-22ac-4af2-9e4e-f668efa763bb,0
7c4c2622-6f67-48aa-ab4c-34c91a93a1d8,0
7c4d5b6f-b3f8-4e93-b933-103e6833ef99,0
7c5006a9-70e6-43ab-9223-305b7ac99b53,1
7c515024-fcce-4b93-85c6-556537f2664a,1
7c5152fd-e3dc-46dd-b8fd-f550b6092d2d,0
7c53c33a-c6b8-442c-8a44-9fd842a5b627,0
7c5762e7-8212-4211-b31e-5707bd694f50,0
7c57dd5b-32c0-405b-8e10-8f94eb4e25e4,0
7c5ca72e-2e15-4707-a9d7-fb2977f88e3e,1
7c5eba77-0179-48b3-a0a0-13e21dc7f996,0
7c63ab6d-96cf-4d8a-bf62-cd8c4791f65d,1
7c669491-2907-4a91-b1f2-59c93daf40dc,0
7c66f10c-7a04-42fb-90ee-e49e0a1a2a58,0
7c69963a-1cdc-4b3d-9032-1077a3563128,1
7c6cf288-cfb5-42f1-8cb0-2e8a2d9ad934,0
7c7270d9-d720-481f-bf2a-b0431b602cd1,0
7c730483-2dab-474c-8e54-022efa762add,0
7c7db0b0-e033-4c7e-b0cd-0308d62901a5,0
7c7f85a3-4c96-4c82-a6c1-2792a6b494b6,0
7c814e8e-09e6-44c4-ab90-3594c4d0a54d,0
7c84da1e-fae9-4083-9c01-b518990692a5,0
7c8528f0-f6d6-4c88-b496-05ef94d79b8b,0
7c8603e1-17ce-44e1-88a8-6df019680d3f,0
7c861bc7-b123-4e18-8b3d-d6a8276d4628,0
7c874ae5-3e95-417c-9d28-628208124e7a,0
7c8b45ea-f077-4c12-ad9d-fae3c33160ac,0
7c8b6939-b490-41db-8b20-7754e0bd5e9f,0
7c8bc462-ba17-4a4d-ad96-66dd4d903d48,0
7c8c1d4c-a8d4-46cd-8002-f8c52104e12f,1
7c8d3c66-d0a2-49d1-8b2d-763cb3725713,0
7c8d5558-6bf2-45f8-ba2c-411930ccf04f,0
7c8dcfb7-68f9-454f-989f-155763d1a61d,0
7c901018-ef68-49b2-a48c-51578955bc67,0
7c905bf7-00b6-45d7-a3ba-45453d45ae4b,1
7c90edf5-105c-4a44-b4c9-75c959cafe7b,0
7c986b9a-7553-43fb-b17b-6458c7417580,0
7c9c99d3-380d-49a0-8f92-c28766847408,1
7c9f8931-e215-490a-928e-9f40abb16104,0
7ca0bf6f-2be4-4d3c-94a2-45e9095fc793,0
7ca3bb70-944a-489b-b74e-10fae60bff0e,0
7ca4cb2e-44bb-4429-85dc-5a587d9578e5,0
7ca57fd9-782e-4a1f-9823-0565be444c62,0
7ca5f858-1da7-4a36-9a5c-4cb1dade58ab,0
7caa5719-c2e5-4822-84de-61da526a9478,0
7cb37d1e-a5c7-40a0-931f-8106c1f2388a,0
7cb415ae-6691-405d-9dc1-5b8e1ab840e8,0
7cb5e224-f85a-435e-8380-996d03bc2da3,0
7cb6cb58-88e1-4f74-9d97-1a94f550b2cb,0
7cb73ec1-3036-4a52-92b6-441245e4fecc,0
7cb9bcce-6685-46bb-8bed-a396ed4db167,0
7cbaacae-b2b7-4e4a-91a3-7c5027ebae90,0
7cbbac11-4b98-4346-b6df-b7e75f8d8468,0
7cbc0b8b-4351-41c3-904d-f8ccec47264b,0
7cbd3f85-77c6-4c66-9178-c8c842566fce,0
7cc1e592-6824-4e48-a325-a6c6760df5a2,1
7cc32c0b-55dc-4e92-8a1e-6a0643b7b0da,0
7cc4fa62-c28c-4658-9709-65f41612a070,1
7cc57a9d-4910-4401-917c-462e0929bbe1,0
7cc5bc87-38a5-416d-9417-72a46fda38bd,0
7cc67f7f-a746-4e73-88f6-dba4cce013fe,0
7cc7e0c9-83c6-4308-a139-074b4fa373bf,0
7cc962d2-7237-4afb-bca1-63e86f1056e8,1
7cd4f691-1e05-4302-bcee-78ccb6e90602,0
7cd6783f-f001-4207-91d5-07e86346066e,0
7cd8875a-f63a-43ae-8b00-26e2656e76ea,0
7ce2ee3a-b562-4b96-9f09-11f2da5a4b34,0
7ce9f551-600b-4407-97c4-a5fc9528aec4,0
7ce9fdc3-cd8e-4ba8-82d2-54efd36d630a,0
7ceb1447-dee1-4ac2-90e8-3b73f45dfaea,0
7cebee51-8571-48c8-81e0-d2018e18c4c3,0
7cee40ed-6303-496d-943a-7f9776af04a2,1
7cf95e08-e15b-4d10-9694-2b55567f8164,0
7cf97930-a817-47ec-9553-5409501963a6,0
7cfc7a0d-4444-447f-86b1-9bb557fd27b0,0
7cffaf7b-91d6-47ea-89e7-0935f24cfadb,0
7d0298ce-6380-4d97-9d8b-859bc2aed1be,1
7d02cceb-5446-474d-8ae0-8b2f5cedc474,1
7d0460c9-6325-40df-abe5-337fe12b5890,0
7d054059-1914-43ef-9572-a8cae725ef75,0
7d067baa-d2d7-40b7-a601-26d33cd865d8,0
7d06893d-7e90-4133-846d-1202807f49f8,0
7d0a639a-0ba7-4340-a2e2-295be558e23d,0
7d100016-e107-41e7-a0b4-351058e814d0,0
7d10268f-4246-4450-af9e-38cdc9316412,0
7d14a31f-3186-414b-a0b4-188e5a438460,1
7d1d9ea2-ce17-4fb6-9651-eef8b8c40f27,0
7d1eca09-2836-4c6b-b787-448607119ed1,0
7d234390-4c7d-4463-bb9f-8fe0261e2d16,1
7d2b42f9-c368-4637-a0b5-1cfbb5846bbe,0
7d303025-ca18-47a0-9260-febe9564d5cc,0
7d37aee1-9b01-478e-a04b-75f5a9845ee8,0
7d37edd9-b3ce-451a-9e42-172243aff4a4,0
7d3899f1-cd97-4597-bbed-a05775740949,0
7d3e8da6-9e54-4906-baa7-534ec52f81b8,0
7d407705-b9d6-4046-a477-872753f4ad37,0
7d4180ac-8563-428a-a3bd-401d13b62d7f,0
7d41d66b-702d-4a6b-8cdd-2dc63c403890,0
7d4619b5-9a89-4c8c-bf12-03a274407efa,0
7d5025c6-bd8f-4c59-bf40-1a44f9da6d66,1
7d541b07-952c-4f88-8895-33fef1b658a1,0
7d60dec5-5825-4048-8ad3-81752cc198e1,0
7d6143c0-769b-4698-aa0b-b77f9227382d,0
7d647a4a-a4c1-4b73-9446-0f8ce8956ce0,0
7d65768b-cde0-4795-90bd-a3a494c0e4b1,0
7d684a92-aa16-468e-a11f-dc4041e6b4f7,0
7d685fcf-1c41-4ea1-81ae-93ea42cd291d,0
7d6cfda7-3456-4aa0-ba8a-73e2ca154715,0
7d7233d7-4f39-4fa7-8ed2-7bcc81ef74d1,0
7d72b663-7077-43ec-b616-930eae462bd9,0
7d750f9a-ea8a-4616-9e3c-dfdc98b0e82d,0
7d794c15-ad3b-4f92-bafd-60e54bc168cc,0
7d7cfaaf-8c8b-41c9-80a9-e4693311548b,0
7d7e5c20-bdbb-4730-8493-eb32a705b81e,0
7d8060cc-d67e-425d-8578-c9e95f673d45,0
7d8170bc-4d76-4546-b621-ca7a30c7750c,0
7d881b73-ea77-467d-936f-1e145fb8167e,0
7d8f101d-ddd0-4847-87e6-61be940d8d6a,0
7d90ec18-d0e2-48ea-85f1-eeb62a7a808d,0
7d9356e1-bd03-4012-aa9e-22e6057dcf90,0
7d94b974-0577-4fe4-8dc4-6a6cd46c4737,0
7d99ae97-e4a5-4635-a0b8-bc9ba272b85d,1
7da0170d-d489-4bd1-a755-cf6026511e1f,0
7da6b85a-57b1-4fe2-8203-f04b67e085ac,0
7da98121-99a9-4d17-bd6e-90ffebe4b932,0
7da9e4f1-098e-4a03-b8e0-c722d7c19983,1
7dac1dd4-996c-4291-ba9e-d57be8b7476a,0
7dae05b1-3027-42d3-ab28-532c9b0bcbd7,0
7db01eca-e4a7-4ab0-8cac-8151475227b7,0
7db42c8e-4ea7-49dd-89a5-2a94dd69bf5d,1
7db5c9ec-6a64-446f-80f1-51eb94c2bc93,0
7db6ef3a-6ddb-4fa1-aebc-ed1efa2fe10e,0
7db90df9-c2ad-4766-9752-d75964565938,0
7dba1ec6-60ec-4b2b-b14d-7b32a9790d41,0
7dbbe08c-73d8-4bee-b11c-4147b1d1d832,0
7dbc558a-0a00-4f3e-be9e-cc9e0eaf99cc,0
7dc18baf-031a-4c84-bc5e-a21bb107879f,1
7dc19f5f-de84-452b-9574-d29ee9d12fb2,0
7dc62415-d1b5-4cb9-883b-a38ba1da1f9f,0
7dc76fca-4d7c-450c-82e6-2ee61ebf5ffe,0
7dc7e3a4-d9a8-49f9-90fc-8f273e75e024,0
7dca86ae-f8db-4087-b7f0-8e871fa6f7fd,0
7dcc191d-2b33-4ecf-828e-03e6c22d3017,0
7dd148c7-8f40-4c3f-b1a6-7ef86ac17ef6,0
7dd86321-7b6e-4b3e-bc5d-a16b7bdad425,0
7dd8e918-14c5-42b4-86d9-f6ee88d0536f,0
7ddd6452-8ee1-4048-b498-a01b87ea10f4,0
7de7ee72-c5f2-4d4e-9c64-05a01c1273d8,0
7de84110-4d70-45bb-ba48-5a1320e38d97,0
7decff4c-ee7b-4db1-abde-f5942a1cb5f1,0
7defddca-9691-4d3a-ae3f-4af7a5186912,0
7df2501d-0f24-4a29-8f34-9b3ef0750b40,1
7df2780b-d411-4453-bc1d-9a920356296b,0
7df59caa-a31c-415f-bc8e-ddb3979d38d9,0
7df9a376-935a-48d0-9bc6-a00542d808dd,1
7dfb41e2-dac1-4f34-b560-fb73c30fa724,1
7dfdeb73-b65a-4fe1-933a-288d40bd138a,0
7dfea03a-9654-415d-98dd-853fd8eea9ea,0
7e0270bb-b193-4aa4-8607-4e41354d7b24,0
7e10edde-6a32-4f8e-8925-95cbf108d470,0
7e14c140-c05c-4582-baae-231f9c319deb,0
7e1677bd-0e90-4f86-9e51-74455583db78,0
7e17d97d-83fe-4025-b178-4a24904d17e8,0
7e26ece4-8feb-4c24-8e69-09fe69542abc,0
7e274018-ed91-4775-8681-5e84bb2bb8ec,0
7e27d8ee-36a0-4b5a-a519-700563b50310,0
7e29256d-93e7-46e9-9036-4302541c1f54,0
7e2a6bf8-46ae-400c-8b9b-00eead200d6e,0
7e2d8e3c-0bff-44ae-9ff6-148649df7746,0
7e2f0785-8289-4ec0-b495-61d3c82468eb,0
7e357104-5c06-483d-9e8f-45756a7e3de3,0
7e35a109-69d5-4870-8e9d-587b8010ae19,0
7e3803cb-0785-4b77-b63f-ddf2bcd32d6d,0
7e3e5935-79e1-4a97-890f-a400012bb9d0,0
7e3ea53d-caf6-45e5-8cf2-915d0ca46943,0
7e3eb175-542c-46e0-89eb-1b8a7a723855,0
7e424a74-78b7-44b1-9859-74b55489a24d,0
7e4569d6-563a-41ac-ad6f-ae3cdf954a6a,0
7e48d3c5-c7b8-4b0a-b62e-8391fe50151f,0
7e48ef41-c0e6-41fd-9c3f-51c88547b2ce,0
7e492c59-9d57-419d-9939-f5621a7f541d,0
7e4c1b11-96b0-4b5c-bc6b-4f6419cd981c,0
7e4f2409-b63f-45b5-9750-e10a526441d0,0
7e4fc7b9-2ae3-42dd-9ba1-e62ac9fe7bbc,0
7e4fdc4e-73e2-4ef6-8a12-2c17c6e0d017,0
7e549da2-9a13-432d-972a-a5acdc260968,0
7e54a394-96a7-4c73-9abe-007ae60af1c1,0
7e5872e4-d3cb-4e1e-8c6e-70dbb9a0d6b5,0
7e58ac6a-1d74-4acd-8b67-970a6b119ade,1
7e5c4a39-b343-450c-b5a9-bc3ad2dcba3a,0
7e5cc773-60d4-4883-b72e-b458ea0c4233,0
7e5cc8dc-0cd1-45a7-afd1-2a936647c5bb,0
7e5f3697-beb1-4a24-8096-5b7b9dead82f,1
7e62dba6-4230-49e0-adce-71852a5733a2,1
7e63a5b4-e5a0-41cb-a640-fbb14c8a6a65,0
7e661fe9-f4f2-4022-8fcf-daffb44a676f,0
7e6a6b32-c749-41a3-8caf-a47a242ee3a6,0
7e6d37d6-fe9a-4d1f-b6f2-000a62fb5146,0
7e6d428c-0b3f-4e69-a1cb-10f01c41ef0e,0
7e723d64-bd16-4950-932b-3ea307f8cbbc,0
7e74a1b3-639f-4593-84a8-09f87f587212,0
7e789d52-258f-45e7-a6f6-188f89f428b2,0
7e7a1a0e-7eb3-4c8f-be9b-66d0e40cb9a8,0
7e7a9f38-8170-4b98-a295-a418e3fd307e,1
7e7be048-3510-4705-b35d-ff65b8810b1b,0
7e7c0ab9-ec8d-4350-b43c-55cb6a334d82,1
7e831910-0f12-4da2-8c8b-695fcf3abe71,0
7e839f23-b33f-4f21-9979-6cf648ebc61e,0
7e85c224-f352-47e6-9934-6481198eb99b,0
7e878032-75c4-4002-a4bc-992cc022b830,0
7e87d62e-5218-4952-9cbf-f618195314a4,0
7e8cb612-4ae9-4663-8dbf-9290a677c83e,0
7e8cd621-7f3d-4189-a502-3d2b4249ac8a,0
7e9161ff-c789-4e85-bbde-f4f4eb9d44d4,1
7e94c972-eedd-43ba-a6a7-12130e6575d6,0
7e9927fb-0201-4e0a-b50d-874b709e022b,0
7e99759e-1487-45d4-af3e-0981037a0fd7,0
7e9d9bee-dcfd-4424-b58a-2424eb68b958,0
7e9db713-91e1-42ef-b527-308f7ced4d81,0
7e9e7712-4059-44df-97bc-1ac4de23ccd0,0
7e9f8fb8-529a-48f7-876a-879a090da005,1
7ea6d3e0-2f8c-470a-b08d-d08cbec65b99,0
7ea81184-8f21-46c3-a64c-808dcd4351ba,1
7eae8ce3-7ae3-4882-beca-02bf47ec7a9c,0
7eb0404a-45ea-45f4-8708-d5d63bb433e5,0
7eb0f832-800d-4155-bd95-dbbee518c3a9,0
7eb34c16-f147-4096-9c4e-c1e0b0982292,0
7eb8d216-6c81-4a15-8011-f3751ee9a37f,1
7ec303fd-8600-46e0-9a7c-8bb77208d333,0
7ec49830-fd7f-4d79-a60a-dc067c05e0a4,0
7ec8437f-1b36-4ecb-8e3e-d2a84068366e,0
7eccea72-7c88-46f5-a682-11182fc602db,0
7ed04c24-fdda-4483-a522-552c5c5b2d09,0
7ed571c5-c91a-4127-a4da-7c93116be683,0
7ed91dc8-c326-448b-9574-b8dfa3742f18,1
7ed974ee-a04b-4b18-8207-3f709df59219,0
7edfd0ac-9be0-4002-9f69-e6add0fc7c78,0
7ee36247-bd79-4862-89cd-96e2bbeee3b3,0
7ee4e87e-9409-4eb3-86c6-6f739fc653e2,0
7ee6082d-cd80-4660-b928-5b219c2ce5b0,0
7ee63300-c827-4954-bf36-23e780f35b6b,0
7ee7a67d-50f7-463f-850a-a9279970ef18,0
7eeac6c8-e429-43fd-b174-b43424ba0c31,0
7eec09d7-f164-4af8-980b-36bb5cca519e,0
7eed1833-7181-48f4-813c-14c4d23faf45,0
7eed5448-23b7-47bc-ae90-967e4361685f,0
7eee6af4-584d-4f30-9413-ca3a8eb77c2b,0
7eef4399-26c7-44ff-a314-ebce1f622d3b,0
7ef10065-397b-4ffa-9d13-ef420d644294,0
7ef2655c-53b4-4644-b309-5b215ca7b821,0
7ef3e20f-62dd-4c05-9ba7-70feb80ee99a,0
7ef5dc1a-a531-4be4-8dc8-09f97a4b4f16,0
7efb1e7a-7861-4a0a-b994-a0befd4cdb22,0
7efbb3d3-2b12-4b51-a297-650108349df8,0
7efd9b80-4712-4a46-b0dd-25abfaa97335,0
7f00caa3-3c2a-44a1-a33e-3df45a3aa2de,0
7f00f7e2-c04d-49a5-bc82-7e753f1b6d4a,0
7f02567a-e2dc-4065-b241-df629a44cdd3,0
7f032bb4-3121-4b21-a5d4-d0ea84ef1390,0
7f07a253-2af1-4718-b6f9-42d0ab3d2f1f,0
7f08389b-7b2f-492e-b9aa-f237ae0d654b,0
7f08d8ae-b580-46c0-9f5f-207d5e610294,0
7f097a25-aa82-4fbe-95d4-6c1fdf1b9d61,0
7f0bae89-d263-425b-b6ff-566c85a93920,0
7f0c236b-b4f0-47ba-a4e9-133cb0f48482,0
7f1085da-d134-4896-adc1-5f1830a8aa7b,0
7f11ae76-fcdc-48ea-b128-e80e2c1355e9,0
7f137051-4f44-4ed2-8c96-8fd1e431dc3c,0
7f1797e5-cc9c-4d59-9cda-bab2779d3327,0
7f1ac97c-1b42-4e7f-9c56-9fa6876d3cfe,0
7f1b507a-3307-4cc8-a07f-bd80ddcbc9ab,0
7f1bdebe-c7e5-44b4-bcbd-e1e88d606ae9,0
7f225e8b-12e4-4698-9dbb-7bcccd231220,0
7f233564-0414-4776-a8db-11c32ad7d6cc,0
7f26c895-4c39-4eef-9257-922aac0d18c0,0
7f2de1eb-272b-4011-9df9-e1b721e72d71,0
7f2f1a32-64b7-44d7-bf86-04d98625cc07,0
7f329684-adb9-455d-ac9c-70288b157163,0
7f367398-8f76-4cdb-980f-39913203ddad,0
7f3bb333-1e45-4bfa-a66d-0a4a2560df91,0
7f3f3452-8854-4c2e-becf-39eb65f92bf8,0
7f4356ce-5afe-461d-ab18-5e9d28c63bdb,0
7f43cbe7-3560-4f6a-a1dc-98c0af04e911,0
7f468e25-5d97-4c34-add8-e9207b061033,0
7f46c483-20ea-449c-b9fd-48167a6b1d32,0
7f4ad341-0839-444d-9937-bcbe7a39a650,0
7f4be9e5-1de0-4281-b374-7f088ffa00a6,0
7f50516b-6d38-44a1-ba5a-3b14fc7e0500,1
7f513d35-50fa-4b6b-80ad-4ef06e0a63c2,0
7f5435a3-b7d0-4a67-951d-ff6e56f5e982,0
7f5684c2-fd71-4d2e-bcb1-191256ccd1bc,1
7f59ef5d-694b-4bd1-b42e-498807350ea9,0
7f5c84f7-c1cf-4e74-bf53-248c91740a81,0
7f5ddc8e-0b80-4780-8661-ed6d20182240,0
7f5df800-a2c0-4fdc-87a9-0028d0db0601,0
7f5ed90a-ab48-43bb-bfe7-608a5329a155,0
7f636107-4ef2-4fa8-bbcb-9c257c1049f6,0
7f63fc38-3222-4d10-a915-a6af725f2473,0
7f696314-a3c3-4683-ad2b-974deb94d913,0
7f6a0e82-8ce0-4de7-9f63-1134a0bae094,0
7f6bc811-0346-413b-a638-7655996eebe9,0
7f6d6c47-d6f3-45fa-bcd1-f590f2d20488,0
7f6f7035-b862-4c4b-b86b-3bcb842c231f,0
7f755a15-b9f3-4ed7-9aaa-f51d5fa8086d,0
7f75ad4a-95fa-414d-ac23-e0567faed590,0
7f790820-b8af-4197-9fe0-dd71997438b5,0
7f7db1da-8266-4ad8-bad5-4f8fca019b95,0
7f7e115a-e35e-4a63-a3f9-6a4df744d41e,0
7f7e9ad1-d46c-492d-a812-7b789f4e3b28,1
7f8049e9-ba84-4c28-a397-5b3b0bcf3fd8,0
7f80f4ec-f95f-47a8-98e6-27ac529614b4,0
7f81709e-5aad-49d0-943a-f5dee37cfd37,0
7f88e436-0c44-42d5-a29a-b0d9f825620f,0
7f89b7d1-d57d-4c7e-9403-35c39af62e43,1
7f8bd72e-735f-434e-99e6-7518a31c488f,0
7f9b2a5d-1963-4f90-9f6b-b50882402361,0
7f9e8a81-384c-430c-b8ca-af51ddae189c,0
7fa02d98-66c9-4e28-9fca-5880623f61d8,0
7fab87a9-e406-459c-8e1f-52b8934bb28a,0
7facaf32-9ff5-4a2d-b182-f52801c5f9a0,0
7fb12bfb-859f-47fd-aba4-5fe83465299d,0
7fb4da18-4d4c-47e4-935e-2231ef8c34e4,0
7fb5a948-e629-44fe-9007-e0d3f7bee0bb,1
7fb7cd39-4d01-4922-9004-ab5b295b7648,0
7fb968c4-a8a5-4224-a401-cd629d3b950a,0
7fbbb7fe-21a2-4774-a79e-759a6773d9d1,0
7fbbde32-30a4-466f-8007-6d51ad78adde,0
7fbc9c83-e1f3-4b30-bf61-f7ec3378d245,0
7fbd34cf-857e-4a97-a6f0-7850f8a34b82,0
7fc1e2ba-678b-4866-bdc6-4308339ad681,0
7fc7262d-1610-41ce-b207-d9273282f589,1
7fc9259b-f8e0-4a6c-bc11-f79c5ef462dd,0
7fcba7ec-f7da-405e-af72-d9d2622a1644,0
7fd49a0e-2c26-4451-b355-05e8a79a2ca9,0
7fd5feac-0a2e-4b2a-bacd-8ae7ba27cbec,0
7fd7b3cb-cd15-4230-8eb5-b7f2a337397d,0
7fd7f2b9-4c47-4705-9d43-806145e4f645,0
7fd981b1-ad51-4df1-9f85-5c8784d4289b,0
7fdaa958-290a-4360-ae09-cf25b0b283ee,0
7fdc51a9-db2c-4c4a-b159-603cee7bb82e,1
7fdcf80c-3fe8-4b15-bf32-2a06f82950f0,0
7fdd5601-3003-4d4c-8681-d6cdba8e1540,0
7fe2e877-2ad6-4e2e-875d-c9da6b725afe,0
7fe34cd4-e4fc-491f-91ff-9aaf4a8e202a,0
7fe51a70-8d8f-493e-b588-9ac7555dbbf6,0
7fe539cb-cd13-4a0b-b3b4-2567f915bd52,0
7fe5bfac-f15c-47f8-99d9-d5d17e9014d1,0
7fe77602-7e0c-478d-b63f-9bacdc321c69,0
7fe84dc4-71af-406e-81f7-80eea35ba8b1,0
7fe8adc0-8caa-4b66-b819-ee5408fbb0b3,0
7ff00de0-fb54-4885-9581-5f281d48cf87,0
7ff08c6b-98d6-4315-8725-d17d71804a15,0
7ff17985-68c7-4a4a-8870-d19fd4c4bba1,1
7ff6d2c5-1d87-47de-b07a-3d43b7d59730,0
7ff78ec7-9e62-463f-b6c3-8776749ca074,0
7ff842b6-7e23-4004-b194-a23a9cfb825c,1
7ff992f5-58e5-46af-b38d-e98a365c1f7d,0
7ffaea18-203b-4361-9439-666ed3a28a87,1
7ffb5d90-a6f7-452c-9da5-953e2d7ec11c,0
80050c60-bfb5-4709-a489-4d722154614c,0
80079bf9-98c1-4e23-b5d9-0e5f081181d5,0
8010942c-3b52-47a8-9540-5e9f390ca37d,0
8010b474-c7f8-45bb-94ef-45b314c2743d,0
8010d44a-62e8-4786-a01b-44b3a2fdbe16,0
8011c28f-8424-435d-a3cd-83644865042c,1
80120827-7ebf-45a7-a7f8-66945b3de17e,0
8016f56f-176d-46fa-a2a7-5ded96aaa21d,0
80173e96-4b79-4fd9-9291-29afd6303528,0
801c52e8-3eb7-47e5-91c6-521221c7138f,0
801eaab8-99f4-421d-8674-7577a1a31da4,0
8020657e-4a8e-4caa-b53e-29b8905011a3,0
80224c28-4d97-4e06-9f67-c839cb105edc,0
8022e9d0-1f72-42a9-b081-255665204a7d,0
80264412-b1c9-4e83-92d9-6ad837b9a901,0
802e3155-e851-4307-afca-ecba22c93413,0
8031138d-63ab-491d-bfb2-1fea31a74e52,1
8035e862-b296-4840-808d-e17af2f5961d,0
803616d2-fffe-45f3-8a4e-caccf4842677,0
8037cf8e-7fd3-4b1b-9fc5-1abf5b02d195,0
8039abf4-14fd-4914-8a96-d2c2f7bd6ee2,0
803ebc3f-964e-419f-a1e4-c64f423b3961,1
80405981-4a6c-40e6-94b6-a3fa0c6ff1f8,0
8042a4d5-214f-4430-842e-5c2cd0e72b47,0
80433bd6-25bc-441d-ad0b-c9e37700c70f,0
804a046b-21fe-4752-9329-44e39ca4fcf0,0
8051ce37-4bab-4f18-99bd-86110e543398,0
80529be7-528c-44fd-9f5f-32e180f36152,1
805352af-ab3b-482c-a6cc-d0dbf063e7be,0
80551195-80d5-44a8-bae7-0ac3d23e57e2,0
8058d7bd-12a2-43e4-8f28-3bc9c9e1e56b,0
80594fc8-2019-434f-ac14-5a1d29ac9c6d,0
8059503e-51cf-4c95-b600-6818696c4452,0
805c6cd2-38a6-4340-9362-09261dbad56e,0
805fd60f-02bf-4d6c-ab87-2e56b96a6b14,0
8061c62b-9046-4bf3-9973-a37ebd3b4036,0
80643192-8b93-485f-944b-db9f62110e97,0
806b7abc-4619-4952-a115-1fcd89a338fe,1
806eb6d8-3e43-42a6-b3a6-969b2ac0f136,1
80788723-3675-405a-8fb9-f37a896a7fe2,0
807a45a8-2f32-4299-99a7-8607c0c7566d,0
807c8a35-428b-445f-9cce-7b52f0d6a517,0
807d3684-e5e1-4865-b0df-fca3fa176f51,1
807d7216-c2d0-4944-9973-606c12ad8e23,0
807efe6f-200e-4b73-8b16-06f00d627731,0
8080facd-0a7d-46ad-a974-a2e18e5575e1,0
80813c95-13fb-4547-ab1d-e6a9ef2bd02c,0
808791c0-82b9-40f8-ad14-f953a26119aa,0
809365c8-f844-4c6b-9193-74e4e19af3ae,0
80939ec3-4023-48e1-b61f-1eb596b4d001,0
80959a28-fab7-47ee-b2d1-87a898c90d64,0
8099c0cb-adcc-4afc-8c48-3ca91de2ca11,0
80a15fdc-dc97-4cf0-91cc-44cfd5876c3b,0
80a3a735-a95a-4526-9cec-36245b034b92,0
80a41e6e-8789-41dc-a26e-703fad0d12a5,0
80a43e9b-20c3-4229-a1d9-cea7c1160ed9,0
80a7fdd8-af14-4768-877d-e406617d25c3,0
80b22432-c50c-4442-a170-a10e16395d82,0
80b25d9b-d186-481f-aa71-a562ab6a24a6,0
80b2f0bf-faa0-4d9b-9fc5-3298edeb4763,0
80b8844e-f10b-4709-8379-44de3e3b09f5,0
80b91a27-c129-47bd-be4a-0b312ffe411d,0
80b9d9cc-bd92-4512-b321-60628ce67d02,0
80ba1123-ca76-4dbb-bedc-618799c3b1d6,0
80be202e-fb0e-4f6d-b6cb-7e3465400428,0
80c4d05d-7bce-4929-9b02-c5d6fb0212be,0
80c4da65-d04a-44af-8519-3307381a0924,0
80c581c6-26e1-477f-8ceb-5027fabb78e4,0
80c963ba-e56c-4384-9562-821419b5810b,0
80d0e7e3-533c-4842-a9bf-94b43fb31e6a,0
80d0f09b-7a1f-4cb7-926b-bf3037d8b3dd,0
80d2b722-e67f-4bd9-b3dd-77c48fe1a14f,0
80d3cb96-b289-4cf8-9cca-e01b7f3ce75a,0
80d50a38-5d1e-41bc-aee0-6f298d75d710,1
80d6d747-785b-498a-9952-1bf2f8b82294,0
80d7b5ec-e50c-4b69-b4ef-289d41863946,1
80dc9b10-7abb-4541-b523-32ef2a595fb5,0
80dcd0df-343d-4468-9551-a38c025964ad,0
80dfda21-1f3e-459a-be8b-212c08546210,0
80e760f9-ae49-4253-b9cc-212fac24c13e,0
80e848c1-a656-492a-9da4-da268874de3b,0
80ec7c2d-e547-4666-ad2a-94f48479c862,0
80ed8e45-6d30-4638-b515-99e3db2f6c9a,0
80ef9d35-e40c-4bc6-9436-0e33137ce745,0
80f1c9ea-1a73-4218-b294-525ae5c9f9c5,0
80f35112-bb57-4a94-891b-9e937e3c6e34,0
80f4c139-946f-4449-9f4d-6b1b05cd2934,0
80f4edf3-cf77-4b0f-b982-7fdc9da7e9aa,0
80f52cff-9d37-4cd0-98db-3a0539470bb4,1
80f9c579-ec5b-48b3-afc7-6498147e1db5,0
80fb69df-46a4-4803-8a3d-a7e1f9429861,0
81026320-7766-4657-b4e0-a15f8db3b914,0
810667fe-5fd2-4213-8b3f-6cf02cd22f19,1
81074e83-1637-46b9-9042-2d3f60fead0d,0
81077c05-7658-43bc-947f-01254217600e,0
810c5b47-a035-4022-9765-d9cef19b808b,0
810f47e0-872e-430d-a7dc-0611897ebbd0,1
810ff519-854c-4c8e-b14d-4279a3b486d8,0
81139941-8899-464f-8cd0-d524014c44e7,0
8116cb9f-f8ab-4282-95ec-3bd5a70ed72a,0
8117f56c-c393-4b76-8f68-878d5f59f4a4,0
811a6f3a-3243-4b8c-b037-274ac7f24f69,0
811dd735-6216-4a88-8121-73e5e2e839ec,0
8127018e-577a-42c8-aea5-6d7ce518c1a2,0
812a3429-e78a-494f-b171-083ab450030a,1
812d4145-7b12-4604-9073-c634983138a4,0
812eeaf0-27e5-4d5f-a099-2e7d7b241570,0
812f3a0b-55de-4ca7-817f-d3236e644634,1
812f6ccf-7f8f-417c-8b17-aa8ac4206795,0
81312940-1d39-444b-b562-d3faec783370,0
813304ce-f07a-420a-8979-6937a398fb23,0
81371312-3a89-4533-bb16-2050a0c934de,0
813abec3-da66-4ed4-a59f-bd3913377345,0
8141cee0-a8f2-42d0-9b09-81a0bd21d259,0
81427647-965b-4197-aaf5-73eb282c6c1a,1
814a61da-e35d-4be8-9ab5-2fbb5363e5dd,0
8150a396-c296-447d-9bea-d9b1712f61e6,0
8152720b-4770-481b-87b2-60e7efc1d2ba,1
8153abf4-9762-45ea-a69a-a25b53a7c7a4,0
8154b817-e9d1-4abd-8375-9ac2b1b36313,0
815d3ed3-5678-4f4e-9223-dc9b866e56a8,0
815d6e7d-6e79-48e5-9cff-b4cfdfbf442c,1
815efa59-8c89-4f3b-b6f3-d6568c9476f6,0
8161beca-d54c-492d-8cc6-d7eb525adff4,0
8166d63b-ba31-4685-a0cb-81d51d0a0a46,1
81674624-b7c9-4dee-b1c0-0131f86cb53a,1
816826c4-27d0-433a-ae20-772371432366,0
8170fed0-5d34-489f-ae50-2d1733f186fb,0
81717b0a-d930-4729-b938-97c95091fe87,0
81785953-250d-4a20-ad84-3a1ca7360281,0
817a07ae-e0dc-4a98-b742-e4eabbced430,0
81808769-a016-411f-9468-bc996f79b7b5,0
818087db-89b7-4f03-8989-07688626c47f,0
8181834c-5999-4797-acee-377a8c35ad6b,0
81837b07-7993-4865-b008-d8d15fbda0cb,0
818bc5c4-d79a-4131-a4e4-7e2f918bf252,0
81923a16-f9e7-46c3-ab4c-9833e241bc07,0
819334fe-e373-436f-83b9-92ffa901fe77,0
81973ad7-271b-4b68-8b7f-7c87dc3dc2d7,0
81980b1e-4031-4efe-9e9d-0d14e2248b07,0
81984a0d-a8c8-4ce3-b6e4-ac9df878264e,1
8198ab2e-f220-4e56-bd0d-ce26d0456b3c,0
81a2367c-2b34-463b-b62e-32b7f7c44c33,1
81a3e42a-1d86-4502-910d-61c8d3dd0287,0
81a46911-2d2d-4389-950e-1a3822220316,0
81a4790e-a85c-4751-9715-e8ae891644e5,1
81a7d6ca-39c9-4e12-b793-13284194483b,0
81a86dfd-631d-4f46-86ba-08c0c0f98445,0
81aad21f-124e-4051-be26-3f3e1d5bc380,0
81ab062a-d65c-480f-9caa-b2489858102a,1
81ac0498-ba05-4bb3-bf0b-6cfb8dbeb542,0
81b241ac-14e2-498d-a87e-0e4e66873b82,0
81b5de35-ebcc-4274-9613-88eded9b1d2e,0
81b7c241-2653-462e-9eef-dad1e633d7a3,0
81b824f3-f94f-44e7-8583-d891800eed78,0
81ba2899-ba31-4c8a-9926-3d689329e936,0
81be6a25-52d5-45fa-96e8-70b1085f5962,1
81c3b766-abae-4825-a088-426b0b260a17,0
81c9ca81-2b9c-4b2d-8078-4e663ee16397,0
81c9cd99-89eb-4d1f-b438-ef45f292916c,0
81c9d59c-195f-4411-a4fe-91d6d5e75567,0
81ca2aa0-0135-4563-b7d1-107b2bd15a4c,0
81ca8732-9b1e-44d1-a3ce-a5922e2db227,0
81cab173-bb70-49e7-a4fe-d2d195a0c58e,1
81cde842-0f92-458e-b838-571d63141e86,0
81d2127c-1390-45ab-be9c-d3edb88c4f4b,0
81d29325-753a-4178-aa56-221114a6a0ed,0
81d3f981-a9d2-4039-bd20-4a9057e1490e,0
81d5f8ca-0477-4445-b4a6-86542797ad44,0
81d67fad-c117-44e7-a5da-01421ac0e0e5,0
81d6c69b-5cd6-4dd1-9796-56494e51d1b2,0
81d72a4d-ea23-4cb3-85a8-989b0613b2ce,0
81d83f82-c561-4e74-9e2f-1911db1d6388,0
81dab9ed-bacb-4a7c-8077-6d79d3a41a5b,0
81e28dae-699b-4b2e-bb5a-dec86f90535f,0
81e399ab-38c5-43bd-ab52-41531f13b6d8,0
81e4cd99-1105-4684-96eb-09d2e6cba70b,0
81e60e65-dbc8-4c37-90f4-35aabf053663,0
81e6ce10-6af9-4a9f-9302-4704183e0fdb,1
81e92713-a076-4a9f-a6cf-4dcd57eb0e98,1
81e96632-e83f-42f5-98ce-a45f100af174,0
81ed51da-1d99-4d41-a951-908fd4ea948b,0
81efcec9-a57c-4837-aa99-474577ec4c98,0
81f11f9e-6e2e-4668-8b9d-b2bae27f1e21,0
81f14d71-bbde-4419-b7cd-49c457d27233,0
81f19683-a356-4b85-bf23-1f5081e7f393,0
81f1a728-fe55-4000-be7b-b8e7b729a565,1
81f2efc8-0272-4e20-a607-a3b55404e1cd,0
81f386da-3719-4f98-ae97-77fc55484270,0
81f8b7e3-fc78-4b85-87ac-7e3a37cd3697,0
82033cc7-0bf3-4c71-aeda-55dc9f1476b9,0
82083f0c-cc3a-466b-98b4-d5cee84e8405,0
820bcd30-a35e-4575-bfd8-3388127d3cde,0
820e81ee-03e0-462d-b7cf-243f5fa3e67f,0
821ba084-d44d-4934-aa16-b820ca0d6c3c,0
8220a214-0a39-49e5-8a1e-16b596e789b2,0
82263abe-e07f-44f7-adc6-18291b04032d,1
8227d242-e7df-4ab8-ad72-e3aaabb7cb5a,0
82280358-caf4-4173-b27a-3e4802cac0b6,0
822eac4b-8b20-4661-b28f-369687dc61f6,0
82333794-0115-410e-ad97-d64d71f961e5,0
8233fa3f-427c-492d-951b-d85a740bddda,0
8235e36e-1abe-461b-a6a9-bc8289aa5af4,0
82371150-ff79-4f7a-b59a-fda7dde07f24,0
8238b3e0-aea0-412c-a778-60a7af9de7cf,0
82420c51-b5a9-4b19-ba41-1b29da8610cc,1
824399cd-3d5d-4ffa-bc89-3807a5f57b8d,0
8246b11b-c7d4-4d66-9e5a-5eea7be1a949,0
82478001-3725-4709-8d8f-e1d895586fa3,0
82512dc3-5dc0-4cc9-8310-83965db11ee1,1
82540297-ad3b-44a1-a156-fd162b797291,1
82552d6b-9cb1-4c49-8b5e-091b4d145672,0
8256877f-99f5-478f-8d70-d0e39c65bcfa,0
8258462c-1ec8-4965-8f2a-22a0377a3eb1,0
825b2c64-3d91-4b90-84bc-301f91df6a5a,0
825dd793-90da-46d0-ace7-54124c7a0b84,0
825e059c-37c0-4d5a-a8b1-87a9f88a14b7,0
826341be-44d7-43f7-a493-36ca3eabc1b7,0
826557ca-09c8-41f0-a553-04725fbfc5ed,0
8269d0cd-461b-49c6-a7c0-01e7e8ddf4d4,0
826b96d0-39d2-4022-859a-4872f081d77c,0
826d869e-d406-44c2-8dc2-cb4ea5214ebe,0
826eeb3e-8ee1-4fd0-b3b0-c97fc8a1d7a2,0
826fa9a8-2d9b-41f3-a1d4-506888d10cdf,0
82703e8d-16eb-47da-8551-5aa332d80f29,0
82763a8a-a066-423b-bd25-dd3936a0c787,0
8278d251-5fa3-42a8-892b-8b0a768f3609,0
827b1b74-23e6-4869-b03e-80343cbf7e2e,1
827b5811-ff14-4531-9a68-cac9b86778e4,0
827f9a34-7723-4dee-b84e-12f768933c20,0
828050c1-0c16-4df8-bf48-d976ab2ba91c,0
82857432-dc6b-4f67-a2b0-2d4a93cc274a,0
828a9f2c-3299-4ede-b08c-648ec3bc82d4,0
828ec912-fcc3-46fd-8604-f53e96c95ce3,0
828ff427-353c-4b81-983e-46ebceec0a6d,0
82900d70-6ad2-4f9e-aba9-59f3b7643c19,0
82901102-f8cf-4e14-ab4e-358b95441dd2,0
829039dc-e591-4b2e-946a-0f1e7a92c2ac,0
8292399a-6d78-43ca-9b3e-baa2fad3d88b,1
829466b6-bb5e-4fe6-a1f7-1b15cefd65eb,0
82951583-fd22-49b6-b7d0-bb3ee930a8de,1
8295871e-9f67-4214-990c-97a8bd106d87,0
8297bb43-fd13-4416-891e-c8b3686c2cc6,0
829b1548-b9dd-4799-a7b0-413124a7491a,0
82a02e38-47bd-4094-9552-2e988912bdb3,0
82a22ff1-102d-48d0-a72c-999e952c5ddb,0
82a284db-fcf2-44c9-b1ef-29a3adb83db2,0
82a3d1df-1981-4d26-8317-575fa8ea4cc0,0
82a5d145-9c2b-471d-ae33-1fa3d8855e73,0
82a9fbdf-6138-46bc-9613-40098cbeb09f,0
82ab65b8-f1b1-44f3-8b36-1658f62538f6,0
82aca91c-874a-4efd-aa41-9e5a133fc856,0
82ad581e-b54e-4fc3-b953-139cf0c00ac2,0
82af4e65-1f8b-4323-8445-71c0af3f9816,0
82b095c0-09c7-4c5c-b08c-20d210df148d,0
82b163e4-8827-42f4-97f1-be09816d4968,0
82b22ba2-10cc-49b6-a8e0-aeb175b305fc,0
82b34fa2-e363-4094-93fc-48655de6ca3e,0
82b35f5d-697d-4b5f-8f87-60d78017960f,0
82b4654c-9023-42e8-af3f-91c6f849c884,1
82b6bd1a-e4ea-4fed-84c0-d779b1881770,0
82b96b48-5216-4a7a-a158-4611c0698eca,0
82bffe57-dcdd-4265-afd3-60f04fe60ca0,0
82c2d9b7-6967-4727-a676-58258272c156,0
82c31da3-48ce-4a76-81d7-732d4e2d193e,1
82c75cc3-be3e-4075-9ca3-86530f6d2b5c,0
82c997a7-0e2a-421b-b512-8b088ebd68c2,0
82cce69b-a792-4b9c-ba57-7a8529db5f83,0
82d4e1fb-2753-4e29-a4fb-bba37dd59fbd,0
82d5eba0-9ce5-48f2-b407-588bd599fb41,1
82d6626d-5ae0-41d2-9be3-e500d606f9cc,1
82e73832-eca4-4553-baa6-7bbbae813a0f,0
82e7e942-90a1-446d-b528-ed8e48e30299,0
82e9dc35-5ebc-41d0-8f57-c039879f5e36,0
82ea1ecb-c412-4708-a64c-55920eb08b37,0
82ea905f-cfee-4158-94ac-15dc17969c09,0
82ed26a4-be2e-46dc-a1f4-c9de9c1e58e4,0
82edeef4-156e-4e7b-8549-abc7835fed10,0
82ee1a16-8fb2-4460-98cc-fa31d31edd8b,1
82ee4535-db92-4357-83ea-b5bad4259409,0
82eef8ca-e0ea-43b9-9204-3de94a3b101c,0
82f4439c-4c1f-4142-a794-157e82e338a5,0
82f49d9c-df2e-4ba8-ab4c-2d3238c06236,0
82f9382a-180e-4f31-95cf-7de1e54b3576,0
82fb2309-b252-442d-bd15-e7b06c0060bd,0
82fd1b05-49cc-4385-b817-6339e76d6028,1
82fdc84a-dd7a-4068-8fcb-2480dc27812f,0
82fe61de-9a22-48cf-b30d-fd916db2da84,0
83018d28-1515-4eff-9cbb-a76045222106,0
8301f05e-3c9e-4fb1-953c-5377a2f6a832,0
83037a5e-5046-4ba5-bb22-074b8f7737e2,0
83078b88-5a1b-41a5-8ee3-80d8c4b77649,0
830c1cc2-6955-4a18-a120-524d3d8a1a60,0
830d0a76-12b0-4718-b419-22563a72e2ec,1
831046f0-f2b2-4c3f-95cf-8f7d696fb29e,0
83128b62-af86-4133-a046-2aec624cc498,0
831451c8-98c3-4c85-be53-4e2073f6758a,0
83149fb3-2651-4dc4-bd74-413e662151a6,0
831639a8-5dce-4c1f-ae82-5546b9af2deb,0
831bfbec-5557-4d30-8873-ffa95e9d726a,0
831d180a-6324-4703-8584-36a83a13c092,0
83206c09-52ae-4a21-88bc-aa0e69fa9400,0
83232a20-9fd0-4c45-881d-74c0e0d21608,0
8326f4df-c8c2-4e7a-8f45-cc6dcd8bd74e,1
832727e7-541b-4379-9ff1-898bc3af2e9a,0
832ad5b4-cd37-44b1-8fdc-2b5ce7e2b61a,0
832b0546-38a0-42e5-9878-a5025a90ea22,1
832e04cf-88d0-4ff5-9884-11356a542657,0
8337ea2f-bfd3-4841-b84c-39f9f785b9fd,0
83382f39-fe09-49c5-b6c9-65799aaf6dac,0
833a85e5-ea08-4042-9de8-5e474d661e15,1
833c2bd2-444c-4e09-b3ab-303452b4761d,0
833d6eec-0252-4223-90c5-648c937ed913,0
8341afe7-8fa2-4a9e-864e-daa30d2f8a55,0
8342f564-b090-4120-a406-54ad1dcbd4b5,0
8343ed51-5437-4b41-90cf-3f34fb6f09c6,1
8344e4dd-1134-4fd1-b1a7-407c541b7e8e,0
834c0016-89f1-4716-8ea2-df4083b42949,0
834c8353-d964-4d64-8161-043609d0831b,0
834de8ff-0adc-4e14-bcec-3ac4405da48f,0
834f019e-a1fb-4d8b-8dc3-40c0190582c8,0
8355dd38-2b1e-4938-ac8d-34aa5f323498,0
8355ef1f-962f-4358-a087-53dcb66ffd83,0
835694ff-6da9-42cc-bc7c-ab1dca3f488e,0
8356a276-8161-432c-ba06-7b5dd41ea601,0
83598f18-7154-465d-8f2c-9d5932b1144f,0
835d35d4-8823-47d1-926c-adeb9d27b86f,0
835feb07-1df1-4894-abc8-6f7f176b8417,0
83622aa5-50aa-4e75-be87-40448f2c040d,0
8362cb42-1e85-4ce5-87a1-8307e1fc1c10,0
83632ca2-e1b4-46db-981f-3787a76c5c36,0
8365aa4f-603a-46ed-ae0b-b88beacb4b4a,0
8369fe0d-9be2-46c4-839f-a96227df576c,0
836a5660-543a-4283-80c1-fbba9de841a4,0
836eef45-f60e-45b3-a959-7828c1f15d23,0
83771f55-4f93-475c-8b7e-ba382fe93241,0
83789297-39b9-499d-b4c1-851cbdf78e3f,1
83805332-28c7-402d-b7ff-0924b4cfa138,0
8383e3c9-2dc3-4a74-acbf-8b0feebe2813,0
8388adcf-ca1b-4599-855b-ef347c207e0f,0
83895b04-79fa-46d1-986c-a65213962eb2,0
838caa6c-6a9e-4605-b171-f12b0d67f71e,0
838cf1af-8695-490d-8e40-b58e2c1e05f5,1
838d5b11-6ab9-4826-9280-a8b134b55138,0
838e5b84-069e-4d16-8c76-6a57d267b540,0
839057cb-b3f6-495a-b3ce-e9b43f342e2a,0
83958310-fdb2-4a3e-920d-cb4b236ea379,1
8398c2b0-4201-426e-bd17-baadb95b89c1,1
839aa4f7-b878-439f-9f62-bf696d04da72,1
839c2163-07f9-4e44-a4df-841ab5042708,0
83a1e74e-3549-4f65-b1cc-bfd7fc44c2a2,1
83a26383-1578-49b7-b56e-03dce45a3af8,0
83a38e0e-7bb3-4202-9ba4-54f8b964c3ed,0
83a99b35-16c9-42b2-8ca0-264aad627849,0
83a9cb8d-1389-4747-aa57-bb32a2a2481e,0
83aa47c6-a286-474f-b999-443e9fea788c,0
83aa6faf-57d7-4506-be51-520e78c6d13b,0
83acaed7-670f-464e-9c97-a1f7270038e7,0
83acfb3a-642e-4ac7-a991-89f178a1f314,0
83b215bc-087b-4eac-9d68-3c02fd87b692,0
83b6f95a-3f04-4832-af0c-3de7427cf691,0
83b77883-1451-4377-b140-8a4671326583,0
83b7f238-4197-47b5-b8db-58fb0687b4e0,0
83b9831e-c491-4dac-b5a0-af0b75846e28,0
83b9f10f-279b-4c61-8b90-9808d9c64e08,0
83ba22ed-4297-41d3-8f1e-2ddf85b7434e,0
83ba7cff-3776-4019-ab05-c555c11a985e,0
83bc796a-20d2-4ec4-a134-abddd507bb8f,0
83beb1c7-c3ba-4ea5-84e7-4553e7313483,0
83c10451-0050-4031-b096-1373834dda1d,0
83c42470-f15a-4c17-8abe-ccb3f4113b39,0
83c5cb29-a6fe-48bb-8854-aea494c29c8a,0
83c82859-4bca-4782-9110-2d7485703642,0
83cb0b94-240a-4d7b-a3bf-18f21d659bd2,0
83cc7f5e-6083-4745-a1e0-175733c91488,1
83ce23db-852f-4ddf-89f7-39870d87700b,0
83ce75a4-f899-467b-98e4-edda3f759915,1
83ceb8ab-3c05-47fa-bf09-64fc59fcb622,0
83da96c3-047c-42a9-9f47-f779eba2572d,0
83e0bc1a-3a72-4462-8f5c-fc7ca87d7722,0
83e21fe9-fe54-46d0-ac93-865cb1bd0552,0
83e2a95c-880b-486a-b33d-520cf549e72b,0
83e44d76-8e3b-4088-a1c5-dce77b556e37,0
83e6df20-827c-491f-9feb-7cb19c808772,0
83e7762a-6260-4407-996f-4921b4bb815e,0
83e9122c-2402-49a0-b15e-0849535735b7,0
83eb4164-ea3e-49a7-b433-948b2a579706,0
83ed32bd-8f03-4c9f-98b9-dccc91235c71,0
83eff058-561f-4264-8452-c5ddf936e294,0
83f40606-b017-4ac5-aa3b-7630e80503ef,0
83f64bbc-d393-485a-8431-11bb4d59ab7f,0
83f93a24-5460-48d0-a5bf-2838cffe8246,0
83ff3f8d-c314-4ad9-9db8-b299133018a2,0
840287c7-abcf-4de5-8d26-a22d33768435,0
8402ac02-d028-4518-b17d-4cc15701760c,0
8404e658-a417-4af4-9ee6-3eb8277f3e8c,0
84055c7b-f573-4d9c-840c-5f057ffa34ab,0
840585de-ee4d-4d3c-a400-9398a520b862,0
8408c94c-c09d-4a7b-baba-34a0587ba4d9,0
840cff67-1d69-44b7-ab12-c4c32cd5fc1a,0
840e4982-b553-4887-af11-06699fb5b74e,0
840eb7a7-67a7-4e81-92e0-a378a140a145,1
840f8157-9c7d-47cc-acc5-e28ca8721411,0
8414c6e0-1dc3-4a02-8f17-553b3b303b74,1
841c934e-63fc-45f6-a715-1debe5fa479d,0
841f73ca-83f8-422b-a605-f3f57768fbfa,1
8426502b-7e10-4d50-98e9-3648e9f84247,0
842a2d1b-d370-4d40-b0e6-9fc8c0a55c75,0
842c615d-39a9-4dea-a01b-f27f7c9107ca,0
842d196f-cac2-4aa0-92f8-3f33dd5000ea,1
842d285c-2422-43ea-b38e-d1ab790ec0e6,0
842eb975-d106-4991-a794-30eb859400ba,1
842f7e3c-c444-49ab-9df1-acd22ba7aa9a,0
84312586-d852-4f2a-9a6c-760366958002,0
84331fe1-249b-4a35-b381-ab0755fd86dd,0
843406ec-2b85-408c-9a4e-37b661ef1d61,0
84378562-2a89-45f0-a634-7a4d24f29cc3,0
8437f414-5734-4aa6-870a-326a983ec75d,0
84398b38-0003-465a-ba4f-3da4e22d29d0,0
843b4f02-fd1f-4960-a99a-db970bc13252,0
843c07f3-95a1-41e3-bbd6-2659cf9389cf,0
843c522d-6642-40ff-902b-232d9ffe75a9,0
843d19d5-ec66-4538-ba84-9908979821ac,0
843d25f2-8e5b-45c3-9a99-806c921fb889,0
844024ec-9e3b-46c7-a45e-3a577d8852cb,0
8440a002-e01f-43f6-b68e-f744d7db0fc9,0
844195c1-ba3c-4b2f-8264-ff95a76d61c7,0
844367e8-84a5-4689-a123-e66172920d4e,0
8444350a-cace-492a-9743-df1dbeb064f8,0
84494c54-bde3-48c5-8d0d-020e7c81bc2b,1
844a9e00-a8ce-42be-8bf3-33450665e238,0
844ab201-d89d-4363-bb42-c63e4cf99635,0
844bfc39-a41c-4575-94ec-c6589a3084f0,0
844fdc5f-4f6f-494d-84fd-1a8d901979d8,0
84557ce2-6b65-4074-9d80-47fc35f0c294,0
84560fd5-726d-49f3-b49c-2b54808f8dd9,0
84572820-8f2e-4320-a3c6-b7e4774df897,0
84573f0f-7c81-4584-a833-a1760e391a1a,0
845c68c5-a831-433b-aacf-9fffd5e996d4,0
84613074-9433-4c54-b3f3-4e842c55e4fd,0
84649b61-e13d-4520-8a00-b7a671397168,0
8464be27-b535-4a55-80cd-807be20703d4,0
8465e626-cedb-4fc1-ae18-c055a4a5803f,0
846676a3-d2e5-4537-a061-8eeae1ede14a,0
8466c0c0-ffa0-499b-960a-09f793fff6ef,0
846770b2-be2c-4139-ac98-20f626d77408,0
846823cb-84e1-49df-ba30-cbec31653e1d,0
846940a4-0bd1-4bad-bf4f-6cc51414254d,0
84695cd2-95b5-4e8e-838b-2a61881b64bc,0
8469bcff-95ba-43b4-acd7-1a14fe41a523,0
846f045c-aa23-45b6-b242-60cb03720922,0
846fcd12-944b-4d30-b396-486aa558c93a,0
8470ea21-5b33-4682-964a-a1916285c54f,1
847269b7-8d47-4362-93ba-bb9f75969335,0
84729879-d04f-4b77-bee6-c0724316cf08,0
8472e6d4-6699-45ae-a7b0-1eff8c838cd9,1
8473b0b3-df36-4da5-aa8c-09ff69e1e4a5,0
84750acf-2fdb-41e3-a373-56e277d078c3,0
847a2bf9-ff1c-4608-83df-6eab137459e3,0
84805d73-664d-4ffd-bab3-5f2ae9c6fc47,0
84821100-5293-4633-b009-3149c98e297b,0
8486ba4b-3986-4db1-930d-fc5449fac8a6,0
848b5ae2-6ada-4612-afce-7b5ceae151e8,0
848be121-5a7b-4984-93a8-ede8f04059ba,0
848c0e2e-f3c5-4cb6-aac9-478924591891,0
848ea4e9-2516-44f6-989f-6c48627381e7,1
848efefc-96a7-415f-a5d4-dde84c5afd63,1
849ae8b5-4bc9-4497-9090-a3aa061e810b,0
849d590d-4ee2-4073-982a-d3751e143bd6,0
849f4139-a240-450c-b34b-febfd8f9555b,0
84a42f6b-0c52-47b5-8f19-6856143a2908,1
84ab9cc3-65ec-41c0-b227-2a0207225cec,0
84abb7f3-f055-40a7-a942-eb56655d8855,0
84ac7313-ed57-432f-a780-0dc7b4f58b51,1
84acec52-01aa-470c-a4c7-2ad2eeb54e0a,0
84ad2cdc-cdb1-48c0-a82f-cfd7e90476e3,1
84b1d2bd-3307-4894-a9ba-7340af86e7ef,1
84b2e70e-9a07-4a6a-8320-142db51abec7,0
84b62679-a41b-43e3-9700-d2d45a9442c2,0
84b674f9-e3a4-4023-a36a-215318e13193,0
84beb1d5-0839-49b1-a7d7-e84eb8d597b9,0
84c1ac4e-627d-4bdc-a4f8-b5bd046128d5,0
84c25ac8-d138-4dff-801c-bf372dd826d4,0
84c473f0-256b-4a3e-8cb0-3f6f1fe84167,0
84c53be2-5cd6-4eaa-8f11-817deca4ddb6,1
84c837c7-e200-468c-b82c-55372cafa7c6,0
84cee99d-e1b1-40dc-81d4-0f83f40c2bda,0
84cf603a-8c4b-4d37-8457-47081873d470,0
84d2aa4e-ff4d-4266-a246-16d92c2aa661,0
84d48932-030a-4f74-bc20-c936a65026fa,0
84d6511a-6720-4030-8e1e-5a588fbd9512,0
84d67e18-b156-4ae6-b2f6-75cf16a4112f,1
84d948f5-5277-4239-88e2-a1f77d0d4e50,1
84db2574-1807-4fd2-bd77-2b8d6b6f217c,0
84dc7e37-f960-49a0-a39d-81efdbb504a7,1
84dfc87d-8a0b-41b7-8543-d646c59eb11b,0
84e1538f-2ab0-4d6e-a69c-16830a78dd05,1
84e2aba4-3326-4c9e-8f0a-527647021772,0
84e2c446-6b39-499c-9204-62f9f756128f,0
84e537c8-26d1-428d-af45-179ff9e32d92,0
84e5b064-89c0-4e87-8584-5c85aed95ae0,0
84ead39d-95c4-428b-bace-4a4f8edb8fd7,1
84ef18d0-cad6-46b1-93a1-b331377b7db7,1
84f72c5d-b071-473d-9c7c-2201286a2911,0
84f7631d-0fba-480f-ab31-46583ac9d42d,0
84f92dc5-ae17-494b-9366-f118c377d5c0,0
84fe6bb3-6df9-4686-b054-89617a340593,0
84fe824e-21be-4032-a32d-4580680d8b0c,0
84febced-00ea-4e11-acf0-7e045be3a988,0
850723cc-44d5-49e1-9dd8-67b143b7f3a4,0
8507c6e8-b39c-48bb-a227-4b0be07ae844,0
8507deba-60ac-447b-aa2a-caae440b5e09,0
850ab556-789e-4dca-b466-602dfe2ee1d9,0
850c245b-b681-41ed-b5f5-1ce7e36f2f91,0
850ef76c-1470-4a2b-9014-3e3498698d4a,1
85127704-32fa-4a83-8230-5b84c74ed26c,1
85137eaa-7c60-4645-bcd5-312a6c0c18fd,0
85176f76-7e8f-4939-925e-223752af2bd5,0
851880fb-a22b-44b1-934d-1762a8f74e80,0
851a2383-ee4c-41f2-915d-471f86e1573b,0
851fefd5-5088-4c58-a39b-0c903b604596,1
8520d5bd-402d-4409-8d92-b3f802b1937c,0
85238cca-50bb-4056-861c-b5b8d196e5af,0
852791f6-3e96-4333-a062-78cabd44e8b4,0
852afe1a-366e-441d-a58b-647956870f9f,1
85323e7f-1280-4f0e-a311-173e2dc7cad4,1
85346830-5485-4416-a8b4-a686b2dae80e,0
85376651-1957-4d7d-afbd-fc1e61640aab,0
85393206-7427-4462-ab07-213eb77b46ab,0
854266f9-bd95-4b35-872a-0909019ccd2e,0
85440209-9e54-4b50-8f50-3841efae30f6,0
854b1db1-2116-4385-a1cc-76569300b281,1
854e967c-816b-4494-85b7-9a1e0dab0190,0
854f56e5-5a15-426d-9e1a-e9699654cec4,0
8552e5a4-6210-47ac-a022-e166c87d11de,0
85546d3a-7a8d-4a1e-b14f-85245080e984,0
85550622-097b-46ab-b874-4f5edab3f5d6,0
855601e6-1016-41d5-8963-fb88a254afa3,0
8556d1bc-c51b-4186-9e7e-b3e88dc0417f,0
855a2d03-fe7d-438a-98c9-d99cd0b1dc29,0
855a755f-45a5-47f9-8a43-3227369e95c3,0
856221d7-20dc-41b3-9583-b3862d1ed6b5,0
8562bfbc-db9e-47bd-9bf2-c85b4a109f5a,0
8572fd6a-c2e6-4389-9d23-a2a70ce9ac29,1
8575f1f0-884e-4e22-8830-7da10ac5a54a,0
8578d9bf-a835-4032-a35c-8a485f7d0b4e,0
8578f9d8-8367-4ffb-8006-a7b04c859d5f,0
857a94a5-b6b5-423a-80ab-75a09f0590bd,0
857cf4be-a8c1-46e9-aa51-f1fd59bc5c2e,0
85802586-4fae-4dbd-ad7b-8ffe62f6c41b,1
85812de0-4b12-4093-8d7c-a4bf2cc9c85f,0
8582161d-6f03-43db-b812-141b0b90bc35,0
85862022-7766-44b8-acd2-f6850ee7ee04,0
8587349a-28a0-4d05-87eb-9393401f5240,0
858a1d65-54a8-423b-8015-11dfeedbc9da,0
858b050a-5836-4288-a64f-8134a4f50ea2,0
858ec9a0-8029-4da8-b7de-ea93ae83fe60,1
8593e39f-bdbe-4124-b3e4-7d99871743cf,0
85966265-4ce5-48d6-a2b0-a54f13ec9252,0
8596989d-5d6c-46d0-a91c-8b359c0abf75,0
85987f21-be7f-4153-a4bc-0d3381c59984,0
85a4f563-1eed-4d50-9e3d-f63523cf5e56,0
85a53009-0220-4435-b8de-f2a942daf6a6,1
85a7defe-c2ab-4b68-be18-6982bcc9b3d9,0
85a87031-9c02-483d-a25b-64f3c4cf8ddd,0
85aacf87-5831-4339-bbd3-bffb5a7b9579,0
85ac248e-6e4e-4f6b-82ce-3ec64ee31af7,1
85add86b-a712-4c94-b608-70bc5d84fe1c,0
85aff246-537c-423a-b99e-b3a1192294a5,0
85b018a7-f4c7-4c00-91e3-6001ba21d09c,0
85bbb165-a3fc-4cd6-9f3a-7fb3aee4474f,0
85bf339f-693a-4b5f-a89f-50c3679710c8,1
85c00057-6e9e-4553-99fd-8ebc5bf9f4fa,0
85c18ad9-d3e4-4d15-8d97-bf9f1f3a5b1f,1
85c2483f-8b81-4d7c-b7de-845344ac6c56,0
85c59220-b93a-4f5d-bf11-f39cc423654f,0
85c9dfd8-122d-43d0-98fb-a77277c7acbe,0
85cc2524-a1fd-4a5d-ad14-05bf118aae50,0
85ccc0c0-88f9-4c49-bd28-f3d06ca369b4,0
85cd084e-1c40-4bb4-8969-5aecf43e38af,0
85cd4d2d-e590-435c-b654-b98d198d717a,0
85d0536c-4d39-495d-aac4-8b4906872a46,0
85d5ccd2-9e54-4260-8b33-48aa801a915a,0
85d6a78e-30a4-4507-8018-4fa8d01b118c,0
85dbf514-23e3-4d21-b666-ff5861b093c8,0
85df2c0e-5b7e-4d49-b93e-4b491e300e64,0
85e43191-faf6-4c12-a107-641fd4e05d88,0
85e4945d-56b6-4c41-a82e-d084c4ba73e8,0
85eab5b9-d867-4711-8079-b5123c8a5a62,0
85ee473d-45db-47d5-9b98-96aca2d4e452,0
85eed906-5217-4c51-9d01-5599dd0040f2,0
85ef4f43-b4b2-4701-8958-8eb72976f525,1
85efa9da-9e76-429b-8ee0-23c11f539735,0
85f937ad-887c-4f08-9bb9-5915da386337,0
85fb64fa-2dde-455b-bd97-d5695de7171d,0
85fc4bca-4399-4c8c-86a5-1818c0bf62da,0
85fdb842-8e10-421e-b1d6-8d93da822864,0
86036707-f1bc-4f60-b763-725ad2070f1d,0
8608ee72-e1b1-4bd0-91bc-3b1e8353c71e,0
8610d336-070e-4102-803a-853d1af816cf,0
8612ecff-86ea-464d-8c94-313643f63084,0
86146f04-f991-4a00-a50e-c3e033aeb214,0
86151b8f-32ae-4425-ab27-79dadf4c061e,0
86181918-9835-4933-ba87-438e84580f3b,0
861cb47f-20c4-412d-aac0-bd040b010cd5,0
861fdbca-4072-41c6-9d40-c85e6f02e544,0
86208841-4e66-42da-a25b-92b58fa10cee,0
8623c3d4-ac5d-4521-b895-17f30d7e781d,0
862441a4-ea02-4871-a856-5152b3131f59,0
8628481b-3819-4bca-a682-4029fb436288,0
8628df68-bed2-4ea9-a373-0ada8ddc78fd,0
862ceb24-0671-4c91-bf79-21a9c2756c0d,0
8633b5f9-a6e2-4019-b603-0e23b0be63aa,0
863568dc-148e-452a-b1d2-8d3f89086369,1
863658aa-fdae-43a7-9a29-97308e9b728d,0
863832b2-66ac-4f2c-b889-2f2999c4f974,0
863b35bf-c57a-4dc8-9ed1-94f24f00dbdd,0
863c843c-bfd9-46ed-8de5-eeb1bb118ccb,1
8645ed28-5f6e-49b6-8b70-f7c7f79df8e4,0
86488f56-9d6a-4029-8312-f41d5701ae96,0
864a426c-f2cc-45ca-a378-e241e62e05ca,0
864dd726-e299-4a3b-aacf-66c22b507ca1,0
864ea489-a5f3-4172-aa88-5e1477e1d215,1
864ed470-0e38-4dc3-84b6-45c875f1fced,0
864f0ece-0fb0-478d-af9c-45249b54479e,0
86538ede-671e-4ad7-8e79-7587eb5210ec,0
8654e7cd-b917-4208-ac5c-813508402a2c,0
8656ea13-40b6-4c8d-b37f-7759fdd35b19,0
865820f2-f88a-4df4-96f9-8313075a99d8,0
86584a4f-e0a7-4928-b270-bc5ba52dd3bb,0
865d1774-31b5-4401-b250-a89cd023c658,0
865df991-19f0-4335-857d-51fa357f97da,0
8661a694-1a2d-4731-9b7f-63dbd4e4c22d,1
86660384-2510-4e45-aeab-46bc93cf2266,0
8666e3c4-e844-44ac-a79b-15422c78deab,1
86689028-22ff-4559-8d44-b061e314bc36,0
8669bdbf-2cb5-4951-a382-91dc7d688d2d,0
866b5c7f-2e34-4ea8-82d0-5a899be049a8,0
866c1c36-e875-461b-8fdf-32036e05d5ff,1
866c80b8-794d-4fec-be6c-55f0ebc7e36e,0
866d6b1d-4d13-4038-a443-f6d4aac443c3,0
866e0cfb-4867-4f3b-bfd8-25241c826720,0
8676257a-ecb8-4605-95dc-95e91644beb6,1
867c3539-055b-4d3f-a213-6b27f0e31ee5,0
867cbc57-bc2f-4312-9b88-70e613dd5f39,1
867d9f24-885c-428c-8b65-5af438c5b31a,0
86811579-8bef-4e08-9246-8f47947cbb8d,0
86840fcd-f66a-46bf-842a-1ce081b19b2f,0
8686ac39-390f-40e1-9997-6a5da4e19ece,0
868ab102-fa66-4183-8cf3-8e28b2d6e9b6,0
868c9e37-a6d1-4699-b473-eb54d38f2d11,0
868cc4a3-e590-4b0c-90c3-d1e9ff33a341,0
86907e8f-d78a-4977-b855-dc83dd3c7901,0
869251c2-c6ee-422d-ae88-39304ee76d05,0
8692e03c-87ec-48dd-ac60-57d8fb5401c5,1
86966c50-3c76-4910-a1c1-f47cfda2e21a,0
869e0554-2241-421e-88b9-765c3ce0b301,0
869e1744-926f-4289-bb4e-7c2c4993cb7b,0
86a1cf31-9068-4684-9ec8-5abcff8656fe,0
86a20983-27db-49e0-b35d-6e0264a96718,1
86a39671-0d2f-49a5-89b2-d9b331918319,0
86a39b19-de46-4a0e-8fad-ca2743d1ac87,0
86a7da41-17ff-4bdb-a2a7-44c2baefe966,0
86a8eaaa-50d6-4d28-ba30-6ad101a9235a,0
86ab2c5e-f6b4-4c77-9338-e00214d4d7ad,0
86ac4f0b-e4f4-44d6-a451-aaf310b7d29c,0
86aeea6e-796c-4713-a9ad-a8e2a25d0695,1
86b28ba7-0d7d-4a60-96d0-92670d8b7380,0
86b4f033-6eb7-4150-8785-16f7e7b77b49,0
86b937e4-f7fe-498c-a75e-417a12597f78,0
86bdc38f-4442-4dfb-a0c9-aa1ea2396e88,0
86bef6a7-3b81-4a48-822c-6d3a93fa773d,0
86c05275-5005-4f46-8c54-1f97306895db,0
86c1d1c0-d31a-40ae-b5a5-e61c6b6bfbc6,0
86c33cc2-4a9b-464a-b73f-80b4806f8be0,0
86c4aa87-9484-43bb-95d3-36c64173b002,1
86c4d864-0594-4cf1-8970-10b6128367a1,0
86c88e8d-5fe5-4c49-bc6d-a280541f7689,0
86c8ee40-c861-4f8f-ab73-0d3369ac9250,1
86c96e30-593b-4108-a5bc-ed18bc7f3cee,0
86c9a008-12bd-465e-9bb8-6c87a87f0d07,0
86cbf5bc-3f4d-40a7-a502-801fd1eebfba,1
86cd86b5-411d-4890-ab67-7fcc6bc9cf6e,0
86ce0b77-48eb-4c25-a19a-495f521131a7,0
86d0c1ac-51d7-451d-bcb9-b37fe63ec547,0
86d3fb8c-daa5-4f98-8d50-f35962263260,0
86d49693-2fc6-43a7-b40b-b843a1ec6db0,0
86d569d0-2887-4894-a4f2-1582a8789b17,0
86d751fc-faf7-483d-8411-cf1f543f0d2b,0
86dc2061-07e8-4bfa-8f4b-0d67e0563f89,0
86e11abb-3baf-4466-bd8f-014b85adc722,0
86e6e1f5-de96-4899-8480-53b8a7c197b4,0
86e78299-371b-427b-bf6c-9fb49ee6fe92,0
86e7dbdb-2934-4347-9f82-3e503d4ee6b1,0
86e9bdd9-2930-4d51-9843-4e06c170864e,0
86ea5c30-0bdd-436e-a8b0-c4260fe98e23,0
86eea945-2230-4535-ae37-82172f9ca8ee,1
86f2da17-c021-46f2-ae10-045e4a0e5565,0
86f3ba2f-9068-4993-9135-c2cbddc8f05e,0
86f6731c-708d-410e-a6ce-1aafe35537ea,0
86fb1098-e96a-4c3e-bf88-f0bbc9ffc949,0
86ff9710-1868-475f-9911-dd89b19e49af,0
8700ab0b-23ce-4b53-bca0-a27855d266e7,0
87033d45-ec8b-4df2-bcbd-191fb2b08749,0
8708d4de-e83a-4b8b-aaa7-f11d5647eae6,0
8709be7a-9f72-4ec6-8ff0-8b0c9b80abed,0
870ad860-5c5f-4f56-b97e-c75db279b195,0
870cb9eb-a08a-4b84-a4d5-2614a8db19ed,0
870e8a04-1d26-41a2-b0d4-70902d0ce068,0
8712ff38-ae48-46cf-a46f-93ab830105fb,1
8714c99b-3a7f-40e2-9acb-b698e67347e8,0
871952c3-e231-490c-840e-7c78c6c634b9,0
871be5ad-e895-461e-889f-2f83a7fd6f34,0
871ca37a-9930-4fa4-942e-95b24b466b47,0
871de2f9-801b-4d87-ac03-e3923301b4ae,0
87225354-b34d-4685-be44-4e00cb9231e1,0
872710c0-f0e7-4589-8f9f-c9f4fbfa9008,1
87280b7d-b8f1-4db9-9c31-cc650b95dad6,0
8729eebf-3bcc-4c13-8fc3-e31ede29aa29,1
872a33db-055e-4dcb-adfa-58b6eca8a819,0
872cadae-a907-48ba-9620-19c836ef9996,0
872ce741-0ead-4d7c-b89b-95902bf260e4,0
872d6917-628d-4bd8-b075-bb32ed8fd63f,0
872fec2e-357d-4387-855a-8e77bce48b35,0
8730fc68-597e-4c40-8646-1354199c792a,1
87313f95-0574-4317-95af-a5758168d543,0
87335c66-c7a0-4d69-9c31-ad0458e35df9,0
8735e0b6-6353-427b-9c49-0fd84360607e,1
87376708-3a94-445f-9a97-90c89901dceb,0
8738c29f-4347-44d3-8647-eb4ed5a08617,1
8738f09b-a69e-40f8-a654-3ee40f6e0751,0
873dd281-3c4f-4d2b-b58e-40c764f0ea51,0
87402570-e7e0-4240-9b8a-de3207ff20ad,0
87465c46-4c49-4c19-a9e0-5dbebd525ea8,0
87490e9d-4811-4980-a575-f8aaccc5ff22,0
874a7872-e3ea-4de7-a19a-02d1a1183d97,0
874e4187-d411-4268-8f7c-8c0d15becde6,0
874e8eae-a4ef-45eb-8350-cfc10d01a5f8,0
874f5ddd-f849-4e1f-83cd-7d13fbca2671,0
874fe805-5473-4b03-a69f-55f8224f3465,0
87513190-5d95-4d6c-9f97-88ee5b1dd333,0
8753bd61-447a-4bcb-85f7-88e9be6b0a82,0
8757bd16-37b7-4d77-8eb0-6c8a070b57e2,0
87586462-f7af-4187-b7a6-2dd5c5337a44,0
8758afaf-9eee-45d5-9ccc-b32675de7aeb,0
875974bf-d541-448a-a6e0-59d271805b46,0
875e8198-6859-427e-97d1-0c696ed92005,0
87660836-89d6-4278-b185-18b721fcd5e6,1
8767004e-5d2a-4886-a603-70d3035ffdad,0
876e81e1-351a-4446-b2bc-84013e6462e9,0
876fada6-b204-4b37-b84f-5ae147e4e262,0
877306b5-6025-48ac-8dd3-b29f02668505,1
8780097b-ffc7-45e2-a13a-a59926377fb6,0
878473c7-10b6-4467-968b-be0803553391,0
8787f687-acc7-488c-9ed5-3e455dfd7bd5,0
8788a5c5-55c5-432c-89b3-dea396296f19,0
878cca6f-37ea-453d-9049-f675ba335eff,0
878ec332-e43d-4b57-b876-f036a71c9a1e,0
878f59f1-5794-4387-9662-751a1dc7116b,0
879112c1-28cb-4a20-8963-485364b2f4b8,0
8795be3c-bf05-4058-9c47-36dda7e82c5c,0
879ba36c-e1d8-4863-afab-858efab9745c,0
879d812c-d668-40a6-8737-03c2186e3d90,0
879dc1e8-a31e-483c-a4cc-fbd1a49e7f5e,1
879e5cec-609a-499d-a2c2-cb4bf8966fc5,0
879f02ed-d66f-4a9c-b5de-2138dd7e4b72,1
87a07eb0-d01a-40e3-a930-8bc5198d4fad,0
87a5e86e-9d7e-4151-90b6-290940962b8d,0
87a99c7d-c727-4387-9c42-e63f90f0a2ba,0
87acdc6f-ff21-4040-9fc7-c2a454570560,0
87add123-ec6f-4743-b187-26e68c958809,0
87af2984-c7fe-4812-ba0e-9c066782a18e,0
87b046ed-ed3f-4799-8de8-42b071e10e0b,0
87b2634c-3b16-4312-85d8-1cd1c09e42c1,1
87b310a6-2dcf-4519-a44a-938e0fe41fa5,0
87b3f205-bb44-4301-be4e-02107096b0d4,0
87b6e366-0b3c-4db5-b1ff-b73ca2b45d57,0
87b74850-f2d0-476d-8e4d-449187777a49,0
87b93474-b47c-4cb2-92de-0f628b0716a0,0
87bc6169-5968-4c75-b790-e3d48291ab1c,0
87bf84fd-7d56-4dc3-a107-f68c296b755a,0
87c17c1e-1928-4e63-95e8-01dd0153898b,0
87c2dcb7-84d3-4430-a2c6-e7ce343e3baf,0
87c86343-ed9d-4109-ada8-ed99ebaf8f9c,0
87c8f877-5773-49b9-b3a9-751a4a53b399,0
87c910eb-a12a-4909-98ed-ba273922466a,0
87cbf1cd-da50-4255-aa65-f3a3ad8fd263,0
87cc017b-ff5e-4b14-bea6-1a5955d0268f,0
87cd64bd-cf06-4bff-8af8-974deef06782,0
87cf7a52-ff98-4a4e-b9c7-ec8d78fdd937,0
87d15f20-1b77-4fc8-816d-6bbb16354e24,0
87d3615a-a922-480e-b4f8-27900df51b14,0
87d4f88b-bbcf-457b-b538-5d958e3e99e0,0
87d6d2ee-081f-44ce-9e44-b9eeda65ef27,1
87dea387-ac68-455e-8e51-6964576826e0,1
87df0862-1418-400a-8b16-8ae4c38b9734,0
87df598a-f0d1-4923-aaf5-3270d135e618,0
87e1dbdf-4a19-46f1-800d-ea096458f2e1,0
87e30b25-2f6f-46d6-acbb-785f559a7778,1
87e72a89-d82f-47b0-9a5b-9f55347bc4e4,0
87eb092e-3f40-4c12-ba48-6bc63c17ea75,0
87f03cc9-a673-4bd7-9ee7-a1ab3c7a734a,0
87f424ab-5cf7-4a05-826f-732a415a7e1c,0
87f90bf1-c86e-4779-b36b-86c813ed99f1,0
87fa2076-cc7e-43d3-ac5c-f08fe47e53e0,0
87fe3df8-54ca-428c-8c95-3bd0299296e2,0
87fff3e0-f723-472c-a35b-1a51f303c5c3,0
88012e79-f4ac-44c0-b5d9-27a545f8fdd7,0
8801f22c-b646-45c6-8e95-b1e5e49377fe,1
88042829-d327-403c-88ff-582a228bbf94,0
8807b1b2-063d-4856-bd49-6ae121f498f6,0
880c8be7-712a-45a6-b4c6-3f1dc2ca7acb,0
880ee99f-6e6b-4775-8c46-c70bcb5f42a9,0
880f1521-10c7-4644-88a3-a29caee1fe7a,0
880fe484-a942-4c82-9ed6-6ece28146064,0
8813cdb5-636a-4438-aa5d-a9681a643779,0
88193961-0e37-4b4b-8f14-84739ec47964,0
881d0d3f-2f68-475b-a3d2-9cbb06839fc0,0
881e4083-f8ab-45a8-b32c-41e773e01351,0
8822da9e-ec30-43f0-b4ef-7eb3b1aeaeab,0
88235b9f-1571-47e2-862f-eb1a45640a09,0
8823d14c-55be-4570-a242-96f09599a218,0
8823e920-5aef-4eed-8768-8f842cc8712a,0
88243aaa-c839-4837-9a41-a824f2068989,0
8826b383-949a-4b59-a5a3-7c846a79e6ec,1
88291987-99a2-425a-90cd-4f4cdfcf653b,0
882a6c78-ea28-480d-bc8c-b263b30f2298,0
882abe01-7637-47be-ba22-c30f52c471cc,0
8831a8c3-2069-4ab1-b3bb-236dc386c3f3,0
88381ba0-25a2-47ce-bd94-3abd8adadd3f,1
883a08d3-6faa-43c1-9dd0-05b69d7e5453,0
883a32a8-5212-46de-abc4-126c00417322,0
883c4a68-276b-476f-9eec-5186cd2904c9,0
883dc9a9-78f4-41a9-9440-0a559d8ff9af,0
883e15df-ea4f-464e-9d1f-b41fa258a41e,0
883fd720-ca24-4c1a-97a8-d60e3120cd0c,0
8844bf81-37d3-49e1-a943-98e13d34cd62,0
88470ed1-39a4-4668-bf93-a6d66ff22a89,1
88474556-b1b5-4042-93e5-c07830253e46,0
884a4fac-1c43-472f-91eb-b616da940e46,0
884be58d-8f27-4761-b18f-0fc04cd94404,0
88528c11-bc87-4661-9441-024b708e1cbf,0
885a50df-9038-42e2-a25f-51248f4e516b,0
885f6576-ef60-4125-a6ea-f4d468df4bea,0
8866656a-0b78-4f5d-82f8-3785c482fe6a,0
88745818-8e0c-4228-9f3f-8437b89b3637,0
88749ad0-a74f-4f3f-9e0b-866d10fb4868,0
887519b2-0a97-43d4-8768-c591af6ab51f,0
8877f6bf-e648-42be-a836-90d822992a52,0
887834c1-568c-438b-96a5-50952922a49c,1
88790911-518f-42de-b7b7-faf75b922257,0
887dbf30-a139-4975-8251-0300f0d5dcb8,0
887e8108-abd2-4759-82cb-c177f7d3b6be,0
887f4e39-f777-448c-8098-0f23cd6a5014,0
88807c86-57ff-41a8-af27-cce548aa5a98,0
88809f1b-97f6-4fe2-a985-d49b0653214c,0
8881efef-c968-406f-bad5-a75e8e00a751,0
8883444f-8b69-4762-8a89-979955e1f8c0,0
8887a5b3-8f4e-4722-9a8c-842dfdfc00ff,1
888844ca-00f8-455e-8f47-1f24895de006,1
888e6bc6-1df4-408b-9aff-c5e8c1064b7e,0
88917a10-21b1-46e2-942f-83b349d8fc20,0
88917bcc-4b36-4cb9-914d-4fe465c02d2b,0
8891b0d6-a887-42f8-ad7b-0b1561a7319c,0
889260c3-48e4-431a-acc7-49a0c4cc73c0,0
8894cb27-6209-42f9-a567-44f137578609,0
889a1d48-ff2e-4a8f-b2d6-dc03aab56e23,0
889b9271-42a0-41df-abf1-b674c306795e,0
889c251d-4a7e-44cf-a269-05851a823fab,0
889e5b1a-486c-466e-a228-563147c10161,1
889ebd82-d86a-4a3d-ab8a-e2429ae6ca46,0
889f9f23-bfed-4567-8401-6b6d2878aa63,0
88a0b2ab-08f5-46f5-bb8c-ec78f334677f,0
88a28046-571d-464c-a052-4f9700772846,0
88a4c092-4190-48b1-afec-01fc32350e2a,0
88a70fd3-da6e-499f-a553-1e903b210085,1
88a9a08d-b73d-4a45-83fc-f90209fd0303,0
88aa85ed-9a92-4f5a-b880-decd158d4b23,0
88ae8ce0-b0c5-45cf-bf99-4ddad3aa28f4,1
88b14ae6-0827-463a-84db-fb7ffbb20d2d,0
88b1e0dc-058e-4912-903d-d437aebd668b,0
88b3d8e4-9f25-4847-9a62-7f39123f936f,0
88b3e057-9c8a-4ed1-a63f-557e8580cb2b,0
88b8280a-14d6-4a80-adac-0b0712712664,0
88b871af-3ef3-4e86-9b8c-cd9c88e64dab,0
88be185e-c1e6-48fe-b8eb-e36d8addc570,1
88bf76ac-789e-470c-a247-8459bb4847ce,0
88c446f3-c19e-4172-b127-44df266db207,0
88c8c1f0-3a03-4bfb-8e03-e12dec784dff,0
88ce0f60-1640-47b1-9145-a0c5bada1549,0
88cf7ebc-8793-4e41-a525-382655f02947,0
88d43986-4917-40bd-8906-907da4ef92b4,0
88d48b14-b84e-491f-9608-2c2cfc2cf533,0
88d60901-4102-4a5a-a2cc-c5d723307780,0
88d804ae-9536-4344-ac6e-bd2952775c2d,0
88dc767c-c879-4a52-922a-e2587ffe2364,0
88e12cee-8707-4204-8298-a0ad17aff540,0
88e13ab6-9cb5-4f30-8adc-3f9b39d0787d,1
88e43d4d-064b-4ec4-9215-540b320eeffa,0
88ec98d0-e049-456b-bd78-4a2815b62a41,0
88edc9af-75b3-4610-a0a4-3b6d5be1f216,0
88eea3fb-f9bb-4174-ae09-17398516c018,1
88eed688-6789-406d-960d-e4296ee43d90,0
88ef9f85-4fa3-4b05-b5cc-bbb96ccb4f30,0
88f0fbab-1110-48e9-898d-0f7382338b26,0
88f214cf-b224-4515-815b-40b8e815196d,0
88fbf8c6-0658-4c2a-8b47-50da73619bc7,0
89043978-39d1-411a-8c3f-dcfafd9806f5,0
89060330-f694-482d-b52f-20e73b5b7380,0
89096653-5c83-4aca-ab64-a347a87a912d,0
890be97a-2a37-4ab3-be42-c7a76a531092,1
890ff4f3-7813-4804-b98a-3d182946a140,1
891100cf-5d15-490b-b3fa-0fa9d6e8a92d,0
89172d2a-6bab-4611-8d87-6f9104385f6c,0
891bd0cc-14c2-4bf3-896b-093c0f49b42b,1
891c6d4a-cd36-4d43-92f4-f2f4d57aa6d1,0
891d57a0-7958-42e9-873c-48667bcaca09,0
891f703a-1162-47e5-ba39-bb8b1840ad5c,0
89214236-8c66-4766-b628-3719c8274fc9,0
892457d0-949e-46c8-ac18-96cfc7acdc77,1
892b9fd1-ab5b-4c01-9d80-5190d7ef6eb6,0
8933e20e-4783-4e00-9eb9-db234c66c6f9,0
89390aaa-fe81-425d-bd8a-4c43f875e9f3,0
893c99ce-c5bf-40cc-a8e3-77b0cdd01b8a,0
8940360b-550d-4022-921f-0285a9d31200,0
89412c6f-e36f-4301-ab84-0d13caea8a01,0
8944b4d6-769c-4db7-900f-de24b899be91,0
89495260-884e-4fd2-a595-46cc777f459e,0
894974e6-6d04-4f83-abab-f51b1d775dc0,0
894db617-3219-4de5-b423-2066c61b35eb,0
89537e9e-e856-4e16-8fbe-853e423ab27f,0
895655ed-abf0-4ee0-b44c-629c5aaa7596,0
8957bddc-dd3c-44dd-83fd-c806ae820b20,0
8958622a-c423-4b51-913a-66ab4f84bbad,0
8958b425-1efb-4ef2-805f-87e7a130cdfa,0
8958c5de-3a0d-4538-9d38-529cc5e232fb,0
895d7100-01e7-4e3b-9bfd-c5620f59a9bf,1
895da8d8-7b27-4930-a3bf-ea2eeb30f269,0
895e2aef-97e2-4f3a-9662-c6ea03fd9014,0
895e8bb5-522d-407a-93b4-7d6e97b25694,1
89677246-cd76-4f34-8915-a53f61c99958,0
8967ba79-7dcb-45cb-a1fc-049c61c4aac8,0
89694cea-182f-4de4-8325-5f242d4f21ac,0
896a30ed-bd27-4b87-bfe4-78dbb2f87ff9,0
896a47d1-62f7-44c4-9054-d0b17b3e6c88,0
896c56f3-db71-4ce6-9e33-cb00e936c62f,0
896c87cc-056d-417e-a8d1-39b6312730aa,1
896cc4ae-4f63-4ec1-9e53-dba1740e8cfa,0
896fa0d1-39e6-4121-8e7c-d205121e8e43,0
897331ae-49ba-4fd9-8e6a-f831e3b0c000,0
89758808-278f-4f2e-baa6-d0a10a54413f,0
89758d0c-a307-4a13-883c-61329bc7a5b5,1
897cf600-7bf0-4bd3-8540-c80bb2204a46,0
897d85fd-2f2b-4521-bca5-2b89d69d1c1a,0
897eb17c-6283-4361-8136-5afa71b0ea70,0
89811653-c6ea-42b5-8e94-a0248086980c,0
89814c07-c2e7-474b-af11-dd165e487985,1
89868350-3d1b-4ef4-9235-d399e979bddc,1
8986b07c-c7bd-40c8-8a82-730440e50b36,0
898e27f4-efcb-4714-b5a3-f73828262ca2,0
899389b4-1704-4efd-82e3-02711eefcd55,1
8994bb1d-c7f3-4414-9c10-43a7cac8aff1,0
8996d7b7-f527-498b-9b2e-dc395374817d,0
8997f4ce-ed49-4c61-881b-e8fe513fd9e3,0
89981cfa-e358-418e-aca0-c4a465da918d,0
899b7b48-f43d-45be-9cc9-844282d059de,0
899bb7e7-2397-46da-9cd8-b2732dd1c35d,0
89a319a6-6faa-46b2-a351-63f3fb00201a,0
89a50a80-48cc-4bae-9085-f448bb4c132d,0
89a58820-1e5f-417b-8608-02ddf7cde00f,0
89a6e098-18d7-4f9a-9c35-1bec114e16f0,0
89a707c8-4743-49b5-ae66-fd183c77c9e7,1
89a893c3-6d8c-4f7a-b451-f78a0e7bc142,0
89ae95a5-7887-4b54-9f1b-9310f2be568e,0
89aea259-c68a-4499-99f9-ec6d2fa097fe,0
89b2d497-168b-45a8-bea6-d88ce6b46206,1
89b4a7c5-16b8-4db1-ad36-9cc8ad7e341d,0
89b7118f-563f-4677-9cbb-4562c1db1d99,1
89b93adf-24b2-4901-a213-fff03cf9d6d2,0
89b94274-a3f1-473e-b21f-46de7d59a2a5,0
89bb7b2e-67cf-40ef-9660-9df873fcb9eb,1
89be40b2-d134-4929-a583-976fa2da6822,1
89c23646-4698-4239-9024-80b43f9b251c,0
89c3b05e-a507-404a-8e0e-be8f27078d99,0
89c8bddf-ac26-470c-9849-7d316660612c,0
89cd4cf0-af29-4922-8dd6-cacdbd52689b,0
89cfc71d-9cc9-4885-9488-2a9e4d1e1d0b,0
89d09d65-f981-49e9-9595-b5d12161b3d4,0
89d2ebae-14cb-430a-9769-1ac1fbdf5f24,0
89d30bb6-ca5b-4ec9-b325-d261e77cecd2,0
89d409da-2d41-4f11-9b4e-5238c06f12aa,0
89d75c53-5359-4b64-8781-489a0860c3e0,1
89d84788-086e-48bf-a18f-bc5347372042,0
89d889fc-fd3a-4a6c-acce-f35598220652,0
89d915f9-d297-4e6f-8602-6692440b9e55,0
89e1a8a0-6ca6-489d-be14-588fd9c89918,0
89e49c55-1cc3-4ea3-8728-0c7ff8efa67e,0
89e71b26-7ac7-46d7-981e-0a1e6b0eca57,1
89ea273b-0380-4411-a616-0f148055aca6,1
89eb9839-e039-4b5f-b2b8-e2d13f1b8dd0,0
89f06d37-79dc-4f64-81b4-90a3269e84d6,0
89f13b5a-e63f-454b-b6e7-3aa7af7c8990,0
89f18843-86a4-46ab-bc2c-bfe99c27c715,0
89f59ded-773a-4bad-bd6f-dbe7773d51b5,0
89f5eda9-6bad-4955-b319-fd15a532a8d9,0
89fb7e60-dd10-44bf-8166-63cfa70ed6ed,0
89fc3cbc-c134-4a7d-bb92-ce79a8985a17,1
8a015eee-9114-4661-8dd1-b8043608fe7f,0
8a06a730-220e-413d-9f2c-9838555081cb,0
8a07baaa-af60-43f8-8073-4eeda5244467,0
8a0eb228-3dc0-401e-af38-f3695d18e16e,1
8a0f4a8b-d2f3-4104-ad16-7e9e209c3d51,0
8a10b880-9413-4da1-aa40-a99e18cb9d84,0
8a15877c-2b34-4954-9b1f-14b3b1b6e414,0
8a168fe7-0d36-43a2-8e12-63d55f2ec6f1,0
8a172695-150c-4e9a-bb36-0607c22472c5,0
8a180900-04f6-4f21-95e4-c6e426249966,0
8a1990be-0762-4c02-a8ea-74d1c5269dc2,0
8a19db1d-073a-4eea-a29b-5a3d1431c8c7,0
8a1b8207-85d9-488b-acd9-1412faf5b161,0
8a1be49e-f938-41c9-bede-21977c51aed0,0
8a1cb46d-8697-480d-bd2d-f4d2a6d31c32,0
8a23ca04-60fc-48b7-8051-cc1c7492908c,0
8a24a7fa-2dc1-4ecd-bd9c-e93bb4bc7e34,0
8a26d3ab-71d8-4f23-a771-c55ba4f19dd9,1
8a2a4184-499f-41ca-97c1-1e18e961b7b8,0
8a2a902c-dc25-4a72-b4e1-31e84be4c204,1
8a2cc61b-9cb9-44ab-a7be-a7e5813e2319,0
8a2fa01b-420a-45cb-a022-8513b7899715,0
8a311ecb-3221-4288-9593-c29fcbffd4e4,0
8a33c983-b538-4d4f-8414-4e773eabfac8,0
8a37b6d1-a329-4191-bf50-9f876b4f8fe5,0
8a40f2a6-8915-42a8-b07c-b5229dbcb11d,0
8a471f5c-1a79-4421-aa30-57ae2dd5bdb3,0
8a494e17-d266-49d0-8b78-154f982a433e,0
8a4d1769-b5c9-458a-aeeb-660d7a502c4b,0
8a4e64c2-ae43-404e-8599-a58a646522e2,0
8a5246ee-71b9-4a1d-a491-1763d517e77e,0
8a52c3b0-6f15-46ec-a5e6-cc51046d9335,1
8a5a7b92-347c-419f-8186-79f4547c2075,1
8a5de757-15c6-4e60-a64d-9debe19f4a68,0
8a60056d-6e60-41fa-9eb9-7ca738543709,0
8a613ea2-b6f0-41c8-9f9b-51e9fa1cd7e5,0
8a64edbf-cc29-4b94-b022-7be509387433,1
8a69a20a-4a53-4e9f-9cac-e44d8a2f1a46,0
8a6bfa02-a247-4b70-a7ee-c3cbe6320541,0
8a6ec074-8fad-4a01-949c-1c879e9154f3,0
8a6eda8f-0f6d-4069-8f32-388d047732d5,0
8a723084-da20-4a45-9697-a5ec391cd0b2,0
8a77774f-9ece-4c41-8d5a-79aaf63db98a,0
8a7cf718-70d5-4b44-86b3-1e02de61c741,1
8a807679-21e8-49fb-9c8d-74d47636132c,1
8a814e8a-cddc-4243-ad42-52ecc15357f4,0
8a821ba0-2490-4a45-aead-99d3b0e79ad1,0
8a82d1f6-091e-4224-b391-473b46b4b1b3,0
8a84168d-2e2a-4bb9-9c56-0bb249851ba6,1
8a85f6d7-2391-43b3-9dfb-87e3977661a9,0
8a87f095-fae7-43ef-bb2c-f445eacbdd02,0
8a890048-6fb2-4cd6-88ce-8352c51641a0,0
8a90ec7c-fe8b-40f2-ab5e-9fa3651b5271,1
8a948e70-5c70-4cf6-8024-88bcb5b919a0,0
8a9ac7d5-7212-49fc-a0d7-905e134b3f6e,0
8a9e31b2-2ac0-4559-97dd-04ed8954b427,0
8aa25402-31c7-41da-92e9-2714c08a3a98,0
8aa86715-e48a-43c9-8b65-55c960c952db,0
8aaa03dc-85f1-4408-ab2b-1d47e3ff28f8,0
8aaa39b5-b882-408b-abdc-686732829cc8,0
8aaadb77-a395-4844-a5c7-d4849d7dd6bf,0
8aabaed5-b3da-4cfd-85f1-09a044bb229c,0
8aae5035-69ab-488e-96ef-60440df4aefd,0
8aae986c-7c3f-46fd-8293-18017a9e12dc,0
8ab8b519-4a02-4232-ad1c-e42b58015066,0
8ab955ee-1cb1-446e-94c7-4262c475a097,0
8abbbb4f-7261-410f-ad47-2c6fdccdd0de,0
8abc7fa7-daaa-4625-b8c5-d799842002bd,0
8ac3dca3-288c-44ca-bd59-f2a8816c5053,0
8ac4c55c-6b8e-4e19-9432-b4e41e5b8050,0
8ac5445c-3d7e-4fee-9521-2876acbcd8c6,0
8ac57cae-4553-46de-96e9-c07edd3306dd,1
8ac6d2fa-e7f7-4fa5-bd71-d2ed61d90a5a,1
8ac9979b-b999-4681-8dd2-c18f5eed792a,0
8ac9b922-8b44-474f-911d-c3bd2985e618,0
8acc7239-0f51-432a-9657-b31dbf29f362,0
8ad291c3-6379-4a01-9ce8-3df9871b694e,0
8ad2ad1f-0163-409a-afd2-0f57337a8001,0
8ad9dc8b-273d-443c-b24f-41a4a543db31,0
8ada2cf5-8f1f-4d70-9806-2e2d1074456f,0
8ada36b7-8f5e-4cf5-af32-a808a09a84cd,0
8adbaa3b-0da7-4a2c-8f78-6d0630209976,0
8ae19afc-6005-492e-90de-dcaa3669e939,1
8ae67692-f199-4fd4-b4ee-260c7cc1b6af,0
8af1efa5-f7f9-4dc0-a340-b0a86247b0be,0
8af8aa8b-4b8c-4f04-acdb-aa5a789da47a,0
8af8ebe7-0f67-4e7b-9370-22446938d507,0
8afbeb41-382b-4368-84c5-8557c4d5efe4,0
8afdcd86-d720-4462-9ac2-96522a260541,0
8b0075fc-ffce-461e-9321-2a357c0e88b9,0
8b063ec5-d376-47ac-a547-29091df4d0d3,0
8b07300c-5cb4-4f86-a6f4-2f321bb93c8a,0
8b0dc79c-4341-4da4-b89a-12e16a89981d,0
8b1131a4-a667-4e6e-828d-03977ab4dc69,0
8b16fb35-f2e9-4344-bcc6-6e57b99ddc5d,0
8b1acc9b-9b0e-4397-99c4-3f95398c04fc,0
8b1f558e-6d3b-47f4-a912-ad8eb05046e6,1
8b21a8d8-5145-4f4d-8852-3e86e10cd9a2,0
8b23cce2-299c-4c76-8c61-227b8d323d01,0
8b278150-6b7c-47a6-8b3d-5937cfd716d6,1
8b29605f-bd9f-4f55-b1e2-76b2570dc2e6,0
8b2972d2-e622-4068-9c4c-7674f77fc1f9,0
8b2a7b51-8b68-43bf-b99d-766cf3bf0ae5,0
8b2caa95-aca4-4154-a324-38fe9b9f9a0b,0
8b2d7c8a-d395-4a65-8c8d-b7544528740f,0
8b37ea6a-3d6f-4547-b382-233d97235d11,0
8b395b26-e197-478c-80f3-9e1787e7fe8a,0
8b3c8c52-c190-4795-ac9e-2a2e10304b22,0
8b3d67f2-70dc-4329-a0dc-4c605d13b654,0
8b3dcf38-00cb-4fea-a32f-05f132ee4671,1
8b3e1793-8e3a-43de-8a9f-54718bdff16c,0
8b3fd2a2-f60e-44e1-9b5c-c4af11c650f8,0
8b4840c2-f511-433e-9c6f-e55655db873f,0
8b4bc888-d024-449f-9a4c-30df4fe7f887,0
8b4e43e4-1c46-4c48-acac-74c01ce9e3ae,0
8b4f2018-cd3e-438d-b34e-36ac3d9e8397,0
8b4f9b3c-787f-4360-b5c4-9e2cc8e4b3ad,0
8b51d056-8635-4cd1-8af6-06ec7ab84b5b,0
8b539cd8-85ce-4c58-8d39-8366bbedb667,0
8b57d318-3261-4ae5-937e-47081b84785b,0
8b589570-17f8-4a66-9d6a-cefbc78e4fc9,0
8b5bb872-669d-49ed-9040-0ef21eb8c419,0
8b5d041f-2cff-44ff-bb4b-83fc3e50df7c,0
8b5e3027-1a33-4104-9bdd-e271f7083a19,0
8b5fcee7-91f4-472f-bbd7-2ea1129b8e78,0
8b68de89-6853-4e3f-874a-144ac243427c,0
8b6ca210-6dce-461e-9d06-1dd6abef41ea,0
8b6d1d21-a869-4704-a854-fd9bb44381be,0
8b758ab5-a8a6-43c2-8e45-225765c6c5bb,0
8b7977c2-c6ac-431e-80a2-8f7ba25ccc0f,0
8b7ba1aa-dee1-40e5-ab7e-5f7d19702388,0
8b7c17e8-8137-4cf9-adbe-bc3b9169fcd7,0
8b7df4f1-cc5d-4f12-a57c-9af2a62c57fa,1
8b7e846a-f342-4f18-b47b-5f51c494489a,0
8b7ff3d7-771b-4711-a50c-27499cad91b4,0
8b81a803-5305-4631-8b09-9bc7a9a3e637,0
8b83a4fd-0ad0-4b14-9322-3f49e3923141,0
8b85b339-cddd-452a-b430-b157603f7802,0
8b86d80b-f420-41f3-8a61-b22febe1e676,0
8b8b1f2a-ff15-4b01-b655-23451a8fb2b5,0
8b8bc22c-26fe-4a47-a4f1-bb70b17118ee,0
8b90dbef-d30c-49a1-825d-2d6233b5b5e9,0
8b999245-1b8e-44cb-8921-4be1cf0e5734,0
8b9ba839-9c62-4be6-bb1b-7036841b345b,1
8b9edb84-1f17-4d21-a295-46bcef464834,0
8b9fd419-e31b-471b-9ee9-df23d07e10e7,0
8ba1c4fa-1015-437c-8c86-f7c0c9d4e13a,0
8ba2dcec-e9c8-4a5f-a485-06483cea93f2,0
8ba4d110-81c1-4f00-add9-2498b9569a5c,1
8ba70611-6a57-4dda-8a3c-a50b55c784c8,1
8bac04c4-58a9-411e-8d0d-1d98dec7e3b6,0
8bac674a-b4d4-4a84-953b-a18aec215021,1
8bad4dcd-f98d-4128-8d05-cdb781d05ce1,0
8bad9b12-aa6f-413a-ac50-7c180d79879d,0
8bada45b-d75e-483b-a0f0-0d2b7a159465,0
8bb46b8f-3a15-4d62-bc82-767ed82901ec,0
8bb5f634-7ef3-4d56-96e4-7bdbe5a25e14,0
8bbae300-a355-44d2-a292-5a74ab7cc68b,0
8bc2355e-6e4b-445e-a59a-a417ae69a883,0
8bc7792d-0e87-493d-a131-7aeae537d683,0
8bca36c8-ce9b-43b9-9447-3e451123f3c3,0
8bcf4f08-56ae-4b95-adfe-87d2eff2d135,0
8bd1c3ff-dee7-440e-9266-cf50839b47ad,0
8bd2f241-1f98-4d84-8c83-6ab9c623a92d,0
8bd3651b-7fff-440e-b1c2-0c0f2220ec13,1
8bd513f0-deec-44c4-bfaa-1cd6b3d1bb44,1
8bd860e3-2b26-4804-919c-fc40bbe5121f,1
8bda626a-a323-4d70-b6a6-225fa7f951d4,0
8bdb44a8-1474-45bc-a9a4-7e0635001d1b,0
8be12ce3-fc4c-4242-8200-e93adb200891,1
8be1653e-c930-4666-a87c-1054d8ab2f24,0
8be20ea1-1c95-4b51-99f7-16be42d396cb,0
8be9904d-ed86-442b-b049-7b21fdf3e541,0
8be994a9-d96c-4e3e-bc29-273de7fd0d44,0
8bed1180-e911-4523-956d-80ec27800294,0
8bee0a6c-594b-4fb6-844b-48880410c988,1
8bee63e6-f6de-4d26-922c-cc01c1999f98,0
8beebaa4-5600-4ed9-bfb5-8e3da97d3124,0
8bf4d9c5-40cf-4586-bbb2-880cff02ce25,0
8bf8f45e-379a-4eba-a7ff-756774bcef53,0
8bfb9a07-0392-4d2b-a57a-a2e8da67ad1b,0
8bfbbbb4-8bfd-48d0-9d9e-75bde0b5f4c6,0
8c01da04-1751-432f-8d67-6b7e1558daee,1
8c02236e-fb3e-4a0b-b5c7-62c78df39dfc,0
8c063c2c-d901-4afe-aa69-164aa799f702,1
8c085a7a-ded1-4432-9e28-815b62d44437,0
8c0e00b7-07d7-422f-8d16-d7c495994b07,0
8c0f4306-e2f2-45d4-b0f4-8a993beef109,0
8c0fe49d-d408-4836-84d4-c932d7ecfd75,0
8c161e6f-b361-43c6-a69e-9b2a117c6d9e,0
8c18061e-dbc7-41d5-8126-82fd58689b24,0
8c18d9d9-0d25-4203-b3c2-d0366d031ced,0
8c1fad4d-320b-4287-b383-abf69087969a,0
8c25af65-1d5c-4490-b791-e1773b49e8ab,0
8c2ada3b-74f0-43fb-9877-d3b94f787204,0
8c2cb5fc-d35b-4f09-a327-6a25a9b845be,0
8c2e93a9-e480-4758-a525-43298311016b,0
8c33f262-cb7b-482c-ae4c-57ed7ea520d6,1
8c388329-7fe3-4d3f-bc77-6768f98bcc1e,1
8c3a2e5a-1008-4bef-a6f9-80a382008adb,0
8c3a6464-c4ca-49e2-85f7-e17174455f92,0
8c3ae2a4-23cc-4a05-be3d-71dce62d4e40,0
8c3fe875-2c4d-40e6-8865-a5391acefb01,1
8c427c9a-f706-4c48-a0db-9efa46a31882,0
8c433dd3-2387-47a2-ad91-815e4dfff654,0
8c47de61-6bdd-48c8-841a-4bcf89aa67bc,0
8c4e32fc-d64f-4c37-aa95-b7349ba907f3,0
8c5123ab-4672-4069-9ffd-580051a71d7c,0
8c53e632-9643-4dff-8e1a-4424c569887b,0
8c57f44f-015b-4829-aa8b-3bb2c0a65d72,0
8c585814-721e-4b13-8d4a-bf60bf442b32,0
8c5c8d23-1a19-4571-b7f3-f6053bf53d8a,0
8c63366b-485a-4a76-8c1a-54492ff4bf3c,0
8c6367b9-5ab1-4b19-a977-cc9027f41da2,0
8c6a2931-7f31-4e10-8807-13f7b9aacd29,0
8c6b5d18-58bf-4598-b48e-357ec3b629b0,0
8c6c810b-40b5-4a28-a86c-72c38f6e8bb0,0
8c721ba0-5285-48e1-852c-d7c8a225d580,0
8c742676-5ca3-4e3b-9d54-0723bf6d0054,0
8c77fccb-c079-4748-8e3b-c01b65d50f46,0
8c7b7638-059d-4031-9d4b-cfdd8927b0e5,0
8c7cdf53-9b77-4b00-a0c5-89674d1ee21b,0
8c7e2d9f-fcd7-44b7-bbd8-433efd83b489,0
8c7f6fa2-7a15-4698-945d-ed346c9636fa,0
8c80ecde-1111-4a73-b65b-eb81fdf99e10,0
8c8377dc-89a1-4007-b3d0-5cbc081de90b,0
8c839d71-af4c-49a0-b5c6-7a31a0f6c2b1,0
8c847022-0f3d-4311-865f-ed603f6c010f,0
8c8b3b0b-6af2-4e05-be49-0d69d255bde1,0
8c8e7798-f13d-406e-a36b-f8d24e3e7ef4,0
8c955703-b587-42fd-a61f-da597e379b27,0
8c96e0be-34eb-46ed-8cc9-28416cf0733b,0
8c978dcd-3cb4-4c43-a2dc-750b5997e9de,0
8c9cd0aa-20e6-4fea-a41d-d739cc561583,0
8c9d7152-9ba8-458e-a744-b2ab0c06395d,0
8ca5a7ea-769e-4948-9fcf-523bd4d0ca38,0
8ca6b269-2a89-4c26-a724-fa166bd0c7c2,0
8ca70c4f-5828-4853-8154-ddf3207335d3,1
8ca8ec80-eb00-4d3c-88dd-84d1d10b4c5f,0
8ca9e47f-da10-42d3-9f4f-9d103b8b28dc,0
8cacde09-a4e1-4ae6-b444-14bfec4096c6,1
8cad6196-4f29-44d4-a15e-6d84833821b8,1
8cb1661f-383a-4f2c-a8d4-303883a8255f,0
8cb20a1b-47ef-4e9a-ba6c-ba34198aefcf,0
8cb804c9-6c32-4687-9ece-a33d6f7c8a37,1
8cb88f19-987f-44a8-9238-d521b29ddf54,0
8cba0756-d7c8-4f1a-8e1d-3b318689d2b9,0
8cba08c7-618d-4103-9a16-89f9b434b1ee,0
8cc30bb4-427e-41b3-a8c8-07a1eaf372ad,0
8cc47a28-9a6e-4058-9419-754e29bcea86,0
8cceb64e-b8f2-4812-a06e-bb90e7a13dab,0
8ccf0005-7205-4325-9feb-003fe030fb51,0
8ccf87e1-0e82-4f1b-9bfa-10a52c45f4f6,0
8cd18328-89ee-452c-96d4-cfb0b0e83131,0
8cd600e3-ec8c-4b70-82cd-ffeb4fcf6aa0,1
8cd6725a-ba76-433d-b86c-65d02cc943cd,0
8cd863de-c871-455a-8112-61f267f5f1f9,0
8cdefa80-46bf-4657-a803-3640173b9f5a,0
8ce3d67c-01be-4a7c-b2cf-92576ce62833,0
8ce6d169-de2a-466b-8c4e-f383bc797501,0
8ceea993-a05a-4c2f-adc9-0491f714cabd,0
8cf00c0d-600c-4596-a1ff-a95c39eacfc2,1
8cf2f69a-24f0-4235-91a0-4fef9c93ca1d,0
8cf3ae31-1618-4ce7-bb51-52a5cd2ef969,0
8cf4c3f2-055d-47d5-9571-bbfaf218f240,0
8cfdcb97-4061-4723-b1f5-0a3dc8adc7c6,0
8cfe0a08-b8f4-433b-aaf9-84bb17513d61,0
8cfe0bde-fe88-4a01-8b04-4d61fd522e49,0
8cfe5f9d-74cd-43de-aaad-1ec5d4d95389,0
8d019616-a52b-448e-a005-9f0f29c105f7,1
8d06fd58-1b80-4827-b432-41b732d04c81,0
8d0e1969-94a9-4cc9-aaa7-cd2a4954f3d6,0
8d101e2e-3ac3-4a0a-b4a1-d3a437d19f2f,0
8d113b0a-9fe3-40dc-85df-e588bc630ce5,0
8d139522-8e4a-4694-aa4f-1f7b594f92b7,0
8d16e620-833d-415e-949a-fa2f09dfa3b6,0
8d17097d-b98c-4200-9201-08c26891fe7d,0
8d1d173d-e156-4879-a177-426d23fb71fd,0
8d2423e3-8e0b-442f-9710-68a2af429791,0
8d24d5c1-44e0-4d1c-becb-321bfb2b73af,0
8d26199a-893a-404e-a6c4-4ec72bacd8c6,0
8d26da35-16d6-419d-a82c-53bde4f79fc5,0
8d2b49d3-f32c-4d88-adee-b19e81f8b2d0,0
8d2b8463-d7cd-42d9-bcc7-1a640bc23f7c,0
8d2d4335-61a7-4521-9939-85944269c438,0
8d2de44d-754f-4c4d-804a-4c654c8b73b4,1
8d3129a6-fdb9-48b3-a5a8-f7491b64761e,0
8d35e2d5-2a05-40df-8436-8581fe26840d,0
8d368b78-5d2e-4708-bcaf-e639764dd384,0
8d3b7ed7-15c4-4744-8289-60b372ed8eac,0
8d3c6799-da15-4df5-8f78-e40195e68d12,0
8d3d7b5a-0dc1-460b-b612-f621b678111f,0
8d3e3bf0-2f8a-412b-b774-71b0a5e98a63,0
8d3e7ba5-2f74-4e77-82b4-1a28d764defb,0
8d421030-db96-4531-a49d-70d16626213a,0
8d423f27-831c-4d85-8171-f481e86cd67e,0
8d48191c-0693-4d95-b4c8-cd3a27f76458,1
8d4c8fce-1aac-4419-b6d6-f209fca634a8,0
8d4d6fa9-2374-43e4-9662-a9752aae15b7,0
8d53c7c4-94b7-4629-a715-91d2eb7da955,1
8d542758-e192-429e-8457-3cd444ebd354,0
8d542d3b-501b-4917-bd0a-4e772122dacd,0
8d545d53-15ea-47c5-88d6-b86ca222417f,0
8d58cc37-81ed-475d-a51c-61d5452c8c2b,0
8d58f19a-8035-4c4b-a1b7-990ae5023ab5,0
8d5d01fc-66b2-415b-a08e-0eac49ccaae1,0
8d61202b-e767-4bf5-9cf5-fb66c4192aba,0
8d64b373-7fc7-4157-8c99-0b23a84ba58f,0
8d6594de-3d14-499f-b30d-f4eeac013e4b,0
8d6706a7-3d66-47cc-829e-fee86dc742f6,1
8d68f215-d8bf-4061-b41a-ce8338427666,0
8d69e1e6-5803-4bd6-9d42-e61963cc6def,1
8d6ad2a9-837e-4b94-9464-1732873f26ea,0
8d6ad8eb-a0f2-4c00-85a0-c733f954544f,1
8d6e2887-fa6a-4309-9a16-4ecb7a53ddb8,0
8d6f1193-f2c6-4454-9d7d-6e1b568b0fb8,0
8d724eb3-ca97-4626-86ef-0f32889d103d,0
8d73a5fc-b216-4459-9fc3-5dbb98509007,0
8d748ea7-f426-4438-9e03-7e8fff254371,0
8d76eff9-4bdf-422a-8c9e-ffc8ded33fc0,0
8d7749e7-1548-4a7d-9c66-f751867ae243,0
8d80caa8-4b7b-465c-839e-e26e87893797,0
8d85ab21-730e-4ec3-8493-431f79cb7596,0
8d87ed91-45a8-41fe-85b7-4ca6cf70d8d0,0
8d899987-838d-4112-890e-bbcd3030ef46,0
8d8abbf6-8459-48d3-a7aa-eddefdfbe7c0,0
8d956a91-e66c-4fb2-88dd-291a6897d182,1
8d9844ff-2539-4e32-bff7-47e5afd88291,0
8d9879ad-81fa-4f78-b7e3-4556b7d0d16b,0
8d9acde6-8e5a-4e18-87b9-066a2bc6f67f,0
8d9afd5e-5838-440f-8973-e424c6b09481,0
8d9cb196-1c4e-4f47-9e7f-4407c10ec382,0
8d9ff4b5-7a3c-4de9-b287-2a9b42c1523f,0
8da185b3-d4eb-46a6-930e-362b6fb6b08c,0
8da31ff0-9595-4c0f-8583-7ec074eafbab,1
8da46689-c8d9-46fb-b9f3-5180537ce0da,0
8da9561b-4915-4ff9-b9fd-9b2cf1889a58,0
8daade49-a9bd-45bf-b3d5-8bf0e11cd173,0
8dacf18a-4c38-4169-8335-e1249d76cfeb,0
8db053d2-ff93-4396-9078-317b36ab125b,0
8db0665a-59cf-420e-b5dd-0d2056b82f56,0
8db13aa3-da9b-46a2-aa9a-e3ed5f1ce9c5,0
8db497d6-08d5-4d6f-b5a2-ce3307efcca6,0
8db4b319-9ad7-414b-beaf-7426321b4d69,0
8db79b9f-8e5a-49b6-8e43-53f803d44d6f,0
8db813a2-e81a-4d2d-b89a-44121ba95b36,0
8db84228-5b6b-4ff7-9a2e-bdd834d9f3f8,0
8dbf26d0-9624-4a77-8b24-ee2ba4350ac4,0
8dc9cc91-2690-45af-88b1-674ac6afd286,1
8dcb5ee3-f4ec-46df-8eda-b9b4fb9f6377,1
8dd18bd9-48a5-46ef-83bd-07b7eea4ecc9,0
8dd2299f-de24-453d-b5bc-3403c308c837,0
8dd332a1-8fa3-458b-87e5-fb01651d177f,0
8dd436e1-bb99-4b71-9988-f212d0209743,0
8dd5395b-06f0-4494-a2af-4e98cf1e386d,0
8ddc5fa8-1a75-4652-9574-fc9f25c9f436,1
8dddf9bb-325a-4fce-a0ea-513c219d478a,1
8ddfb418-94b5-4460-be65-8c1283f97e06,0
8de16ea3-d5cf-48f3-bc26-4cb36815959e,1
8de2a3a9-a723-4243-b0b5-deca7637c1c9,1
8de2d1fb-50e7-4529-8f14-274c04fe24fb,0
8de68a74-b8b5-4a1d-af9f-a5730173b924,0
8deae6b5-fb27-44ab-96a7-a120e53ff25c,0
8df00a6a-ad05-47df-b399-ee09d61ca1b4,1
8df19e46-df45-49d5-8a9d-267b9ba996ec,0
8df4686f-10b5-4e89-a1e6-674d8cbd07b2,0
8df9eb3f-d534-4c2c-a66a-1b622037edb6,0
8dffdd1f-1f10-43f0-b1fd-452208890d97,0
8e088211-5fde-4514-827d-d772bbe552d8,0
8e0a37e1-f9f2-4a1d-a4d0-5057b31bc657,0
8e0b3c0a-8f30-434b-8684-e9bacb363e33,1
8e0b8a78-0fa0-4f33-8493-7d65fa8f8578,0
8e0dcb83-9b14-40c5-9d21-7986a9bbfb74,0
8e0efe21-ce51-4c76-8024-6ff46e6e1938,1
8e101d3d-a1b4-434b-bab6-c43da116957c,1
8e12ac4c-9548-495c-a8f1-7eccf109fc67,0
8e1b6cc7-8e82-4616-a69a-85011400a9f3,0
8e1bc6c0-343e-4926-a8fe-1da0d4008248,0
8e1ca9c7-1364-4cbc-ac94-822e1508eeda,0
8e1dcabe-b33e-4614-a709-213c7f8aa8e1,0
8e1e72a0-ecd3-408f-96f7-bdc36f7e9e67,1
8e23694f-796f-4d83-b6be-4dddd9d0bb9d,0
8e259f62-98b3-4dc3-bfc6-8dcac7f55581,0
8e2c9cc8-c746-4c7e-b251-eec740eb78b4,0
8e2d834e-8d2d-49ac-b06a-607e23f6f3f6,1
8e2db307-8502-4e34-84e9-0e66ad2fd57b,1
8e306295-4b90-4666-a56d-5d1c837678f3,0
8e30b059-6a24-4eee-a5d4-db92ac841396,0
8e3415ba-1d37-4ebe-b2d9-4bafae275fd3,0
8e3424bd-fbdb-4802-a8fd-078e71e27844,0
8e351862-7c65-4e5b-b307-f0fd3f078237,0
8e357513-80cc-4bce-bb8d-6dc4990aa220,0
8e3c9be3-d8d6-4cd3-b862-482b69110b5f,0
8e3df487-67d0-40ef-b5d1-10ee6979f8c7,0
8e43ff51-df59-4d0a-9ad5-21a158632a33,1
8e443df9-2920-425f-acf6-97c75df69942,0
8e456a65-56ce-45ca-abae-629bad4b6aa0,0
8e45ef36-5ef2-4623-8519-6e10712c06aa,0
8e498e01-34ed-40e0-9397-f53e1f77caf2,0
8e49eb11-19a7-4e81-b4d0-1ad6cea83db0,0
8e4d2756-5c3d-4ac2-a985-696bc23c7762,1
8e4dabac-9efb-4f79-9064-ababf07c01ba,0
8e572f82-bd46-4d02-aba1-8eee4400d0cb,0
8e575387-be80-45a7-bf9b-cb369a8c7ae2,0
8e582842-3e91-49fb-85aa-07dff148748d,0
8e583688-e549-4823-9f09-fa60f5736073,0
8e58f26a-144a-49fb-a1b0-b311557aa62e,0
8e5bdd73-9282-40d7-a2c6-45ac46160ba8,0
8e604333-aa35-4a7c-a049-8394a621bd3d,0
8e617954-b821-43bd-85e3-d03162e13713,0
8e6a129e-b86d-4499-882a-6c70a2a24d7b,0
8e6b852a-822e-4c97-ab84-f9bd0010b238,0
8e6cd9c4-1787-4025-b9f1-bdf82a9063b4,1
8e6d3bd9-4737-411b-a764-f859e31eea8d,0
8e702f8b-74ac-4c7a-b0a7-7ec8dc585671,0
8e7c9983-760b-484c-9186-d507e69555e1,1
8e7d9d85-e0b8-459e-8420-1f520e9cc15e,0
8e7f7f48-6fd4-49a6-8c03-0d13e670b56c,1
8e842fb4-0539-4bdc-9df8-b790193f598f,0
8e8a5037-763b-48e2-b7eb-a602dac4c3f8,0
8e8ddec7-7935-44da-918d-94a51e5fcd05,0
8e8e22a4-0a17-4797-832f-32d544d2b876,1
8e916169-b6ce-4ebf-96d8-9651e46a7262,0
8e9193dd-14ff-4755-beb4-adb935277f97,0
8e954959-9274-4469-9f4c-c89945809779,0
8e9aaf5e-282d-4319-9028-a92d0af30b79,0
8ea5f9b0-c629-49c9-8820-9576d104c5e9,0
8eaa072a-8da9-4af5-ac21-65582f002391,0
8eac4cc1-0e90-45a6-852a-f1dc542d8638,0
8eac9d42-6f26-4e27-badb-67544939d6cb,0
8eb337b2-632c-4950-887f-77e8010f7634,0
8eb34b72-0452-463f-b7dc-84547e7aa566,0
8eb7d8c4-f9ce-4167-8cfb-8f567ab2ba4a,0
8eb985b8-20d3-4a87-aa2c-5ac56aa8c0ed,0
8ebd8240-6c93-4671-8664-97adacfd0bb6,0
8ec00c40-ed00-4ccc-90f2-4d35e49712d9,1
8ec46cf8-96ae-4b44-a068-260d8bcdd283,0
8ec50f32-d836-455c-b733-8807877c4da9,0
8ec6e5e1-9f39-4a1a-beac-93074ddca4fa,0
8ec6faa3-1bd2-4a75-b8f3-d74e180c94bf,0
8ec836ac-8157-41a3-a0bb-a6b8857c5485,1
8ec90d00-17ef-42ee-9c3f-03bc54fc5804,0
8ecb736d-7158-441b-8b4c-b860c4e35e1a,0
8ecc9df8-96f4-48f3-ad83-91ffd027e33f,0
8ed476a4-dc48-465c-ae58-b38193fabd11,0
8ed4a6e3-5ee5-45a7-b8bb-cf09f08b1e8e,0
8ed92a12-744e-4a7a-8e5c-0366a2370833,0
8edd6980-9f5d-4e92-9bcf-eeec1ef89303,0
8ede273e-bdab-4572-8d74-eac9e0aa411c,0
8edf9f1d-3335-41fb-9b95-6398cf4d61a8,0
8ee08d00-0ea7-4594-ba6b-f041035dbe06,0
8ee51c6e-def2-455d-b932-5b5c30c273c3,0
8ee68156-f277-4cfa-bd3c-ae88c584757c,1
8ee99a4d-ee29-49aa-bf71-90d0f1086df1,0
8ee9c79e-cf2e-49bf-9982-3ea7c106c9cc,0
8ef2ad54-a626-40ac-914b-185cb972dd4c,1
8ef3cdae-6af9-47f2-ab40-311977e95eab,0
8ef4bf4b-4884-441b-957e-baeebcbfd7af,0
8efcf690-34a0-44a9-aff2-582541c08b46,0
8efd82ad-1227-48c1-be30-8cfcf998b03b,0
8efdace2-aed7-4460-89b3-1afd75496ef3,0
8eff3274-3845-411c-a841-ec9b26fcfa94,0
8f0055f4-94bb-4555-8b22-5dbfa68c440d,1
8f040cd6-f489-4780-bca0-885f1e82bb3f,0
8f05c285-c8d5-434d-96bf-19cf0ffcb55e,0
8f0b0c35-733e-4051-ad86-81ccbe7d8cf0,0
8f0bb46b-7010-4634-aaa8-7aa78451f6c3,0
8f0c0ae6-bac9-4834-be62-6067ab1c3ac2,0
8f0f1cd2-5f71-4b4b-9788-c486457df6b4,0
8f1ed578-3191-403a-9af0-40033be43d20,1
8f1ed5c7-d15d-4c8e-8ad3-b961550d0bb4,0
8f22de76-5316-4dd3-b65d-189066a292f6,1
8f283aa0-1dab-4dcb-b0cb-3f4e356f9912,0
8f2a3baa-f345-49ed-91aa-926776d5edbb,0
8f2c92f3-5b67-4e7b-9e7b-220a49835001,1
8f2dda3c-08e6-4abb-98f0-43f224aa76e2,0
8f2f6a99-d9ff-49bd-ad60-f2f8576dc940,0
8f303d70-cd63-45cf-abd7-af5a2d8aaa5a,0
8f30544d-e80f-451f-a269-4281c16097f0,0
8f332d6f-c59a-41f1-a2f1-0764e10c6832,0
8f35606b-7d8c-40bc-88ce-5588cfa97223,0
8f39fdae-eabc-4146-879b-398c1e49ddc4,0
8f3b775a-deb8-4c6c-af99-f6352a85c69c,0
8f3b8d24-1a05-41e7-ba2f-a6ff702722f3,1
8f3db15c-437c-4d8b-9f4a-6773afa79ced,1
8f459b04-c348-4f58-b90c-aac7d6aaf0a3,0
8f479462-0782-4cc2-8360-4fb668131b1b,1
8f47dc80-4330-439e-9abc-c48902686442,0
8f492fd2-d8d8-4de7-b6ce-9cf7809d0628,0
8f4aa2e8-12df-40f7-9705-82e524a4920d,0
8f4bb647-914e-4820-8a3a-3419d7adcbb1,0
8f4c13c8-1a96-4612-a507-6b3713018a63,0
8f4ce900-4aae-4d5b-84c1-ac9590030f6b,0
8f4db834-0fbc-49bf-a709-c066879c6e28,0
8f518a94-4033-4cf6-8267-b78520ff7e05,0
8f51cdd8-d211-4643-b489-523e6dc7a03c,0
8f5523c8-e2c8-4acf-af93-45183e9ec1e0,0
8f563f44-8b10-4d0d-8149-c5ede13140b8,0
8f5be8db-3160-4315-b0c3-2447407788a4,0
8f5fb716-2582-48e3-9a14-4ea146716db1,1
8f62c790-caad-4c9a-8079-002e6439655e,0
8f640fce-3001-4887-8a5b-8700ba053425,0
8f669575-8263-4655-bc41-0d915bea9483,0
8f66aeb5-adfb-4c61-9805-28db7d1b35a7,0
8f66cbff-e448-4d7a-ab32-4387a4ba0002,0
8f6af32b-d3c7-4cd4-b05b-efaac3cfc918,0
8f6b0619-979b-4314-bb28-ed13386a1b28,0
8f6b7111-9635-4ebe-ad79-d9269dfa449c,0
8f6bf550-19fc-4111-baf9-827d22573101,0
8f75ead0-8eea-4137-8b4e-ce0d6144a62d,0
8f7929a3-a5f4-403e-b2ff-13ee784b59be,0
8f7bf89d-3adc-4fdf-8096-35cc6fceb315,0
8f7ffc58-3a19-45b6-845f-a2155e872254,0
8f80e4c1-30a7-490b-bc93-0174019bceed,0
8f813af9-9c28-4aba-89d7-2962a6a3a1c3,0
8f876c52-37d8-45b9-a1ce-985e4a5c2ac9,0
8f89c334-89f1-4342-b7e3-6b8d5935798b,0
8f8b813f-2bcd-4a10-94c5-1c6f8e7271f4,0
8f8b863f-65f5-409e-a1c4-cd4d1a828197,0
8f8d3253-bc84-4f4c-8494-f08d5aa77f5c,1
8f8da8a9-ec75-4417-a5fb-6def3bd0211c,0
8f8e4daf-7d2d-4b8c-8fa9-d0e194160804,0
8f8f4bd2-f90e-4ee4-852a-b405f7dd2540,0
8f9417de-b692-4896-8bf9-19bbb8eeb768,0
8f959d9f-9641-44b8-9f39-8ba55745e807,1
8f97079c-933c-407f-a789-047259f3eb59,1
8f99ed9b-af2b-4b3d-a34f-8471f6a20a9e,0
8f9addd6-2951-4db3-a8a3-ebadc2deb9ac,0
8f9d376a-bdfe-4931-8a58-b6ff5f4d8bd3,0
8f9ff99a-a526-4d05-8f7d-cc1dfdf8e431,0
8fa219d2-bcfe-4e57-b57a-08fdc78cdb37,0
8fa306f4-a891-4f59-9449-ed9b2cbdeeab,0
8fa936e4-c5a3-40c7-836d-26bbccd9bf66,1
8faae745-d752-4b59-8f52-025daae39178,0
8fabf68c-3b20-4897-a360-f2dd991dfa47,0
8fac1615-5bd5-419a-820a-9b0d27183174,0
8fb1013e-56dc-4f84-a29a-45f871407648,0
8fb15409-7204-4530-9c68-9b94b714a7f1,0
8fb298aa-fa86-4503-a721-272e30bd39da,0
8fb2d87a-df3c-4a5a-93b1-3352e290cdbf,0
8fb3fcd8-7a93-47f5-adc0-2b97414aff4e,0
8fbf2b74-9c01-4b43-907f-aed3b4f19430,0
8fc24ce5-e322-412d-ac8e-09f65787b0ac,0
8fc567d0-013e-44b3-a563-6eabf1ddaaf4,0
8fc56bc6-7798-4989-b5cd-a47b3dadba7e,0
8fc7a093-e9a4-4b88-85db-86b3ff59a8c6,0
8fcc4a35-4eee-4111-8105-bcd175d6af91,0
8fce2b5d-e485-4b0e-83e8-dbb394ee6441,0
8fcfadda-d680-4771-931e-63adf8448e8f,0
8fd06070-cc25-4d31-ab72-35ee28031e52,0
8fd630e1-d853-486b-8e0c-b354e9ecb229,0
8fd81dd2-91d4-4d56-8eb5-deecb4ac32cd,0
8fe69441-4480-49a5-86f8-709131adf87d,0
8fe94c5a-c2e9-41aa-b08b-ec56247a0b07,0
8fea6223-e2ea-4577-9d1b-d04c2c48be2a,0
8ff0e9a3-9473-47d1-aa62-d6aae6b21a58,0
8ff1c295-d592-405a-a5b9-9b24a034fa1c,0
8ff1d7b5-c40f-48f6-8959-85ae82df19a0,0
8ff76dc4-0de0-4303-9d65-b9e21ab9e37f,0
8ff7cab4-3a86-4a10-8499-f64075365f91,1
8ff97cfd-38c0-4048-ad13-cfb73de6a63e,0
8ffabf8f-550c-499a-b503-c184926c7607,0
8ffb9e1b-a843-4220-ba67-241ac7226157,0
90050263-5d83-4d1b-9c55-d8ec56fcf3bf,0
90085a8d-f8fe-431f-a9a6-65a9441674db,1
9009da87-4842-414b-8692-2d4553681fa6,0
900dc287-992f-462b-bbc3-099ea8ff0399,0
900deed9-63ea-4520-9c2a-875304a4d68a,0
900dfbfe-b77d-47c5-adc1-c5463a8aa503,0
900e8c2c-5c90-4dcb-954b-719d10341a59,0
900f6953-6afa-45d9-8da6-319b668f669c,0
90123ac7-61bf-49db-835a-83212ef2c6f9,0
9013ccb6-be17-4807-bc03-384afaf0bd54,0
90150170-771f-40a6-83c9-ffe1d41f5df3,0
901630b7-c071-4b78-b480-9e950f4956c4,0
9023a498-3bd3-4ab4-a5f1-c33dc0a9248f,0
90286dd7-cf01-445e-8943-5870d53c3caa,0
902cc578-9f1d-43a6-b7d8-681ab307d3bf,0
902cf864-61b4-4dcb-bc7f-438cbb771407,0
9030bc7c-b1d1-46d6-995a-1e255e17ada7,0
90311cdd-9a23-4575-b947-332eda7445f2,0
90319701-e341-4e1c-bc56-32ee853d4fcc,0
9031d8ee-cce4-4205-a878-713368e91fd0,0
9035e68f-68c5-49a6-813c-01355ec7310e,0
9036a6f3-e0e5-4d35-b30a-0fe1f340ee58,0
903a9cc5-9ca1-4aff-9765-de0f9f7d0ec9,0
903ba4c0-72da-4fb0-9aae-f90acee7d216,0
903f2fca-4650-48ae-b633-6f8b024a5833,0
903f7e20-5d2f-4cd9-9800-4b62f66ed9df,0
90468bba-2e94-46bf-8cc4-f75769592c2b,0
904d47bc-0995-46ca-b884-e5796b7fa328,0
904e1bc6-17e0-4c4a-a836-fb0c474cda99,0
904f34aa-7717-43c4-90a6-04bed3c7ece0,0
9051bc01-d2f5-47f5-bdb6-0c329934d936,0
90559d29-0a0c-46a9-8a62-3fcb9078bec4,0
90567280-10f4-40ab-9d82-e71bf50af6aa,0
9057fb17-3898-49f0-9034-16ce6ca92d4c,0
905ba189-b9a8-47a2-a934-1967979a3911,0
9060fc03-8ebb-4cd8-9bd3-ba73389ade41,0
906412fe-6b34-4778-a2eb-df3e940c7b17,0
906629af-5652-4885-bc0d-96f854263f60,0
9066cc4f-d910-4628-a200-3f7ff1f25f3b,0
90684d42-d2ec-4e9f-a18a-475f743529fe,0
906bbdc8-84ab-4f43-8603-41008928d92c,1
9074910b-bf4c-4ef2-9e1d-e83d2281887d,0
90752acb-b039-4367-b07d-90bcc8d4c76e,0
9078e07c-902c-4315-9f65-b3ca748125b2,0
907b38df-3aef-4b5a-a9e0-7ddfad776961,0
907e46ea-970e-47ce-958f-d813cecfe6b0,0
908103e2-289d-45c7-8c35-1b35e31d740a,0
90844fb5-e84d-42bc-9979-3338cdb8ab27,0
90882bab-abaa-4c63-b287-0260ee775050,0
908c3142-65f1-45c6-8fd4-a9bd769c246c,0
908e2a7c-1322-4cb1-83b5-16c1d7ac9047,0
9091b16c-54d5-43a8-aae3-e33a8c9e42bc,0
90931c02-61f0-4fb5-a22c-68dd549d4f48,0
9094bc24-3581-45e7-aed7-ac732307e3cd,1
9096d92f-f35a-4f5f-b09e-f2f095666440,0
90972300-72c0-472b-8f6f-5ca8ee27f455,0
909786f3-0f56-42b4-8a40-af336db0d1fc,0
909cf834-ca73-45f1-95ad-cc9a5844d1ff,0
90a2c494-011a-4210-a3a7-b9e045eefe7e,0
90a6f535-9b66-4ea4-b78d-1e6caee4a51a,1
90a99e3d-75f3-4ced-bcd3-4fe3c962d5c3,0
90ab0cf1-ece9-4c6b-a35a-9040fde5d803,0
90ad8b77-0efb-4eba-aba2-94b4400cc324,0
90b16c6d-e69e-4369-9449-d981da13a7d0,0
90b1d3ea-6695-4151-abdf-a1be68a47208,0
90b339b2-8263-4776-8a91-7d6177ff0d47,0
90bc2964-4aef-46b7-a872-220220f2591a,1
90c0f40f-fe52-41c2-9171-00d729782c63,0
90c41690-49c7-4597-bba4-38ae8d1301a9,0
90c4db60-707a-490a-b1fe-1a27b0ad8383,0
90c57e1e-3dbc-4312-83b8-a29d6c51473f,0
90c6a43f-b0b0-40b3-8bc7-4c16466f4a33,0
90c73528-219f-474e-b305-3fa57d93bd24,0
90cad079-cdae-495e-b160-0610f501758b,0
90cea73c-4648-4a49-a62e-ceecc45d6cae,0
90d1de09-cf92-4d42-a6a5-528f3ca61498,0
90d4a0cc-7985-4d22-8d0d-0e5f72d529e8,0
90d61a9b-87ca-44f1-953e-5272640cb544,0
90d7fe66-064c-4ad6-9ba3-56efb46f4fd9,0
90da1027-35ec-45bf-8268-592152f8fb70,0
90dc1511-b091-44db-b585-bd9de2c9371b,0
90dfbcb9-6818-4aec-8d93-fbd2c08edeca,0
90e04201-6f3a-46d3-982f-1e97235c69d9,0
90e0b720-03ea-4022-9b08-cc5027b9ba59,1
90e21f93-470d-46a2-ab43-46c0663969a4,0
90e56474-b1e5-404a-a75a-29c9c4741979,0
90e91d3e-1c8d-4756-bbd2-3bf44218f888,0
90e95256-5dfd-4f0e-885c-16bfe88daf2c,0
90ec9c98-5538-4d2e-9ce2-2ad46c980742,0
90f40d6d-332d-4075-a50d-eda6d586b0d0,0
90fa5b22-dbd8-4be5-bbb1-33d57ad17140,0
90faf0f9-898b-4608-b245-c3fd3a117b04,0
90fbb0ea-953e-4637-b86b-4f730f55ee98,0
90fd349d-5c59-4039-b0f1-ab54c3fab262,0
91029f7f-c411-43c8-bfaa-20de43ca98ab,0
910cd511-7fea-4aa7-8285-d9702478c1ed,1
9112f9e8-cc8a-4d06-8919-d6bdf24f977c,0
911547e7-059f-4910-ad4c-f92d1c5933c9,0
91174fd1-5e98-41c9-90f7-69eff8a16ef5,0
9117af9e-b127-4021-aa90-1b63fb7733b2,0
91193c3e-f5f1-4a69-88d4-ee7e2290860c,0
9119a877-671b-4a8f-bd45-66a05db64a84,0
911a3ce0-cdaa-40f1-9fee-720371a389cf,0
911ac968-87a9-4725-8f37-f1185f22ef91,0
911e01a5-12cd-4b16-9569-c35d5243a3d4,0
91200f90-2e02-40a9-8453-d5c36070acf0,0
91219169-95ee-4f0c-a482-678e17887c73,0
9124826c-acd2-4194-8c38-7438880a6d5a,1
9126d6c9-edca-411a-88cd-d80291d80b7c,0
9129c0fb-cd26-4090-89c0-64cd4904101e,0
912ac252-4878-4cac-9f48-de8e07f523fa,0
91305b97-c135-4fc5-b9d5-e9a5942c87ce,0
9136e97d-1acb-464b-95c2-7c635c6989ba,0
9138ab2e-1d43-4366-b07c-c6fd60cf04e7,0
91396395-4ee4-4136-9956-9c8106d7e519,0
913c57f8-0e34-44e1-b413-eadc45428ad4,0
913d3788-6f7c-43e7-b2af-15f455ff06fb,0
913dda7d-e3ac-4cc2-9f49-80e21c0d860e,0
9144044a-849b-4869-a350-9d345e7b79b2,0
9146955b-1a7b-43f2-9157-b80337996642,0
914e7bac-a1c6-44fd-b97e-93a15720e185,0
914fc89b-e408-4c7d-a1fd-4d338f5c0a8d,0
915a510e-ba33-4745-b129-27f5c8ee22a2,0
915b8dc2-ca2d-485c-8b41-bbe3827ef75e,1
915e2e4d-f30e-4145-8e1f-2617e7436ce1,0
9164358c-9733-41fb-921c-c194ef471c7e,0
9166135c-d546-46c3-ac1f-176ef3054351,0
916ba051-6a50-4d7d-9fba-8466a57e6a67,0
916e7b6f-18f2-4774-a38a-abeb911f190c,0
916ea759-c9a5-490a-84d6-69bfcca8ac84,0
916fac03-9b50-4a0c-a83f-fbba91aaab37,0
916fd4a2-2088-42a9-8ce3-92e3259b301c,0
91735f14-b077-4911-9fba-61c1f3cccf20,1
9175d38d-a525-46b2-bb3e-9756dd585189,0
91789e94-f714-4ce1-b69a-3fcc6e036001,0
917af768-e9a6-45b0-8e23-6d0aee47bb9c,0
917fd5bc-a33a-4dc0-a95c-93d4b0a6b78d,0
91854407-5427-42f2-ba51-ca9fb8feaba7,0
918a7adf-5bf8-470a-a8d4-519db1ff8b99,0
918bd156-ced3-494e-8ab3-31661f6eb0a7,0
918eb5e9-7b41-430a-b40c-28926c9283b7,1
919069d9-655a-418f-8051-e4023fd4a539,0
9197bb29-c79c-4b48-9487-db01899be351,0
919814b3-8886-40cb-9762-f35b090dd430,0
91989ed2-c42a-4afc-8b26-81427ea27ad5,0
9199179f-770f-4a1f-8a13-c530dc15f7c9,0
9199346f-12fa-4fd1-90b9-7a098a6dd665,0
919f32a7-8108-467b-b926-343f50415bd8,0
91a13ae5-05e7-48aa-863d-40125cc37ced,0
91a694ac-d619-4681-80e4-2da521cf645c,0
91a8ffa1-9421-466f-8021-cfac449035c1,0
91a9d71c-f925-41b9-956d-33e6f8ed9a27,0
91b4b877-c3aa-4c0e-9a9f-bba2aa8e7e8b,0
91b5aae5-132e-4336-822a-cb142afa2f1f,0
91b68c49-1c4e-45a3-9fbd-428a69fefa73,0
91b93c70-d179-40bd-888c-ba98b4e2d89a,0
91b9da30-59b4-4df1-bf60-b0d57da76b79,0
91ba4df0-be22-4470-989e-5c6cb92c5187,0
91bcb083-c6b4-4a91-82d0-b692a1bd23f8,0
91bce123-67ee-47ee-9458-64296a6341ab,0
91bf5925-f052-436b-955c-00b7ddf16018,0
91c153d9-dfc1-402c-9630-5a33c3e1c027,0
91c1b64c-efd2-4fb2-811b-d5460383d58d,0
91c3fa29-95d8-4e97-a484-fbce383234b5,1
91c89d00-f9c7-48c2-b233-caba16f49490,0
91cb3f17-1619-468f-922c-bde536f7b6a3,0
91ce3334-7110-4366-9fe4-fc4d93d215d7,0
91ce4dfa-9df8-4e72-8fb8-2e0fa7ba1429,1
91d9d430-1dd0-4e99-b58e-02ead4e0b9a5,0
91e16e0c-4197-4c34-a5cd-2e5ec745596d,0
91e27332-8a72-45cb-80e9-8e65696e5d9b,0
91f28b96-684f-47ce-a320-967b64c392d1,0
91f60815-7985-491e-9726-7b509b996a36,0
91f6d35f-ab9f-4787-9bef-6c7d0c7ec37d,1
91f86aa9-34a1-421b-86ed-846e294e385b,0
91fd738a-a846-4fa1-bb18-bc8a7cceddd3,0
91ff486c-2557-4f28-af84-74bfab395adb,0
92010abe-695c-4215-9a18-fa83658e8e74,0
9202464e-e3de-44d2-a0dd-e1a232d9b202,0
920350e0-14f0-49d1-b9e4-cc9ee1f9a3b5,0
9208e7bc-d920-401c-960c-f96330928ae6,0
9209d8d7-a1f8-4e7d-b6de-e5009e0a7aa2,0
920b8627-3db1-4d42-983c-c677b4481060,1
920c9c20-667e-4f2d-8b6e-ab4f4e0596c9,0
920d54cf-933a-45a4-9969-ccb915494c47,0
920f28af-cb9b-4b7c-a7fe-6efc4428b4ff,0
920ff35b-3a20-4b7c-8227-a4a97a719f5e,0
921086a4-cda0-456f-b25c-b8acce8196c5,0
921174d9-0e5e-4b95-8a89-70dc2af24605,0
9219827d-9385-4bbc-92dd-332f9eee3748,0
921a192b-ac42-49f8-9f78-634cf79c77b9,0
9220c843-9c81-4986-92cf-60575c5b289c,0
92219ca4-c349-42a9-997e-bf29e092109e,0
92272005-da53-4819-94de-2bed298f94d6,0
9228fd4e-7e5d-4c39-b64e-26406e71a731,0
922b8c32-3e58-4bd6-ae96-254ddb955ff7,0
922c7d82-e8ac-4d03-8484-5259b7a3cf3f,0
922ea526-879f-421e-a56d-6b850e377077,0
922f3463-a9de-420d-b5ae-c50caa080e95,0
9231af1b-bcfb-4545-a009-e893cea2921a,0
9231ed73-13dc-4ac3-b012-cc9d1750977c,0
9232b4bd-3e5c-4ad2-af72-488f2d93a6c9,0
92347e2f-4019-4ab4-9b77-b88a995425a3,0
923d1135-d6f9-4784-a4ea-4918bf18e95a,0
923f30ce-d17d-4847-a954-5af248a0884d,1
924bf548-6851-4de6-99a6-db65d990886d,0
924d5a41-3262-4693-88b9-e1677115d552,0
925138d2-fe3d-49b4-aebd-4995d616abdb,0
9251c125-f2f1-4f86-9df6-6ff3b945c598,0
925315bf-56fb-4bb3-9ccc-9de202c40aac,0
92543282-b1f0-454e-bef4-7310b51ecd58,0
9254987d-c3b8-4410-89a1-1d72a07c9029,0
92557453-e862-4cb9-b2e1-6d283496894d,0
92557855-551e-4fc6-bcb3-adf013b0c37d,0
9256a937-b447-4f39-86a6-5ae91be9fb7a,0
9257642e-a056-4bde-a154-aefabfe4f0b0,0
92578011-f398-4cbd-8f5d-62b32f368050,0
9258a6c5-0b7b-4be1-9f86-00f81a4c97bd,0
925b8b0e-7ef7-40da-835d-c56940059674,0
925b9e8c-46d9-4a6d-86bc-decc90e3ef9c,0
925fa027-a147-45bb-b0ea-da169d947c93,0
92614c77-acf8-4c1b-b36a-6f4b94532f0d,0
9264388c-0d57-4a2f-a50b-31ec04d98f59,0
9264f4a9-b2df-44f4-98f6-1967d75a9c76,0
9267b787-2e88-4d0d-96f4-17c90ef640e3,0
926aaab1-a099-4e85-bd12-1a25e9861956,0
926fe121-3605-4978-89ad-ce72c5cba6ad,0
9272429a-9b50-4091-8aad-33b71f498f69,0
9273a4ec-0ee3-4c00-a326-e10526a201e2,0
92787572-fb48-4da1-a832-f09f9c3708a2,0
9279a2fa-f6aa-431d-bfc0-d14a17f5ef84,0
927d5bd4-65e1-42a6-8b9a-d1ae73cbe514,0
927f453f-6eff-4e0c-b64a-7fa56919f28b,0
928529eb-e7ee-4294-8f4d-f56223f448d2,0
9289324f-629c-43f8-bf9e-1e90ad9b0fee,0
9289bfc2-7061-4ace-99a4-e2c1f1fa15c3,0
928a121e-d979-48f5-9b9b-52ee851841c7,0
928ab9d1-7b90-48a2-afc7-fda525e6ce74,0
928c2747-9f66-42b6-8fda-3c6c9b02ddf5,0
928c8950-9e0f-4bf5-9d06-f0286e0cf805,0
928fb4bc-0713-4f0f-adc3-bfe61a671986,0
928fba21-d326-487b-b2f2-bf08540ffc8d,0
92922c1b-f6d8-4d7a-8d5c-9356d0652930,0
9292b045-6acf-487a-9470-2682f6c2cec6,1
9292e6c0-c05c-4f69-964b-ad3865e2f9c9,0
9293452e-ef61-4921-af29-24d28e6e3bed,0
9294b191-662e-4e86-a589-0a768c7988fa,0
92963bfc-e83c-4376-9d5a-a8f7ad8b71d1,0
9298a5b1-72cf-498b-8100-647239e0ec1d,0
929c2696-8c0e-4e6c-8ba3-1bfdb4aa1d7f,1
92a2fb66-ebe7-4449-922c-d868c681254c,0
92a62dc9-2291-4fae-8799-e642f1e24dc4,0
92a713fa-cbc4-411a-a9ba-f0399faadb9e,0
92a7c3fe-6639-4b9c-822c-bc7ada5a73f9,0
92a90b6b-583b-4b9d-b379-d578019c93b1,0
92a93cce-6b66-428a-94a8-effde2b09257,0
92a952e8-003e-4826-b146-49f26e7bc403,1
92a9afee-35cb-4ee5-bfee-1cfc7d608f95,0
92b325ed-7355-4421-bbc9-54fed2a1c769,0
92b52560-fb50-49d4-af92-143314eccaec,0
92b7d226-1f3a-4398-806e-a4d3b9150747,0
92b8726b-39e1-48d8-bd46-4b105a378ca2,0
92bcb771-f0bd-4ac9-9dd5-30bbcf7d94a6,0
92c09ab7-ecf0-4652-a37d-637107af82c8,0
92c3a721-8ad5-4026-b1fb-c349aefe9fe5,1
92c41a6e-8af3-4bb6-95f1-9d20b68e0668,0
92c504a9-b7bb-4d24-addd-21c98627b2cf,0
92c5168a-b14d-43bc-b24c-57687e310570,0
92c59687-1fa1-44c2-b192-3db7b40b9fab,0
92c92e03-e196-4ad7-9625-8964f225ca95,0
92c9a819-77e8-4b1c-94a8-cd617ff920a0,0
92ca77fc-04f3-4836-8c67-2355ecace999,0
92caad79-5abc-45ad-a799-d54ddeeb7299,0
92cb7389-5c77-4976-af35-6b958af6f03a,0
92cbbfd6-debf-4466-8b88-e78ab47c058c,0
92cd48af-3bb6-49a2-8e81-8cea02386817,0
92d2544c-6826-45b0-a03d-e4ff4f2cc4f1,0
92d4b50c-9ab0-4e80-b20c-82124510b30e,1
92d8089c-3710-4b18-8a44-81e86af72450,0
92db937b-02df-47e6-b954-49d8fc500fe9,0
92dc9a19-4b55-4e0d-a517-ad8e123f81e1,0
92dd583a-4b6d-4824-a446-6772a62a6b2e,0
92debb43-2636-4c10-ad1b-b301feb84368,0
92e074cc-087c-43c9-94b0-7b07c9301169,0
92e24744-0797-47bd-884f-d5fa9ffc15a2,0
92e25088-9caf-4970-ac76-b968fb4f47f4,0
92e2a0f0-106d-4a74-beb4-39418c81d394,0
92e3e98f-0fed-44c0-909d-3158b277614d,1
92e486ff-7954-481c-a1ed-f06ccdb960f5,0
92e4c02c-6db8-48b0-8241-ade1c41aae18,0
92e508bd-ae8f-4ebe-8850-a3080525dbf7,0
92e66b68-ca95-452e-83be-802b2d6e5e5e,0
92e9772d-9675-41f2-94b2-898afab6d40a,0
92e9ceea-786e-49cb-b10a-60156c6c3c92,0
92ea15cf-7d29-49d8-a841-9b278fc2a54a,0
92ed6ad0-6e00-4568-b107-c20d0bd81529,0
92eeeb76-c153-4537-a01f-2605fd599b46,0
92f64e51-a683-43a2-8057-e891b40a3981,0
92f6b5d8-8241-489a-b284-4a3608a79ea9,0
92f7811f-6d84-4e30-ab40-eac72ded24d9,0
92f8fe55-4e74-4b00-916f-3ef3c5cb7b00,0
92fa145e-7a69-4bd1-b70d-71f91984673b,0
92fbbdf2-7057-4056-aca1-2583ba615c49,0
92fcdebf-dd78-4b99-94c2-2249f04882a0,0
92febe04-db60-49ba-a1eb-053b460d7fee,0
9305ec64-779f-492d-9459-712fef5ad69e,0
930708c1-a567-4221-8c92-8a5be01b9dc5,0
9308e8dc-cdab-4951-ad92-6861a14e180b,0
9309ce6b-0f24-4269-8170-0709104d48e7,1
930a8768-e976-4a12-858b-e4bc0487ed3a,0
93140cc1-843e-4665-9826-f9a717ed2c3c,0
931665b4-169b-4e45-b54a-40c220e12f38,0
93173a98-b51c-40bd-896d-9a0b673a2677,0
931ba08e-c43e-4440-857b-d77d7712b43a,0
9321f78f-c556-461c-879b-64093db81e95,1
93223101-70b4-4868-834e-0e65b3422ac1,0
9324ee57-3b9e-4f92-9298-d41062ba3160,0
93259496-0560-4b7d-a927-063bea630df3,0
932600eb-5bf9-4749-822b-ab851ff5b108,0
9328b996-50b6-4215-a1bd-fb1e82511f32,0
9329b9a9-9d1e-4548-af03-25ed22766ea0,0
932b8ce1-5ab4-46e3-b076-6dc2b5ac98d7,0
932faba0-47f8-422d-b388-a0f29e7b6573,0
9330920e-825e-4aea-9f40-7103394a0d3b,0
93351082-528d-4296-ba8b-b09a9fb9d2cb,1
933631ad-ac6c-4680-99a9-35e509239041,0
933e4e4c-c126-49ad-accf-8c3304ba8fe7,0
93403312-3257-40a1-b526-9f73357ad001,0
93407c9d-a643-49d5-9ea6-7f57d14230f4,0
93446ba3-e91d-4bdd-8913-7bb5ef0b2c4a,0
9346c8e1-5c29-4974-94e3-ab2f08725858,1
9348fd4d-8a06-470b-88e4-7e7c920ca328,0
9349bb00-583a-4aa4-880e-c1a9ba0755bf,0
934a6c82-3f66-4ca8-8e7f-12d7e58a97be,0
934a815a-1284-463c-8420-8c2db84fadda,1
934db551-89bb-4d7d-8937-c86bfa73f2be,0
934f9347-bd76-4d3c-bd94-01c2574ed9c2,0
934ffbf9-e758-4b9b-91eb-9cd00a43ad7a,0
93517951-2ebf-4264-83fe-975051fab292,0
9356fca9-c33c-4101-be68-e8fe3a737415,1
93570bd9-b0ad-4e6e-a12b-099c044a73d6,1
935d3527-57a7-4484-ad2a-b668248898cd,0
935eb447-da6d-4090-80dd-2ef66fe1e003,0
936015cb-6959-48ca-b0b7-f45505e9fcba,0
93625cb5-989a-490f-b660-200d5dad4b19,0
93649694-b755-4c16-b4c4-4924603f4f33,0
93693690-fe62-44c1-805b-0c14ce2be81d,0
9377540b-220c-4af7-8541-c0b88c8a5743,0
9377d995-cd66-42f3-9180-25081daffd0b,1
93783e09-67e7-45aa-8a3e-c4ea661fc66e,0
93786be1-813e-488a-9c27-b3f848ddad12,0
937a6ee7-0557-47b8-b714-9b3d6b57c72f,0
937c13a4-de7b-4998-a880-bebd620a8209,1
937d5e11-b2cc-400e-b3bd-25da8aa5a748,0
937eb6f7-4a83-41d8-ba7d-b4d473f3f320,0
937ee71e-f998-430a-b766-f68f1cc0ac7d,0
938004fb-9128-4352-bddf-1860ab74be73,1
9380b097-4cf4-4747-aa05-df974b4bef7c,1
93865e0a-51b7-4785-9ab0-9886064fd247,0
93880d20-a739-4d9d-8e63-ce4b2c0bb398,0
9388f4b5-a6b2-4a30-a76b-959c292a6bdb,0
938aac3b-694e-45be-bc95-501c809fd2ab,0
938beb4e-e1cb-43ff-a536-4ae7eb61d619,0
938de42c-ea4c-4c7e-afd2-5cec0774164f,0
938f0243-9ed1-42d0-9a57-1bddb33b80e7,1
938ff751-eb9e-497f-ae85-9f579a893669,0
93929014-a497-4828-88cc-fafd7eb26251,0
9394f60a-064c-4da6-bdd6-4065156ca338,0
9395bff4-0555-4f17-a97b-056a098a5c9b,1
939dff91-0ed1-4cdc-a5a3-ee15cdd76994,1
939fb28c-0695-4d8b-a38f-c453733fa33f,1
939fcfa2-db6b-4ad7-9192-7f5198b68b21,0
93a140ac-e012-4044-9003-37ea88f073c7,0
93a33de1-d08f-4be8-b1bb-3b6cea23b93b,1
93a9ac9f-b138-4164-902f-596701fb69eb,0
93acadf1-ec9d-4af9-a86f-2e5dc68242ed,0
93ad8fa7-2ee8-4103-b342-eac0fd7d155e,0
93ba8077-3c45-45a1-8ded-f1529d0804a9,0
93bc7840-6ae1-47c3-9dca-5cd1171989b4,0
93bd8bc0-d187-43e5-95d1-cd0825a3dead,0
93c1ac7f-371b-44b6-9e41-d19e6f443b0b,0
93c5c5c4-e09c-4c5d-92c8-c44b4264aa48,1
93c60d5f-e4c3-41cd-bf4b-780652ae8ae4,0
93cbcf04-c0ae-4e4e-b553-256ed2416d8b,0
93cbdc02-5697-4d7b-a2b4-f581fc10d9e0,0
93cc5e2f-ab79-44ab-9f3f-dc875e26b53a,1
93d0f228-275d-4ade-aba7-15fe9333ba39,0
93da72ca-5a4e-40ca-9ca4-8fa50a593366,0
93dba882-85dc-465b-be0b-77d1c59f45bb,0
93dc6d50-6671-4237-ac48-da254a1ad2a6,0
93e000d5-9908-44df-8c0f-1505aa7e1200,0
93e01f59-43cf-4152-831c-76d65b9a322c,0
93e0a096-e574-4d45-b04a-e1dbbf7523cf,0
93e12cf4-ad4e-46b9-8205-ead3b4c93f5d,0
93e1308b-37f9-4586-9201-dc5c475440a9,0
93e20db3-949b-418f-b37a-4a16c48e7ebb,0
93e2aed1-6f6d-4f41-997b-7d617b6fce7b,0
93e4f07a-10ff-407e-a536-46121a430a8d,0
93e7826d-0a84-462e-ad3b-ec572d26336b,0
93e92687-bb4a-42c6-b54a-ba8b451d52f1,0
93eb6e71-e030-4b30-9f89-86f08fd99a2b,0
93ee0f27-7942-4f6e-a909-892ef04b0056,0
93ee54a1-d7dd-492b-89ca-03fbdae869ec,0
93f0d665-b334-407e-a7a7-81c0248beaa2,0
93f1a505-8907-466a-ba07-d1e803472a99,0
93f49dde-b386-4eac-be6f-5afd3d5dbce2,0
93f54c0b-e687-4378-899f-d04a1c9bf357,0
93f7e253-6c1c-41c4-9819-75670b81454b,0
93f8176f-1a90-4ca7-9c93-ab59c8302b38,0
93faf89f-8bbc-44eb-bb67-e3bac0057c63,0
93fb34e8-9a9e-402b-8325-ef12ac6a00e5,0
93fcb435-e5d6-4ebf-86bb-e9e724719095,0
93fe2ac1-1337-4e12-b0e9-279d3ab336d6,0
93ff6a91-0975-44cb-85a4-cbf642edee51,0
9403562f-bc17-49b9-9578-3d5ddc30111d,0
94035d6d-456c-45ae-8c0d-bb831afb82a4,1
940375e3-b957-442b-b416-db42117eacb1,0
9406614c-184f-4304-9868-2b4132bd2007,1
94170062-6e61-4e41-83ab-d1a994acc600,1
941fcd48-b105-46d5-8f04-b39f0e562dd4,1
94258b81-bb1b-4e5d-810e-025e90fe5d37,1
9427065a-ff9f-4b74-b668-06b34c5d5a54,0
942af52e-78fd-46cc-af84-38af64fbce05,0
942ca17d-0cdd-4fbd-b593-f12fb06ca641,0
942d8c3e-1e2d-4705-a0f3-e39a39022a41,0
942e6b53-cc4a-449d-b63a-9ebf7b66ed45,0
94320010-73f0-4b59-a611-05b3a41750ed,0
9433cde7-6137-4b14-9c87-141c6a369151,0
9434442d-acf8-4263-b68a-35a1c7a44eb9,0
94349be9-dfd2-4353-ba4d-64ec2cadce08,0
94372bf4-abdd-465e-a423-46bedf57a510,0
943759be-ecc4-4e35-b3e5-9640db4adc41,1
94389883-fde4-4a15-bfd0-458fab79c51f,0
94403cde-ce00-4659-85a5-b80f75294c25,0
94425d00-570a-4ab1-8b2f-a8ab411a5265,1
9443942a-62fb-4d7a-9ce3-311df1c132a0,0
944a8b35-cf36-4ddc-8721-8af01559c58f,0
944e63ac-3ce1-4a03-acc1-023f6fba6b44,0
944ecb7f-7a65-4e62-8181-ff8bcb2e3d10,0
944ed451-382c-4a0c-8d3f-625eb0a514b5,0
944effbc-071d-41b0-acaa-cb678a735dd9,1
94590e8d-1d69-4715-b150-6d89686ba6ea,0
9459c223-691a-4e41-9086-2ef8d28ad00f,0
945fecba-50df-4309-870b-086a51439aed,0
946358f2-defa-453e-b802-abd87d503373,0
9467d1df-7c5c-4f43-99d2-57e359e54e99,0
94689329-856d-4dcc-a2b7-895e52afb322,0
946a3b7d-87cb-4efa-8ccf-3ad5cb27af6a,1
947a47fd-c4ff-4472-a3d6-5a005ac33289,0
947d8161-6a7e-4f29-8909-8059c485eab7,0
947d9295-06ec-4847-ab18-13412fbbd085,0
947e37fb-6d64-4f26-8347-88d0fde71447,1
9481771b-6555-4446-9e9b-bf83ab2f3cf2,0
9482e4ba-2521-4252-a910-b1128286d540,0
94886428-6c81-4f6e-a3f1-6b61834f3a17,0
948919ed-5eb6-4acd-8764-a28f49c22151,0
948dce6d-06fd-4aae-aa4b-e934a4541084,0
948e3020-f78e-498a-bfeb-01f1b8a6f608,0
94911068-7841-4862-a8bc-86c7ef6d615b,0
94974dda-a7bc-4f6a-80f3-7a341a1afeb3,0
9497aba2-0820-47dd-b5d5-933fd3fd36fb,1
949a1639-42a4-46cf-ae94-de51e8528ef4,0
94a3c01e-329f-4ccf-a6af-01ebaf3fb3e5,0
94a68886-3fe5-4aad-99a4-fd8205226676,0
94a9938e-3c03-4b25-87ec-e76b3ba2eb51,1
94accb94-6def-4795-82ae-4f186b1543ec,0
94ae9471-15c5-48d1-9a3a-d66be271bc34,0
94aeed4a-0a33-4461-9c23-3d212b734c26,0
94afcf23-32bd-40b9-8fad-56da41e32662,0
94b1c5fb-88a1-4bb1-bdd8-2a14f1d662b5,0
94b34016-f97a-4600-9c70-72165a5edabb,0
94b3cfb9-126a-426d-8738-f879d87f2826,1
94b3d718-f09a-44ed-ac19-a7b8805571f3,1
94b4d0ec-9330-4a02-9896-5817e25e407c,0
94bb49e4-a986-453a-9ae4-5f99426b970a,0
94bb8737-4b13-4a2b-9fd0-ef9e709852c2,0
94bd127c-b5c6-4457-8adb-2844af267aff,0
94beddc8-8ad0-4382-91ea-a68586585ead,0
94c13aa3-db5e-428f-877a-bdc06861972b,0
94c1be17-b2a4-4482-8af4-a06ba5f20f08,0
94c59816-005c-42e3-81bb-8ceee5e8315d,0
94c64724-bbd7-4160-8e7a-bfc67c25616a,0
94cabf17-6d0b-45fe-886d-369054a6a46f,0
94cb2c24-9669-4dd7-a5d8-41f1b40de270,0
94cba989-ea17-447b-aa42-58fe36c018c7,0
94cc26d9-f060-4dfa-9eda-8a04678e5e0b,0
94cebee8-4880-400b-ab7b-9850f7e11f0a,1
94d56188-4d3c-46fe-8a92-3bce9ba1e5dd,0
94d5a39b-c56f-454e-9d1b-c524bd533f43,0
94d8b614-6702-4d5a-8471-a4da761d7217,0
94d9666c-c74a-4164-b29c-7becf18b0d74,0
94e58b73-1fd8-4bc4-beef-3c8499fc0a3e,0
94e5f585-e395-475a-a735-7264ed5da476,0
94ea2593-6059-4303-b0c8-c77e18b82e3c,1
94eaf589-2534-4096-9767-36b39f5b9c72,1
94eb29c1-a4ef-4817-9b82-fbf74074c105,0
94eed6db-44e4-4a55-bdb7-1f946b5ca04c,0
94f0467d-ddf3-4a67-83a9-8a8f55d9357b,0
94f0aa5f-92a1-431d-b10c-52f0a7cdfc5d,0
94f1948b-f08f-449d-99da-965d8e446570,0
94f31d9a-9194-4d6a-9155-66a271f68021,0
94f6370f-d76f-4e16-bf08-68545fcaad4a,0
94f652c0-c56d-4c0b-b42b-afef9c15f971,1
94f65ccd-2168-4a37-b91a-1a11306fa0b8,0
94f988b3-b2a6-43d0-bb56-ba5ba9cb4703,0
94fc8625-e1ec-40c7-bafe-6a797c58a747,0
9507ad27-b854-4823-baba-655e8555f1d8,0
9509807a-b05f-48ba-9640-c6f6d7288e46,1
950b9d14-01a9-4c59-bfce-afe321d8929f,1
950c91bc-33e0-435b-9bd2-61065ba3be72,1
95153a8c-5640-4d64-a769-02b17d787afd,0
95183ada-349c-408f-87e3-ff6c2dab1b23,0
951877db-8f02-4ca4-a29a-837793d3bcd1,0
951d9da6-8f54-46ef-bd18-ee4888210d1a,0
9523b1b9-06e4-454d-ae51-9e89d16c7b43,0
95250572-cec2-4f43-a8d2-f3d3d854e1e3,0
95256c10-ed16-4812-ba60-29a2934fba84,0
9525dee1-79de-40e3-849b-6f927f5c81a5,0
95279027-27e7-4bc3-98ff-bbba6b20c31a,0
9528f9cc-6c77-4a71-ba1a-dbe773cbbe63,0
952cb02e-5af5-4cae-b904-432e9f39ed59,0
952df0f2-1b06-4794-9095-f02015db4888,0
952e0559-1f82-4214-a031-46eee8b7c008,0
952fb95d-c9ed-4788-9f29-64c804c2403f,0
95309aa4-1b47-45fe-b894-0eb9c19baa6e,0
9532b42c-2c51-47e6-9edd-aea95205f371,0
9533e83e-5252-4ea6-ba29-a4cb8b44be7f,0
9535d6f8-65c4-4931-ae0c-95a2166ce5d8,0
9536ad28-bbb9-4407-9b27-9be472ba8c18,0
9536e362-7b05-426e-93c4-9c71c6337781,0
95376f10-a840-4019-abe3-2709e9a3e36a,0
9537c209-f935-403c-b51f-42acb0ef1d15,1
9538e7b7-977d-4c85-8e3a-844f87a800af,0
953a259b-ab52-4505-b5b6-f986390d30e2,0
953f3948-00cc-487a-bca8-7182952acf0d,0
9540ad78-02c9-4f1f-8f88-e68ea8e39aa1,0
9541403d-e7e5-4a47-b8dc-bcdf2b835de0,0
95428f4c-02f8-42fa-8f78-7876ec09362c,0
954381cd-daff-4e3a-97ab-a8e21ee68c55,0
9548f3e9-66d6-43c3-a067-9e49104e6c8f,0
954943b4-ccfe-4ad2-afc4-f26849d54fab,1
954c7bc9-e067-45c1-942b-5a6eb10959bf,0
954ce66f-9512-455b-8240-f9853247102d,0
9556bea7-bea7-42ba-a4f1-bed9f79288bd,0
95591943-907c-4f4a-8b62-b17b30330820,0
955d41a4-9d20-455b-9f34-ad1f3fb7b4d8,0
955f966a-c898-4564-af30-1fd958c25b29,0
9564d92c-346d-46a9-bf61-08ce800df1f6,0
9567430b-5aa5-4d5a-9a48-ca65a64b00e4,0
956fdbbf-8545-4702-aff7-f5272c1b68fa,0
95712f7b-b6cc-48ec-8e6a-b97ec704f515,0
957238e3-1b2f-4881-a1b2-d47d8d2b660e,1
957866ae-c254-46a5-b8b0-8964acbfcf85,0
957a1051-011c-4243-ba35-d8ec84bc3ebc,1
957b0cc5-06d3-4d7b-b931-0c758cdc2226,0
957f74d6-6cbd-4c08-9627-aa843f843088,0
9580a3ba-0c55-4047-b327-aabcab205db1,0
958160ac-3b1c-4710-963e-e4269c1ef3e0,0
9586f328-4edc-47ed-89fa-c6c8b13ce9ff,1
958966a9-3e86-48fc-89dc-13619e6c0cb5,0
958b874e-d72c-4acf-b74d-3a3740888fa4,0
9592b0c5-bc42-44a0-bbbb-4dc5bd79da1a,0
959334e1-0238-4292-82da-8cba6c4a48b3,0
9593fe37-6fda-4802-83c0-5d20bde97710,0
9597772b-28df-4f9e-9898-ea9a2fd2773d,1
95977b92-bb6d-44eb-b94c-68b9ba381113,0
9598d7bf-c128-4c5b-a035-20a0f1886e71,0
959a1d41-35b7-4af8-8f09-e69753912c73,0
959cbbe2-7945-4bdd-b3f2-19d1b86f1355,0
959d675b-a5fc-47bc-9a8e-9faf7699d936,1
959d7073-f624-41ca-a9b9-57a03e8c3302,0
959e803d-6447-428c-9149-091102fcd576,0
959ee049-5cfd-4144-a1eb-bffc3485af19,0
95a13567-a8c1-4bde-9b2a-9c9b686cab37,0
95a32153-5a76-4e5f-ac5b-c4008c41cfbd,0
95a6514c-bfdf-4d12-8e26-640ee5cc457a,0
95a837b1-25ee-46a6-9a96-65787870a906,0
95a9244c-cad6-43a6-b928-ba08128bbc0c,0
95ae59fe-d711-48b6-87a9-e9000cc47d1c,0
95aff71d-831c-4299-8261-dc36880fa6f1,0
95b491b2-4def-4702-84d5-5c9298a564d4,0
95b7accf-7b2f-4e35-8e13-72d3796c607f,0
95bc0d25-5871-4e4f-81db-3dc2180250a5,0
95bd0bcf-05c6-494e-9883-cd28b4b25b70,0
95bd1496-8612-403d-8bf2-ce5d4581fb56,0
95bec57d-cf0a-4fa2-819e-8ae6944f614c,0
95bf6291-9153-42ad-8a30-184ac47950b3,0
95c8c54e-73c5-44b0-9b2c-b9629a42207c,0
95d0267f-8405-46a8-ac22-b6d82b51fe0c,0
95d4edb7-8822-4f3b-b256-dc4311ebab46,0
95de1b44-f7b6-4a4d-970f-728cd0761d15,1
95de464b-84d3-4c34-b168-257e1057c6e3,1
95e28134-1a91-41cc-968b-8ba0e608b877,0
95e54f10-1f04-420c-a2d1-272d3ed703c7,1
95e58eec-b376-46b3-9f03-d6d092155904,0
95e5dafb-a649-40c7-8d13-c9b5969795ce,0
95e6326f-7203-4f7d-8456-abbb39d8954e,1
95e75600-64d2-443f-bf8c-4fe2ed989a63,0
95e8c65c-589d-4524-a72c-d00cd3a59f7c,0
95eca8e4-db98-4379-b8c3-4b47bf7c69b7,1
95ee8e82-0312-4e63-9cda-2d7b53abc96b,0
95eec08e-e8d2-4e31-b8ba-c3e5eadab113,0
95f0e959-9af5-43ec-9226-f84420e11c63,0
95f1b56b-3d7f-4235-bf0e-ee0cc1dd6dff,0
95f33bcb-34e8-41e8-b26a-d5072f082e67,0
95f37e77-a1da-4462-b9b8-c7102d827541,0
95fbe858-4d68-4e96-a95f-aefeccf7c080,0
95fe129f-9683-4181-b74e-7ef549de89c8,0
9601a02d-2162-437a-9855-7b51e763f1a1,0
96052af8-0c8a-4039-817a-d1b5cf9447b7,0
96066238-b300-45a5-8fa6-57a7ca9dd703,0
9608c072-12ba-4e9a-b4c5-ca5f45674411,0
9609acc5-61f4-41ae-9010-eabf73c72f15,0
96168e6b-74c1-4b2b-90ad-b7234608bdea,0
961c22d2-27c2-4052-beae-e1fd4d321a8f,0
961d74e4-e9f8-4576-9989-32764c1ba9ff,0
961e4d5b-955f-4351-816b-d0dc5e18fb72,0
961facf4-744d-464f-8e5a-6d7b4abdfcf1,0
9621031c-97d8-4638-9f41-c6b75dc9a136,0
9621471d-5c36-4478-8d04-e32ff5f0f54e,0
96240c8e-cd17-425d-ad50-2ddf56b985cd,0
962aaef4-b09a-4261-8749-9466ef1ea0dd,0
962ba1d2-039b-4431-88f5-6db5dcc12877,0
96322c52-8303-4975-9657-42422f961d61,0
963c138f-e488-4393-9231-2503366232a7,1
96457757-670b-47d5-95c2-2566453b47c2,0
964bddb6-975d-4c0f-b5c1-1bb2e72e4c60,1
964bf1ed-e8a9-44e5-a8ac-f88d488dc86d,0
9651f154-074d-4819-8b2c-a2db382747b4,0
9657c2b1-de2d-46aa-9f7f-003b803644c0,0
96587512-376d-449e-9fc1-71b826231c94,0
965a4a14-f29d-4804-8bbb-573f12dc5dac,0
965b0601-ae40-494f-a1e6-a067dbc65342,0
966064b4-c33e-407c-8d36-e57244c06f45,0
96646c52-1b6d-4990-967e-98f8724af9eb,0
96672e85-dedf-4724-a38f-fe204a99902e,0
966d047b-91cd-4656-9dd0-9af6287d985f,0
966e6b6b-d63f-46de-b79a-4e6e38110c72,0
966ed3c3-cfca-495c-a06c-cd7a52e6d4dd,1
96766b4f-6cb8-4274-8ee4-bb68590a5fd1,0
96778516-c439-441b-b312-d4c406907379,0
967acc1e-fd6d-4039-b5b3-b9f1a64433fe,1
967cadb1-9ce6-419d-9905-e3850c9f637f,0
9680237c-19f9-4ac5-8af5-39cebe05c448,0
96807a61-5246-4310-8529-bc90a6792a26,0
96812764-eea2-4d28-85cf-7f8d1aaffa98,0
9682640e-6a7b-4c6c-885f-fb7ceebb7bd1,1
96874cf4-7720-4199-8af5-1c156403d95b,0
968c37f2-0a03-44b2-a3e0-97563dea7986,0
968cf89d-abda-44f9-9064-13da4bc9bbd5,0
9690ac2e-e673-4a98-868e-f6f872a187dd,0
9692b000-a597-4383-88b1-2b64901ac308,0
96930c5d-73ac-47d9-9993-f7174e889e1b,0
96940f00-090a-468e-8cde-05e9397ac7bb,0
96941b64-c203-4b45-99d7-222ffcbcfb75,0
9699c9fd-0f6c-4907-a4ef-02f4707e5544,0
969d1515-f5a0-4f19-a4ed-8a47fb6b2a14,0
969d5284-1cc6-4bb3-87c3-e33d6f97538c,0
96aa96be-7d4f-44f2-8bce-37e5067ccba8,0
96adde39-7703-4eb0-8ea4-928b0314c0ba,0
96b0ff37-05c2-481a-bf7a-5345be4ab53b,0
96b789a9-fcff-481a-903c-4d6fd3c9b5d6,0
96bc5467-7ac2-4bbc-94af-58f1d5e7aa2d,0
96c13d39-284f-4e9a-89d7-24f28e81a894,0
96c3274d-2006-4995-998c-85fe7a0a94a9,0
96c5438c-872f-4e12-951d-b0c896a6f5f0,0
96c80235-c7b7-4d36-bc8a-a9c93f1ca3dd,0
96c94f1c-c7ad-4d26-bd89-b7e8596f67e1,1
96d042b8-ba10-41ae-aae5-6749dd3d1b75,0
96d2be4a-c1ea-4d64-9ee3-4b85bc76eb11,0
96d4b830-8159-4653-9799-f94c86f270bd,0
96d62cc6-0dba-4932-b6fb-c80fe5091aa8,0
96d6ee5a-25db-43a4-a904-f5bb536a1a79,0
96d74bed-0a40-477b-9f73-8797fd52cbcd,0
96d84eb6-3186-47da-a91c-65ee55e4922c,0
96dce493-37fa-418e-b903-938f64604d96,0
96de856e-3586-4a11-a547-5cbb27ed4db9,0
96e278c9-fe15-4a1b-9bc4-44918b60a95e,1
96e7c171-8868-4a2c-86c3-0a41f7eca8bd,0
96e8c89b-9373-4696-af88-d7d8f43083ec,0
96e9aeac-3e1f-46ba-9c6a-f6d9cd4cc641,0
96ef5a3d-726f-4239-a781-3a91a3b47d07,0
96efc1a1-1983-4470-9c37-8b61f4c3525c,0
96f36fd9-785a-4e72-803a-c0c585841a5d,0
96f7418e-3b2d-4a98-85af-e01fdf9e604c,0
96f741a6-1033-40c2-ba56-648f5621a3f6,0
96f7a730-5f6d-4105-ad73-91459f1d262e,0
96f7f1cb-18dd-4b4b-bb3c-bcfbb5197484,0
96fc0432-2da3-4316-bfaf-795606af8ce0,0
96ff13ca-17cb-416c-abda-03e24dd7bd02,0
9700f531-6192-4a5d-8bba-5ce82a3bb41a,0
9701cc37-bd6d-48a7-8ffe-76f940e79c07,0
97027784-bbf2-4e81-ba59-e88e3285aa78,0
97030dac-c29d-4d49-b0fb-8446b855796c,0
9706b7c2-6018-4d2f-9038-6ed789930742,1
97073b1e-fb68-4196-bf16-8b022d98e0cb,1
97077f47-83e4-4142-a965-5a70f9ef59ac,0
9708c935-9988-4ea8-a71d-11484c008af4,1
970aa7a5-4aa6-4394-bdb0-3b566dd363fb,0
971152f0-dc76-4bff-9edb-c0373c94439a,0
97132ab0-190a-4cc1-a9e8-8e63f0bf3c9a,0
9714b438-8c9e-41f2-ba68-b2bf15c9f531,1
971feca3-f0d8-45a7-a74e-c3e7e6dc1ae1,0
972028b4-7a0b-4e10-adcf-91f8baa69d27,1
9722c57b-3b9d-45ea-80c0-3a0cd9d01fd4,0
9725d6ff-1bd3-427b-957f-312ad92fd096,0
97291d97-f470-477d-ba72-33aac999f69a,0
9729f77e-39a1-40fa-b0f5-6307e4608068,0
972c4b33-6b5e-4b1b-a7c0-fbeb8673db86,0
972d407e-fbc8-45a3-848e-7e12d55c21e2,0
97304917-1f79-46a8-bf93-742c58893472,0
97338551-c392-475d-9280-4dde003a90e7,0
9734cc0d-0ce3-4337-a40c-bb77bd50d21c,0
97387f37-eff3-4837-a7a5-b826c258df7d,0
973ec526-183b-4c89-8052-e3674af86bbd,0
97410be6-437b-4778-a8b0-e823a95d9d3e,0
97431cce-ba8f-4c28-a0c4-094e91f507dd,0
974395c9-da6e-4110-b3d1-b57be5d39719,0
9744e8bd-58b1-4ad9-abca-51d4ed3dd7fd,0
97471f19-d164-4af7-927e-38607f1de234,0
9747c09c-710d-42ba-910d-465085fdc94a,0
974a9467-0e66-455f-a929-672916692d2b,0
974b8552-d35d-4653-81f9-d72fc6dace87,0
974b9f88-a155-4cf9-b307-5b0633372916,0
974cdbaa-0d7a-4ba8-9e5c-220eb91700de,0
974f23fd-384a-4cce-ad8a-d9fb9f55cfbe,0
97503905-4030-4aef-9246-c02edf314dc3,0
97512cfe-2d54-4be3-9f22-1240789cd37a,0
9756f4f8-c8db-43b6-9fd3-df23bba9cd9e,0
975890a0-40f3-4d5d-b891-3a01ff473add,0
975bf914-4f22-4051-acaf-45332f3aa892,0
975c3e87-02b3-45a7-801a-83761b8dc7bc,0
97666984-0e25-483a-9aba-b0b485259310,0
976c784b-3fa6-4c99-b517-9cf3209e701a,0
9776b349-67af-4098-92d2-b6491d9caa12,0
977d576e-c3a4-48fa-9c01-56b4fa16847e,0
977fa13b-527a-46c6-8847-91b703de7d06,0
97802cad-4257-4294-8c18-8ca85a61e4dd,0
978069b8-b6c7-4fd8-9b6d-a66353c17d44,0
97848f01-1bc9-4d6c-a5e4-045208121645,1
978a582a-ff20-44e3-a9c2-f6f1b692f9a3,1
978b4300-ed85-4a57-b8cd-ccd0dd2de98c,0
9790712b-0d87-4808-a08d-d285584faa3f,0
97990fac-396e-470f-8b13-5dcfe66318c7,0
979cf08e-b03d-4510-883d-ae6e2212a68b,1
979d0924-e50f-4793-86aa-6098c8f5bc7e,0
979d308a-bff6-4827-8924-fa9cbca3da53,0
979f505a-c6c3-4459-94c4-5e5de7f2031c,1
97a07e10-3dd3-40f3-9f37-f9af9e614cf9,0
97a15ac1-5355-4f9c-ad19-741c5ca3bc3f,0
97a17b45-76b7-417c-86ce-af09fec27c4a,0
97a2cb09-febd-4ccd-bd0b-97a4b04e3b29,0
97a3721e-c7be-4698-bf3c-35bea7376b68,0
97add01b-a07e-41e2-9b77-1a1dcac8a36f,0
97aea3b3-677a-4107-9a23-17ba07fbbbe2,0
97af9edd-cea2-4143-a96e-8ef87a8e0435,0
97bb7cc2-1a2c-4b6d-b647-7a26b07c1779,0
97bbce28-a3c7-41ca-945a-11140427b102,0
97bd0be1-4f51-4d92-8ad1-a668471fb603,0
97beb59a-1a5a-4d4e-8b2d-7f9a2df52420,0
97c030d5-ba6d-405b-a69b-9532bbe341ad,0
97c07a61-2606-46e5-b26a-810b71bd51bc,0
97c1f108-2a86-4552-b950-0658468e52c4,0
97c7d874-05a0-49e8-9f24-933b3e425bed,0
97ca77d9-1048-44d7-8084-fd908233fc2a,0
97ca9e5d-302f-4eab-910c-f6eb5f761110,0
97cb0de2-c492-47de-a15f-9a55e72dd7f0,0
97cbfa05-584c-41ce-b633-71be2916fc1f,1
97d310e4-367a-4e08-b02e-1ee9fccf4ba0,0
97dcc15a-d74e-4240-8e73-098cb2e9c4b2,0
97ea2e63-8d47-49f6-93e8-009379a8aa32,0
97ef4378-cccb-4de7-913b-6e453a640f23,1
97f216eb-ecc6-43a1-99e9-cfb032bc3235,0
97f230c1-0ae3-4ea6-98bc-a4a33d32f99f,0
97f2e01f-acb0-4bc1-b53b-355595ca6ffc,0
97f2fea8-81da-40ab-af9a-5c98e72c3c28,0
97fb1df4-7279-4bf6-a370-b8498df428a1,0
97fd97a2-75ba-45c6-8164-529d1d4d69ac,0
9806a81e-1d7a-4171-8f88-2bface39bb4d,0
980efa07-958d-4e20-b6d3-320e267221a5,0
980ff090-68bf-44a5-9bab-c807b6df76c2,0
98106202-7193-4684-b36d-8dfc6cd53e0e,1
9811681d-8674-4180-99c0-efb4a44a54ea,1
98135ec9-ba04-4a9b-9664-232f8d41c52c,0
9817d836-a6b6-4d51-9b8f-9665af56e23e,0
981aeb2b-9b70-4e0f-9cd7-fbe0845d1f33,1
981b7dad-5491-4a84-8e63-6cf41ed9d5e6,0
981ded7a-cb6c-4003-876a-af1491185211,0
9823bafd-bfee-4ccd-8ffb-f60bf2743c19,0
98261a33-d8b9-40b2-8699-d2396e4d109d,0
9829c717-c03b-4d5a-afc1-5ffee0ebc224,1
9829d555-a86f-4543-bd38-96455829835e,0
982bd791-66c0-4ef1-9753-710374a0e874,0
982e2bb2-b7fd-4fa0-9237-ca15e006fad8,0
982e660b-f885-433e-b8c5-57bf15c466be,0
982eec2e-bacc-45eb-9f8c-dd6b02256af9,1
9830abea-f8a3-4d5c-8ddd-c27fc6c1c36e,0
9833479e-1a3c-4ed2-bb9b-43bdd7ebb465,0
983dab22-a3ef-4d16-91e9-a3e7e085e1df,0
983ddefa-d8f9-496b-9325-97826cd1b7b1,0
983ddf9b-8fdd-426f-a32c-6d2d5bc85069,1
983ee5f2-a81e-43b7-923f-dc84ef118ce5,0
9840cf8f-aa76-48e4-8b63-296f23cdfaae,0
9842327e-6d48-41c0-ae47-bcd718a0730e,0
98485863-587d-4643-b5b3-a32a73f9d113,0
984aa5fe-2c9b-4d95-9b93-fe5b4103ee8c,0
984bac70-b1b8-40e7-ab46-edfecc361cc7,0
984cb6d3-5f42-449d-8c83-bceb96aaa944,0
98509ad0-b888-4c1b-9040-d9fc7db7fccc,0
98530787-d47b-4a36-8ba1-35b541db4d8d,0
9859cabe-6c3b-41bc-b250-832b8fd9f1ee,1
985b955d-f6c0-4a7d-9f08-64e73c847d05,1
985caba6-f337-461b-9b0a-6151f31747dd,0
986145ec-afad-41c0-b8bc-1a2edd487552,0
9861f47d-db53-4b42-a16a-b090a8155257,0
98649fd3-568f-4601-b4fe-aa6789faea5f,0
98667c95-b4e3-434e-867d-bebc598f713d,0
986797d5-7889-4486-a75e-9533e93b1a98,0
98680677-0760-4c5f-bc9a-5838bdead115,1
986b28ec-39ee-46ff-af79-6cd848f48118,0
986b5b8b-4e9a-4b9f-bd35-5d6ed7bd7bad,0
986b7ec6-e415-4aac-bbb9-8e04c887d2b0,0
986d5562-ef27-4e9d-bbd2-b3b351b25a78,1
98712259-a809-4755-aa03-8aa7ebb0a498,0
98748934-940f-4197-9035-5bf81a2fcb32,0
9876d306-6ebc-497f-9833-f526a6731214,1
987799bf-263e-4d60-99ce-036bfda938ed,0
9878a28d-c5bf-4a6e-874a-e0845365b3bd,0
987c4522-4195-4f30-ae5a-287a1e4674b7,0
988640f4-22da-4a46-a39a-e820c7f89d5d,0
988d06b0-6cb0-4a3a-9929-b6430096a429,0
988d459d-ed0a-4736-b4db-2e3c3162142f,0
989459ca-0505-4c26-9cc8-c41093bf1015,0
9896952f-d7f8-4916-8a1b-26bab527e52c,1
9897880b-b604-4430-9842-3855151dcd01,0
989abd0e-47ed-4a95-a5bd-f260216e6bf3,0
98a11258-9127-4563-ab41-968c7c51001f,0
98a21b62-7108-4de1-8b9d-5f861578cf7a,0
98a5dc36-b171-4ad9-926f-88da4b91d953,0
98acad70-c674-4433-990e-5800faa97d95,0
98acff58-7c75-47d4-80dc-c3c77da7aa94,1
98ad2f43-2513-43d5-b525-9d278d993c08,0
98af2fb2-25a9-4cfc-a35c-8a7dedc5402a,0
98aff08a-de7d-4a40-b331-c97a3d2bd73f,0
98b2bb22-1b36-4695-a2c2-c0be806d6cf3,0
98b46332-cb7f-4085-800a-1d69782ae702,0
98b5d635-d707-4505-87e6-b069d55ee889,1
98b6d4e0-2487-460f-b271-f1c21b8f8c35,0
98b95149-8ba2-4afc-b667-916422785b5a,0
98bdc389-1f18-4bde-8b68-ff4948ee6099,1
98be544b-326e-4a52-a985-1be866118b77,0
98c00a71-1187-4f62-9b94-769dbc1d750b,0
98c154be-4000-4b06-bbb2-f71667f46ac6,0
98c5a276-894e-413a-a547-bbab1dcefaaf,0
98c70646-bf41-4118-b2a8-36b622d344a2,0
98c87050-a327-4b96-8a4e-a0265fc1cec2,0
98c938bd-3bad-4b39-98b0-cc5cc10d26bc,0
98ca081c-4556-4f85-bdcd-65553ad8e024,0
98ca138a-28e5-4463-bdce-889c4669a077,1
98cd029e-3342-4dbf-b647-c3d4005cde4f,0
98cd4d1f-2e42-4237-b208-0e9525e93b0e,1
98d2d022-13f4-4109-9c68-fb871babf938,1
98d58681-9c58-4b68-8fd9-aa1539850e9f,0
98d5ae35-62e0-4a47-b81a-788509f7e4a0,0
98d7a7bb-2315-4d39-ac79-74f580dbc11f,0
98d8b6b9-cab6-4256-a4ec-1f00af5251b1,0
98d919a0-ae50-4db9-be15-f56be4f4acee,1
98de6ab7-151a-4f69-8da3-59ccedaf5ea7,0
98e23591-3142-4318-a20d-ec3397c53fe6,0
98e61d87-affe-426f-8d64-e4fa0eaab331,0
98e79bda-73fd-4597-b736-60ecef308381,0
98e79f3a-76b9-433d-9bbc-c6eadb74d4b0,1
98e7d563-ac57-4eb0-a14f-21ce38fa0168,0
98eb8312-8839-4230-84d1-fa839204850d,1
98ee2ad7-73b8-4a53-8e7f-41d4d4d86ec2,0
98f1a655-0abf-4d13-9202-195fd79b5089,0
98f41a72-1e4c-489a-a0e7-77738acfb8f6,0
98f4e530-d0ff-4de8-8dd1-8cf2eb1a0656,0
98f51800-b166-4924-9fb7-18145aedda8a,1
98f71c6a-d586-41b3-8022-731db3283ca5,0
98fb4ecd-ae1b-4d56-9c4b-35441fc88565,0
98fcdb25-c743-4f7e-b0aa-503b7959ad07,0
98fd7007-7b4e-4d32-a459-b8939efb49c2,0
9902408e-6407-4c24-8585-0188dfdecf94,0
99037611-55c4-4344-a9f8-9383e9fef825,0
9905f0ee-1a18-4b70-ac8b-d969111d4d3e,0
9905f3f0-3180-4aec-bdfa-ee055fbc4e66,0
99078bd4-a9a6-4fc2-bffe-9e5ea77be107,0
990975f9-80ec-4a94-9659-5dec9466b8ab,0
990f69d8-c29e-46a4-8cb6-ed38a47d7e19,0
99110bcc-e913-4114-9eef-c5ef63a8a215,0
9911af9f-bb3f-4062-8cee-f8c04bbe6d2c,1
99145afe-4d08-4718-848b-f9a45d4c3138,0
99148372-ab87-4fd8-ace9-af482f91e891,0
9915ff22-72eb-41c8-806a-3ff04e7266ed,0
99165dab-1a66-435f-98be-4a991b752e1b,0
991a4dbd-51a8-4c93-bd74-c0338ce4da4d,0
991d377c-b430-40f7-91a1-61641fe13c71,0
991f10fa-900f-4f39-9225-0869ebf0ff00,0
9920e28e-5643-44d4-918d-9832ed6c524a,0
99258487-9070-432b-9877-a3993a8f8247,0
99282936-1d6b-470f-abab-cde8c98bb785,0
992c2a1e-c8d8-4812-93e1-9f635a12c8f3,0
99334660-c8d8-4321-8b3c-fc003340beee,0
9935322c-782b-4536-afbd-981997252267,0
9935cca7-8c7e-4328-8e3a-5928f12bc7ea,0
9936caab-6437-4115-87f6-289a55b807bc,0
9936e8b5-d9c2-4dc4-af93-a4f2757fa213,0
99390ab2-b50f-4210-8fd4-d0ac4860741b,0
9939dfa5-091e-4202-baf4-a1ed53b1cbf4,0
993d63d1-291c-4110-9103-7a52bfc47739,0
993df97e-5180-4fcb-85a3-937032860f5c,0
993ef673-bc39-486c-96e6-a47d410dd795,1
9946588f-cc18-4a90-bc8d-0a9dad484626,0
99480ca1-d5f2-4333-a3c2-24d5c8c71e84,0
9948d314-bcfd-400b-8754-18a3924a6bb3,1
9949f339-2d6f-48d9-8488-730ccdec6ea6,0
994c5728-1db1-456d-a507-0c9706bddf26,0
994c73f1-ee89-4419-bb87-1e402ef51924,0
994e0a76-334b-4637-80b6-e4cb7c1df2e3,0
995094cb-09ca-4d05-9e98-24cd5f9b21d2,0
9952167c-4071-4a07-bede-eecb99a4bfb3,0
99526df3-5bfb-4c8d-883c-decf8d811a20,0
995297b9-199a-4ae6-bf9b-812fa3be9f29,1
9952dd53-5701-4ec9-a43f-11fbf80c415f,0
99537c42-149c-48ab-b04e-728d61e26dc7,0
99539ab5-0f33-410c-82c2-e4f4863d4e66,0
99573e2d-9ddc-4f02-a8ed-3b1c9838e554,1
99588d9f-5a80-4e9d-8c48-3f0d27997418,0
9958cbcd-fd6f-4fa7-9263-61f69dd32f19,0
995a3297-7f44-4373-b07d-68380491c3f0,1
995d9d47-5d94-4d46-8ed0-b107f53e2692,1
995eb6a0-db2b-45af-9cb3-80514d028164,0
995f3df8-2018-4d2b-b995-f256d59fc18e,0
9961b3b3-5e3f-4cbf-9e6d-e5f70ab317e0,0
996356c4-4da2-4429-b220-a234215e72e0,0
99674d7a-aef6-4e00-9b7c-6dab2d845d88,0
996b7233-e153-44c6-839b-feb2b46eea4d,0
996d4122-48ee-4808-a128-160e88844265,0
99753f9f-734c-4ae5-8663-c9b8f6b9eb0c,0
9976ebe8-82e2-4e1d-b594-7605557466b4,1
997acb34-5532-4af6-8151-2f390e223985,0
997ae349-7405-4423-a479-a65636727441,0
997c27cb-3e42-4e66-82b4-efe5e47d0bba,0
997ea77e-3168-48a6-9f9a-2d424c704d31,0
99851270-f4a3-4900-ba32-3df95f17d894,0
99881a0c-f1c5-4f81-913e-ff6451589880,0
998e3b2c-f01a-4f43-957f-1f53763f64dd,0
998e8740-3e1b-4d46-9bd4-1163f5fae636,0
998f9983-75f4-4bf6-8567-0c44d793f1c4,0
9991daf0-c051-4b56-a1e4-76b8842ce047,1
999723be-a786-4ca5-ac7b-90dc61835950,0
999c6198-4352-4471-a3bf-a1af39ee1ecc,0
999c845b-e5e7-484e-8f8b-0381e17b69af,0
999de762-7fd4-4700-8fe7-b4ad76e0523c,0
99a11be0-f958-4def-95e5-7d654cf7bfd9,0
99a1867c-16b3-4913-8538-f45adc37fd92,0
99a1a2af-5f62-4abe-904b-a57afb65af52,0
99a760e5-7b81-4a93-a635-17e0f9b22c9b,0
99af05cc-8de6-4bd3-a7b4-f6a3e3ba650e,0
99b0a598-933b-48a7-b9c3-3342b9d11cd8,0
99b1e342-f7ab-4c84-8c6c-3d6445ed29d3,0
99b631ff-1250-460f-80ce-64550995b15f,1
99b6b575-b6b4-4ecd-9c54-a5b1c1f7a318,0
99bd02dd-3476-417f-a135-4f6a96c271f6,0
99bffc90-a010-4b37-a14f-66ca4d7a8011,0
99c4085b-ca57-4a6d-9159-f459ffe232e8,0
99cc394c-3ff6-4074-936e-2cbc32f90699,0
99ce5e55-0e8b-49a1-8afc-d64a23179a3f,0
99dd39bf-50cf-4f7b-9605-0bcb33c8af79,0
99de2e43-61ac-4915-a8f0-1af5cd55a599,0
99e5c161-dc6b-40ec-a807-2f5c6809f213,0
99e891d8-7043-4394-b301-88674522f319,0
99e8e9a5-1634-461a-a87a-2ef82e8a952c,0
99e9701f-0a29-4d57-8cce-5b7f6b8a35f4,0
99ec6191-6450-4f6c-a8fe-144d992363d6,0
99ef71ec-c4d0-4316-8af0-859a696fa1df,0
99f052f8-004f-4bbb-8bf0-e6bfcd57c788,0
99f0dc45-9a02-4fa8-8cba-4f4ada48a5b6,0
99f19a50-1277-4460-bc26-bf45201dda38,0
99f387df-809b-4333-8a9f-8e4030dfe3eb,0
99f4375d-3949-48de-9325-aaf45c1874c6,0
99f44749-c1cc-4c61-a8ad-b7e8252dbf55,0
99f8482e-6fd3-4cf0-b802-d01b68ad4eef,1
99f8bb0c-de6f-494e-9d2b-53397995e59a,0
99fbe068-f1e3-482c-9952-fd627f4a42ea,1
99fc343a-22bb-409d-964d-87f704606d13,1
99ff415b-2ea2-40ee-9a98-3371a683fe44,0
9a03d3a8-e6d2-44b4-a16f-fc50bb24c955,0
9a081b38-838b-45c3-8732-d0103e9352bf,0
9a0a807c-def5-4fde-9849-206507588446,0
9a1102dd-5462-444b-86b9-8a4e4ba1b5fd,0
9a13f5d6-53df-4f33-ace3-e7d9fbb05eb3,0
9a17aa7e-3b70-4489-86c9-151b2018edd2,0
9a1b0f02-83c4-476a-b266-962096004db4,0
9a1ebbbb-0d34-4a84-b6de-dd1e8d9095a4,0
9a1f1a02-18b0-4fed-a4dd-3e8f7cc794f5,0
9a2552ae-8b3a-4035-bfa0-c646a0254d1e,0
9a27faad-547a-41b2-b12e-f357b52543ab,0
9a283131-b9c6-4980-9c48-81a9129dc7b1,0
9a2c54f5-e5ae-4f1e-ba96-23e76ae41128,0
9a2ec449-d732-4b59-95b0-4cbd8b1880fe,0
9a30f3b5-2159-4b23-b6b5-cefd37187fea,0
9a31b0a0-0dca-46b3-9bb1-d490517bec46,0
9a3364c9-3756-4a5b-b27d-0eb107fd601a,0
9a3617b2-4073-4281-98ed-a35953081a98,1
9a38477c-bb3d-41d6-9915-2c3f7c64023b,0
9a3a25d1-449c-4d1e-b473-be93af6f9a3a,0
9a3d871e-1caa-4a33-9415-2c2f2e2f163f,0
9a3e0b08-dca4-400d-8930-e1726431728b,0
9a3f09df-2982-4109-9252-6f5b6c5b28c9,0
9a3fd497-ded4-489d-9f93-8de2e68280ea,0
9a3fe1e4-9f75-42d9-b12a-c8f8cf72703e,0
9a420df0-0f4a-479f-8451-152ea0be18f4,0
9a4ac23c-42f3-49f1-8739-9e5f4aaeabc7,0
9a4cc641-9caf-4757-8993-d5ce6329600e,0
9a4ec446-e65f-4bce-8ae9-3e890ea7b27b,0
9a507840-23be-4f35-a7a2-f9ad93588856,0
9a510c1f-2dc4-419c-b924-f0ba164ff93d,0
9a53c068-f222-469e-8f70-87caa6eee86d,0
9a5aaca6-f479-4417-b2bc-4658f4591d2a,0
9a5ac69b-b671-4313-b110-915f533d244f,0
9a5e441c-9128-467c-97e4-5d9179e16268,0
9a60f606-8cdf-4150-bbef-83ab23cb7c64,0
9a61f565-e9a8-48d2-b0cd-bea1593aacb9,0
9a765182-eab5-4c2e-be51-8bc53a0cb7a1,0
9a7c7635-9776-4203-b403-c4e10635677a,1
9a8018a3-6c1b-4601-97de-ce1848f80125,0
9a8056c7-9f0e-43f3-991a-831967e50664,0
9a80aef2-2ce0-472b-ae79-8e92271e590d,1
9a82db1d-9a60-477e-8324-e37a479e7b7c,0
9a8abf5a-437f-4798-a3a7-9b69f36ebba5,0
9a946802-e5a5-4661-949b-68a358ce2768,0
9a950b9c-603b-4824-8bae-b45cd6c904b2,0
9a98f9b4-660c-4be1-8e36-f58717be0048,0
9a9d1015-3d05-4797-bc12-0f3dcff30c9e,1
9a9d9058-8033-4167-b0c5-34db6720345d,0
9a9fb5db-cbd7-4e6e-bc36-08528811d219,1
9aa575f5-5a83-4145-acc6-58b892a95a37,0
9aa5c8c8-2b06-44a9-a0d4-58e00205efa7,0
9aa696c8-fcef-47ca-8f2b-70106b1d5b03,0
9aa9f5d5-953a-49bf-babc-31d349d1d8f4,0
9aad6e46-c18f-4d86-a137-17a25a1d5d79,0
9ab11dbf-f9cb-48e2-a895-25145a58aec6,0
9ab2e767-2ce3-4928-98d3-7c400767c8ab,0
9ab42454-c457-4b2b-a7b8-ccde6968081a,0
9ab75300-6560-4334-8d73-ca0cc4406044,0
9ab9d447-f30b-4469-9bd7-ee2218eb411d,0
9abd749c-ad81-446c-b5f3-65922e9056e2,0
9ac071f9-298c-41c2-97ee-eb65e8c3b7c6,1
9ac57375-1249-4a4a-8b82-29567c56c510,1
9ac57bcb-0d4f-48ad-92d7-8354f11f6e8d,0
9ac81a09-0213-4241-9e9e-2150f88a81f8,0
9acbfc25-d274-4ca2-b40e-ce28678795f1,0
9ace36a8-3af8-4617-916e-38af9e503928,0
9ad1e76e-559d-4bfa-bb6d-f8266b29558e,0
9ad765c5-cd54-4cd3-af57-7af55ece62d5,0
9ad8eca6-daa0-475a-b0c1-1812774c5e0a,0
9ada8f2e-8e34-477a-84b9-bcab2ec5bd33,1
9adadcfa-dd8a-4421-81dd-4e5f1356bd28,0
9ae143e1-fb63-4bd4-a9d9-68adbd4c4765,0
9ae3617b-0f97-4a46-9cdd-418c780469b8,0
9ae3f07e-5050-4c1f-90dd-ddebad1289d2,0
9ae42aef-8707-4db4-812b-9f4ba888876f,0
9ae697fe-52b2-496a-80f4-b544bb7dcab6,0
9ae78b59-dcdf-4808-b4ef-3e87927f0455,0
9ae8eed2-9ef2-415e-bc32-4d5a0e51ce7f,1
9aea9cea-a222-4e00-a60b-592e0d0c21c9,0
9aec84c2-c292-450f-aa9f-0f4074920652,0
9af00d6f-2ad3-4699-a0ac-45808f65394a,0
9af5ae6a-9de3-4592-a6c7-f63e3dbeb0a7,0
9af61865-00c8-4fb9-8b92-979c0274a88f,0
9af6c973-208f-4f0a-87bf-236ae88caec5,0
9af7e023-6ee5-4129-8a36-c82276215a0d,0
9afb4357-bb5f-48bb-b432-905b16411161,0
9afe22d6-0f3c-4103-9fd0-ca23062d4501,0
9afff3eb-0752-4146-b37b-9d519fb9d432,0
9b02e82c-e99f-4632-b3aa-f996cf7bddfa,1
9b03b11a-1742-4ff8-8027-1093e5b8cf90,0
9b09bca8-da4a-455c-829c-ebe39d893cd0,0
9b0c3f12-bf4b-4f0d-884e-109119d5a49a,0
9b0caf9a-ac53-40f7-8a74-c3e89f5a609c,0
9b0cd50e-5b46-4541-a2c2-b4668bde2b4c,0
9b116a2a-6ac7-4f0a-bae4-467bd5426dc8,0
9b14cb85-8053-4d20-ba8e-ca9214de1801,0
9b17fd7b-6dff-47a7-933b-e9ffee8bd3d0,0
9b26ee36-95e5-41de-ae34-f5af35437e43,0
9b2a44a2-9dd5-46d9-bc4a-b5c323be5ebf,0
9b2e84fe-ab11-48e3-87f6-06057cd64f08,0
9b312c77-3859-49c5-8108-c83640d54243,0
9b31cc87-1c36-44a5-8421-2206e5a8c9da,1
9b36e8af-211e-4ae0-a461-bc09d991e492,1
9b375b7e-6613-43dd-ba3b-36eea7d201d7,0
9b3d30c9-2e5b-48df-8e94-9a1a78cb7ad2,0
9b403048-8f43-4f88-86ff-c381d2f46c26,0
9b415fe9-84bf-4b24-8d7f-faab696a5834,0
9b423c0b-89d4-4ac8-b64a-d87a2714f79f,0
9b424fea-cdd7-42c8-ba66-c22355f075ae,1
9b42eb5b-2b63-489a-8c93-218cf1f998f4,0
9b44a56a-b362-405a-97dd-d8a59f8ebd63,0
9b4bcd55-9387-4c2b-bdf3-532a17be584c,1
9b4be6e0-f7cd-4c5a-8bd9-2bf024ef9ae4,0
9b4e45ef-02e0-4151-8251-beb534d06afd,0
9b4e595b-ccce-4261-b116-5a1fddf51f5f,0
9b4e5d14-59ae-4071-bdda-87530c86ef04,0
9b510c6b-6d0f-494c-b703-0c4d37bcea23,0
9b54595f-78d9-4912-b730-e4d4fdafb6cc,0
9b57d452-13d7-4b38-85e0-8a590bf89835,0
9b58dfa5-2e3c-428c-92f9-8335782178de,0
9b5a8fc1-7c77-4d30-a9ed-d49a6bb46cd9,0
9b5f788d-2d59-4045-87d3-7deb30c84f80,0
9b62a82f-941c-45ce-9a5e-b0e70a774baf,0
9b67a02a-0062-4348-877b-7d7d7577187e,0
9b6986fe-ae63-49ea-b3e7-f6fa6851e16b,0
9b6a0b0a-a5a8-4db7-8cba-c1d720b8e8c3,0
9b6d90e8-8f28-41dd-b0a1-403963b36f4e,1
9b705c56-ef72-488c-a4bd-27132b3df716,1
9b70a6d1-bb0c-40bf-ac22-6a033509f761,0
9b736fa5-7cce-4e28-817a-b87bdb4c3b19,0
9b7a3a68-c45c-4841-9f93-d1dae7420fdb,0
9b7a4e5c-0c64-48d7-a3dd-39afb62df1bf,0
9b7ad506-8870-4adf-9caa-ae0d8219630e,0
9b7f13e8-4041-4441-8be1-30973a9f2768,0
9b7f3a5e-0a72-4526-9560-b1a8973080ce,0
9b8234d3-9706-44fd-bb72-1082ad3eec4d,0
9b8665ad-35d4-417b-9273-23e9aa6d0537,0
9b888859-79d0-4b78-907a-7b0de07c9d07,0
9b88b1ff-3d36-4b3f-8531-53a57a2eeb11,0
9b8d31e7-f806-49dd-be22-1f37231dcb94,0
9b8eb319-3703-4427-a88c-76eb5e3fa709,0
9b984ab0-b3f5-4b2b-8bb7-bc9704387e49,0
9b9be8d3-73a2-4666-b9d6-7b96558ceb04,0
9b9c743b-bfe9-4194-ad1f-533284128d22,0
9b9d2ea9-931d-4631-91e5-54e80f2df000,0
9b9da5ea-bcfd-49d7-bc01-0604763c0751,1
9ba74c1f-a68f-47b1-a88d-094b53893d7f,0
9ba995c6-cb35-4ecf-99c1-e89a2243b59a,0
9ba9c6be-71f1-45ae-ad05-bf65a80d1e1a,0
9bac9e80-0be1-4fb1-95e5-35dd856789bd,0
9bacd1fa-d292-44dd-b4b8-49cd93bb778f,0
9bad9ab7-4fd2-44d3-aa43-096a5baebd5b,1
9badf8a9-4558-49fd-a096-7d6d68ef8e5c,0
9bb12a19-e953-4e50-9e7f-3bca716de010,0
9bb1a152-5954-437a-bb6b-c2fc7ab7088d,0
9bb698ba-c4f2-4db4-9f9a-0932dd609740,0
9bb75f1b-7aaf-4c82-be19-e83912e5f7ca,0
9bb9fc23-ea33-4c2a-b5d4-fd0fa3d62217,0
9bbaafd6-247f-4edb-90fe-9d6700f8ab3b,0
9bbc4ff9-7c5c-433c-8a8a-b690a2ec76a5,0
9bbd1347-fa5b-47f4-b2d4-31bbff0e512f,1
9bc0c442-1f9c-4808-9810-74170ceaf8f9,1
9bc3f01d-c8c4-46f5-9c4f-0bdef07d66e1,0
9bd2239e-ca8f-41bb-b6fb-fe259099a40b,0
9bd2b5a6-acc6-4ca0-97ca-b942cf3c2b08,0
9bd58aba-2fbf-4962-a5c0-4b3dcf10d8e0,0
9bd8a4a2-328f-45ea-bc30-4d4b963315ff,0
9bdada5b-65ac-4ca9-9dc8-e9c28d90297f,0
9bdb865e-3bca-455c-ba44-283022318063,0
9bdc7b69-283c-4ccd-bc8c-4e478ee8d763,0
9be08da1-5985-4c50-b0d0-c3c7cbf818ff,0
9be3f760-6a95-46ad-9172-f6f3f22d83f0,0
9bea8495-a996-4f6e-930e-ee17f0d28eed,1
9bf024b8-d125-409f-89e9-402ebe49e029,0
9bf05197-3a08-485d-b8e6-bb12930daf7f,0
9bf3c633-3873-49d2-8c85-b7bd97c842d8,0
9bf3e9c6-d331-46c2-ba31-f2074cbf3998,0
9bf45d1e-71bc-4e4a-94a9-5a39fd8546d8,0
9bf9d6aa-b7a4-4b2f-96d7-3d777caa7518,0
9bfa57dd-cab5-42c9-b325-3cd5e0a4b851,0
9bfe123d-8b53-4926-9d02-0eb5ca34710d,0
9c014769-a3df-4307-9fc7-1df44e9c21f6,0
9c01f231-5426-412d-ab95-e82680703c59,0
9c02b9f5-8569-4b8c-8468-645c3711bb8f,0
9c054d2d-4ac6-42ba-9bf2-b7e41f0799f7,0
9c0a9bdc-c6c0-4c72-9610-48278827cfa5,0
9c0c6609-9dc0-4831-a529-6a5e90c3a5cf,0
9c0df561-4499-4925-a370-a89578049396,0
9c14cd38-91f8-4026-8f38-3978716e4e9a,1
9c195b12-75bc-4461-b6b2-a4990cc55582,0
9c1ca580-83a0-4a35-9bd5-354f3cb02cde,0
9c1e539e-c747-4db7-bb3b-06d634b11f69,0
9c217448-3251-4d85-804b-bbf6dd6b393a,0
9c2248c7-fd50-4002-b167-421d708fd646,1
9c239dac-f5bc-4fe0-946e-39560ffd992c,0
9c2662a1-54cb-4474-bb1b-17cb023bf9e9,0
9c2941b3-f8d6-4cb4-8334-628a9247eb18,0
9c2d57a6-3c58-4a75-9211-930eccd49300,0
9c2d96bc-e38a-4d19-95d2-98963b6b1e93,0
9c2e9e5e-f3f7-425a-b842-446e277967e9,0
9c2f2242-3974-4cb6-829f-69bdc5527f88,0
9c34414d-6777-489e-8cd2-6eb5352ececb,1
9c36e19d-369b-4628-92d4-5825de212c6b,0
9c3947d4-4908-420d-9bf9-93433fcf303c,0
9c3a14bd-b62e-4d1e-abf9-97ef9d04b889,0
9c3f6d8e-fb90-4da5-85e6-6ee5ac61cced,0
9c3f793a-fc34-41e2-bcd8-6c071fcf7dad,0
9c402865-fa56-4a3a-8d4c-62b73fbcb72d,0
9c402901-2b11-40f9-80ef-9a5f8368d09b,0
9c4214e0-27b0-47bf-902e-8f49b8b265c5,0
9c467020-0b22-4ade-a9c2-da9e52382607,0
9c4df981-402f-4a0a-9f16-9bae3e044d6e,0
9c584486-f5d4-4aba-9b49-db2c2939a284,0
9c597f34-f8f4-4a95-a850-ffe04110ac44,0
9c5e6450-dbda-45e8-b04d-0cad625858e3,0
9c5f67bb-5d78-4e7a-918d-c4f7f63cc0f2,0
9c600e37-54c4-4568-b696-9d68db9a5d56,0
9c612baf-06d4-4cd7-b12d-5e621af497dd,0
9c615af1-1f00-41af-9dfe-e229b2b1c44a,0
9c62035d-eb8d-452e-9d3a-06daf27b49e5,0
9c6588b8-28e4-4e21-a5dd-670604b6ebaf,0
9c6c5979-e586-48f2-bdb0-81290a47d4af,1
9c6dbf58-0e6d-4d21-b192-5da02bce2cc3,0
9c6e569c-9085-43f5-8557-fb2f379062e6,0
9c7207b2-2a81-4420-b26d-7444c8857cbe,1
9c720aaa-521c-4b8c-90d4-a07ef37904ce,0
9c737edb-3605-409e-a0d3-585fb9570dd0,0
9c746049-0375-4e9e-835b-299e1bc12aff,0
9c79e700-7ec1-4d8b-90e3-b43cb2d6981d,0
9c7ec6e0-967f-46c6-8c0f-4d98beece8e1,0
9c7f6bdb-f218-4804-87c3-96a1980eb086,0
9c8029a5-3b5c-43ef-9fe8-b5fc323aff97,0
9c8077df-dbf3-4cdd-8706-9674522c0327,0
9c827331-b208-4253-916f-31fc48787493,0
9c8da827-0530-4169-a781-1310b574e9f1,0
9c8eb132-8480-4f49-bb3b-865f80c73c58,0
9c8efa4d-e6b4-4969-8cb1-68c3f9f0cb41,0
9c8f3811-2d7e-441b-b5fe-a2ba1403609c,0
9c983ce7-d2c8-4f93-a5ba-a204b199f4ae,0
9c996dcb-9d5a-4845-98f7-5b23ff7750a5,0
9c9c8bcf-2e6e-4db9-95ac-d96cd16a287d,0
9c9f4b3f-a85d-4cb9-ad1b-f5c7b32ab232,0
9ca02cf7-899a-4851-a2f8-435487a7eb18,0
9caacdfb-8f56-4b69-aff6-8df5aef8c6c9,0
9cad718a-243d-4000-88e9-26aa15215b82,0
9caf1844-e6eb-4483-9a18-22d099a5c443,0
9cb2976f-aebd-4593-8ada-b847491a320c,0
9cb456ab-177b-4c9b-ad43-eb07b78942db,0
9cb49269-ada7-4cb6-ab5d-de9105e9e553,0
9cb7ea63-dcf5-438b-8b24-3213f0a97c21,0
9cb95779-4a67-4db7-8ba4-c18aae8b13f9,1
9cb987cb-4e8d-463d-8984-df64cd1749b4,0
9cb9ed37-b196-4a2e-a44d-c2bd0d431c29,0
9cba92b5-cb49-4e9a-b999-4daabce96412,0
9cbabce9-c7fe-4775-9173-b5e83991cedc,0
9cc16102-34c1-450c-89e3-264e47159b90,0
9cc1878c-e287-4f82-aa5c-134df818fa90,0
9cc2856c-0d69-4238-b688-b045529febda,0
9cc6a087-6715-46ef-bac6-1bfaf1b9b84b,0
9cc742f4-34f2-4b96-b312-4d26e73e6588,0
9cc8a9a7-3080-475a-96f8-5404673669f1,0
9cc9152b-9184-4a19-be43-c5ae9b87602b,0
9ccd557d-4a91-4f13-8d46-c9ebd93764d7,0
9ccd6c60-bdb2-4c2f-b700-91f182a4ce20,0
9cce3e49-d92f-4f60-bed3-a0a329be9dc5,0
9cd2588b-f7e9-48e7-a331-c46714b48f75,1
9cd7fc99-3b2b-4b29-86c5-7da1502fb485,0
9cd91ca1-6d9d-4127-b787-6fdf195df389,1
9ce2212e-1c47-45c3-95f7-3ae7b3e33efe,0
9ce23ec1-7aa7-4d29-8e28-4f657ac78d4e,0
9ce2e255-6254-4fd6-9696-711cfd244253,0
9ce7b591-ea1a-4495-856b-f88e3fc22cd6,0
9ce8af1e-a61e-4b46-8f4f-7a2a5fd5a9b2,0
9ce98115-19cf-4c69-9a5c-86c26c8e7f75,0
9cea4bfc-d91e-463e-9a4f-5478c6f85f70,0
9cee446a-0694-4482-9fd1-afc7a4bb3171,0
9cf22adc-52bb-440e-b6ee-a7084de9fd27,0
9cfc41c1-be10-4233-a099-90bb5259ddcc,1
9cfe591e-ec4c-441c-86c0-cae50feb68bb,0
9cff488f-b57c-4bde-84bd-e2dbd81dcb11,0
9cffd669-b961-4893-b43d-c5ea66d134a1,0
9cffebe2-9733-420f-83ef-d3f27f9f2230,0
9d0348d5-c107-4b66-8124-5fde688a3c23,0
9d038387-5b81-4f18-8d87-7b6d85a4731f,0
9d0685dd-31bb-4c5f-ad68-22fbe2c4a04d,0
9d0733d1-fe96-4a95-ba52-bb0c353601f2,1
9d0d575b-7a1b-4172-b602-565caab2f5d2,0
9d0e0b95-575c-46a9-881f-ec8160b8b94a,1
9d178725-1c6e-4c48-9410-0db6dac4c4c1,0
9d17e6cf-b424-4e8b-9ca4-d4feac4ff2c5,1
9d1bc929-a213-406f-b418-304d1c3e0a37,0
9d20182f-4024-49f9-84f7-1e06d409012f,0
9d213cc1-524a-4aad-acdc-b24966a926f2,0
9d256762-e2d1-4285-a885-c52383e382ab,0
9d25f8f3-0196-4f75-aec8-3b31701a1ef2,0
9d262098-c6b2-47a0-8600-21fbe158eb1c,0
9d2cadd7-e562-4700-af67-279cade283eb,0
9d2d158d-81ad-4f64-8107-c49fa8b3dfd0,0
9d2e3042-8943-46c9-9e9c-3b711e891fb6,0
9d2e3fcf-aaa8-4608-b295-9704ba4d9eb5,0
9d2f75f1-334d-40db-bdc5-a95fb59d9c3f,0
9d2ff034-80a7-4433-b4c7-6033833d6707,0
9d3733b0-bf51-4a0c-9ebc-4415043f3c1a,0
9d3bd878-11e3-41e2-835e-57e8f44f406d,0
9d3e7e48-09ec-4b77-9bdc-95e93ca37652,0
9d3e8761-7117-4086-823b-5e59a0f1a619,0
9d3fdd48-2ba6-4d70-af64-df6290dbe92d,0
9d418362-0ff3-47d1-9a56-f1c57a723654,0
9d44c051-de65-436e-94a0-8e38616dead7,0
9d48082b-f933-4448-b6ac-2c780a920b55,0
9d4a9c0e-5860-4f6a-a068-760dec9dc9e1,0
9d4fc0ec-4317-4248-8046-0257f5f86c3a,0
9d4ffc0d-b1d3-40e6-85ff-6fe747976782,1
9d50d018-3930-41e5-9471-50e02f622ad9,0
9d51ad54-640c-4291-a89e-cf1a1ffcf988,0
9d56c32f-6f83-4e72-9309-d050be0428f8,0
9d573c72-3ce2-426e-ae34-d2bbc312ce59,0
9d5cc7bd-249b-4ce3-a50a-4519422cf414,0
9d5f46a0-746a-4be6-bd05-605873d6fb91,0
9d5f5f72-8e58-428f-8223-f6583182288d,0
9d675e1f-d27b-4c27-ba25-ad8db2b68a7f,0
9d6d8673-e3dc-4216-ada7-11c3f159d69c,0
9d7192b8-deef-4a14-a7a3-dee3f4290990,0
9d76ccbb-547f-4265-af20-32a337d188d0,0
9d7721ce-1583-437c-a8f8-2e8ad3e2320f,0
9d78f52c-7e45-4eb9-8930-2b6d99d4c392,0
9d7b829e-5b92-4545-8a75-8467b218e856,0
9d7d57bb-8b21-4454-8fa0-de3759e7ff4d,0
9d7d8b1d-190c-42b4-aad6-0c5d4d0280d4,0
9d7edc42-b8b5-4afd-a5c1-9f598253ac77,0
9d886c73-b9a4-4e0f-85f8-df31fcd162b8,0
9d8a1d00-5987-4285-ba2f-489f64a14b4e,0
9d8ab385-cb19-4f76-9a41-8fce6f84a454,0
9d8ae2b7-8aee-4492-a947-9f6f9c7c85ab,0
9d8b4811-14a2-428c-9488-8988537c2afa,0
9d8b831d-665e-4e29-85c2-943fd028b954,0
9d8e2af4-4dc7-4201-93a4-17ee47e85405,0
9d9e0454-6689-4246-888c-f4d57844efd1,0
9da94e22-982d-4b7f-8c5a-309c377bb2f6,1
9daa493f-8de3-4fde-87b8-f5f3d82cf1a2,0
9dab0b94-0e6e-472d-8589-d352dd4024b3,0
9dade0ec-7201-4c8e-b5bc-bce32b22293a,0
9db05e34-762d-401b-9d74-670a2bd9f79c,1
9db24bab-ddf5-4624-af9f-6bf2b142c9f8,0
9db2acc8-656c-4eb9-b607-3aff4673f502,0
9db321ee-d68d-42cf-8c11-34e818ca97bc,0
9dbecc7f-c955-402f-ba62-74017cc7bfb1,0
9dbfd6b7-a9c0-4302-9ed7-710def0f784c,0
9dc30ee5-10bc-4a0d-a9bb-50cabae99dee,0
9dc4bceb-33f9-423d-986b-3ba75db367f9,0
9dc73700-3c72-4d2e-9ceb-7812b793824b,0
9dc9cd42-cdef-4477-a8db-4d449e366ca3,0
9dcb17b0-809f-4699-96e0-de05730d0fa6,0
9dcd82fc-8cb4-4b50-856d-cd583f96bfcf,1
9dd0f1de-4842-43b2-84a3-f51c6b81e4f9,0
9dd1b962-9a34-429f-9368-6fe2be600f10,0
9dd2c286-a32c-4398-98e9-ac62163434f5,1
9dd309fd-b523-4771-bdad-c0dbbababe17,0
9dd4c32f-7ee4-4fad-90de-ba39b6a92e0c,0
9dd8a49b-4f2d-4156-9e0c-fa556dc11029,0
9ddabe2a-c816-422b-ae6f-859046c7d5b2,0
9de9ee5c-4d86-4bed-806b-67a4e4f58c3b,0
9dea1be9-55f5-4781-b5bf-46adbe04aca3,0
9deb46d0-52e3-4dd7-8f53-c4da5ab31969,0
9deb59e5-a9e0-420f-8543-95f8d726e7d5,0
9debc015-1299-4de1-a5e9-6084ef226888,0
9df1ac01-bfec-46dc-a6c1-1d1ce2ca6be5,0
9df2b61a-9976-4d2b-9259-18b0162cec24,1
9df31b00-6673-45e3-9721-addf48a0c668,0
9df39f50-7813-4c2a-8fc5-7f933238c481,0
9df672e6-065e-48bf-9a8f-43ebc034cc9b,0
9dfade5c-c536-492e-95cb-a6f650132bf1,0
9e010936-0108-4143-b5fc-726109aaa528,0
9e063fd2-de2a-4ef5-a0cc-cf13112f8d7a,1
9e0ba7b9-f25f-459e-aac6-4bdb50d0b777,0
9e116784-15c5-4bce-9a0e-dcd665472d1a,0
9e12f4b0-a4a3-475a-aeaf-8d2c0fef726d,0
9e13237e-12cc-4df8-bb1d-5040a82b28fe,0
9e1ba6b2-f2eb-4392-a8b4-57080491dc6e,0
9e20d55c-a396-4b4b-8ad5-20e2d6f4f86a,0
9e23c374-92d6-4eba-aceb-6510ba645a6e,1
9e281d98-1889-47df-b1df-9beb757c258c,0
9e2996be-c131-4020-94e6-2dd143963f2b,0
9e2a1ba4-2416-4658-b4d2-0a386d35dbf7,0
9e2bf515-7c1b-4341-9325-1dd81279e366,0
9e2c06a1-9cdb-4b8f-99ec-b54350c4bfab,0
9e2c7e40-49a9-4800-8099-8dd3aeaf5617,0
9e2dfa38-3123-44b3-86ed-990580e4bc93,0
9e2e6b10-c2a4-480f-8c14-e056c3897f7a,0
9e2fd166-616d-41a8-88ec-979eabfc48cb,0
9e30b268-004d-4359-b6f1-71d43dc5390e,0
9e329a52-b7ea-4eff-887d-62bc47f6229b,0
9e33a666-3c94-40c1-9eae-d54c7c701187,0
9e360943-df3f-478e-a6f9-e9dc66bc4b87,0
9e373dff-281b-4384-8337-0755319e2432,0
9e377828-1518-476d-a9ae-2291270ef8f3,0
9e383a39-5d9a-4d6d-8a5e-d6b475a8615b,0
9e387655-2ec0-44af-8388-27c033930f5c,0
9e39338d-262c-424d-962a-83323f815ffc,0
9e3a2530-166a-4718-93ed-ac6c4c24b5d8,0
9e3d7dd1-5c3d-4e05-aaae-7e3d8b80e090,1
9e449c1c-e893-417e-9d24-42de0e5d714a,0
9e49f977-1eb5-4121-b898-99b535e72843,0
9e517794-c302-4eab-bb76-8336ff9d53d9,0
9e51d333-0561-4022-9d76-d89223e70af9,0
9e520889-bab9-4f22-9407-2efbd3ab1cff,1
9e53eb35-717e-49f1-81fe-dc36937190ae,0
9e555735-bdc7-465a-94b6-278b8aef87b8,0
9e5d4e14-89c2-4133-aad3-134ec61ea232,0
9e5d9a05-044d-416b-8b82-40eecdba9210,0
9e64f3a8-4bbf-49d5-bd10-3cac06029515,1
9e651231-3593-44d5-9054-eb73e3e2eb57,0
9e6776cb-3fda-4c1f-b862-b7b5edf4ee54,1
9e6cb7bb-d085-4f9d-9327-3f9301585be2,0
9e7b616e-cb98-42e8-88ec-ddcf2bf53561,0
9e7e83ec-f796-48c5-956b-1ad2aa3bfc5a,0
9e7eb46d-62b2-4ed3-a20b-ff6107f7444b,0
9e8247ee-9574-464b-b219-490c9e9e91e3,0
9e8c06e2-36b8-4f9f-8d93-8bdba8592714,0
9e8dba22-121e-440e-bb73-c589917a3bc1,1
9e92b40a-35a6-4fff-8ec2-bf878b8ad8e1,1
9e933e72-4256-449f-8294-ce0d061ccdb8,0
9e939828-1d44-428e-b94d-e83bd2dbb726,0
9e94b657-d282-4f61-bf0e-e9cc39d77b36,0
9e99edb7-aa47-434f-8f0b-78d652f17053,0
9e9e8510-d178-4250-8ecc-d48b8bcf5c25,0
9e9f54fa-3891-41a8-b3e4-fec3652d25e2,0
9ea20863-e675-469b-aac6-dc09d968211e,0
9ea5a27c-4f3f-4e46-9688-b3dc634bd7fd,1
9ea98695-c127-4f5c-b2ff-a9e4caaabe3c,1
9eaa9e35-01a8-4483-ac56-47a3c8e8dbde,0
9eabf3b9-cd98-42bb-987a-f5729362ed7f,0
9eac38db-df1d-4ddd-91cf-6e12b98c8acb,0
9eacd219-0790-4574-b22c-9b3d826e1c1a,0
9eb0ff4c-a936-4a28-810b-c1a30a92dbd5,0
9eb6eb15-136c-4d44-9e76-29407b552e60,0
9ebd18d6-3bbb-454d-93a1-428a5ace6b91,0
9ebd24c8-1689-43bc-a333-a221c090c9f5,0
9ebdd7bb-b9d5-416b-8438-0d8825685d6f,0
9ec00d78-f202-47e4-a79f-b91f61233342,0
9ec726f3-7ca8-4eff-886b-ef347e15b2d1,0
9ec73371-7213-4d5f-aeac-fd28e421a030,0
9ec745ed-48a7-45d6-b473-7dfa19e29f35,0
9ec86c63-1587-4098-89b9-b5d3d22dcac3,1
9ecb9b56-1381-49db-a620-b508d5b62edf,0
9ecd93c3-95eb-4dfb-a0d9-e1e249003ae1,1
9ecf39c3-219e-4e93-8c02-a42624d24c84,0
9ed43cbf-125b-4ad8-8b66-17961a702e18,0
9ed518eb-2284-4699-ac51-303e23517631,0
9ed5c156-712e-428d-8c55-df8f21a5e5b5,0
9ed6773c-fc00-4582-96e4-053944556f80,0
9ed6bb79-726b-4dea-bd45-de9cbe731d18,0
9ed87219-6c31-4967-9c67-704b5c71ca25,0
9ed8eaf8-4e17-4989-99c2-4b91dd17b18d,0
9edbc7ca-709c-44ad-ad80-7a8444b81749,0
9edc83dc-03e5-47dc-981e-12f84937b70c,1
9edd8c9d-a3da-4cb4-aec2-7b78cc6097e1,0
9ee108fd-5032-450f-9447-e63438f75bca,0
9ee247c7-38df-4f79-8329-479e739644d9,0
9ee51203-ed35-444a-8cc2-b48f7cf0b8f8,0
9ee58ebe-5ec3-4a35-9e49-b979a3069f0e,0
9ee76640-f96f-46d8-8bce-3ce7a1e572c1,1
9ee82c8a-3715-426c-9c1f-c20e47986a0d,0
9ee96fd1-a4d5-474b-b235-07d09faf9451,0
9eee3703-a430-471a-ba9f-1cae029a4782,0
9ef5845e-e2af-48e3-96e0-796b6f590c6f,0
9ef987d5-4db9-4c9e-be88-fef9af4dec44,0
9f071e7f-bd43-4d30-86a5-6ee3c4f740c2,0
9f07fcaa-387c-4be1-8206-68f5e3459f86,0
9f087336-e481-4a84-84a9-e98353ede81e,0
9f088ae6-fd51-479a-b6ef-4c807fe251a9,0
9f0c0dcb-b201-493b-9470-e3017361fb7e,1
9f1a9207-4fe6-41d7-99d4-3c54acd7c9cf,0
9f1bc96e-3bfd-40b2-afc8-b6f5eb164014,0
9f1cb21d-0695-4cff-a2d2-e961c1e4ffe3,0
9f1db00b-861d-49d4-9b73-210154fa8fa5,0
9f1f27d7-164e-4c43-8304-e664f1dca690,0
9f21144e-5a10-46f1-a488-c1d0172622f3,0
9f21ddde-6e54-4190-83a8-3f875f2afe98,0
9f22c7c3-4266-4d1c-9b57-39a12fa64f30,0
9f23fd6c-0673-4585-b1f5-fe1b561714a6,0
9f27549f-8e24-44c5-a32d-06147f5f42d7,0
9f282070-b6ac-46cd-8847-f550c34c9fc3,0
9f2be6b9-ba0f-4866-946b-c73540e969b0,0
9f2cfe75-ae30-47f3-8c41-bc2ca6974fa7,0
9f3036b6-83f6-436e-8a73-9a588656ca2e,0
9f3061ea-abd8-4694-bb65-b1f9b19077a9,0
9f326d13-7fa4-4e12-b449-9bdb6604d193,0
9f35ccbd-dea1-4987-b8ca-5b514ccb41c9,0
9f372b2b-e6d0-4d5b-9105-cb27c229a846,0
9f37abf9-2048-4430-835a-2b0c5d839435,0
9f385358-442a-47ee-b978-9f926bf26a8a,0
9f3a2933-a640-4471-be76-700a7cc7a24f,1
9f404adb-ccc9-412b-ab6c-f5cc56723ab2,0
9f43ccda-c4a4-4218-9cfc-8be1e1494d48,0
9f4509d2-4f4e-4d0f-9a9a-58d5d0826847,0
9f45844d-dc61-4477-a6df-a154b6af7fe8,0
9f461e40-4068-4843-b22a-9e6e379ae761,1
9f46c0bd-7456-4f31-a9b2-d35663252fc0,0
9f477104-af45-4b25-902d-6fd75f16dea4,0
9f4e9cad-0ff6-4493-84ff-4a11c061fe31,1
9f53b79f-3361-49fe-9057-d67a357e16a6,0
9f5b9768-6033-4432-80ff-ec5edc8504d0,0
9f5fa23c-247b-430d-a4c4-e5bed80b76e2,0
9f61ae8a-d6dd-4d2e-ab0a-00832f67d23d,0
9f62d995-ddf3-4d64-aa58-11fa2a38d1e3,0
9f64a11c-d4ca-4a27-8a98-0368d940c19a,1
9f64da29-093d-4495-b964-b77097a065be,0
9f656195-48a0-403a-9cc6-aed77047414c,0
9f675188-a931-4411-a42f-65b10af86165,0
9f6ab5df-5195-40da-aa10-28741a026fa2,0
9f6b40ca-28d0-4e88-8b87-144ce4457abf,1
9f6e3bb2-e7e3-465b-9be0-ffcc8516d62b,0
9f6ef748-3755-4be8-b669-28788747d93f,0
9f72bc3f-4d92-4425-bcf6-df76faba6153,0
9f7320ac-1d19-4e4c-82b0-255bc335a34c,0
9f76bf3b-8ae8-4021-9bfa-71b9cbeecb31,0
9f797cb0-bb36-4a8a-847e-a01fec8a12a9,0
9f7cd7de-ef5d-461c-ac78-35101de8010e,0
9f7d4892-dee6-4d4b-b18f-9c2a433c29ba,0
9f7e297e-1965-4145-ba32-a8653fa1f227,0
9f8389c1-445b-450c-8aa5-8a3a64833617,1
9f841d4c-e0f9-457c-ba72-62da579cce2a,0
9f864146-7f34-41a7-9f07-b1e0caf5b174,0
9f88c7ca-9c70-4e16-8bcb-ac34db284ee8,0
9f8a4d1a-dbe7-4631-968d-47ee738558b5,0
9f8ac0ac-45b0-448d-a880-424f70888ee4,0
9f8bf92c-2cd4-4ea6-932b-37856d77754b,0
9f8f82c7-f716-4d3d-94df-6e1b32ccfc9c,0
9f90ca21-02a2-4a3f-92c1-c20aa73fc132,0
9f92e1f6-2a83-4dc4-b171-11f9e68c5324,0
9f9390c4-5aa3-4ca6-a926-8c03dfd3275b,0
9f953f43-fa5d-4ebd-8a3c-2817d4e77bd7,0
9f957a58-05f9-422e-9c97-1c26a0db0666,0
9f9633b1-4c66-489a-a3c8-9d7f9067fe34,0
9f97af36-f841-4ad3-93ef-87e666990e9a,0
9f9f0b63-bc67-463a-af0f-da64d4233dce,0
9fa04c1a-18ed-44c6-9aeb-a1a3f2af4689,1
9faae6cd-5b3d-45ea-ae9f-df809543f47e,0
9faae910-4bfb-4049-8faa-7387b1b3b9f6,0
9faf8964-b975-4c01-aebf-e4c6fdcffc0c,0
9fb0c318-c791-44b8-885f-1ac021950873,0
9fb1751e-29b0-4ebb-87f4-5598137e225c,0
9fb1bfdf-0394-4411-8563-301020396049,0
9fb5c397-fa56-4a40-8a87-b688c0734150,0
9fb70d9c-07d6-425a-b573-1e7936a5f632,0
9fb97671-36b1-4838-9943-7056a727c801,0
9fbb5034-a778-4d78-a19a-44ff64fd27e8,0
9fbcde8c-ce50-47df-91fb-4fa46d0aa396,0
9fbde621-c4f3-42ae-8866-5f4552d9a663,0
9fbe9981-c7ac-4403-876b-a4365caab653,0
9fc1ac82-fb4c-437e-b830-2284534b9303,0
9fc49731-04f2-435a-8c78-d11a787af61e,1
9fc6e410-712e-4983-be9f-55114016686f,0
9fc8e596-a510-41e6-b115-80987e71c671,0
9fcafb03-36e1-44de-b7d1-4365a58ee153,0
9fcd10ed-dbdf-44ae-8ca5-958f52a6d0df,0
9fd04aa1-0d23-44ce-b584-2ba856bff67f,0
9fd2cd1d-c571-4113-ac2e-a290d580c488,0
9fd51d83-62ec-449f-bdcd-4c8cecc68caf,0
9fd9241b-437b-4ef8-8d05-34775a72569d,0
9fdc5509-d0db-43fd-8a77-b46d53746285,0
9fde5bf6-9d37-440f-bdb9-7eb26b41087e,0
9fe17adb-b69a-4a56-9728-f8a1f01b256e,0
9fe31847-ebfc-4209-8fd2-ec1fa61a1630,0
9fe75cee-7f48-4179-9971-e22e4b80d7d4,0
9feb1e3c-1305-4dd4-9221-0ecf56f6b8db,0
9feb95e0-425e-48ad-a444-2415402ef5b6,0
9fed7bd6-80c3-4bd0-be3f-5c24f91b2f7f,0
9ff05018-8daf-4d94-8ca8-8bb2dde6668b,0
9ff103cd-75c3-4d51-8f40-f6927da5e0be,0
9ff5032a-fc69-46f5-ba23-d630cfad81b8,0
9ff5803c-ac54-4ee8-8906-a5710c69887e,1
9ff8663b-1c4d-4d21-8334-a0c61be5c238,0
9ff8d342-7739-4807-9ac8-b7bf1c6728ed,0
9ffa5aff-ca5b-4775-b141-7020c05ba6ea,0
9ffb35a4-740d-41e8-a211-4737035149bf,0
9ffdd574-0ae6-44a6-bd14-a7273ae87a91,0
9ffe411d-0726-4b0b-ad73-dba3299b3ee1,0
9ffeeb7e-5d17-435b-92fd-4b78e5526b9f,0
9fffcdce-901b-4491-86b9-10ccbc0a25c3,0
a003e924-e48a-4141-bb0c-887448519af0,0
a0049e72-a2eb-4607-a872-43ce962f06d9,0
a00acdb0-6f78-49e4-a7e0-bf3da261fc2f,0
a00da097-c889-4419-a2a0-8b8b59c71187,0
a00ee821-fcce-443d-bfe1-44256270fd1f,0
a010c956-b8bc-4bf8-a6ad-78b1c32cce10,0
a011650b-ce8c-4141-891b-269cd77a7bef,0
a012dba6-2e02-407e-8fb8-c4ec882e2131,0
a0147086-f146-4344-a3fc-db8ef44ac411,0
a01803b9-7e7d-4e54-86a8-b75e46190d04,1
a01b4d80-2a92-4879-a555-84c55cd3f722,1
a01ba345-21df-4e75-bbf7-a9259139b074,0
a01f1c7f-de59-42ae-93de-42e660b0348e,0
a025105a-6e16-45cc-a302-043cef716bf7,1
a02698cd-78ec-4e99-8b1a-7d490d446d8d,0
a02758a6-8d4d-4a40-b296-0899b12e04f5,0
a027cd46-1144-479f-ba21-cf0d72cd0173,0
a02821ee-9a84-406c-a5bd-10bc1c23b4ec,0
a02f5102-da02-45bb-9c56-27da7cecbdb9,0
a02f7b38-68f3-48d6-9cc8-7faee7e44266,0
a03d2176-b048-4644-b9a4-a0d576881e89,0
a03db4cc-9b9f-4819-948e-ed4212bbbfbd,0
a042e018-03f9-4c2b-9773-b55bf626275e,0
a0455d6d-7302-46e4-a844-e143401657ae,0
a04739b2-8df6-44b3-b0ee-fc0ad4311472,0
a048393b-4ddd-4408-9da6-e2651570f0c4,0
a049503d-d6e5-4821-aabc-6b9870ae1349,0
a04e76c5-bc0e-4936-adb8-3d847144bbcf,0
a04fde2c-3a30-4fea-88e3-b909d8f11c3e,0
a0516e4b-ab31-48b8-a4ef-e1d8b68e620b,0
a0533e60-d261-42df-bc83-6dbe64f59503,0
a0536834-324c-4c59-a501-582d7ba54264,1
a0546370-ed70-4867-a0a3-8b7544dc0c9b,0
a05671a7-b671-45d9-8e91-e358b9d8bced,0
a05951c5-3d59-4b00-b817-202cae614af6,0
a05a7bc6-58d2-40a1-a15d-e48db9b05d47,1
a05c296f-68b8-4e7a-9686-e27e9e4f76b6,0
a05da778-d458-45de-9dfc-bd1ec1c6b581,0
a064baa4-8c70-4f63-b6c5-4f66cf53ab5a,0
a065279e-9797-47b7-8de2-5218144a4698,0
a065e34c-2267-4d68-a25b-b6ca553ebf47,0
a0668992-3685-4a06-a56c-f5f5c673e1a3,0
a06a409f-3075-40b5-bdc9-901ada63a0b5,0
a06c59db-f54a-49c3-9ff2-cd89b587e6db,0
a072a930-bec9-4ba3-8ff7-e1311591be33,0
a074fb6c-bb24-4ef7-a8ce-00c52416635e,1
a07aab40-58a1-434e-9f26-1a94a560911a,0
a07ed144-fcb5-438d-8522-6bd90cc8605c,0
a07f104e-ac28-4942-9705-7e22f237407b,0
a0808718-cd0b-47e5-be9c-2962e01e52dc,0
a0866142-e49d-468c-af6d-c026071d7cbb,0
a08b7945-8a4f-4d30-b14b-473d094827d5,0
a08c3d4f-f627-4c9c-b90c-a857fe90ceea,0
a08de724-e258-4658-a0d2-5be3b0a99c8a,0
a08e2f1b-994d-4566-ab37-393cfd6a0939,0
a08fddb6-8200-43b2-b5ce-09b28e251766,0
a09314bb-fee6-44fc-b034-f103c5bf6ac3,1
a0931dcc-d4d0-4a11-a0db-056adf4581bf,0
a0937a00-6e7c-496e-9088-1fb6bbe12f46,0
a095f6ee-0790-4c21-9e0d-6d25b54eaeed,0
a099702f-74d4-4602-a131-26de5e9c3874,0
a09a8d45-01cb-4608-8ddd-b493422bb187,1
a09beee7-5281-4efa-815c-c28c690e6503,0
a09f07e0-e8cf-4037-ac6d-046b0ce66ab9,0
a0a07ccb-18a5-4029-b106-90178de78666,0
a0a5b551-3239-4dc7-81a0-e408754a6bd2,0
a0abe2ae-f0d5-4ce5-be78-a078948cf84c,0
a0ac47ca-d1c5-40ff-a3dd-2068c10ed45c,0
a0b027f9-b5a5-443f-b7fc-3a129d24aeda,1
a0b20c2a-d748-4a60-a081-f4938b73e358,0
a0b3fb9d-ab2a-46ed-b681-767369b99c6d,0
a0bc0c9f-a533-45c0-8ae8-76b2a8799118,0
a0bdaf68-a538-4c47-8722-7aff1b4a1188,0
a0c27309-1505-4506-bd52-52439a603596,0
a0c2f85a-b0b2-4515-8b74-bdfd230d6357,0
a0c39010-6392-4ca6-b30a-137aca5f20bf,1
a0c55d7a-9295-47c8-b8dc-783e7dfb4b49,0
a0c5901d-a63c-4d0f-b3bb-46306e76afa5,0
a0c649bf-f597-4586-b032-786e0b9341f6,0
a0c8164c-e85a-42ea-b67b-719caa2e878c,1
a0c9fad8-e5a9-474d-86e0-b8db4573b083,0
a0cb0f7f-2897-4a6c-b23f-f32a59b8ce2c,0
a0cc0ace-0e4b-446c-ac99-ca23b33c771f,0
a0d1469b-e43c-492a-a716-e1c6e35c5b1e,0
a0d18404-bec7-468b-a970-83e2aa9801a8,0
a0d564a6-13c7-4e5c-bae7-6d9a2dd6084d,0
a0d61ab8-e8f6-4001-928d-0e3e9b25a5c3,0
a0da10e6-dc88-49ab-bc9e-aa2bb542fa07,0
a0dadaa2-a699-4549-85bb-00b88338817d,0
a0e0442c-b598-4fbd-97ce-45fc03225da1,0
a0e9babc-9fee-4746-9a3c-17a87a6cbc33,0
a0ec8744-35a5-45aa-890b-2387fac6d4c8,0
a0f3454b-1cc3-4d5b-9757-0106ac4dc823,0
a0f473d2-0d25-4ddd-a353-44ddf6aa323d,0
a0f4e434-2615-4c47-b9d1-40c8fc41bc98,0
a0f6243e-0ff8-4715-bfa6-0d7fe91b2ff4,0
a0f824be-aa77-4abb-9d21-3083e0cf0b50,0
a0fc12d2-8628-4496-9519-da9a22c128b5,0
a0ff5d91-fc40-4adf-b79e-eccec38abe3e,0
a0ffc1b1-77c7-4656-a043-7d01ccd64d12,0
a10200de-3674-48f6-b64b-40aedc501ebc,0
a1077b8b-1d69-4f29-b8bb-41d8f6c45d73,0
a1094500-7e85-44e9-b658-2d68b671c556,0
a10e762e-8f63-4084-b5ae-0bc8ec39ce17,0
a10ee44a-e59e-4a17-9fa9-dd39e2314496,0
a119b421-7db6-4144-921b-41e4a3f7724a,0
a11ca2ec-1ac0-4c52-b15b-5b54c18956e7,0
a11e0112-19ce-487e-880f-e10f07b2430b,0
a11f3355-8d9d-4e9f-95a5-0de494a0b2be,0
a121d146-34c6-4044-8d9a-2957628964b1,0
a12638b9-865e-4022-a065-e1a796564b27,0
a1272f79-d1ab-4c6c-b140-95a2b027f30a,0
a12757ce-5b55-4afc-ac09-fb234c967316,0
a12d276a-799d-44d0-ba1c-4bb5b8e65e8d,0
a12f3828-306d-452f-8d63-6393b7176234,1
a13010e9-4fde-47e7-a4cc-3c04c24a9d10,1
a1354936-e59f-413e-b7f9-72a44d61001d,0
a137c02b-d5d0-4d13-8ebf-6fc47ebbdc47,1
a1397d53-140b-4153-8ff7-266328c92cf3,0
a13a86e8-eeab-4e4e-8c4d-f37b4054a474,0
a13aaf78-28fb-455f-afa0-ccf5537e397b,0
a13e4b81-3562-4c26-880d-9cd1516651e7,0
a13f20c2-d3e1-4bdb-9d97-a97e369217ad,0
a13f9c45-b8bc-49bd-8ed5-1b4c38dcffb2,0
a14b11c1-78ec-474e-ab9c-4c84240b579a,0
a14f181f-ffd4-4946-8523-2f5499727aa9,0
a1538c91-1533-41a1-a12a-28029b624776,1
a155b133-c5d0-4c79-9e82-58934e726596,0
a15698c4-7099-4476-be8c-3b89f9776487,0
a1600c58-caf9-4f4c-9565-20a1e2f70ccf,0
a160a316-7765-4769-9772-4b7b0f7a3f61,0
a1683ee8-1243-4e95-bd13-8589ced29ebd,0
a169198f-63be-4a7e-8f19-9c9154f31dbf,0
a169bcea-456c-4ff1-8227-fb385f7b5f83,1
a16a095a-60cf-40ff-ad5b-d2568d530b1e,0
a16a27ae-63c0-40ce-ac2c-8fc42fab3910,1
a16dd7e0-a129-41ae-a1a7-d7e9cdf5b152,0
a16fb1d2-3d6e-4a5d-bed0-58fc7cefe6c1,0
a170f655-26df-4c8f-87d9-f6aac7db759c,0
a171f80b-3f9e-4b2c-80a2-49de54efc8be,1
a172d54c-95d5-4ca1-9b91-4eba05216319,0
a1772f12-b632-4a69-b05f-63bfff9ba3bb,0
a1784eb6-cbf9-4655-a47d-4eb0ac3371fe,1
a179664d-c4f1-4d02-a331-26b1fe9c2370,1
a17a6e60-1677-475d-aca7-1c100af8741e,0
a1832980-67f0-46a5-8803-c378105b8480,1
a185047b-bc88-4dfd-9c1c-e338efe01a6b,1
a1854ede-cba6-42bb-a495-dcb1c92b505d,0
a18b1e4c-5bec-4291-9f62-dcd91cf30c41,0
a18d9451-6d49-4b0c-8227-fdd9dd697780,0
a190ccaf-b50c-4764-bb4b-ff614f62d082,0
a191716c-2eb7-46e5-b731-c498c01fa966,0
a1aeb7fd-d2aa-4edd-91d0-2440e43543cd,0
a1b353d0-a748-4271-9853-616170517038,0
a1b38157-fd41-4663-bc1a-f1809ee7f2cd,0
a1b46491-db17-46d5-bef1-db6ebfd52752,0
a1b64e9d-5fc3-40d0-aed9-cb3f5ca21d3e,0
a1b6a97e-eab0-49d1-8349-ddcd8d00bc6e,0
a1ba2ef3-2d12-411d-a64d-1c3cbebe6669,0
a1bb9680-06bd-4399-a341-b823c97156b9,1
a1c0d9dd-f9ce-460f-8188-30ab93468b3e,0
a1c172e4-b874-4091-a37f-c8b50067c2a2,1
a1c44c4f-00c6-4a21-bfb0-8ac6b0fa9ee9,0
a1c5cf99-11ed-4d95-84f0-1b88cf97a6bb,0
a1d727ac-2c66-4d97-a205-69793df4b8c4,1
a1d76ec6-2373-4979-96f5-f3a2161b3997,0
a1d98fc5-cd28-4b94-bf98-a47f242396e0,0
a1d9d021-eb2a-423a-9827-0edfc1166e44,0
a1def3a8-a79c-4850-8940-62a5f44f25ce,0
a1df5971-52bd-46b9-818b-5d9da5007e61,0
a1dfa4a2-b1e3-4660-87e5-ee486c620f29,0
a1e201bc-1f98-43ae-89f6-46a7cee5a664,1
a1e6528c-1327-4e00-95fd-2337501430f9,0
a1e75df0-f9ab-4408-8c2e-fafd9ce4b639,0
a1e9b333-e776-47e9-95e0-652162f0006c,0
a1eac6c7-7f35-432d-9eef-d5e36538d1ea,0
a1eb07b0-2b77-4fe5-90f9-d3f0368f4bd9,0
a1eb2496-4516-47eb-8bf9-fbbd3967b144,0
a1ee2855-52a4-4f89-88e0-9c9485d14f17,0
a1ee62b1-29e3-4dfd-8f6a-efad577e33c9,0
a1ee9ac0-fc87-4dc9-b169-ecc8a724586f,0
a1eefbf6-5ed9-4e37-9694-a12812416c82,0
a1f42a97-402e-41aa-8429-ad3c03097bb4,0
a1fb7451-91f7-446a-8395-286a3daeaafb,0
a1fd045b-dacc-4181-a882-6eeec54d3d1a,0
a1fe08e4-a9fc-4d3a-aa9d-8e988a0d4051,0
a1ff6cbe-8296-493f-a74d-938087258f21,0
a202c684-2c6d-459f-a808-4d427a72eafe,0
a203255e-39c7-4563-ba03-123c2ee29616,1
a2032bd7-f855-4e6a-bc35-2474f0ba5f3e,0
a2055e25-5551-48f1-a733-36b4464b458b,0
a2079e7f-eb4e-4220-8b3c-5f33edacd17a,0
a208d165-5338-4649-b14d-e19017788ed3,1
a20ba3d1-b043-4e95-bc99-fc8a1414516a,0
a210ce27-da6b-4fb6-8582-b4ed2544bf81,0
a2121a05-f262-4a1d-988f-2895c9c5bd52,0
a2149d31-87a3-46de-8a43-a9d580870630,0
a214b4ff-4824-4f68-8566-52917a89d63f,1
a21f9794-63cc-47a0-b5cc-d59b0ae85635,0
a2249315-dfa3-42f3-b3b1-e088f4b2d0ed,0
a2254ea1-5e28-4fc6-b46c-4b62cc39cffe,0
a225aff7-4f54-4c5f-9c8a-813381e0afd3,0
a22986c0-3880-401d-b826-93c235a20725,0
a229b8d6-ce47-4890-bd2c-9665aca549c5,0
a229b9e6-0647-4392-b2e4-b9958ff29d3e,0
a22a0798-4bb1-43ad-a86a-6214916f0943,0
a22b0366-d613-435e-a25e-89b894bfbe4c,0
a2302beb-0421-4826-aab9-267af0e92be0,0
a232b14d-66c6-4380-ba8e-190fdd078b6b,1
a233981c-5cae-4f3b-9a12-1848d961c35e,0
a234159d-d549-441a-b930-50bf9097abac,0
a2344037-4ee1-4863-acb6-ef86083d45e3,0
a23559a0-bc9c-4fe9-bd57-fb2cf10865ef,1
a2356813-7311-466d-89e3-391dbe2e3fa7,0
a237d7f5-2c8a-4614-b016-4abbf99eae80,0
a239636c-5ac9-49b5-a159-42ae84da4ed9,0
a23ba3a9-8f6a-408e-8aee-46e8cb44895e,0
a23f39aa-0c59-405b-a07e-69e7b22b32a8,1
a23fc5f8-2f9d-4fc1-8fe6-88379435dd25,0
a2435c7e-7854-4b70-a129-ac16f8f9c48a,0
a245515c-1f13-4e36-a275-ba0c721b20f3,0
a246dddd-b6df-44d5-92ce-a05b6b45f86c,0
a24ce520-dd23-4a3c-beee-919df7d10f07,0
a24dc3bf-d47b-4d0b-a368-f72c691b85f7,1
a24ef472-f08e-48c5-8fbd-10c1d80a73be,0
a24f01bc-f96d-462a-b64d-858abf420794,1
a255f18d-16a1-49a2-bb55-d73c00c593da,0
a256c319-2803-4632-971a-868776aaf365,0
a263ced7-1ed4-4862-91da-2bd36a1f09d7,0
a26722e4-b640-49ac-b3bc-773f0af3f9c8,1
a26ad154-327d-4212-bbb2-6f8b2d15ac86,0
a26c83a7-f123-4f7b-9c64-bd1e55a43f64,0
a26e79b0-dafe-4bfa-8e2b-75635d871121,0
a26fd97d-f32c-4727-8968-16339681e32b,0
a271af44-80bb-4800-8846-99942971aa97,0
a2742286-4d95-40f7-bb94-e2d7a05f1a88,0
a2772065-4a6c-4b51-8f94-f3db8cd99e80,0
a2803e08-f7e5-44f6-a946-d7d6b914808f,0
a282b2f0-208f-44db-ada5-fe1cdf8451a4,0
a2842510-1351-44ef-a457-cf13c3484788,0
a2861537-a19b-4dcc-8b41-c1e276fab8be,0
a288d67d-d848-4b31-88ea-7fb57fda99fa,0
a28b293e-c3fc-4b6e-8aab-aad61c26c68f,1
a28bb7bb-fdae-4a58-ad01-10bf3b2c8894,0
a28c86b9-6771-46e2-87cf-1e7fa8ef3024,0
a2932d1a-abcb-4bf3-a519-5de30d8a5ace,0
a29583df-3b33-473a-9009-7fe35cdd1261,0
a29b03b1-081f-4269-bb1e-223cd24286da,0
a2a0eb1f-451e-4893-9011-505b6fb7fdff,0
a2a16119-db8c-4b4d-8ba4-d73b86eaff11,0
a2a61262-d713-432c-8919-601bab05cc70,0
a2ac5f65-1397-4acc-8b4f-093a72a3be9b,0
a2acd94e-1401-4792-b34a-7e684f47dbb4,1
a2ae9023-ef84-44c2-bcb9-a47d25f23419,0
a2b598c7-fb94-4273-99c7-527c4dd894b7,0
a2b8ee09-a14b-49b2-a066-e8a24e628cdc,0
a2b940dc-00b6-45a7-a074-61ac535a4711,0
a2bf6c74-dff5-44d0-a92e-d1101ce788c6,0
a2c14ba7-1dec-43bb-be6d-34cc5e53895a,0
a2c1fa57-c47f-4181-a2c6-ff26ec33fae3,0
a2c2d923-d351-4cf7-98af-056f7bc76107,1
a2c409fd-0b2f-410e-86cc-456bd4f604e6,0
a2c47541-f6b4-4caa-ad1e-1c187e849d02,0
a2c752f0-f14e-4cd6-beda-536fdbe0e0ff,0
a2c9d44a-e8e7-4118-a589-f5295d7b9a7d,0
a2cdbeb5-5c27-4d70-86d0-ad21ad240d4e,1
a2d0e824-2545-4da1-8cc4-4e5edfa7a9dd,1
a2d2dd34-cc67-479b-afe2-640446c9d930,0
a2d86e57-a750-45ca-a200-432412e2af0f,0
a2d9388e-f1d8-41ba-8511-68f22ccdb870,0
a2ddb99c-9b60-4831-98d2-ad1e1bcfc23c,0
a2dde90b-6e87-4321-943b-8a1ebefca2f1,0
a2e11902-a510-4d11-9bd9-d9a7cb492a04,0
a2e39bf5-ce81-45c6-a2e4-f185660e7982,0
a2e47a29-8045-4135-92c4-6635ca780126,0
a2e4a9a3-af00-4ed2-9ef4-fd7e48110e51,0
a2e64158-6d8f-422b-b873-5da38a4ab33e,0
a2f22312-3cf2-40cc-aac9-cd7ba3f6dc2b,0
a2f5c158-86c0-43db-af35-9476978a646a,0
a2f5ee07-f30e-4723-b439-137ee2228774,0
a2fd42bd-37ae-461e-8b28-dadebe5468b6,0
a2ff2b6a-6e44-4372-9101-4d64bf4e59d5,0
a3005d57-da2c-4fc5-87d3-e5b4da1e8b02,0
a3016d0d-dcf8-4638-879a-63e7aa633b93,0
a302027e-d321-456b-a658-67daa92089dd,0
a3067e6f-180f-4df5-bff2-a99968debb95,0
a307eefb-e9e9-4d4e-8244-007c39fc30d1,0
a30bbd45-24ff-4470-bdc6-8764ddfa43dd,0
a30ccb45-3b67-4829-b82b-3844fbb061be,0
a30edb0a-6d22-467e-9c86-69751904195f,0
a313444a-6fa8-4695-a77c-3c6d877ae828,0
a313e4f2-763a-4ca3-bbe0-493df1f5fdb5,0
a3171901-ec39-483a-8ace-c7a7006dfe17,1
a31b6d62-fc9e-4893-8e90-e3e529f8f415,0
a31d13a1-9b02-4dc7-ade4-cb4460dc7f83,0
a32225bb-c976-43cd-bb14-c49649bce155,0
a3254d4a-831f-4669-bbaf-2dcdeff28c36,0
a3290bcf-cb4a-477d-b2a6-f72a72dd322c,1
a3293854-e877-4036-bbd3-2d2c6cdff22e,0
a32a2307-5ad0-4aa0-b95b-8755aed31cdb,0
a33b5af7-0d7f-4990-9c5c-d3a0b1f3ec2c,0
a33c3fd7-780b-4e4c-b748-a04dbb9939aa,0
a3418549-f07f-446e-86f5-a1123570506d,1
a345a7af-abe1-47de-b145-6d26468f1fed,1
a34638b0-740f-434a-acd6-8635f9befe99,0
a34a222c-b3cc-4d9b-af02-7bcd90937d14,0
a34ee378-9a59-41e2-872b-1d5a2649cb14,1
a352a1ed-fa63-4187-969b-002508cf4fc9,0
a353564a-2957-4c71-b95e-fc14fc0975e3,0
a354aeda-664a-4f5e-b086-0b3be82f8971,0
a35965cd-6e69-4f7e-b946-ae5e574f5bd5,0
a366446e-38e6-4334-a10e-83f57b04fc30,0
a36a646f-8c89-489c-b2ed-bd12687be528,0
a36c8106-639c-4543-8ed6-7609301183e3,0
a36e1d09-8fea-467e-9ec9-8428a2f395d3,0
a373d427-593d-4d8c-bc13-eeecf8e3283d,0
a373f329-459e-4d8c-b0eb-f9ada7005cab,0
a374eca3-9133-454d-97ea-32e27d7e83a3,0
a37551d6-d378-4f4b-ab97-dc193ec01299,0
a3759330-14db-4d1c-8d6d-cb35baca1798,0
a37f091a-9e54-4638-bee3-58b833a629cd,0
a3834526-1727-4c7d-b7d5-4ac86a440182,0
a385dbe9-705d-4510-91b7-661fed9dfe3a,0
a388833b-82fb-4fc8-bed6-f98c74559741,0
a392c113-8c04-4ea9-9593-741b8ae51366,1
a394c161-3dbf-48fb-a4e9-b205ca6211ad,0
a3957bd1-51e6-4845-a2f4-2ded8b5d31eb,0
a39764fc-006f-444b-b74c-6b2ec453307e,0
a39baa65-6ca7-4a1b-bde4-feb7c9c7972e,0
a39c5908-61d1-472f-85ab-5a2bb9ba5237,0
a39d2282-a51c-4e76-aa17-76459c5a8ab5,0
a39dd84c-929c-42ff-accd-2a5f6887629f,0
a3a0646b-9bbb-43f8-a686-b18445f611b7,0
a3a1e96c-efd0-495c-9c28-bd4fbd259615,0
a3a38fbb-65d9-4f37-823d-a453b24a32a7,0
a3a76584-75e8-477c-8e71-6a3046b1bb30,0
a3a958c8-21c4-4744-83f8-8492b4a6b618,0
a3aa67a9-2aa3-404b-b7b5-a78b582e13e4,0
a3ad5f61-3b80-4fba-ab48-17da2cb0fae8,0
a3addc23-a49e-4baf-a768-9edcc546fde6,0
a3afceba-91c6-4d42-ae6a-93c23b1da303,0
a3b1c40b-2c5c-4622-a8eb-99c8055ea383,0
a3b20e18-af3f-444b-a9d3-971086fcd6ee,0
a3b21f69-e23a-44d4-a268-6aedc1b6e51f,0
a3b24e4e-ee66-4d14-b2bd-638d89333a23,0
a3b6adb1-5c08-4b08-8e83-178679a4ee5b,1
a3bca638-cd0e-4d3c-97de-eeabc8f19f8e,0
a3bd6a1f-8cee-468f-b3d4-cdd46535f17a,1
a3bdbf27-8e27-4fc5-a1be-3109510f5553,0
a3bee5c5-24cc-40e2-b170-97f048ba4a5c,0
a3c83a0f-94aa-46cb-b5e5-7bb8f305ebb4,1
a3cad251-95e0-4381-8b5b-3641c30f8725,0
a3cded85-fdf5-446e-8793-0fd14a895148,0
a3d03c6d-c2fa-441a-ba00-c15f017d4010,0
a3d09337-5cb4-44c1-9faf-093981cf74c9,0
a3d108b7-c216-4c6e-9ba1-b181a859bebd,0
a3d1c0c7-419c-4621-a2a9-89e5ae0e7ce7,0
a3d200d0-2e16-4b09-9a65-c1942b228e1c,0
a3d95791-0d97-44e5-9fd9-9f3f30f083bb,1
a3dbd3d8-5676-4862-a278-7972db3c1b44,0
a3dca4e6-367f-4b0d-93ef-bfef4caf5785,0
a3dd4d76-9f79-4762-be9a-5cbda3bce9f1,0
a3ddfdae-08eb-441c-801d-5140629ce936,0
a3deab4f-8c77-4794-8dc9-8c16fc617da1,0
a3df7204-80ac-4d9c-9ee5-5d0115ccd356,1
a3e18b44-ad9f-4921-8e18-cd14c4a483ff,0
a3e276fb-1d79-4573-9161-225aa08fdb8a,0
a3e2b4f7-1920-419f-86b6-2df8b138cd2d,0
a3f04683-9d22-4200-a3cf-bea2deabde47,0
a3f50709-b508-4b7a-a088-6f88e1f16de0,0
a3f9ecd7-3392-4de4-b327-ae03e0345649,0
a3f9fbf0-a2af-4058-8d65-4d1f119410ee,0
a3fc0fe2-bc8b-44ec-88b1-1a836213764d,1
a3fe910a-0b4f-4a81-a840-1a5ec7080726,0
a401b7bd-8400-4d4a-8a01-077b68e7c017,0
a401d318-9841-45b4-ba40-bd6624dab34e,0
a4024fa1-d6ab-4002-a61d-224f818fef8c,1
a402e7da-8f5b-4d91-a47c-3631bd344a5d,1
a4046252-3254-408f-8b93-33db95d6f288,0
a40deb9f-8950-42da-af2c-68a2596b5572,0
a40e8dfd-ad13-49b5-88f4-ffb7d17e5ee4,1
a41695e6-0aca-4502-b149-8c61a4c9fcb4,0
a416f953-b067-477b-9c5d-87b85b4b8cbd,0
a419e5df-4955-4b0e-bd07-fa7b29d97560,0
a41c904e-e921-4403-b6e1-48c17c6dba17,0
a41e6be0-0674-4010-8520-59dd1b2a4fd5,1
a41f64f6-81dd-4c08-87bb-288868446df5,0
a41f80c1-b6c4-43d8-979a-52299e393f8a,0
a4209a6e-d09f-4539-8c30-10becf5ec796,0
a420a957-c563-4eb5-a063-542485b7a299,0
a42507d1-ac00-4960-a88a-f31d17af4395,0
a4250e18-a311-437c-a2fa-51b7d9f6a0e6,0
a4276022-f006-481e-b05d-d001837090f6,1
a42e391b-4eb9-40d5-b839-d3dddface09d,0
a42e66d5-66a4-40fd-9d4d-17121069446f,1
a4311d22-e8b9-4bdd-a068-a4cd5349b4a6,0
a43194f9-cc31-4928-91d1-03b69689dd9b,0
a43454e7-82ee-48ed-a090-8d5b573063f0,1
a43e741d-9859-4264-9d31-ccfea749d5b4,0
a43eeca0-3e62-4c23-b7a9-3225697f9aa5,0
a441655d-cf61-42f3-9b5b-d52e04400e09,0
a444a19f-bcc1-4b4a-a6ed-ba8d426d67f8,0
a4453bdd-b49e-4629-8d7e-58244c817e5b,0
a4475c68-9013-44d4-a835-3ea994fd4610,0
a44c79b1-02cc-4e6a-abff-ca2397b66487,0
a44dc08e-fbf2-42e0-b480-314f8e9af14f,0
a44f69c3-f241-4405-ac9b-1020392527ba,0
a44ffc64-98ac-4e62-b4a7-6b13f25e4902,0
a4536879-d463-42af-8028-95544dbcd1b2,0
a4546be7-7727-4169-963a-03a801b3162a,0
a45609d7-c0da-4aea-acb7-5467b8451536,0
a45855c8-9282-4ae0-a84e-d06265875234,0
a458e52f-6eea-4eba-b2b6-9f20f2a63529,0
a459da6b-0cd2-4eba-b4b5-fcb4ef40db06,0
a45b12f2-0de9-4815-81b9-042a441d9e85,0
a45de635-6441-4d01-bfe8-c3edd342661f,0
a45e944a-cf9f-4087-863a-4e29bbac2a59,0
a46155f2-1997-497a-85e4-0c3e270512e1,0
a46b6e75-33be-4ab1-ac31-dfb9bbd9797b,1
a46b9db5-d529-43dc-88e5-3ddc4cc81dc5,0
a47657d5-57db-40b4-bd55-61da0876fe54,0
a476767a-fddc-4dcb-b9c7-eaf715b90d00,0
a47b5529-2cc5-4579-910f-c6fb613f15eb,0
a47c4a25-f204-40d3-9252-91c98c3f0bde,0
a47e776f-c0b2-41a1-a9b6-df97eaa36785,1
a47eba3b-6284-4026-b4a3-0f8f1ffe01f3,0
a48019b5-dc6c-4871-904f-85d4c04e24cb,1
a480beeb-5224-4226-b790-14b589a27309,0
a4822321-ca73-4e5f-bc83-3eb47d3867d2,0
a482dd8d-cce8-44c1-9c3c-58944b85d0f3,0
a48686c2-0a72-4e69-aaa8-753c43c82f7e,0
a48c260c-b4a8-41dd-81bb-db69b7adf832,0
a48c8764-9936-488d-b376-64486b4e0c1e,0
a48cb8e2-252d-48ca-b556-0f8adcc12782,0
a48d5600-562f-4236-93fa-7f6dfbe0b4ea,1
a48d58cd-6f12-4fc6-96db-e8a2353dfe1c,0
a48e4c64-6722-43c6-9786-1a9c5c84ffaf,0
a4920c1e-467a-4439-a442-118486d23a74,0
a4935411-8eaf-42f9-8a11-522932b0fe93,0
a49ad191-ae83-4e80-9fc6-9c07fb74a105,0
a4a212d7-09dc-4b2c-9b06-f879b427fb8e,0
a4a22ce2-1a8a-4498-a491-7c75dec988b7,0
a4a32308-e58c-4168-8881-0692a3b8044f,0
a4a44c90-8c42-4c58-9ca4-bf590607bfdb,0
a4a6125d-536e-4900-ab79-f8862fd3700e,0
a4a9febd-060e-4f7f-8568-d8a9d96d32c3,0
a4aa6084-c0d4-4b07-b0d6-d3225b29b9cc,0
a4ad4e80-c4e1-4083-b0e9-c4c846a34b88,1
a4b2f3fa-c6f0-4254-ac9f-49818531347f,0
a4b404be-56ba-46bd-aa86-48aa983e2948,0
a4bab7bb-24bf-4ef2-8d1f-ea4aefedc2e7,0
a4bc2ac2-a3b1-4ace-ba96-42770f42e00b,0
a4c378de-9ccf-4aa5-8394-7f40bc41a520,0
a4c9357f-32c2-4517-9e16-72d935f9e6f8,0
a4cb8385-9e4e-44e8-a360-3c31be425e81,1
a4d1446f-bbfd-41e7-a948-d805cc003bf2,0
a4d48619-05d1-49ae-9a96-6f340f87ce7d,1
a4d5112f-a72e-4e23-8fda-ac37b24534c6,0
a4d700b4-e990-4a35-b318-df54521a2983,0
a4dcf4d2-b1d8-4b6d-8342-6e8a35643d80,0
a4dd5157-6d8c-4b71-9469-08d213269a60,0
a4e0eec7-80c2-487c-9f78-b9dd3c8b1349,1
a4e12967-d69e-4fbe-9e92-02b9ea80b0f6,0
a4e2da17-d9ed-4470-b78a-09778749582d,1
a4e69e21-0b58-4e81-9c36-5b9bf417fc15,0
a4e7de45-fc3f-41b3-999d-2694936a13ee,0
a4eea548-19ee-46cb-b378-d0f333eadd0d,0
a4f342b3-5dc0-4672-94a6-ff97a153988d,0
a4f67517-7ac7-4c0a-97ca-97ed6a68ca09,0
a4f6ce85-cf2c-4292-95ea-be0540087b15,0
a4fbd748-2ff9-49c4-8bbc-32824e2976f9,0
a4fe85ce-4b9b-4a4e-ada6-2c8e23857bdf,1
a4ffa374-783d-4c81-a2e5-6128f691e342,0
a5038449-b1a1-449c-afb9-7a72414daeff,0
a50c5057-b270-4277-9299-bfc2245d3dad,0
a50e59e8-eb6b-4e7d-968f-f6e04275c9e1,0
a50ec614-1a4a-4f06-b6da-49d2dba670e6,0
a51e3c19-c30e-4568-94d8-5efdd0abe7c9,0
a51e7559-b53f-4828-b24a-b3b6c6959c38,1
a51f62f5-4fee-47eb-b181-10cb3f155638,0
a520ea7f-c978-4a8e-b23b-ce3336db45a4,1
a5215cb9-1b87-4f67-b941-420c7e2f032b,0
a5224d3a-539b-492c-96f0-2808aab0fa87,0
a5244d55-b765-4c17-8d11-539d3edbff44,0
a524644a-4963-49e0-8741-5f0b65b6a4b9,0
a525f330-514b-413a-9f18-f05130026b64,0
a528c81b-ad44-4bcd-adc7-1028e6b7f57d,0
a5290520-08f6-42c5-bcb1-0a2b1a11a8f7,0
a5296b25-d246-479c-b2ca-a92e1040cab9,1
a5297451-d042-4f17-940e-e786c8e40827,0
a5311730-0dbb-4808-a648-33a1bde60b10,0
a531b694-b7fb-4793-bda6-0357b7a7c2dd,0
a5343a6a-9e69-4283-97fb-901b1d38aa3e,1
a534763f-8b2c-49a0-b276-7571745318ad,0
a535d6de-c159-48c9-bdf7-c934f95bf4c7,0
a53685a0-2ba0-41de-a6e6-bb5a2f76f528,0
a53ac4be-5740-4244-8705-1b6efa2918f0,0
a53cf879-67d7-44f8-ad86-6b2b0f9d6372,0
a53e337c-e021-4666-a40d-adff6518b7f5,0
a53f35bd-f293-4759-a0e8-343f7f7738e1,0
a540a5e5-807b-490f-8b00-bce906b56117,0
a541072b-99fd-49ca-b36e-1c2e3d61fd47,0
a541acaa-cbd1-4ce5-a7ee-cfee2de860c8,0
a5422f1c-018f-4450-abbb-4f18f48ed38c,0
a543e6e9-fdaf-4c5b-be19-ac67b788d141,0
a5460c6e-ce0b-475f-a61c-c3767d55eeaf,0
a546d409-bbbc-450d-89a0-bbd70669e997,0
a548d218-80cb-418a-b295-0fd0a114463e,0
a54dc724-1a7f-45a2-bae4-c9b5d8519b7a,1
a54f494b-5842-47c4-acb6-2b439579a655,0
a5507424-cf93-45e8-b7d2-2ea207b9be04,0
a5533dfa-a7f5-4c35-8ed4-368de01b72cf,0
a5571177-a3e8-4353-b179-308e23f8d57f,0
a558807d-a4eb-412f-96e0-053cf4fb9072,0
a5593dd2-58b5-4c1f-83e5-98d873a6dcf9,0
a55a22a7-95e0-4ce0-a1f4-5a2df538a7ba,0
a55edad6-e72a-46b9-8932-20785178c403,0
a55f6007-dad7-49c4-b139-361e24c2334b,0
a5641bcd-f088-4ce0-813a-55318167b667,0
a564fbba-cb54-4778-b9ba-0a67036ffc74,0
a56714e6-6554-466c-b543-9afc45197544,0
a569f42b-de70-4c33-946d-276c05649796,0
a56ae6de-12c9-4adc-a096-b62e23be030a,0
a56f1d7f-97c3-45a0-9839-75847abf1d87,0
a57484eb-7393-45f7-90d2-8d5e1fcf32de,0
a574dc1d-b944-4b94-bc60-8bedd65f9119,0
a57c03f6-fdf3-4305-913e-033cf192ebf9,0
a57cce12-9b5b-4ad9-83c6-de86a7ebadd1,0
a58109f0-4de1-4ffe-bfbe-96f37c8c7e37,0
a5835625-5cfa-47f5-bca5-7b9f1cd587d3,0
a5870eed-57c9-4577-a448-950c9faeef48,0
a58e3bfb-544f-4ed9-ba3a-279c3474e059,0
a591a4a9-36dc-4f90-99ac-1a94d69fe69d,0
a5929ad8-383d-4333-aa83-8ad1517efc6e,0
a5932fcf-461d-4d2e-afd0-ef9469f20367,0
a5935718-455c-438f-bda6-7dd96178497f,0
a598b50c-1e9a-411f-a70b-d665086cee79,0
a599d309-602a-4597-b23b-c2f2a456c7fc,1
a59d051d-b89c-4d40-bb06-dff0cfc6df72,0
a59e2b88-79a8-46e6-b479-555f0b2906f0,0
a5a52d4b-6c9d-46f3-bc02-9327604daec1,0
a5a675e5-f6b3-4f35-8e41-c84b19d701d8,0
a5a68a27-9999-4781-b2d6-73bfaed72b3e,0
a5a74944-0e99-45dd-b775-760feff3db28,0
a5aa1abe-4a03-44ee-9bff-7796fde2baf4,0
a5ab2d06-84d8-46fe-995f-4938aa5dcbf2,1
a5aba64d-dd2d-4cee-a419-80fbcae4dd04,0
a5ae033c-2eb0-47c3-a5a4-1be5acc80ae7,1
a5aeed4b-05d5-4c2e-ac82-efb517ca66db,0
a5afa2f0-d55e-4c63-9db4-577931714f3f,0
a5b1bd29-637b-470c-8f17-723e8b2a8d2b,0
a5b3d18a-9ac5-4964-8a3a-425bf5854620,1
a5b4f0e8-c0cc-4b05-ae27-c69a1306c77e,0
a5b744df-aa80-474b-ad36-5dad56b10b2a,0
a5c46c32-579b-442a-b190-ec48cb961e67,1
a5c497f8-0136-47de-9926-63ca521630be,0
a5c8b777-5de4-4b83-9794-ff977be19fac,0
a5cbaa10-ccc0-474e-9ea7-d10051d651cc,0
a5ce357c-d9a4-4fdc-a720-bb76d6cb8bb7,0
a5d19cbe-e9d7-4e42-8299-731d15830f41,1
a5d522de-1f7b-424d-a03e-c701537a23a6,0
a5da0624-b7d7-4e33-821c-3f43b2e99753,0
a5dba626-050d-4789-9796-aea018c6220f,1
a5dea8f8-bb1c-4995-a52a-728bca253c4a,0
a5e7add8-f766-410d-b7b6-0b9241e85f75,0
a5e8cf47-6253-4ef1-8a50-41f8c5889f06,0
a5eb0058-6211-4d15-b639-4dd27a7b425c,0
a5eb1ebc-2b34-4880-af15-c9e3973d8595,0
a5edb699-081b-448d-90c4-ecbc6a203bf5,0
a5ee3c1d-ee20-474a-a28c-4249fbd196be,0
a5efccdc-6ce5-4b21-a295-c670b71535ad,0
a5f21d3d-89a9-4dca-8216-658db19796a5,0
a5f2295b-6488-4991-a3ca-d78e929f0a15,0
a5f43f20-0903-42c1-9035-d838a43e57e5,0
a5f67969-6a59-4191-abff-89e080a6d5b1,0
a5f7fdbd-d480-4af7-b385-e8cc958d55f8,0
a5f8e13c-ff14-42b3-868c-2d82beb362ec,0
a5fc9433-7b0c-430c-82fb-1aab7dfb79eb,0
a5fe53ac-c929-45ce-af63-7ce582c0318a,0
a5fece14-9f67-4c20-87dd-aecf6bedf8bf,0
a5ff5903-0ae0-4d65-a3af-b5ba9ff5eecc,0
a6014deb-3fd9-4bbc-aac8-b368952f1844,0
a60188b5-fcd8-40b6-b03f-bd4cceb019d5,0
a604390a-6c00-4a52-bdb1-dc8ba79ae015,0
a60493c2-f294-4867-8bb2-2fea76a7d219,0
a6050def-3ef4-419c-8c5b-069f003d4810,0
a6056553-4883-450f-b3d4-8fa7cbddc0c7,0
a6077a0c-b6fc-435f-9c26-075a2766a65d,0
a617391a-3735-4c7f-b6cf-c4bf5b0c6668,0
a617c7d0-075c-4b8b-bfbf-933fef6750a6,1
a62154b1-87f2-4bd4-a247-0086f863d4a3,0
a6226d86-95c2-48ec-84c4-892714fc42b3,0
a622f1e1-230f-4b50-8a83-3782ced1f7eb,0
a6239905-c135-47e7-93cc-7a3c9914383a,0
a6257b2c-0796-4fcc-9ab2-90fdae59ba1c,0
a62a8b73-8a46-4cee-9451-30381f318e34,1
a62c8730-e84a-4455-8b73-24f70f356f99,0
a62ee482-6366-4b71-b005-724fb516b072,0
a62fdcbe-4876-4150-8f7e-866d4f9b7510,0
a630fa72-1a75-45a4-a37d-b64f28f6db34,0
a632480f-df55-46cf-bfe2-d2c21efba050,0
a63351d1-0c29-402c-ad6b-a1cbf439f1ef,0
a634a66a-b990-4320-ad89-6d0e6ed21142,0
a63a49bd-5a94-44a1-9308-fcb8d62b7b8e,1
a6408105-4217-4d2e-a478-caebae9d8b0d,0
a642fbf7-fce7-40bb-95b2-a974fcc674cc,0
a649af96-3c94-4fd5-9e2e-41b2a2cd743f,0
a64a24ff-a8f2-49d8-88e2-14313172326f,0
a64bf003-34c3-4efa-839b-2683c44cf6c4,0
a64c3413-b3e5-4cca-ab8f-f504f271a96a,0
a64c87df-1439-494d-a874-1c0b58f503c7,0
a650b568-e117-4734-8324-1a56c33ee43a,0
a650b80c-7ed0-40dc-86b2-6a15e23b6ca7,0
a6527ed5-cb0a-4e54-b130-1e2c2b2a41c2,1
a6551525-75a0-4cd2-af67-be571a0c1d5a,0
a65ec3a5-0aa0-42cc-98fe-70d50ef08e35,0
a66126e8-1c9f-48ee-855c-eb4e42bff88b,0
a661989d-b6f8-47d1-b113-cde30959f205,0
a662aa87-d4c4-4fca-b801-9f0a8923c851,0
a663115b-0c99-4111-b496-7e9e7997a4e9,1
a6650df0-afb1-464c-84f8-5cae5c2bf0a3,0
a666fe26-7b81-4b18-861e-510323f4cd76,0
a66892e7-40b8-4eec-906a-b77d0b2d61be,0
a6696a08-4d6a-4a54-8aa2-507c49487b0a,0
a66b3148-633a-449f-adc6-0efcc41c29f6,0
a66cf71a-540e-42de-babf-cdd3b2264336,0
a66d20f5-1c10-43ab-9ea5-08284e3c13cb,0
a66f4ec3-3d4c-40b2-8c84-c5ae0d20f487,1
a672f5d7-8241-49d6-9112-87411d439f47,0
a6731650-6760-4a8e-a60c-bb0ba9a40e3a,0
a6732090-8046-45f6-8229-bdf200620317,0
a6755a6c-c31f-41be-ac4d-c8b84a7df021,1
a67cd09d-268a-4499-9c6d-e133fcc1bbfe,0
a67dd674-31d9-4e76-a9dc-472cea0b65e7,1
a67e7cd1-e44a-4df6-9bf8-f6f44d05d3dd,0
a682ed29-4e01-4533-a4e0-b232e6338f7a,0
a684d747-7cb3-46f7-8f77-80e3fa36a2de,0
a68c0dd0-73fd-4f03-9ad9-32ebb264e741,0
a68cafd0-515d-45d0-8c59-691bb4e14b8f,0
a690c85b-8469-4f2c-8374-616378408f77,0
a6914522-aef9-4376-b36c-e388f52056ac,0
a69361a9-e6d9-479f-adf6-05510aaab20d,0
a6951bbe-81af-4444-95ca-464193e67766,0
a6952391-8611-4a71-a605-46ef24cde0e9,0
a6956990-9cb5-4d52-88c5-1b8878fdee78,0
a6963500-0419-4602-8547-325131ce4df8,0
a696ca97-7bdd-4d61-91d8-a0d78f6a0af8,0
a69890e1-e157-415c-96b6-042d7a508223,0
a698d600-c42e-459c-b3f2-d1a1818e04f4,0
a69963e6-1ca3-44aa-9d38-ac06bf6cec38,0
a6a05461-7810-47dd-a770-1c9958d330ce,0
a6a30ee6-300f-486d-b4a4-efea5fc1ca3d,0
a6a3fabf-c991-489a-b983-5aabdc00be1d,0
a6a4288b-b2d2-474d-826b-bb6340e2a202,0
a6a4f4c3-a011-49ab-9273-ecf85c4a2b28,0
a6a788ed-f565-492d-ab42-734ce9e5c0e8,0
a6b4368a-5317-41c2-af6e-8d77b4c1661f,0
a6b5a575-f4f3-4ab9-a078-727e5ccea88c,0
a6b65bf0-c81b-4cfd-b366-72cc3b1e6cce,1
a6bac28d-f411-40ff-a8a0-835e591fddea,1
a6bc5132-2e9f-41d8-bea7-8b5678bfa072,0
a6c0b659-643e-48e0-98b9-87dc25c461db,0
a6c497ad-b6ae-47f3-a1a6-f6a948a4ebaf,0
a6c5b1a4-420c-44a7-b2bb-aa19647e9ee9,0
a6c99231-15f8-449f-9d18-3615ae706f2a,1
a6cce45f-4c26-4340-b660-2433373f9420,0
a6d702e2-06f6-41ce-b13b-d5af51fcde9d,0
a6d787f9-3df1-453e-962e-5d2895b7c67b,0
a6da6e68-2411-4d05-aa2d-a6ad61f92368,0
a6dd685d-6757-4bcc-a69a-3636efc3696f,0
a6de7486-aeb9-4456-a4b2-580f69d3679a,0
a6e6761a-5e0b-4a5a-b78d-c4e689808843,0
a6e706e1-22f7-4b67-bd73-fcb65b807879,0
a6ed3b40-dabd-440f-a51f-714e9f31f961,0
a6f04c9f-fe48-4492-93bf-a1c07ca690dc,0
a6f374d6-4837-4fb1-86cc-1f7e781f7463,0
a6f375f6-6f57-4646-8735-31beffe354b3,0
a6f388cb-0030-4b0a-976e-39904ce9dba2,1
a6f69948-16fc-4c80-8097-0ef9bdc1e2f0,0
a6f846dc-9f3a-475b-9b11-afeca74bc194,0
a700342c-83ff-41b7-884b-588df4dd2b30,0
a700563f-57e2-463d-a790-f4cfb7349920,0
a7070ea2-a71c-447b-be43-90b15605a4df,0
a70badc6-3a23-411d-88df-e93196e0fea6,0
a70da564-fd6f-4d0c-b9c1-0fdad1079a53,1
a70dd493-775b-423c-bc71-4aafb50fd648,0
a712ae73-b2ac-4799-bb9c-901c8c74a123,0
a7135c96-b6e1-4f53-9745-4b6a30b7d5ba,0
a72749d8-474d-4c17-93f5-8451bf7148a5,0
a728451e-fba2-4230-8cd9-3e8af8a19c5c,0
a729e1e9-7332-4b18-ab14-8f36a0093be2,0
a729ef86-16a1-4274-acb1-a8287431b480,0
a72b028c-b22e-4885-ac89-80b82af5706e,0
a72d0847-6188-4cf9-a53a-e1e8ba4eabdc,0
a72ea459-d7e1-4042-95a2-3b159804a1ff,0
a72f4fa9-afe6-4319-8c40-eba20585dae1,0
a72f60b7-64bf-4a90-9896-a60ad5d33012,0
a7302317-5b55-4367-9001-d007001ea59d,0
a73144fb-45d7-4036-b1f5-37ea45bec5cc,0
a7350cc2-13d1-49ba-acb1-e14e519876c9,0
a73acb7b-90ea-485a-8f22-8cc82925b85c,0
a73c967e-1059-4c5d-a55f-6a195bc69f03,0
a73fa380-d2fa-4df1-a298-44bc0d25c0d6,0
a7404b63-9af5-4d51-b619-d71435657ab4,1
a740ce35-197e-410a-aed6-11502adea864,0
a74417c7-111d-48d7-b6c9-614fce38b9f6,0
a744b4ed-d41d-4e52-9162-04f6bdf92c43,0
a745e2dc-1849-4e1b-87fa-a8455be639f7,0
a7466055-6fe6-4dcf-88c3-d8545c33c6c7,0
a74d3c80-7573-443a-a754-6f92d5b34674,0
a75840bf-41d8-4ea6-99bf-ee3f8001d2e8,0
a75a6122-6ee9-4bd1-86c0-3f115794928b,0
a75f6c60-f884-4ea1-a975-c564f82ec565,0
a75f7501-c970-4356-9bb3-12fdb12575c0,0
a7632fe9-d46a-4473-8621-2217f692957d,0
a7639c32-607b-488c-92eb-706b3c26db6c,0
a76472a9-12c1-43eb-8bcb-a2e5dd5e85bd,1
a767e315-d8f3-4fa7-b892-4136dccf3f75,1
a768ad80-d026-4f5f-886d-c7126b80a4b7,0
a768ce40-d9dc-4e24-b6b1-bbe3b8b519fe,0
a7708350-6c8a-4c81-93eb-cc2f98ae83a6,0
a7736684-b9d6-4b99-8738-c1804ea825b8,0
a77433ee-8461-462f-a261-7a2bcec3a60f,0
a77829b3-176a-4489-9fa4-b76fd1c591d4,0
a77c44d8-8d38-4cc4-8a29-01ed97c73e42,0
a77e7d2d-c218-47c5-a58c-f3263b3682a1,0
a783b448-44ed-456b-b040-ac1b819060ec,1
a78923b8-650f-4c37-a2d4-40f4bd13fb7c,0
a793c544-ede2-4147-b883-93744005a160,0
a794060c-b935-4c74-8486-dfd348007b0e,0
a7941359-71f4-4039-98c5-9f90230ad6f6,0
a79a6eff-a9bd-4a80-96fe-b00f5c7384d2,0
a79bc13e-0e3e-4407-b0fc-6f498cf9ce53,0
a7a25728-4080-400b-9c4a-ad28e0217b69,0
a7a4d68c-5287-4f72-aa35-9842be7cd687,0
a7a5b77d-05d9-4849-b536-0de19b9a74c8,0
a7a9bff6-c671-43eb-9d72-3026af356793,0
a7ac3860-0a4d-4eff-8d0f-9526fa6252a2,0
a7b2bced-6763-472b-9922-8978ec3427fc,0
a7b56991-56b4-4bea-936b-841a0adc6ddf,0
a7b63fb3-b6cd-47de-a3f5-86466662d06d,0
a7b70dd9-2b5d-494a-8c5a-5681a9aade43,0
a7b8e1cf-31ec-4ded-a79d-2ad62384ffb8,0
a7bc9500-618b-48fc-8378-70aa4b6da06e,1
a7bca024-2ac7-410c-b242-d1f23fc19978,0
a7bd2219-0d26-4005-a9ea-2f0350a1a705,0
a7c60c2e-cc31-47b9-ba63-4c3bf66b6496,0
a7c81415-8b7c-408c-9bdd-04d0c624a6c7,0
a7cb484b-bb39-4e9f-b668-1908263e8741,1
a7cc12eb-7cea-464f-9ccc-021d005106f7,0
a7cd7105-0e9d-404c-b8a0-954b6f02d51d,0
a7d0dcd4-6784-44fe-9764-671deb456da3,0
a7d2c820-a974-4626-a4d7-d381b5c21b08,0
a7d35fc0-0da0-4853-a476-f1b8aba837b9,0
a7d51d43-4242-47cf-86ef-e14f65e5b256,0
a7d92607-4211-46f1-b957-6b82b63d4c94,0
a7d9a332-4b83-42e1-a3b6-cc9843fbbed6,0
a7df174a-3279-4538-9513-feda55f5aed2,0
a7e067d7-41fc-489c-8d3f-33c1b326004b,0
a7e34c2d-4620-4295-b1d9-17410fd78acb,0
a7ecfc4e-17ee-45bb-8f45-92a04083c2b6,0
a7edf793-791a-4e97-951c-b3fe7ddc95ae,0
a7f20d22-38de-43f2-a48e-5e847de8ac0a,0
a7f3d795-95fd-42a5-b847-76734e7a5dc8,1
a7f3e5d6-3395-4c6f-978f-f86f701b0729,0
a7f4c5c4-7ead-483f-ad2e-62875b2afe99,1
a7fe459c-aea5-474c-834c-0cd85842496e,0
a7fe7f8c-83fc-4877-a6ca-8120d238b06a,0
a801de93-770d-474d-997b-fe1f1e6b7867,1
a80333c2-29f3-48de-996b-e9e614fe4100,0
a80528ed-0b97-4076-b13c-d6ef4350d666,1
a80575ee-8b6d-4b03-af62-e5d33f83265b,1
a8057b20-aaec-4857-a521-1905da8ac6c2,1
a80601dc-7b64-4df1-b96e-36bdb5c50bc0,0
a806c4e9-6d43-4807-9d10-437c99e20aaa,0
a807ab71-9759-406c-b214-eb0ca0afc0ca,0
a8096383-d609-418e-ac25-30b5d713ae28,0
a811aded-f052-481f-a41f-19139e54f0e5,0
a815707b-3842-4aa8-bbef-1871a49e9f9c,0
a8177f4c-2900-48cb-b532-91463da28adf,0
a818761a-65ce-4973-9436-cfa5c5186cd3,0
a81913a2-223a-4226-8ac3-8b0ed60ad64e,0
a81defce-fa5b-43b9-8492-500f7dc6ca96,0
a81f8607-8b3c-451b-a832-721302e48525,0
a820bda4-4b56-4d16-9d46-a4a2cbd8b9f7,0
a820c6aa-f061-405d-b6ee-d96cd7cf5c72,0
a82126cc-ec23-4e3a-b39b-2f286de611e8,0
a8217418-0365-447f-a2cf-a98f11df010d,0
a8236cfb-b470-4f25-8e2c-032e3016eeb3,0
a828c05e-5d6d-446d-a68f-df1d22cb765f,0
a8296fb1-d0c8-47a6-8380-8d081900985b,0
a82b2a8c-a3c8-4e0b-ba48-aef017eb9ca9,0
a82feff2-dd87-4903-bae3-8fff4ce48f33,0
a8318fb1-be20-4d4c-bfec-422d39a169e2,0
a8354710-eb4f-4271-b219-d5314c6002f1,0
a835a840-d430-4792-8934-bc7e07ce76fb,0
a8383372-f761-4238-9abf-106a17ae51d2,0
a83fc641-6fed-4297-87c6-ea2239042e29,0
a8411765-082e-4e43-9232-ae3e86c35d0c,0
a841fda0-8af7-412f-ad16-d19071a5255b,0
a843e0e9-da7e-45ec-b85d-0ed4b656fdf0,0
a846771c-4cce-4c61-8683-31d1fd856114,0
a8476010-1a81-4008-970d-fc6f101e6cd4,0
a849bc35-b7e5-4f2d-8b7d-cd9d808bab93,0
a84c1c98-c2a5-442a-971e-00e30cacc5fe,0
a8514ffb-5d5f-4b0a-a745-f0e6eb8cc658,0
a85362a6-b684-44a4-bb80-68912e2d7a44,0
a85abaf9-b9d6-4a46-b430-a9e698970c4f,0
a85fd920-b618-4d9e-baf1-a4dede8f0560,1
a868614e-41e0-4517-b12b-5152dc6469ff,0
a86896a2-61c7-4bb8-b1d4-92833d38dc61,0
a86cc139-b2eb-40ff-b39f-5c16bec7b343,0
a871830e-3c8f-4313-b39e-503de4c933dd,0
a8742a8e-ea57-46ae-83ee-e096a8adae09,0
a8743f53-086f-49fe-a29d-4af8f64d72df,0
a874a40c-c704-440b-8742-91fa943af306,0
a874e1df-eb9c-4163-99b4-5a2939be6241,0
a8763e82-2daf-4683-b3fb-1dac483e438a,0
a876a19d-35de-4234-94bc-430841c934ba,0
a876d316-2dab-405f-a855-257b2b976598,0
a87c26b7-d2e5-4c17-b354-2533e15005b5,0
a87d1338-7377-4b5f-866c-cf85f9ef7c82,0
a87f6bd3-eeb7-4308-b943-5714e1974b41,0
a884662c-88d7-4c60-bbac-9f24f87e968a,0
a8850179-1a2f-4616-a318-898a7d146c73,0
a888cb75-eb4d-4a76-a1b6-6c6b79f675ac,0
a889773c-3bce-4fae-bd03-a010175d65cf,0
a889e9ef-9737-475d-8c9e-4b473e7370e4,0
a88d1f11-6ba8-4ff9-b679-cdda59a708a4,0
a8916582-daaa-43df-961a-14ac476a111a,1
a894205f-70dd-4af4-ae83-66f640ece427,1
a89a360a-5659-4725-9001-f27d7be0d621,0
a89a9ab4-749e-4bfc-a33c-37607bcb9f99,0
a89f7fc3-f570-44a8-947f-1adf67f043f8,0
a89fd0a2-6938-4c36-8407-f717d4629ce5,0
a8a03fcd-9336-49dc-8e6e-ce7ef805e087,0
a8a363e7-e77a-478a-b658-1c01285f2399,0
a8a39361-2e89-476c-8ada-b19be884075a,0
a8a65c5d-e264-4590-9b79-0acef102bf23,0
a8a8ab28-05d3-445a-a57a-1fe2ab5fd52d,0
a8aac0d3-c475-4bde-ab26-72239ad2fdc5,1
a8ab061e-7f6c-406e-9830-e3860f696910,0
a8ab8334-4f5a-4021-bcc2-16131a4b0e91,0
a8aca564-ba80-45ae-9659-161df9204c46,0
a8af598c-3624-4e9a-b0ab-b82c54ea56fd,0
a8b0cbdb-6216-4872-bdcb-76ef171f6d2c,0
a8bde221-2f1e-4b5c-b558-77c059968dbc,0
a8c3f9b5-9b7a-45d1-bfd5-382b66a6876b,0
a8c43876-2267-4711-8b88-35a7ddafc727,0
a8c5f07b-77f7-4c45-9953-90260414b3e0,0
a8c63891-b45f-4453-86d2-4af5ada8e3e9,0
a8c86f40-50c7-413b-80a4-6a8288516c7b,0
a8c97853-c2ee-4dd1-a081-cde0b3e8f786,0
a8c9d3f1-698e-4a7e-8977-dfc80eb850ae,0
a8cdd12b-8455-4af9-b7de-6119451799b5,0
a8ce53c9-cebe-412e-b77e-9fd800ca53ce,0
a8ce5834-595a-47ff-94bf-eef21cd5f60c,0
a8d0e4fe-ef7a-4efa-b4b6-e9119b78ac82,0
a8d1484a-da70-46af-be0a-7996b01ba65a,0
a8d2ca0f-014f-404e-aae5-d3273588957e,0
a8d50c3a-7ad6-45d0-9e5e-e4f38e6b945b,0
a8df83a8-28b0-4d13-a372-9366f4bef87d,0
a8e00878-38a5-4fa9-bbbc-59176a07a136,0
a8e056f2-fb0c-41ae-a7a8-b5c0c8bf1799,0
a8e7fd39-e168-4fa6-80f0-59e1c9869ac7,0
a8e9ff4f-6a5e-4fde-8562-d29d1f63b2f2,1
a8eafb64-c1c2-4632-b2ac-6034158fda54,0
a8ec6068-095d-4e5d-8e4c-2b0ecdaced68,0
a8ee3ea9-20d5-499c-aecd-37b0432c7e75,0
a8eeed45-2d9a-4536-b0b8-e3fbbec303cf,0
a8eefde2-3752-4bc8-96d4-bad5f3fac92f,0
a8f3a904-025f-4b95-b49a-d541285443c1,0
a8f3d551-4a71-4175-aa17-c1cd201be9b9,0
a8f7a213-da29-4ffb-aa7a-b53580a062a4,0
a8f887b5-b410-4ad0-912a-d86b95936577,0
a8f8f25b-3721-4812-85bd-e201cfce2383,1
a8f9f382-204d-4f7e-9013-8077e6011365,0
a8fcfc46-e600-4157-bfa7-756214ea7c4e,1
a8fd8de0-1b1f-4f33-b92c-080eb670db0d,0
a8fe62b3-bb2a-42f5-9268-6b60db502bed,0
a8febd4f-fdf3-4813-8a3d-402bffb5dce3,0
a90155cb-0a1b-438b-aa7b-28ff1d73ddb0,1
a904e8da-041d-4e75-b5e3-4b1f73fc6cfb,0
a9060a35-44f7-43cb-abaa-56d5d983b381,1
a9061d10-27ac-4a7d-9bed-f4fb7500c82b,0
a90be3ae-bee9-4b8b-990e-75f157131ea6,0
a90d1315-2d93-4c86-851d-808a7322ca96,0
a90d9154-70d4-4a3c-82b1-0c076ba0a8bc,0
a910c24b-7d1e-4b3f-ad98-e2ee5bd8a5ff,1
a910f0fb-64d1-419e-8eb6-bd51a510788f,0
a9112e83-d296-45d3-971e-456abf30883b,0
a9122519-69c7-48f1-a563-c961ba9cdddb,0
a9153240-4eb9-4191-bfb3-73fc237abee6,0
a91571ac-6c6f-4c3f-9917-cd658cdb51a4,0
a9176a43-2f5c-4f62-be06-abe28c901e92,0
a91816a3-0f6c-4423-bc30-4c26fa2b15cc,0
a91e0188-8cc6-4120-88af-29d169f5cbff,0
a91ee44a-f2b8-4f9a-8930-7fa3382918a2,0
a92522cd-bc7b-4115-800c-630a3e8db640,0
a925480c-00bb-4a84-b575-82e24cb3efc2,0
a926c6be-eb6c-4d67-9f80-dbde71b513a4,0
a929d39d-9cef-4074-918e-974b3a4867e9,0
a930fb23-1908-44ac-971a-6a8407e66712,0
a933aebe-e359-468d-9529-9653484f276d,0
a9363468-9cbd-46e5-bcbd-d578e84987ee,0
a9365680-c330-4e2b-a570-ef763b9d611c,0
a937bbb7-46ad-41d7-9d2f-14e8642fef55,0
a938e018-c1dd-4049-93dd-5ee3a0a0c3d0,1
a9401db5-10f8-49f6-9006-043637352399,0
a942175f-2124-4040-ba2d-f3e15c4a734d,0
a943e4f1-6ee0-4309-99d4-def5fd5f8af9,0
a944111f-b2a7-457b-a65e-99c0beb9eafe,0
a944176b-50dc-4f4d-9ef3-616a4d720978,0
a9499af5-43f3-457c-a115-85acafbe55da,0
a94c2d1d-400e-4e0e-9186-8f3d631918e1,0
a94d335e-4278-47f2-a96f-7dec07eba055,1
a94e5b7b-2fb5-471d-bb61-4747dbbeb6a2,0
a94fa142-56e2-4c7b-ba54-1a940a639a96,0
a9521f02-76c2-44d9-a158-d418987157bd,0
a9543ec1-f40e-42f1-8bf6-974f90877186,0
a9585f8c-283c-4b33-8945-3ed89a64c799,0
a95a3bfe-2b82-497b-b1de-e2aff7665419,0
a95d37a5-9fec-48b4-a218-ea61a3ebd916,0
a95fee5e-b017-4baa-bc6d-9f4c2e4bf19d,0
a960b943-6263-4a3e-91f0-3d0f5d1c0e91,0
a965e99c-8b6f-451a-a311-9b201f14ec20,0
a968fa46-c771-4b8d-82ab-a3693dd9b8ed,0
a96dce8f-0212-443c-8dfd-459b82a8b4b7,0
a9709f1b-703c-419a-bd71-f13a6e8b9835,0
a9794d9c-8708-4e27-a6b2-0dd639dcbdb1,1
a97ae976-cb0f-4041-ab19-04f4f5a72857,0
a97f0d94-c974-4936-819d-17235dabc9e4,0
a981fcee-1e75-4f5d-b86a-ad2fc7d119cc,0
a9833114-5343-4818-ba3a-313b0f849755,0
a9846550-14f1-4efd-b01c-f930a4eccd17,0
a9857eb7-f491-41af-ab2c-ff010dac12d7,0
a98b4feb-b25b-4c91-9661-8bb60d0deca5,0
a98c3a4e-9faa-4b0a-a132-9e7c1480733e,1
a98caa82-e033-4644-8f9b-83c1e162958a,0
a98f7b2d-eed8-462d-acda-22cfff1535c7,0
a9923e0c-6165-4b2e-af1c-217dd176c3fa,1
a994e8cc-8a6b-4c7f-9e9a-4737bdb335c2,0
a99af9bf-a35c-4630-83e6-aa4818fd6dda,0
a99e7f80-1f2b-488d-865a-7c7d9af60ce7,0
a99eb29c-c8f0-42a0-a8ef-51c8fd4073f9,0
a99f24a3-97af-42ea-85a0-efe7648d6f9c,0
a9a2a97a-cb80-4568-8168-084db40c5e9b,0
a9a80d7e-a67b-45a9-bb3d-ac8f81d3345f,0
a9a99d8d-53ad-41a5-a787-2dde7c7be69e,0
a9ab57aa-9140-4576-aa99-38f97dd21aa8,0
a9ae9e16-39f9-471d-93bc-def7519d5fda,0
a9b68441-eb27-4bf8-9d25-88d7ff23a729,0
a9b707da-3b6b-445e-83b2-b59e79f76147,0
a9b9a236-388f-485d-a35d-6bc05abdd2ef,0
a9c5b21a-8f7c-464e-a228-3e49d4a95b63,0
a9c72443-4dd0-49f5-9a7b-e4e2f45cb9cb,0
a9c9d9cc-3238-4bd9-9b37-a02184b36c2a,0
a9c9e439-8573-4417-bfaf-5f13f8404a19,0
a9ca8c8f-1858-4a5c-b49b-c8ef3438aa19,0
a9cd3fda-35ed-4701-bd42-0e234dde91e5,0
a9d1103e-7f0c-44a7-96ee-d34c90ac3cad,0
a9d1a64b-292b-452c-9f46-84c1a3580e52,0
a9d86d62-6f16-42d5-ba05-4b0b1e1d4214,0
a9d8bed5-86c7-489d-a26e-290cde17b0ab,0
a9d9b94d-b7c5-4986-8479-ba0cc5c77cc1,0
a9de692a-0b64-4c2e-8ee8-32eaad684576,0
a9df6466-87a7-4780-93af-2517bd89eb5b,0
a9e13fa6-4d8b-4fd0-97d3-3f7bf5c31a00,0
a9e16ea3-ec78-4c0e-b20d-b2b690ccfa06,0
a9e40ecd-eeec-487f-88ca-e5f46e533ade,0
a9e4dba1-2e85-44d4-9d93-93e7027f09c6,1
a9e59051-fa9d-4ddd-81c7-530579ef1977,0
a9e8e4e4-3e57-486c-89ad-cf516df97ef5,0
a9ed2f2f-39a5-4e78-8fbf-3ebb09db7d61,0
a9eeb18a-a14b-4871-b387-a156cd503306,0
a9f06cdb-df8a-4a06-b938-0be5090092d8,0
a9fb2ab5-b661-4c6d-b087-90351483364d,0
a9fc767d-6b20-44bc-9dcd-76410aef695d,0
a9fe69cb-e086-4037-96f0-33f18fe72de0,0
aa01e4cd-2cbf-4f78-b90d-345c6b499e3b,0
aa04277b-1008-4e55-b541-d4aec5eeec18,0
aa05ec7c-1799-401c-823d-75c61c36bda0,1
aa062bba-662b-49a2-a74a-619f452405c7,0
aa06c353-453d-4afe-b563-0a924496bbdc,0
aa09fa92-70b3-4db5-acad-aff8db9c209e,0
aa1081c8-4684-4778-a5df-8435bd8f9fb5,0
aa10b99f-e8b6-49e6-8fe6-58465605e15b,0
aa1306cc-abab-47c5-9240-5d9bfa3e0e90,0
aa1460c5-88b6-484d-8a03-028f48700226,0
aa151ffa-e712-4ddb-9013-2bc7e4523820,0
aa1ce1ee-a974-49c3-ae96-9b7c453c77c3,0
aa1dc76a-ab1f-4ed6-be51-058ee7f62633,0
aa241e91-6284-4a1b-98a0-84d23905745e,0
aa269abe-b081-4566-8175-77e1f8c4d728,0
aa298349-fa20-4b13-a2f7-4d2d95af0009,1
aa2b06a2-560f-4b84-91d7-d75742be8cc9,0
aa2c594b-af69-48a2-a917-b93b047bdd16,0
aa2cb0ee-44b4-497d-b799-1e8ce7ea7299,0
aa2e8f6b-8008-4c53-a49f-6f1286c729bd,0
aa32f313-9df1-4491-88df-6671e21294c3,0
aa34c1fd-0208-4384-b345-37dc61ef75e4,0
aa36ffbb-ec27-4148-91bf-8168fda6fe4c,0
aa37415a-95a4-4743-a4e5-2d9d93bd2781,0
aa3d4fcc-ffbe-4543-8d62-66fa22bee112,0
aa41aa75-a3ab-4fbf-902c-d1eb8fb4be2c,0
aa43335a-dc76-45c1-8227-a50c7345a0c1,0
aa438bbe-ec4b-436c-9975-1c6fca4153b7,0
aa461fd1-b854-4050-a502-8dfecbe4788a,0
aa4b06e3-40dd-45a8-9fa3-dd28a9a924aa,0
aa4c08ff-1ed6-4272-a492-709eba775508,0
aa507b06-e769-4197-83ca-a5f15084d020,0
aa51d41c-ef37-473d-8972-34bfe8bb0faf,0
aa532e4d-8077-4607-9f3b-0c8e1dafb94e,0
aa5c2143-40af-4c9b-8c35-eaa9c6d74286,0
aa5dc69a-30be-42a6-ba82-b1ee2e0a912a,0
aa61fc9b-a660-4b5c-a338-e5a9d7b0c74f,0
aa6ab84f-e75b-44be-954d-c5916f491649,0
aa6d678b-c580-4246-b57a-60d488cad875,0
aa6e1338-5419-4698-bfc2-2b8d45aa6cc5,1
aa6f41f1-6ced-4a38-ba50-162d223dcf02,0
aa731ef3-637a-4f51-bd4e-31de0024fe82,0
aa746b9e-62e3-4754-ae77-d8415d300c1e,0
aa74a802-dabf-40bc-b3ec-686bb0f20f04,0
aa77a688-0108-45eb-9f33-19e07f779d36,0
aa7e16ee-aad0-4a8a-80fe-c7cd1e914b63,0
aa7f02c8-d143-4e04-a388-fe4ca186cc8c,0
aa7fada3-f0b0-4ab3-b1bd-c3ef8c6d446c,0
aa806116-3fae-4bae-8f2a-3be38b9853f7,0
aa84a10a-dd24-44b3-b62b-8be75ff26e12,0
aa8b5591-854b-4910-a828-909dbbfc6db9,0
aa8d40f2-a969-4155-897e-b46bc642a257,0
aa8f443d-5c28-404e-b112-b4a303a7c6ec,1
aa930a7b-ba4e-41af-b419-344961182839,1
aa993f82-a6fd-44c2-88bc-f9788a39bdca,0
aa9cc878-0cc5-46a0-93ab-2036c6a72a37,1
aa9d842f-a144-44e8-81bc-6b76e483786f,1
aa9ff867-f0c7-40f7-8cae-86592efc58e7,0
aaae8997-6632-48d0-a0d0-3070a9b5eeec,0
aab8ecca-1eb1-4300-9138-b1033c73f268,0
aab9b238-2d21-48d3-9a3c-89cedf0bb805,1
aaba99a2-05c2-441f-91a4-08211a5b32ec,0
aabad6c5-3a91-4043-8907-360310261be0,0
aac2bed1-6e5b-4eb1-b4e4-1f2cc5a822d7,0
aac5f0b2-7b3b-4b84-a6e2-f757dc7101aa,0
aac91dbc-1c77-4873-b62f-8674e1c20f4b,0
aacdee8d-af04-4d8e-a538-5629ecd3a7ad,0
aace49da-a078-4cda-86ad-0e95505b0d08,0
aace9c65-f4da-4d3c-9866-20203e3041fd,0
aad2398d-67d9-4826-98d8-500029326c68,0
aad2c22d-99ea-467b-8e08-6c62bdd417c1,0
aad450db-0b1d-40d7-b422-e94337e02983,0
aad810b8-efab-4f35-b87d-90422bf573dd,0
aad9baaf-c358-45d6-9453-7788580288ce,0
aada6df2-05f8-4f23-b789-2ec46b754952,0
aae131ad-59cb-4e7f-8328-cade7b35c1f9,0
aae65b34-a478-4a9e-8a88-caea88461b0f,0
aae7d8dc-608d-44d7-a94b-ce6d349268f1,0
aae927b9-ad8d-4e8e-99a6-4c725a9da1b8,0
aaea7921-2524-480a-834d-e09deff339d0,0
aaeb57db-de5e-4128-b696-e8812d960389,0
aaf3a850-7e90-46c4-982c-69ef891527e7,0
aaf61332-c39f-420f-ac5c-64f98eda10a5,1
aaf81aa1-ca65-40c6-a05f-ef6061406d70,1
aafa1f46-9707-4926-b1b6-cbac67d15239,0
ab001ef7-18e4-415b-a8c1-76a37e70cedb,1
ab02a6e2-afc3-4a83-85a8-c2e13ae193b9,0
ab060cbb-51bf-4dce-abfc-2150769d3c62,0
ab07a70d-2e08-457d-81ca-215e03976310,1
ab08a584-cb37-4dad-9d66-04dbfa7f14aa,0
ab16fa4c-cda7-4ee7-a759-3ec5e79fa72c,0
ab194590-ee18-4b7d-b319-f61d7b8399af,1
ab1b12b3-929d-47ec-a614-2ce8e867d852,0
ab1f9c48-9cf3-4d30-9363-0f45d14672c6,0
ab20c2d8-926f-418f-a427-2ecde3c7a7ad,0
ab249564-a60a-4811-a859-8d3da7604b22,0
ab268936-61b8-4e9b-ae98-7c9232f8d3ec,0
ab28c3bf-18e7-4e99-bef3-cb075d05e32e,0
ab29238a-82fa-4a13-9da4-10e821213339,0
ab299b8a-57fc-4504-b5f4-b6e68c0f571c,0
ab29ca91-b920-4e58-940b-c02dea787a21,1
ab2b4e7c-84e4-409b-89df-675f81422f94,0
ab2bda8f-c403-40ce-a291-3ecf00993322,1
ab3993f2-2517-4ce8-9046-31dc0cd83e25,0
ab3e6283-64b1-4cdf-b5e5-4942b1023853,0
ab412931-0ed3-4c3e-99aa-299bbea57110,0
ab493c35-6d6e-4445-ad05-50d29e9f3c46,1
ab4c8751-292e-4e44-8f72-2c5ba1eb923d,0
ab4d77b9-905d-4f9c-b755-4ffbc59184dd,0
ab500b28-7fbc-4fdc-a239-1026c3f81d73,0
ab512920-3ced-4f49-9875-713229b08097,0
ab519e27-ecdb-4c0b-9f4f-a6544e5c39e7,0
ab553cdc-b57c-406e-8a65-bac6d59a8092,0
ab55ad7e-3ce4-4c4f-a6c0-97f84f32bf21,0
ab55c7c7-ed56-4940-a7c9-9384f19ec08d,0
ab55fa63-ff4d-4345-a11a-5fe2021da6d3,0
ab5a6943-db42-441a-9030-b4a377c0b1a2,0
ab5c1390-77a4-44ae-b4ab-5bc309a3da8e,0
ab5e4f88-9ffd-49dc-9fce-189c7206f7c5,0
ab63b784-d6d2-44fb-b5ec-9eb48f350630,0
ab649bf0-2246-48c7-9230-f986c3de22a3,0
ab6b0d61-a08f-42fa-809d-ff73f85bdb45,0
ab6f6f20-46c0-4def-930e-aa7dca5c4521,1
ab705fbe-88c0-4795-8dd7-76c259e65e30,0
ab70e301-7a77-44b4-a345-304ca79047fe,0
ab7a4a08-f03f-4815-b766-1db65e66b26b,0
ab7db3ce-ce26-4b38-8f4b-ee23a29509f7,0
ab819e56-d950-4a26-934e-c46463627d34,0
ab82d09a-1278-4492-8e38-f6cbc2b2f8b8,0
ab8402e1-ddc7-43eb-b1d9-923c5949fb35,0
ab8a50ba-95da-4cab-9eeb-8e46f88837d5,0
ab8b0ff4-b42a-4d6e-8ac7-082ea7961202,1
ab8ef58a-7744-43d1-b1fd-5ddf91c4d3ed,0
ab9296a4-b5f4-4058-9930-e01125e13d72,1
ab92bdd5-3348-4fc4-867f-94060f8aad92,0
ab968877-8e90-400c-8258-5c52cb564c4d,0
ab99a246-1f30-4dac-9ca8-76e5eb6bd870,0
ab9d2c22-ed3b-4397-818b-74c959156b59,0
aba4ac47-8c0b-464c-9225-c5c25a9f693f,0
aba51785-ac76-4a46-8bfb-d6c9295e9831,0
aba5b2b5-cb0e-4d6c-9ae2-dc51439a42b4,1
aba66a0b-5ada-45b1-8da5-e89b590e8af8,0
aba70ac0-a3da-4d64-8b16-80589eb1ba0f,0
aba86052-0756-4a92-aec4-fa1efd43bdd8,0
abaf6699-6693-472b-9b62-a3aebc2c5a44,0
abb04734-678f-4764-806d-a97fa29ff019,0
abb729f9-698b-4233-8b04-ea3b4f5d3e58,0
abb8e2a1-8ee8-4ae8-9474-53116b67001d,0
abba6f33-0756-4fb9-a765-7df05416bfc3,0
abc01c08-9cf5-42e6-9bcc-f9824e1ae01b,0
abc03682-085a-4fef-b98d-a1435af405fc,0
abc0a64c-793a-4b4f-b772-53cb7c0db7f4,0
abc39685-eded-4a72-bd8f-b2bcc6f070a3,0
abc43ee5-a57b-4d67-9430-00f470db1d7e,0
abc5248c-596c-4f75-92db-b2a53fa03c8d,0
abc8a3fe-4869-4fd0-a255-5b6a8ebbf7fc,0
abcab407-abcf-4a77-a74d-b8ad4587bf5d,0
abcb00ab-e49f-47a1-bd72-24264d27dad7,0
abcbc26d-68c0-460b-8b54-bc159a10d9ef,0
abcf46a3-59a4-44d4-8037-3a880bb4852d,0
abd12fa1-c3b5-4d0b-90dd-9cedaa27a394,0
abd2a669-7da4-47a3-a7eb-02d0ed978118,0
abd606cd-e4b1-4374-91b0-1808b4e87d4c,0
abd66a1f-6fb0-4daa-b391-380ed1482ef7,0
abd873b7-6ba1-48b7-90c3-3d13aa5c38a5,0
abdd161d-5b38-43e1-ac0e-bfd6d6151fee,0
abe05cab-9804-47cd-a6cc-93d67f20bf62,0
abe0e72c-d3e7-4c54-b88a-d819e509b754,0
abe187df-2265-4dd1-8b17-6ba4ab144729,0
abe32140-dfbb-4d89-9a22-4d3eb134a3ed,0
abe4dca5-82c5-451b-9ade-59e41947fc9e,0
abeafee7-ffa9-421f-8d00-a2b8a7b8d833,0
abf0d14f-098e-4202-9ea7-7d3e8a424b2e,0
abf12039-7f41-4644-a50a-11bdc060284a,0
abf16786-97db-45f0-8981-0c3ef0de2a7a,0
abf3839f-c846-49ad-a29d-553ab7429cb9,0
abf3f120-29f2-4b59-87b3-c520dd251aae,0
abf494a4-6493-4d1c-9a86-ca84a31919a1,0
abf64c77-efb8-491a-ada0-79dc9aa6d32d,0
abfad7b1-1a89-40d1-970f-3f0d96b11150,0
abfd10d1-cc80-4326-a75f-af01eb2b0a57,0
ac0054bd-c9c2-4286-9cb1-527940b0dde9,0
ac057e78-8e3a-4633-8912-fa5cb3f7f14d,1
ac094edd-042e-4c4f-885f-df4b3ec40cfc,0
ac0a0ab8-51db-4e99-b179-dec5399d83e1,0
ac0f35ed-2425-4495-8363-34e7c2debe70,0
ac117143-af12-47cb-8fc0-f9317f20e24d,1
ac1a72e3-cc9b-4117-ac4d-2b566cd2ee21,0
ac1cf36c-808a-4017-bf15-ac19133ac791,1
ac1d072e-b8f5-46b4-a0f4-d879d87629cf,0
ac1d6d2f-94f1-41e6-a4ea-6e3855fdc960,0
ac280b88-d99b-4b92-a49a-a34a06e7b0e3,0
ac2e82c0-b707-4f57-bb45-f033e9fb1df7,0
ac329971-4df7-4ae2-a347-fad437aaac57,0
ac370d44-9e1b-42a8-b07e-1867ae45725f,0
ac3e6f62-41fa-4bae-a824-eed0246e0be7,0
ac457ebe-31c3-44ab-b388-2c3225475ba3,0
ac45a213-2a4e-4afe-9a32-2855eee8bd6e,1
ac46b904-fb3e-4f85-b756-7e8ba34749cb,0
ac50071f-0935-4c6c-8264-e22458efdffe,0
ac555f27-2988-4159-bc81-c0bb0258c98f,0
ac556469-b027-4fa5-b951-35d96de0ecb6,0
ac56fe2a-3c2f-42bd-894a-56af6628ba11,1
ac59321f-6773-4fe4-86fe-b4d48115ff57,0
ac5c9501-2b8e-4c46-8b57-49bd2d234987,0
ac5f4d2c-93c6-43f0-976f-c191848dd3f9,0
ac5fd47b-2580-4bdd-8189-cf7ea1622a1f,0
ac601eb7-0e16-4b79-bb5c-9ac31743eae5,1
ac6c587d-8935-442b-aa06-c7aee91c7094,0
ac6cd142-de88-4311-9527-437ef99ee2b6,0
ac6d76b2-4828-4000-9b36-22f0c75f1f34,1
ac72543e-27fb-4e96-a820-d7f184999957,1
ac78c228-cabb-47ee-b750-1a18840af837,0
ac78e611-abb4-4a29-a96e-5974945191be,0
ac7dd870-4248-416b-af85-66dc660f8f02,0
ac80b7a9-44f5-45ff-be3b-be4034e95d14,0
ac833e80-2e6a-4749-9963-7ee1c3a51fbe,0
ac83e0f2-f374-4fc5-a8d0-44eed17101a5,0
ac85237d-2fa7-445b-9ae5-cc6849f43646,0
ac893feb-2716-4d26-ba51-c1d09d34cce2,0
ac8a3bbd-1352-473c-afb7-7cdaa184595d,0
ac8acbd0-63bd-45c2-9eca-2b0fc8daa5a2,0
ac8e7804-3784-4089-a998-fc7f7511a987,0
ac8f514d-d4fc-4fa7-8eda-5469f46da837,0
ac941229-c1c2-4315-9c03-03d7ed12d0aa,0
ac944d69-3eef-4b99-9d72-cfd6816e31cf,0
ac958df5-69f5-43de-8208-b87335e9268b,0
ac981968-53bf-42de-9db1-fdcba10dc354,0
ac991b7f-0365-41d8-8071-58eebfbab1bc,0
ac9a08a8-d17d-4fc3-9e00-2aa75174be59,0
ac9bbfbe-c51d-4006-be24-cade15f7fbef,1
ac9ebd26-fb3a-46c6-a80f-a9df8e97028d,0
aca42da2-86fd-45f3-939c-f50260c04c7a,0
aca9ea72-23be-4f5e-a288-98919c6b6cce,0
acaa16b1-8b8f-495c-b4b9-a266e268ba27,0
acad9f15-f5cf-4299-b7a5-6232fa2faf6b,1
acb05565-a47a-4111-9c2d-6062422a604b,0
acb2cb39-e0fd-4136-9788-ad843331bde7,0
acbad53c-1093-44a9-9ee6-c1463b298d25,0
acbdbae1-54ef-4c24-b515-a1feabc818fa,0
acc1f9cb-2740-45b7-9ba8-5b0ef47be16f,0
acc31987-b480-49c2-a9fa-e12a835235e7,0
accb1530-7992-4b89-809d-a604ade43ccc,0
acd14242-f765-4a20-8f02-617f280cba66,0
acd61d33-3245-4de0-a491-2736109b3143,0
acd7ddbb-247c-494b-8a9a-62c48a755444,1
acd91e4a-43ed-4799-92c7-2fd138804871,0
acd923c5-f068-4398-8c41-f1067537cc6a,0
acd978c4-165c-4d9d-9aaa-73485dfe6a92,1
acdc42ee-0176-4ace-8634-6c310f56dbe0,1
acdce240-0d26-4266-bbe6-7779d3dd84d7,0
ace2a93d-665d-4c0b-aee9-9bdb5ca2d2db,1
ace3543d-c299-4fbf-bf8a-326bffaeb7b0,0
ace35ffa-d1d2-4950-8181-2e281981dc77,0
ace8e5c4-0845-4cbc-99fd-c764e09017cf,1
ace8f496-4c6e-43f4-94d6-0f58113346e9,0
ace97d90-afd6-4c88-8241-283d0683ea80,0
acedd3f2-8b77-46d8-a1a4-86df3343cd0b,1
acf0cecd-15a0-4617-99e4-b4148925b3e6,0
acf28218-1b23-431a-b055-c97f391ecd78,0
acf5fb83-4794-4d85-8c7b-90d4a8c8c8f1,0
acf637e2-6d0a-4dc6-afd6-93bbbb9a5a2b,0
acfaf474-cf03-4e32-b34e-83584807e7d4,0
acff8bea-aa63-4862-b0e9-1c0c23400a14,0
acffd26c-517a-4437-982b-f6b8c2f9be1e,0
ad027461-b2ac-47c9-a68e-cd893060f017,1
ad030d6c-e4b3-4c84-a496-dbef47ecc78a,0
ad0e0cd3-164a-4cb0-b329-6174dbc06118,0
ad0fa0c4-c43a-4ebd-b916-625b0fbebaab,0
ad16d556-f739-445e-8cbe-c070e01c6c7d,0
ad1744c0-4eae-485e-a471-5de96f5e9619,0
ad1b1555-936c-4fb0-a8f2-a1f3118b9e79,0
ad1bb86f-5401-4b31-a8ea-7e0b2c39a8bb,0
ad1c3715-d30f-48ce-ae48-8573f7c87667,0
ad1c8897-8425-4c49-becb-8d1ded073fdf,0
ad1e9233-8a74-450e-9cc7-d86582b61988,0
ad241f32-2d7c-4b59-9029-a417f6dfad48,0
ad27d121-6d26-4958-814d-0455ca675903,0
ad27de2d-5dfb-4dcd-a3a1-f1fc6a9e0ab2,0
ad2d1c86-d620-48de-8b00-e3afbf0c27e9,0
ad360548-511f-4ee9-8623-4cb2833e9110,0
ad3a8d77-501c-4903-8d3a-6c5fc6a606b9,0
ad3b2783-8fe7-4e20-9857-a012a65032d9,0
ad3d1292-afc6-420a-a443-e150119c6181,0
ad40940a-f03f-4169-a1d0-2a683702cc19,0
ad44277f-b1f9-46d9-ac3b-f7f1c08ae25f,0
ad443371-f542-4334-91b4-54944a19aa8f,0
ad4c0fe4-492f-445e-9330-71d1e6b4d180,0
ad4ecc14-e588-401e-be71-2ce9c7a07698,1
ad4eec85-a5d4-4421-8641-af1f55f8c5fc,0
ad515361-9cb7-4ba8-895f-7363c7fde28c,0
ad52d0b3-ce25-4a85-b99f-f4e49f1e0baf,1
ad579424-5053-429d-91fc-13a77933fc00,1
ad57f0ea-5375-4dc3-a7ba-731b774ba566,0
ad58f360-73ab-4351-b453-e411cd7fface,0
ad5cde10-ceb6-41f3-8677-6681e34e0bc8,0
ad5e2733-5938-4b76-8a0b-6b9984cfb546,0
ad5ea8e7-578f-4db0-93e7-561b97669776,0
ad5f461e-ee80-48ac-abcc-126aa3722509,0
ad6103d5-826d-478d-829e-0234dde8f10f,0
ad63e711-0131-40da-b25e-2600cf04ca79,0
ad64fa23-1ea3-4b51-8dd1-6c80b57d6fad,0
ad65455e-1164-4e95-ae42-650a53520424,0
ad6577b4-34ff-43be-a13e-f05dc24e062a,0
ad672888-fa9c-4166-b9c3-f7189748acee,0
ad6729ed-8ecf-4944-b573-17a4da6519b3,0
ad6a1a66-699e-4da2-a8e1-55227885ba11,0
ad6a2167-ffb6-4783-9fa8-4856be317bce,1
ad6ac22b-c7e3-42f6-b4e3-b8a9731b0a96,0
ad6ae150-7604-4853-8699-2a63e091148d,0
ad71483e-7254-45b2-a4fc-b08c67a9ef2a,0
ad7590d5-52d2-4875-8ac9-2608df06088d,0
ad7ae2ac-aff2-48cc-8b04-50346a618e07,1
ad7c2b38-1a14-4f70-ab78-ee570495eec9,0
ad83c1a0-e904-4c7d-a244-202bef1e0a03,0
ad85f701-6cdf-417c-aa15-ba234e87b024,0
ad8823a1-2e7d-4a21-b0a3-491d6889b8cd,1
ad897bf1-66c4-4c71-8d3e-9e5553854ca3,0
ad89b653-0bfa-41e2-9864-eaf7b212b0eb,0
ad8c05e7-ade1-45d1-bfa6-80512af00b83,0
ad8dec0d-6dc7-4de6-a97e-c4c47eb502a3,0
ad8eedd6-2095-4374-82ea-802a63588296,0
ad9854c3-b61e-45f8-a4da-7d0ff9b4105d,1
ad9bf938-c9fe-4139-9e1f-36c37cd6e491,0
ada0932a-59a2-426a-a250-2989797891f3,0
ada14c68-f8e3-448e-a8c9-73370318d592,0
ada2e7e0-4b04-4838-a0d0-1304764d2ba9,0
ada695e6-38e0-48e9-be10-d737f5ac7401,0
ada9f539-e942-4f68-a262-eb3b936f9539,0
adab263b-9ff4-4090-aba6-16138fb594c1,1
adacd47a-9624-49e9-9b93-56865f0b4d8f,0
adadcc66-454f-4ce7-a1e8-c098ff631dff,0
adaedbd7-bafb-4650-8f9e-86f7cb6e7ce7,0
adb0ab76-2fb8-4d05-9216-48d9ca15d201,0
adb6153f-cee4-44c3-a77c-4920021c04a3,0
adb67dc2-994a-48d4-bed7-f02f52ccba83,0
adb6acad-8573-4857-9255-fd2f3cfcf6c9,0
adb9fca2-4ba5-457a-a031-ec1f99a4eb30,0
adbcfb14-a391-49d3-a267-5347e4ceb9ee,0
adc0ff13-7d14-487b-8001-0587dcd7eae5,0
adc1f987-e7a9-4c4b-8c75-96d6e03ede6e,0
adc39f46-0379-4fb7-b166-ba93413ce86a,0
adc6a391-894f-486e-9a8e-4ada48189c39,0
adc756a6-8711-4cf9-8757-2e1ef2974804,0
adcd79ca-e573-498a-b76c-17f457cc9867,1
adcfd0f5-980c-426d-9da2-9157a8925bd5,0
add11fbf-1681-4fc8-8959-3494d0109baf,0
add46a55-c372-443c-b952-e080f28c80f8,0
add86dc9-8c17-4a81-907c-49a06d241b6a,0
add93650-9541-444c-be03-dcda14deec65,0
add9fd12-0510-4245-bf93-1c8257cf0d2d,0
adda6209-a3c9-4a38-a24c-7149a955ffc0,0
addba69b-57d0-4c57-a080-59daf477934e,1
addeff63-4665-4e65-9558-2702ae429465,0
ade23f1b-5cc6-4ee9-b416-23d700d11c32,0
ade24f42-29f2-4ebf-b57d-9afc47d5af4e,0
ade41390-6267-4312-8b78-bb0562a28759,0
ade5063f-08d0-4933-810e-079fb0672337,0
ade66544-6ca2-4c2a-aef6-bd715abf787b,0
adecf4b3-8faa-4dd1-a38a-193f81352756,0
adedf5e8-9b37-4b01-82cb-24bc1303e483,0
adf289bd-8f96-4c2b-bcdd-3f1c2b623886,1
adf387b8-d65f-41de-b5be-9b389fdb6460,0
adf5f70f-f23a-4493-8665-3dddf14f843a,0
adf93fd8-c024-48cb-b0a4-160d5283be3f,0
adfcdcaf-e9d2-4a4c-957c-e5553ff1c588,0
adfdbc86-f70b-4941-a0bd-902a3b1f292d,0
adfe36af-84e6-44e7-b604-53a0795a39d1,0
ae01aeef-36b6-4c32-ac32-1672a888cbf1,0
ae01b5ba-83e0-4669-bce8-85e616f2d725,0
ae02ecba-da84-404e-aba5-c590bc143e50,0
ae056dc6-ac55-428b-9e1e-9414427779a4,0
ae0d7a0f-32bf-47c1-a1d3-c5e7567a7357,0
ae0e4dc7-8961-4744-b156-1b20471bafd3,0
ae1a8483-c88f-401c-811f-1e79db4f5752,0
ae2743c0-ceee-4a6f-b5d4-3f8b94b101c5,0
ae2c35d6-8706-4ab4-a4c6-2581c451c331,0
ae2dec9e-1bc3-4bad-aacb-07bd375c3ba4,0
ae33eac4-a684-412e-9a50-9d5a79dd9876,0
ae34611d-7135-47f9-ad71-a58e884466aa,0
ae366089-6f88-4be9-89af-e86f8a57cd00,1
ae399d5c-a841-4fff-bb86-b5594116e6dc,0
ae3b2ac1-1b91-4297-9369-1a2241ffd7fa,0
ae3cb87b-921a-410b-9c41-029b37f5d36b,0
ae3dc327-0912-4406-bd93-774063b16c79,0
ae406c76-da2a-4189-9d7e-009ab9115c05,0
ae49aa2b-dce9-4b91-bc35-5c04f3fb2621,0
ae4d20aa-9f57-4d00-9a83-e1cdf370b349,0
ae4d5030-9529-4c5b-95ec-5d50f97c42b1,0
ae50156f-6eb7-4e5c-bb79-0c3f83df84d8,0
ae5022f8-3a0c-4e66-ac6a-057f094b6de1,0
ae51a4c7-ab35-43e0-89eb-ec0dbbb6f712,0
ae55a205-b56b-4cd3-b56f-7c1637fb0567,1
ae5914e8-44e3-4e89-af49-1e11f24422f7,0
ae5c782f-ddeb-41b4-977f-609c253635c9,0
ae5c843b-d967-4548-b874-6f8107d69b01,0
ae5eced7-4102-453a-9136-12fa786fb523,0
ae5fefd7-3def-417e-8e37-46ea85cfa8c5,0
ae6032ca-4080-4ed2-9d98-2d8bf8abcadc,0
ae60c3f2-a6ff-4b4a-b8d0-53c4bcf886d4,0
ae636a53-b2ac-40f5-aaff-d95b85926457,0
ae6698a3-4c82-44f5-80bf-9b084574ce3f,0
ae68b183-0b9b-473a-93d1-098a5ab094dd,1
ae6b7783-32cc-4aba-846c-964ac02dbeed,0
ae6bc0da-5639-4fb3-bbce-b9a674e350c1,0
ae6c15f5-574d-4a51-9c64-ea84e67d0a6b,1
ae7741ca-89ba-4997-a0fd-a81a608629ea,0
ae79c23f-35be-4012-b35b-add67f189cb3,1
ae7a76e8-6883-4c59-9f84-5b6e821ffa6d,0
ae7cb55c-1b95-42c6-a741-9bf8f5c055f6,0
ae7cfc82-228c-4fab-b38d-d00051617b1b,0
ae84e6b8-4825-49da-ad89-b8e7ea7c79bb,0
ae8c86bb-474f-4477-bc0c-9f734ce96cce,0
ae8dad38-0703-4ce9-8818-1b09e8d88e1b,0
ae937a84-9dad-43b7-99a1-4741bffe97ed,0
ae97fa08-a5f5-4fb4-86c2-43ced9d2be11,0
ae9880d5-e3a5-4217-85ae-a9c2bd36bcda,0
ae995b17-e6f0-434b-8743-28fa68d047a5,0
ae9a960a-e3ca-41dd-9335-af52bf29bf4b,0
aea084d8-8045-41ef-8479-abad7fb2e40c,0
aea47d52-1863-4e15-a1f2-f985597f389e,0
aeaa670e-ca77-4164-820e-e02812b6e2d2,0
aeafe6c9-12ba-463b-b238-4ec20c902e17,0
aeb030c3-8028-4b3e-8a7b-6f0dc312fc96,0
aeb22379-6883-48ff-bb78-612ff21966b6,0
aeb23f40-5017-435c-a9ec-1bbeb579a9f3,0
aeb68774-4d92-4ffd-827a-c45fe18f3828,0
aebede0a-24b3-4a2d-8c3b-2fabdd0732ca,0
aec3f5b3-c3fe-4387-a89c-dbbdd4604f9e,0
aece5860-45e0-4cc7-91d6-b0a0ee4d7f90,0
aecf2a03-46ec-41b5-b826-e5f3c5de8689,0
aed077d7-3636-40cd-9083-d2030b347522,0
aed31352-4c66-4af6-93de-9977cd2213d9,0
aed3a933-69f0-437a-a24f-4050221b4b00,0
aed45cdd-6a14-4a81-8946-73e3588317c8,0
aed6030e-6161-44df-84b6-e7755d202641,0
aedb4568-984b-4084-a740-d1495ef8562d,0
aedb6deb-592a-4384-ad9b-a3485e9c56f9,0
aedcdac8-7808-4073-80e7-b7a14d13cd1f,0
aedecf06-f591-4233-a770-9a63b09aa277,0
aee61cec-17f1-45ab-abb1-c2b39eb993a1,0
aee7fda3-8489-48a1-a9b1-8a9beaf4050e,0
aee9e517-1943-4516-8716-322be339daf6,0
aeeae5af-f1c3-4a10-a8b4-ccf5ab55ee34,1
aeeaedd2-d0a9-4cb4-82f8-f59fc66c683a,0
aef2db71-d8e8-4852-8105-08739d28162b,0
aef67d0e-4b36-4d0c-83dd-e1d1af05ae08,1
aef83fee-41d1-4237-b917-2bb9c597e7dc,0
aef9d192-6bc9-414f-b9c8-c8e41ec9050c,0
aefaacd3-aba5-4dd2-8bae-efa81014402b,0
aefae1fa-35e8-46f7-bd8a-ac6191f5162c,0
aefcebc6-13f6-4cb0-8b28-352ae0c813eb,0
aefdc4a2-e43d-4366-8328-939053167e51,0
aefe57fb-0a92-455b-a09a-1f7ffd82443d,0
aefeeb47-c6e0-45a5-8ca8-8f9956e2ac14,0
aeff3908-ec1b-4c5a-a904-140436180086,0
af024d3a-5ced-4b37-b5d6-dc2ae5a2d745,0
af031340-42d4-40b5-be35-6f44eb014e19,0
af032f2b-b33f-4300-89eb-dbb7f1593d5b,0
af07129d-7d45-4f60-b977-d9d88336db81,0
af0834df-98e9-431e-9959-c6e5d958540b,0
af08c02c-eee7-466f-911c-c84ff21f8895,0
af0f239a-c74c-4a32-bbe3-d09c071fc4fd,0
af14b797-9b31-4c1e-9d12-50e2c151a3d6,0
af1612d3-11f2-4c11-9884-41afaa43df1d,0
af1679d1-d7d3-4fe8-8fad-ed47d7194b4f,0
af175936-4d16-45f0-abb3-6d1e4e6bd2d8,0
af175a22-9eef-4fc7-bde2-4def524654c8,0
af1bfdc0-ce02-4107-905b-e0eddce461e1,0
af1c6874-1544-41ad-8f7a-80354c7cba84,0
af1d9847-ca3a-4398-bb77-f612ffa086e7,0
af224359-6d70-42d1-aa05-8038ca539dea,0
af25622b-d328-4e47-9db1-689a32001111,0
af25e16d-9fe9-45e9-9abf-376c3168e429,0
af26efca-812b-4e59-b699-ffd1459cad67,0
af2a9811-4d68-4457-9cb7-f19df0254cfc,0
af38e887-cbe7-48c4-ae4d-2ad5ff6fd620,0
af39cfd0-49b8-4454-962c-35f21e57ecaa,0
af39e22e-3638-4b91-9598-7b83e3a91835,0
af3bba1e-574a-432d-98d3-7e6c10d67151,0
af45997b-671c-4c76-ab1a-464818691cb4,0
af474828-95ea-4f70-98fc-1935d75ba830,0
af4d6a22-f47e-41c5-bac8-4a3b1ab16497,0
af4e96f5-dbb6-4871-80a7-e27e8246f2f7,0
af4ea1cc-a983-4d42-9cc3-aaeda5159bb2,0
af53b2a5-9482-4100-868a-3e1b46f32e33,0
af5813d5-37e9-4e02-9390-785085c933c5,1
af5886d1-c53d-4fa3-8996-37b388952ac2,0
af5bfe44-103f-4469-be4c-19996b605994,1
af5c4612-1c85-4f96-9d25-45e4d5fb80a8,0
af5d35b1-f257-44bf-83b4-5107d9004182,0
af643299-5a4e-4551-b3cb-4036395fb7ab,1
af6b0f73-7a6d-4138-9269-de67c62bc1c9,0
af6cecae-5f46-4dd8-9e73-528a3eb12bfd,0
af754bfd-bbe0-4c02-a42f-8dcff5b3e07c,0
af78f965-7f4d-4a0b-ae62-c9f4ec77e841,0
af79825f-80b6-47da-bdfa-682b77619492,1
af7c4d6d-2650-483e-93f4-1880a308b993,0
af7dcfd8-5cab-4cc8-8f88-12797217b7df,0
af7e18d6-0c94-45d2-99f8-f756ab8a0460,0
af80f96c-0b5b-4ed6-a212-9ec8ce885423,0
af8be81a-eef1-40e5-b282-6766b83f7c55,0
af8e532b-dd89-4506-bf31-6c296738ba9e,0
af8e7155-5c0d-4272-92ab-71d9650fa0e9,0
af9063d2-d1a9-40e6-9ccd-f147bc1b901c,0
af956a41-038e-4468-a6a2-7a7567d559e6,1
af9abcaf-45f6-4e36-bdee-c81912ce6577,0
af9f1da1-20d4-449e-89c5-d57759fc64f9,0
afa2c8dd-edfc-45f2-8b74-5df0b2380b96,0
afa3e714-1ab5-458b-94e1-c52a78db7d5b,0
afa78d94-7630-4142-b518-a1f954db282c,1
afa88445-aa8c-42f4-b38b-546ddd6eedd3,1
afa9336c-2a6d-4e6b-a663-948e420c70f6,0
afaa62c5-9349-49d3-b057-21ff91dabb6e,0
afae1838-99ad-4874-af32-dfc9df2922d1,0
afaf42ea-deca-4056-b862-c5a80e6f3608,0
afb0215e-25ee-44bc-b055-1dc800956dd9,0
afb14867-f7f6-4ea9-9318-e1092c22ab8d,0
afb5b27f-85b9-4eca-8d45-5f17e0bb88da,0
afbc8c05-7800-4206-8ed3-570ab8b4b730,0
afbf14ef-458f-4ed2-a981-3a8322703bf0,0
afbfb773-3ac9-45cc-b276-c5e3a846771e,1
afc1e0d6-fe12-4d4c-8cc0-1c8245f64b3e,0
afc4555e-ef70-4098-9d38-f00e205ed374,0
afc5aec6-a1da-4979-be54-4833b549d91d,0
afc7686b-9af3-4522-ab6a-7d667b7ce992,0
afc83fb4-7045-4826-b569-80d7df9783cd,0
afc9e26a-6835-483c-b626-4fcea425b59f,1
afcae946-01c0-4a86-a715-a7edd4080045,0
afcc2ff1-d662-4c25-b402-07fc2018a38b,1
afcd138c-19d5-4eb7-b75d-97928c017176,0
afcedf30-bfc0-4b2e-8148-a53f3cf1b857,1
afcfea1e-7295-4d52-9a9b-ace0176cb8a6,1
afd01ebb-1b54-4a18-92f4-9527f112453b,0
afd1dfa7-fd78-4f47-a479-74a8f864eebd,0
afdca65f-e1d0-46e3-9439-cdd8553fc4ac,0
afdd364f-fb6d-48f8-86e6-baa37eb52003,0
afe570e6-d157-46f6-8090-51a7467b977e,0
afe5a6c3-3a5a-4ef7-866e-eb6d2f7a9724,0
afedb5c5-c2b4-4564-b9ec-c0b0b596f2aa,0
afeecba2-a5eb-477c-afa8-25f1b728f578,0
aff1b0aa-eeeb-4c84-8517-4994ea38a67c,0
aff34e65-85cb-4100-baea-a80d24b86e50,0
aff3fe56-3be9-4006-933a-3d867c2c1e78,0
aff56a14-6057-48d1-80d4-7e79e1b9d9bd,0
aff85a27-9631-44af-a361-0300cd67eb04,0
b001d0f7-a834-4336-9a72-cf4eb472fd4c,0
b003575d-fd35-40cd-aadb-9df6d52ceaff,0
b0076777-5c9d-4dc3-9641-c3a56b133dac,0
b00849db-8e80-4c6c-9409-327ef2706c13,0
b00b5bcf-ff2e-4e0c-9f22-3c87ed4bc5cd,0
b012b05f-696d-4200-89da-fbf272ba15dc,0
b013a770-8a80-4b9d-81ec-b58fa8d4441c,1
b01607d8-f8ae-4c7e-950c-8bdc6bf34864,0
b0169b8a-5f75-4ba8-ada6-747bce0afe37,0
b01cb0aa-c762-43bc-b07d-0f91d87fff3f,0
b01ccfd8-51ac-4019-af25-af39d6c77cac,1
b01d2345-e849-44cd-9512-90e8fac68257,0
b01ff498-f7bd-4c38-8b68-58368e0ef2e5,0
b0213586-4997-4a03-a7a5-79bb92c3c73f,0
b022a401-6472-45a8-a3f8-0de0fed0f9a9,0
b0250d68-1b66-428a-b48f-a07b8d1b226d,0
b0255ed5-98ba-49e6-8b24-d525f3fe72f5,0
b0259623-7558-4387-94d3-577d8c2b46e9,0
b0265a58-b204-4161-92ca-8645c266b5c0,1
b02f9bb6-67a1-42b2-b896-e546caa2d8e9,0
b033683b-173e-488d-ba97-a27fcc919220,0
b0366e82-77e2-4a55-b48a-b490a90abc09,0
b03d3706-ed1b-4392-9ccd-73c21d2dc6fa,0
b040994d-64a8-4238-8e4d-46f30c25d512,0
b042245f-8e25-449f-befa-30f8b6f81546,0
b046fbbc-0763-44ef-b8c9-ec6b76f0a3e7,1
b047684d-592e-48c6-ad33-47edb034fae1,1
b04e7484-6a41-4027-9150-b691ed86cd76,0
b04ed7fd-e267-40bf-a21d-8c081e69cb8b,1
b0502092-4aa3-4c8e-a8ee-c99a9776519e,0
b05262ab-6e4c-4b8d-a535-fa6997c641d1,1
b056f61f-9182-48fe-a4a2-763b485494b2,0
b0579eb8-4806-48d7-9ad3-ece6908afaf9,0
b05999d5-3a37-4578-a918-b17cb9300161,0
b05a1864-7fc1-4318-a87e-08c9c324c154,0
b05bf25a-b5c2-4434-9db2-abc6fda4b912,0
b0643375-5de4-4ff8-99cb-9d408512e7f5,0
b06de723-832c-45d5-99d1-2574ca47de25,0
b06f0c74-ac93-4ede-b2b9-c7bb44d856b2,0
b06f133c-abdc-4d16-8896-9db695f55d6f,0
b0708adb-69ae-420c-af3b-a49b9ac3ccf1,0
b072da00-6201-4386-bcf6-cb221ada354f,1
b080140d-4f4c-459b-b851-0da07afa52a4,0
b082889e-38e6-4225-a9b7-a6a36481f365,1
b08432f5-4000-4951-bc95-7aed7753d9c9,0
b084aa6f-b6fe-4c9c-93b7-0d04e429270e,0
b08a6b59-48a8-45c9-be7b-2a2215b7d4c3,0
b08f1e56-f36e-4733-b3e6-ce177af43c27,0
b09292ab-d5c0-4eb3-9480-cea20d587d54,0
b099e3c1-c565-45be-822c-7b96e9b9d1d3,0
b09af6bd-dc8e-4062-b23c-685c3477c559,0
b09c2220-4d3a-4580-b36f-6c3c57fcb22a,0
b09c7c6a-3a2c-4e69-80a5-6903daa85bb8,0
b0a0727b-ffab-40e7-978c-92f8d43d849a,0
b0ab4243-8198-440c-bbc6-5d2cd45d8119,1
b0ad5192-dfc2-4ba2-857e-c59d85d2a213,1
b0afa5d4-fcc0-4b0c-a959-bb8a6d0bac07,0
b0b23aa8-d7bb-4b1e-b93f-aba683c488d8,1
b0b5a00d-3bc1-4f7d-86fe-0c902d8a12e3,0
b0b72d51-4af9-44c2-a2ce-9243d8a6091c,0
b0b986f5-f362-4ef7-a898-32d6a3f2a5af,0
b0bac0fd-1ef4-44cd-a1b4-41078edd947e,0
b0bb145f-59d6-4ab3-8090-1f4d8a640dd1,1
b0bb5cdc-3e5f-4d57-bbc1-b50277ff9f1a,0
b0bf1dfc-400a-4b13-85fd-aa7d9f0f0435,0
b0c038a1-b2b4-4338-9f10-e868e5f2e983,0
b0c3c03f-458a-419f-a562-dd2a81e3b4ed,0
b0c44dec-11c0-4c24-9850-7815dcde09b3,0
b0c6bf5c-a65a-4da7-a14c-ee2677464a2a,0
b0c9b7c1-3c7f-40c2-a6f7-74490ae13bf1,1
b0ccb9cd-481d-4c66-9a17-89ce4c1117e2,0
b0cd93f6-7d67-4625-ac72-9f2542780c56,0
b0cda0fa-8529-4248-ad59-7d9c3a0be932,0
b0cde989-5933-4a20-aed2-8be1e640bfba,0
b0d1f6fc-727b-4074-93e3-185a64551ea0,0
b0d67c22-1200-4d48-8c43-8dc1881cb2f8,1
b0da5ba3-4412-4f9d-8fa0-4912b4b7bff2,0
b0e12bda-0d26-42a4-ba7c-bc5bcd86f8b4,0
b0e78cf0-7d84-4b62-89a5-4b218a06156d,0
b0ea5c72-65eb-4bb1-a069-1f0ac940dcc7,1
b0ec0761-97c0-44c0-9ec1-acebb2bfcbc6,1
b0f15377-d98c-40b9-a64d-394dab880402,0
b0f7172c-1177-42b0-80a4-4a898db31d61,0
b0fb3383-e5df-476d-8602-f17241921900,0
b0fbe7e4-d5d9-4fa5-8904-12235147e630,0
b0fce83c-3743-465b-a296-8c791f9d1dac,1
b0fdbb38-c9f6-4d31-8c6b-42f17626b409,0
b1013688-8f6c-46ba-acd5-ec3f8a45562f,0
b1057782-059d-4b6a-86bc-2f737b3197c3,0
b10798f0-f3fd-4704-93d3-dcfc34f6e53c,0
b10d3e5b-4071-469a-b761-e9f1fe532a03,0
b116411e-b6d8-4d07-8a3b-ea5a5283cfbe,1
b1164136-6e2a-42f1-aee3-79d09991d646,0
b116b3d7-d90f-4f00-8320-105f9be378e4,0
b1179da6-1f9e-4e6c-a86b-7739463bf6dc,0
b117c4d6-bde0-4f84-b757-38188ff3b93a,0
b11ad480-3995-4011-9327-0c8f51caa2ab,0
b11db66f-2e5d-4704-80d3-62f7137e5f62,0
b11e15ae-d1ff-45f4-8ce8-11d36d5efa4d,0
b11e61c7-c8e6-4a6e-b24e-e77e03be73f7,1
b1236075-3126-4734-941a-9694581e4fd6,0
b1274e5f-013a-4629-9be0-935f7b80be95,0
b12abbfd-97e2-4f1a-9d07-77a72bf9dddf,0
b12c18a2-3fb9-4ded-9697-8014e9b77918,0
b12c825e-86e7-412a-876c-282fa7a21bd6,0
b12c82b3-0c29-4e5d-98dd-cff33fdaeb43,0
b12e4e25-db10-409f-9533-0c1b14358023,1
b131863d-ec62-4d0d-8425-af23035116ef,0
b1343bd1-d454-47ad-a504-eff776a009ce,0
b13945da-d3e9-48f3-81a3-dc01e912897e,0
b13ae48b-a4b6-4f13-97dc-80c2962969cb,0
b13bf96c-2093-4fc1-9db6-c690c969b6d6,0
b1403f99-8136-4ef8-b5a9-f65195172b80,0
b1445a59-0d07-458c-9d0f-eb45a2df976c,0
b14a7728-4d61-4b67-ae06-9052c021e938,0
b14b79d5-ebb0-4dc5-a0af-5903ae6cacec,0
b14d66e3-8308-43af-a583-e4c922c6924c,0
b14e576b-69bd-436b-acfe-082c92699c05,0
b14f0bc3-b2f8-400a-84c8-aa27ea8e2792,1
b14fb6a8-6ed6-4dc5-94ac-e4c24e88c1c7,0
b153c10a-1009-4e3c-9a3a-8af278407234,1
b1552e39-7184-48c3-b572-178ffcd50886,0
b1589a28-844b-4d8c-b7d4-6f88ee6b4d99,0
b15b01c0-f45b-49a5-9093-d595e901e1c3,0
b15da286-a8cb-40fb-b8ce-369cb0674624,0
b16043ce-1f5f-48ce-94f0-b384c77d273a,0
b160857c-362e-4e1e-a87f-19d4e5fa5078,0
b1623647-2178-477a-b23d-5b438dad2de6,0
b16439fb-1d14-4110-aac1-97b87d98d34c,0
b16fb976-3803-40c6-922e-c2fa2aa40663,0
b1705c66-cfe7-4c77-bba4-bf3f40e44a8b,0
b17177f4-7775-4454-a175-94ac9e6ee267,0
b1727059-216c-4c30-95df-0adcb308e362,0
b178c5e4-1442-4770-91f8-73108cd2f65b,0
b17b2755-fba7-4391-a8a5-27fec2c874b4,0
b1812ad2-b898-4c60-aed9-3f7e56ef07df,0
b189107e-8b2a-4a55-937b-568e4635df76,0
b190bd0d-403b-4bc8-95aa-f5f1c7317709,0
b191d92b-f891-4841-99ce-16f8608643e4,0
b1924981-4e5a-474b-b7bf-af736df007e8,0
b192e91a-9e15-4427-b45d-eedd668abf76,0
b192ea98-fa50-41d4-a82c-e0f8365d8db2,0
b194af03-7c7c-440b-9143-6925f8adb3c3,0
b1970579-40c9-4c0b-854c-07ffcff89d60,0
b1989945-8fb3-4272-ab00-e13dda88b72a,0
b1994c94-453c-434b-bac1-f55c52f486af,0
b19b7355-e19b-4291-9d5f-41f6706d75b9,0
b1a0d4ab-c53c-42e1-b2bd-703b1e9bd8a9,0
b1a2262a-ee84-410a-b716-afe6502ed0be,0
b1a450ee-7712-463a-bede-89d2f71741fe,0
b1a775ac-282d-4ac0-8023-79277016565c,0
b1a7fbd9-645d-4a4c-a68f-6d8af089b0ac,0
b1aa1fda-9a22-46b0-aff7-5306cd119e45,0
b1ac1581-02e0-4eec-8d71-fca749396789,0
b1ac3ed7-4ac2-4f94-a4aa-34995e4ce421,0
b1b04f84-6ee5-40bf-a76f-dc84f0f45e1d,0
b1b5f8aa-7c7b-4264-a73b-cb564a4e04cd,0
b1c1daac-c3f0-4312-95fb-9e85e211e9c3,0
b1c4d657-1795-49d7-852d-d9ff0a013d6e,0
b1c647b3-1ee9-4ba3-82d8-2c9ee3a60ea2,0
b1d76d7b-d438-40d3-a334-2e35692c1fbd,0
b1db5b68-4bcb-4a03-abf9-4d0b90afc838,0
b1dcbe7d-9925-40bd-a9b7-8c8195899459,0
b1e2854f-efea-4151-a4d3-5686c00976c4,0
b1e300f4-ed8c-4edf-8026-2d6be2d844bd,0
b1e4ff77-bb88-4dfd-ae1b-b3633d66cde8,0
b1e64fac-1c8b-43c1-ae5f-db501860f715,0
b1e7ffdd-1ef0-41e5-b92e-5547e50bf69d,1
b1e97afa-0525-4186-9925-33bae298b0fa,0
b1eb9fa7-755c-4dc1-93a0-08381de64fc7,0
b1ec657b-5ff1-4ef3-b15c-189f288e509d,0
b1ecd7eb-208e-4876-9d6e-cf1fcf68493a,1
b1ed99b6-c28d-46b8-a54c-06b698f30992,0
b1eeedc9-33ca-45e6-98e0-e8225c3c7a41,1
b1f155ef-9242-436e-b88e-b3bc88972b56,0
b1f1bb93-c8d7-42cb-84e9-0365582883f3,0
b1f48415-17be-4204-a69d-512f2e3a4ed6,0
b1f986f0-739a-45cf-a90f-384f8d30d965,1
b1fe48e3-3eba-43da-8534-fcab157f550f,0
b201ef43-4679-4e69-bc81-70c859917815,0
b2059157-8c19-4c1d-9ea3-7f37e035a1ac,0
b2060869-c3f6-4102-bc19-292e59853e88,0
b207899d-ff24-453d-a440-260ac30cb1bc,1
b20a0f1f-132e-4001-899f-a3c241fb657e,0
b20c9e89-0f37-41bc-b269-11d43976f3a0,1
b20f5aa0-124f-4461-9f6c-d59b543261b0,0
b210aedd-7071-437e-b851-671c46bed918,0
b211035c-8ff7-4622-8589-190489582889,0
b211ee4c-ec1e-464e-95eb-e17ba8108bdd,0
b221f742-dccc-4232-bbc8-383a27ab5db1,0
b22596e1-3e4e-4d18-a21d-d1b0f96295b1,0
b2262238-2e2d-4153-a866-3f66a12eb2bf,0
b229f846-3be8-441e-945b-2fe24613745c,0
b22cb3a2-7563-477a-b1ca-23773c169196,0
b22cd666-b59c-4ab6-b526-de627d5662cb,0
b22eb7c0-e01d-4260-9138-61965b8fa6c1,0
b2340182-dffc-4ae4-b6cb-759fa421ae74,0
b2350546-ea9e-47c8-bff4-86568cc7e30b,0
b2386033-a212-4138-b6e0-a8c7bb1457d6,0
b2396693-a201-4de3-9779-82d024cb2c31,0
b239bc80-1127-4b30-8bcc-3b6fe41f9700,0
b23bce3e-d0dd-4ec9-8e17-4eda4d05f786,0
b23c628b-2cd9-4331-8b76-a17916498b4e,0
b23eaa3d-759d-417b-ad66-f2ede3f3f327,0
b24a8fc9-3a1b-41a7-8ccf-0f53426675f0,0
b24adbb6-55ca-4ab8-9567-44d1c1e5ba09,0
b24ba03a-f7ec-4cec-bffa-eacf7c8aeefc,1
b24fc017-5cab-4212-b6d7-472f6a884cb8,0
b25002d9-f2ad-4561-8b26-01a4ae72f44e,1
b251b919-6b19-41b1-95fe-1fdd4e9ba9b9,1
b2543583-55f2-4bf6-880f-f01df38239bc,1
b257c05a-805b-4244-b6dd-ae8665370528,0
b2583755-c4f5-4d34-a783-070fb0b391cc,0
b2599a39-58c2-49de-8f07-5643819ce980,0
b25a326f-350f-4390-9497-d226e56c47b5,0
b25a91d9-e4f9-4ba1-9646-3bafad21afae,0
b25d63f4-c86a-4f56-85c0-b147f61326a0,0
b2604859-9744-413f-9c96-2167f2b7e1d6,0
b2634559-79a9-4527-84ee-8ef973977dba,0
b2656f8a-408c-4219-9192-f219768535a4,0
b266b1a9-3180-41b4-8ffd-897736b07561,1
b2671978-c65d-4087-8e81-35946c61202c,0
b268ee7e-816c-4ca1-b5c1-e4fc7eb96c80,0
b26c6f31-785e-4671-9e43-deb52301ae76,0
b26cbc03-28dd-4461-a041-ac435d3fbeed,0
b26e80f1-7602-4437-a4a6-7b37388f42ff,0
b2726a65-05ec-4c9b-83c8-f470c0c99f8d,0
b274c937-724e-4406-b42d-63376cb78c14,0
b276a9b9-6aa3-4fa5-99d2-f9794fccd99c,1
b276cd2d-46a8-40d3-b6bd-97f4bfa4c085,0
b278199d-a5c1-4fc8-86e1-b01f441b4c3d,0
b2796018-57bb-4e32-9f23-89ee8c16deef,0
b27f5d95-c390-4ec9-98e9-5d74c1722663,0
b27fd7a6-75ca-4eaa-89c0-e3a222ba0891,0
b2802f81-5757-4215-83bb-772b669990ff,0
b28a4acf-2d03-4c12-9cef-7c39e3a32531,0
b28fed84-a783-4bda-97f9-21e3bf8519f7,0
b29616e4-13fc-4f52-9af0-43d8de4b54c7,1
b29720bc-036a-405b-8cd9-a7b0e6d0bcc0,0
b298ffd4-8d81-469d-b10f-3ee8522758ad,0
b2a17d8a-4c95-4fff-bf78-74812ae8663e,0
b2a67532-c9e0-42ba-9971-97a7ad4763ec,1
b2aa43fb-a191-4203-b8a2-1c993493fe9d,0
b2aab415-4a41-467b-878a-fe8ace3e3229,0
b2adcfe3-45bb-4033-a622-4d634d6a9ba9,0
b2af7f31-1396-4afa-8bdb-b95b6ea372d4,1
b2b16ba7-15b1-428e-9a2e-365527896c70,1
b2b2c347-4482-4eb3-80da-11cebefc5e55,0
b2b38e35-61f4-43d3-b2b7-bb122810cc7d,0
b2b4db7e-a2fd-4006-bde9-51f7b4fda544,0
b2b51104-a521-4e65-8f91-e68ac64e6a1f,0
b2b5e794-1263-48a0-8669-7a0fb2bca471,0
b2b63bc7-6dda-4c4c-b9d5-688af1d61595,0
b2bc3615-3909-4e55-94cf-12d8d2fc0127,0
b2bea410-b63c-402b-8ae5-b7f90ccad930,0
b2bf1a89-eea5-46d5-a17e-44bd4b13f71d,0
b2bf7887-aaf7-4c33-a115-350c64982870,0
b2c127e6-0c52-4d00-a566-99fa17f20335,0
b2c15cb2-fbb8-4da3-a266-85651253c512,1
b2c3c69e-eb33-4951-8bf3-dfc41f539e0a,0
b2c4f88d-9f13-4b03-9ae8-9d1efaad4ec5,0
b2cb844d-8ffc-45a5-9dc3-650a50422086,1
b2cd5f0b-6941-4a84-9da9-685905134dcf,1
b2d1cd7b-da90-4adf-95ae-d45ea1ef4455,0
b2d5286e-1577-4164-93a7-01cb2e52530a,0
b2d57c11-c151-4a4d-b016-239dcc3571c4,0
b2d79ccf-39f4-4eba-a945-3426467fcb5f,0
b2da206c-8ab2-4950-837d-7a9cca3bb5a1,0
b2dcf7e2-7842-4031-ba23-71e29bda0b76,0
b2e354a3-ed82-43d1-ae52-3119a10e0c81,0
b2e733df-d0ea-449a-a010-ea48b86be05c,0
b2e92f99-daff-4fb5-9179-e2887d2b3464,0
b2e9cf9b-dbb1-4300-85d8-000e0f8c0815,0
b2ecc7f0-7393-4ec3-beac-f7d843004a10,1
b2f14c2e-1663-4cfa-aad5-7e8693caabd3,1
b2f1c29f-352a-43e4-aa9b-af907e09f100,1
b2f5e31a-16e9-4ef9-8758-7a6667aff8a9,0
b2f7d27c-827c-4f7c-963a-b5a2bd8c7ebe,0
b2fae78e-6110-42b2-8a39-b2cdeb34ea6c,0
b2fe43cf-4a62-4986-86a0-b80acfbde5d8,0
b2fe44ee-cb11-4ea3-b7eb-d3c42dbbddd7,0
b2fe7c40-c868-4ae7-8f22-ea882153150e,0
b2fe9bbe-d91b-4169-b025-d078cdf79682,0
b2ff10fe-9a5f-4fce-b72f-37dfdb13a293,0
b2ff8e88-f19a-423d-a0a7-3ae8038f3e84,0
b300b95e-8f2f-4a68-810e-1a58717e3641,0
b30468b4-0364-4f86-8886-e388ff84235d,1
b3047dce-967e-4a73-91f4-8187b004f425,0
b304dd2d-6837-448f-a925-ed46d8c8563f,0
b308e5ac-0cf5-4e4a-b55c-008e904878ab,0
b309372c-e254-4cbe-9b9a-90842b337414,0
b309ab76-1a1d-4c01-95fa-f2d2525a53fd,0
b30a2468-6530-47f5-8db4-f483b93007b6,0
b30f38b7-b6e9-43a8-a164-d7ab3a665cdf,0
b3104195-b6ea-4101-838b-c1aefc5a18fd,0
b311bc4c-8593-4e63-86a9-db7c1b088bbf,0
b31496c9-825a-4bc9-b52a-c528088a80ea,0
b315654b-6e1f-4a9a-9f3a-4763517df021,0
b3174f11-01c2-4f6e-b76c-38548fb30ea7,0
b318c791-ddba-4e88-b7b5-2b877c767420,0
b3194580-8445-4058-88e0-0d1e750ba570,0
b31aac1f-f0c6-4f6c-8d25-11e91530a9a9,1
b31be346-de9b-45bc-9adf-3d2a2a69deee,0
b31e6b29-88d8-4120-818d-df2a359c36a6,0
b31efcf8-02a4-4c14-94a2-0d61ebfbbe06,0
b32032e5-7427-4e11-be97-806de194077b,1
b3231ec1-c57e-4aa7-9989-fb91dacdce68,0
b323cc1a-05c9-46d3-9bc8-f99377f2c8ea,0
b3254eba-542e-44b0-8448-0216393520cb,0
b327d0ea-d922-4ecb-8208-793f89309889,0
b32b85af-cf3f-4352-80b4-8b6b9a34967f,0
b32e296a-4769-4020-929d-16761e62f161,0
b32f1451-2573-468d-9d38-6c15498d03a5,0
b33098d1-a652-4d1d-93fc-c23262ec5db9,0
b330a88e-6986-4044-9857-d5232a94a9cf,0
b331016e-f5de-421a-905e-f400244e8e3d,0
b33c84a0-b571-4d3b-9050-89cd6d7b7d6a,0
b33cf09f-ed6b-4e66-b62d-c80012bd0ead,0
b33df473-ef92-49c0-8bac-020f11dd988f,0
b33ee496-d288-481e-9a57-94b5304f7d61,0
b340b73e-9309-4036-bfb6-2337762fd62f,0
b3441ff2-1eaa-4d78-a168-9d9cd522aaea,1
b344ae9b-c9d1-4a90-8e46-8efb7c296a96,1
b347aa91-eb45-4eb8-80fd-909476c8dfe0,1
b34ae80e-d9ef-4ca6-9175-cc3bf46ce368,0
b34f16b8-7e96-4c9d-bc0a-099a2a64dce0,0
b3506235-4f90-408b-9dc5-adfc77898f20,1
b350e077-071c-4329-9f40-15ab6617c7cb,0
b351daf1-0ae0-4012-9bfd-6e469bbdc612,1
b3534a82-3048-4a70-b6d3-60122440f7f8,0
b355858c-48db-4c4d-8fed-45b90fc9c9ea,0
b3562f64-5d61-46d6-a990-c614d4957e23,0
b357469d-7678-45d4-8c11-7446a84a9da0,0
b359a71b-3312-42bc-bd3b-d58704a82bcb,0
b35a63e7-5b1d-448b-90c8-2e4f95d870d4,1
b35ae536-7fd3-4a06-82b1-0c3c3268ca14,0
b35b76de-cfa3-4d64-b058-6eb847bc481f,0
b360d3d5-07ee-4459-9c50-ce55ee66d1e2,0
b3611c86-4852-446e-bf3c-67cc22f2131f,0
b3620a57-9f28-4b58-a4cd-c9e749a1541c,1
b364bb2a-7f8a-4915-9035-f2257e0dee88,0
b365b842-a1b2-44c1-9af9-718d1cda3ee2,0
b36a54c0-538d-4cad-8ede-d6a61c0f1d5f,0
b370fb87-068d-4f87-b775-14010b0be3e3,0
b372271c-42a3-4b29-8897-728c118eb285,0
b3748a56-e5cf-455e-ab5e-65d0171ea0ae,0
b377705a-5c9c-4315-8d25-c029d4739491,0
b377c663-2e8d-4c5d-b054-cde3b7c7b33b,0
b37e2c66-8bc6-4007-bc39-67d4c7384dbc,0
b38140fb-feaf-43e1-b5fc-0785725f785e,0
b3878024-3f11-4801-94f6-70e2318609f1,0
b389e1d0-b29f-41d2-abb1-f9c02bd0e938,0
b38c0800-54d2-469f-bc35-b8467ace1322,1
b38e9cf2-8951-4f7f-9683-65568ee3d9fb,0
b3915b31-755e-47ee-983b-6df9de7cdc5c,0
b391d793-f021-4932-8bc9-b57dae3fc7da,0
b395070f-5c9d-4f9a-ad46-ab2f16b097c9,0
b397b363-ced0-4a19-a932-df623534cdb8,0
b399593b-9e1a-4d87-af30-95f374917fe6,0
b399c20d-e1fe-4bff-89d3-6381ccf1c796,0
b3a184f2-66f0-4057-9feb-f939a0ac2c60,0
b3a3e938-33b8-4586-8ae7-10f8a7094ada,1
b3ab2638-6564-40d3-bc81-e35e9a55d485,0
b3ab4fac-ca79-43aa-85b7-f67349db90fb,0
b3ae8dc0-59a0-418f-a472-20201d023086,0
b3af81ed-d183-41c7-a388-e89f10083d5c,0
b3b5d5c4-2b9c-4aaf-8376-bd4cb62c6583,0
b3b60477-c767-498e-9125-18a81e724056,0
b3b9ebe4-0af0-4e9a-9067-b09cb3886267,0
b3becf19-0794-439e-9dcd-38959d21591c,0
b3c078bf-56ed-4d44-a9fa-b0938717fecc,0
b3c1419a-5c5f-46c4-a6a0-7eebd6211a86,0
b3c5b472-1568-4f37-bf8d-9f1449fe04ac,0
b3c65350-a198-4a6b-92ef-cf80befcd90f,1
b3c793bc-1672-4c91-98dc-67389185300c,0
b3c8ea2d-f845-4585-8ee9-a0a45b862f40,0
b3d17ae9-e73a-4bd4-bbac-9aaa7afbcd22,1
b3d45105-2b70-421d-a3fe-48a2bf25dd3a,0
b3d907c1-9af5-4f48-ad15-7830373cb771,0
b3dba79c-0995-4670-8b34-9775cad2a339,0
b3e0d935-700a-42cb-8a5e-9938b8ea90d8,0
b3e1ce09-9494-4551-95aa-ca591d696ec1,0
b3e565e2-2581-4dd7-b781-dd768a088279,0
b3e5a48b-3699-4444-b0f0-8876b56683a5,0
b3eecd4c-45e0-4dc8-8f64-1474a22a7b13,0
b3ef4017-dbaf-4a00-a4d7-de160f5e5812,0
b3f261aa-e395-4029-8754-99a26930a1d6,0
b3f77f5d-a344-4610-b2bd-4832b1b0e157,0
b3ff00af-55b8-4d3d-85a6-8c79075f301f,0
b3ff1db3-f909-4748-9cd9-209911f1bd40,0
b4019d1a-2994-4d24-b403-c87f648d7678,0
b4093296-6f5c-4016-a802-cb8a8c57307e,0
b40a6fd3-6c86-4f6e-8c5b-4af7fa34f1db,0
b41328e2-5c29-4452-841d-621f8b371470,0
b418e401-000b-4831-9b52-bd4b9e706870,0
b4196d6b-b0aa-40c9-8483-9430f6415f21,0
b41a4d85-88d4-4ad2-b7da-94540803a22e,0
b41fc5a4-e754-4e99-a59b-395855910041,0
b4214b55-0b7c-4c39-8380-d88bcc00c9e1,1
b4293b18-be5a-41ea-afb0-f6eaa889e4d3,0
b42cf469-f13d-4169-b9cf-f677de49285a,0
b42d328e-8c96-4bc4-9784-784cba17340b,0
b42dc148-5956-4a5c-853a-11e12adaf839,0
b42ed58e-1fa6-48b9-a541-fc4afaa0cc6a,0
b4316e58-1269-4059-a9be-fd026a80afee,0
b437fe8c-71ea-4b26-984d-2da3ee5bf691,1
b43834ea-01ec-4933-a701-cc658c467cd7,0
b43971f9-a0bf-493b-911c-201eaaac5e28,0
b43abc55-d925-4a93-bdb8-cb01f3cfdc4c,0
b43d1c29-54cb-47f5-8af1-f08371a504bf,0
b43e1675-2843-453b-a69b-6070edfaef92,0
b43e16c3-49bb-4387-a1bd-0f960f0ded2e,0
b4466fe0-ae39-4658-8ff0-e6976d15e779,0
b4488524-bc8f-4be0-b835-b0d744f27da7,0
b44a2f05-f2ce-46d2-968e-6c520ef3ec2a,0
b44a365a-8d47-49b1-85d4-90b56941065d,0
b44d7bda-ce9c-4964-a88d-45ae3447ab94,0
b450fef3-7998-4d70-843c-f933aa5a16ab,0
b451e6de-5ea9-448d-8f35-d3096539aafb,0
b4534a3e-f21e-45c4-ae62-f4639960c18f,0
b453dcb6-8a37-4b41-a1f7-91844458cdb0,0
b4561255-5daa-48f7-9806-018cca2c950e,0
b45f6ed4-e62f-482b-ae8e-bd6bc65fd209,0
b4612cc5-b215-4056-a476-e4a18d7bc40f,0
b462fe52-6eab-4cc2-a200-50f60b551f46,0
b46339e5-248d-4160-b8c3-a0bbd17e5f0c,0
b465cfba-0ad0-45cd-8976-7236a8195849,0
b4686399-9901-4b9a-a2c0-753083373971,0
b46b5930-c803-4ce8-aab3-66dbdd34df8f,0
b470720e-e95e-4fa3-8dd6-154b2ef4a2eb,0
b4724acc-22a1-4bc3-bc60-a3dae5ab22f4,0
b4745f70-6fe7-4373-9df2-b773f5e1eb60,0
b4768ecb-7489-4b2b-9c03-d125d11f4e32,0
b476b851-6ada-4a05-9bb7-170b405cc6b6,0
b476e9b4-7f6e-46ba-bd84-664da336bdee,0
b47753e4-8484-4149-a280-8b742c3c2a1b,0
b477acb4-40d7-43b4-b168-2c94031e1e81,1
b47ab587-2362-4be2-84dd-01489a664ddb,0
b487b5ef-4154-4723-9e39-050201292572,0
b48d3bb2-da7c-4e90-9186-3f25302f4ab5,1
b49025fd-da09-4891-8711-c3b2cfa57aad,0
b498632b-8b01-4b5c-8338-fc7ae4a54e8a,0
b4a7be7b-94b7-4c9a-bc0e-c79a4cd884bd,0
b4a900f5-0c0e-4bce-a051-3b15ceee2031,0
b4b0e640-4830-4769-941f-43cd424ebc0f,0
b4b2dc49-e8b1-4d95-8c8b-aefaeb5f0406,1
b4b5156f-265c-4214-a590-aec54ee65d59,0
b4b66878-0c20-4142-8a2c-2c5b5eed9583,0
b4b69acc-23c4-43a7-964d-ed6c682433fd,0
b4b97e4b-8008-4b25-960f-8ae4fb4eb166,0
b4b9f1ca-0893-4c06-a8ea-449ffaa9d25e,0
b4ba9ea9-83b7-419f-a638-857366910561,1
b4bb09cb-fe01-4c62-a897-29639f0ba30c,0
b4bcf1b8-63e8-4f2e-b2d8-47c88ac1bbe4,0
b4bd8973-dcf4-44db-94d5-f1834062ce2d,1
b4bf3f99-31fb-49fd-8382-ac3c10cd9f09,0
b4c43e10-57f3-46f2-8c66-c05eb501246d,0
b4ca7e2f-b797-4fb6-9ab9-2a383095bf06,0
b4cc2609-0417-4fa2-9aa6-57cf565de800,0
b4d17018-ed55-451e-a344-ca2d39b1da04,0
b4d29bf6-095e-4a4e-b8f3-f9264dbe33ee,0
b4d46b02-ff1b-43fa-9db1-3b13fa232c5d,0
b4d57d38-f2dd-4bab-b391-bb6f7488b0a0,0
b4d62ac8-c60f-4a84-b8a2-efbd92ac5340,0
b4d915fb-800c-4397-8253-e27a365980ea,0
b4dcd91d-3279-4006-a610-3eb629fbcd97,0
b4def9d0-238c-49a1-9c53-5074a28676cf,0
b4e0d88d-9fa7-4ca6-9a57-4edd0035d598,0
b4e5a22f-2f4b-4c34-9670-edcae5e3f50c,0
b4e9eca4-8f98-4c4e-83f5-56196e0f93de,0
b4ed6f93-c961-41b8-a054-c208d47aeef1,0
b4f5a3c5-a577-499e-a43c-a4b15b4a4759,0
b4f79dcb-7d38-4bdc-9fa0-c703da2b48d0,0
b4fa1b72-0aee-4bac-afc7-a48ea7a81496,0
b4fb4fc5-a6f2-478b-aa8c-e875124eda29,0
b4fbb911-6efe-4e6a-9387-d0bc3065f2bd,1
b4fbbfc7-c288-4f1e-a7d4-11b87071de72,0
b4fcde89-0a10-478a-ae2f-b162c9a42e82,0
b4fe5ae3-f127-442d-8e9e-0d70a5927f27,0
b500945e-4348-4a06-82cf-f41b41c132fe,0
b5017c02-1261-4ab8-ab21-028ae6d456d5,0
b502e832-48ce-426e-bb4d-edf3b8aa709b,0
b50302f5-0663-4577-9c16-2195a5e764a3,0
b503b086-cd87-40e6-9fc9-b719cc11ae0d,0
b50846fc-b865-4535-83ad-e1d6565da488,0
b508f1f8-f882-4eea-a569-981f2f7e9e19,0
b50ab84b-3eff-4ce1-8ec4-bd9f86bad2d2,0
b50da1d5-8a92-472f-9452-d86f9ec6175a,0
b50e1809-3966-4a47-b609-f4bbb27c9a6e,0
b51135ad-62f7-4587-af4f-98f0681bcec9,0
b51489f9-0955-4055-8bd7-9140c029522b,0
b514e420-acd3-47e6-987b-417adf061251,0
b516e412-ea48-43ce-832a-a82a057d0342,0
b51b2dbe-81d3-42d5-a69d-912b18ffa368,0
b51eea22-39f1-4842-8672-7e47196be4e2,0
b51f19d8-d1ab-4af4-b5f1-060cebffcf6c,0
b51ff660-ed7a-4178-a561-f43050f4910c,0
b5210b34-f357-42d4-8763-41399250197f,0
b525727f-5053-4081-a2f7-a2579ba774fa,0
b5284c91-54b2-4843-9f25-a9e05ff6533d,0
b529ec22-e5d4-453a-a8fb-c904b9ad74f1,1
b52a0858-04a7-4505-8521-db7c88060f73,0
b52ab53d-ac7f-4a59-9a65-2ec44021c603,0
b52e23fc-e6c1-4c47-8a68-20c5796e726b,1
b536d913-d392-4c2e-b92b-5a003684119c,0
b537cbcd-6f8b-4c87-b9a2-ad6621852e32,0
b53958ef-9c0c-48ca-b6ab-19d6df8a912f,0
b53998e7-f8a6-475f-a6e2-a6413bf852d4,0
b53c2ff7-7190-4a68-a66a-f85eb5dc8b67,0
b53ceaf8-9fe5-4c60-8abd-19fca3732ac1,0
b5407489-050b-4817-9616-dba07c1b2a09,0
b540dbee-c576-4557-bc9f-afe4e3a8e732,0
b54293f4-b584-4024-8155-c502d0d24c11,0
b5444269-c92e-40b9-b85e-8aea560dfb55,1
b54491fd-ec18-4e68-a102-d1e284c1019b,0
b545207c-c086-4861-a4d2-0d35440a23d9,0
b546741b-8a75-44bb-98a9-4b842a29fc5b,0
b5482026-3bce-4bb9-8e4e-df2ec26a8acf,0
b5492333-e3d7-4863-91b0-b4a7b21ffa7a,1
b54a06d7-37ec-4c99-b6e5-bfd5edcc1037,0
b5545eb0-2e44-4e89-a9b5-39a9acb804db,1
b554f4ea-2888-4311-8cda-7181d1a4190c,0
b5560d09-da67-4a00-827a-dc854a1217e0,0
b557b1da-252b-45e6-bb6a-b8cc0ea6bd15,1
b55859bd-28d3-453a-9fe5-288eb0b1412d,1
b55e76db-6a08-408e-ae11-ac1b0c20cf2b,0
b560d87c-c336-4584-88cb-223f1339298e,0
b562279f-f685-4c11-a354-341e7e31e052,0
b563b4fa-ddb8-43aa-8d15-e8561f2ed871,0
b56504db-8811-4966-971c-164c31c36700,0
b5674a73-f835-48aa-8701-5117c62959f2,0
b567bf79-1eb4-4988-8114-049b6c417b59,0
b567ffb9-a419-4395-9674-09819e74262a,0
b56810a0-41fb-4079-b109-c287a46bb669,0
b56a2f39-0f93-4d4a-bfb2-a31566146cfa,0
b56da429-56a2-47f1-87dd-ab463b7fc594,0
b5727d59-9382-46bd-8221-b2e507fedc3a,1
b572d2ff-dadd-4925-a46f-35c6485b40bc,0
b573a32d-42db-4b38-879f-df55df1bd095,0
b575cf87-958f-4a70-ad7b-d8bd715312b2,0
b57686bc-98cc-4a62-bedd-b375320ecf0a,0
b5795059-fddc-47ec-9ba2-4d24e18949b2,0
b5797466-65dd-472e-a24f-5e0740083fc0,0
b57b7ae5-a523-4c70-93df-2f1792750fb7,0
b5802969-1243-444c-8f7d-a7f526245a37,0
b5802c28-26c9-4bbd-808a-c09cb0743778,0
b5803e91-33da-4592-aa47-528978b4d74d,0
b5805d37-2641-4c9e-9fc4-be1f594a1964,0
b581afa8-d6c9-40bd-93a6-e5c6f7bec4be,0
b5822b02-c240-4b0e-af9d-564a90e21d64,0
b582fa8e-1f0a-4670-abd0-b4263adedfa9,0
b583b0da-2eff-4f43-a786-30fc0c24a9c4,0
b5846dbe-0009-49af-aef0-e65acb4714b9,0
b58a784e-9143-4a99-b8ac-2ffca2ae1ddf,0
b58bf53d-03d4-442f-86d9-307c6a747827,1
b58ccd53-4be6-47ef-a180-7a52d418bbf0,0
b58e41d8-8694-4343-9e93-71fc81efa2ba,0
b5910bc6-6e33-4f7f-9f75-51b4345b08d6,0
b59123e3-5984-4a50-a4bf-48a97fce7419,1
b5916461-2374-43e9-bfcb-a24fe2052e49,0
b5926a9b-3c9b-4e7b-b212-ce8cc155a3fb,1
b5937541-937e-4890-8174-f6e5b09726bf,0
b5940714-96a2-4177-8a43-da9f6697bc12,0
b594bec7-deb1-47d3-9047-7457e522cb90,1
b5970f04-ce93-47b3-a00a-98eee3588c47,0
b5973eca-f015-4167-9743-a58dcfb01fff,0
b5996826-1e8f-4ff4-84d5-d0a68a8d69e2,0
b59a33a2-c257-4958-bbbb-a7d7fa5a281f,1
b59bc901-f136-49e7-868e-43aaf97f98f4,0
b5a0b780-5b33-40a8-9e7f-63a1c885b5bd,0
b5a16fb8-23e6-461f-bb3f-280f1e02b586,0
b5a1c6cc-dbbd-4946-8429-f659e73a7a9e,1
b5a32c2b-3f94-4ae2-83b9-23d046b75049,0
b5a75c9b-ee0c-466b-92e3-3e0da006a143,0
b5a82a7f-eb16-4f73-8a32-1f39b22f1995,0
b5a95887-ae7e-444b-9878-8cb123270983,1
b5b10a15-84e3-4d6a-81d8-5d9eaa5dc65f,0
b5b4db6f-af86-4dbf-b268-1b10cfaf6ee9,1
b5b5e2e0-7876-4abb-99ec-a0a757739904,0
b5b9a6a5-0f4a-4bb6-874f-97f94f321f39,0
b5b9f0f2-c9f5-4817-8de8-ea2486512381,0
b5baeeaa-bc14-4f80-aee9-cf4e1e8b00b8,0
b5bb7bac-25cb-4d19-8660-d07d6a1c6b92,0
b5bd7f06-8292-4b9f-ba5b-c97bffdabb5e,0
b5c0541a-62bb-48eb-914b-96134f76fba9,0
b5c0cbf5-d2df-4a10-9e84-ad55c610b48b,1
b5c171ea-cecb-46e7-8cab-d406149c471e,0
b5c3a030-073f-4ff2-9038-975ec485c36b,0
b5c5eaf8-0a4f-4977-9de1-1ffbb26f3172,0
b5c9a291-7044-48da-b472-8a5c1f1854be,0
b5ce881a-89ab-4619-afc2-aa5dfcfbeb84,0
b5d04c2c-2c7e-4a44-b3c3-8fbf2482ab7d,0
b5d0a86b-a5fc-4324-8b62-a5349fc4e2cd,0
b5d29e30-9c0f-4d27-b024-46aac566c069,0
b5d31add-35b3-4248-aecd-906aa4e0c78b,0
b5d41db2-d5f5-4cec-bb37-6d6a91adb5d6,0
b5d5f7f3-14af-4f39-9183-2406a5a171b2,0
b5dcb036-5d01-4c7e-a56c-e590c4c1e649,0
b5e08e62-9406-4319-a4b8-b97673c28814,0
b5e6cbf2-29ed-4c77-8f7f-123457f2759d,0
b5e821a4-aac9-48dd-8391-7390a8f28397,0
b5ea8b8d-6d2d-408a-883f-f5b33f55b371,0
b5ebd77f-6d95-4107-9f97-6d4ff7a0c91a,0
b5ed8c83-8a6e-4f4e-bdb2-7d6d89be5545,0
b5ef4459-cb04-4b3f-92e6-b1cd7cbff1cb,0
b5f05f73-d18b-4130-b5b7-e1a00eff3e6f,0
b5f3cfa6-8657-4580-946d-0c9c9a16dd6f,0
b5f5bd46-c31f-4775-a811-0a2478150bf1,0
b5f664b5-c929-45fa-9072-c9091968870b,0
b5fb2657-a9eb-4670-94e0-b4940bc31acb,0
b5fbf28f-db86-4a07-ada0-8b790a485072,1
b5fc457c-e8a1-4c21-b3e4-48038889b63c,0
b5fd2742-ae01-49c2-90e4-60ff83bd8921,0
b5fe9da7-ab63-48fb-a129-acb3c9700925,0
b6020b03-5b6e-4dd3-a624-882f7b4dddc2,0
b603b1e0-8da2-4551-9ee8-d6e2771304eb,0
b605b433-5158-472b-adfa-d6e41f8e4e53,0
b6096c13-bb82-4f57-b789-40734d3a4914,0
b60a4863-c43d-4a16-a449-dd16681df195,0
b60b0d34-0f74-48da-a3e6-50f6b0e7899a,0
b60b70ef-a969-4ed3-b695-fda3b36fb1c1,0
b60c5e2b-5244-471a-b447-c909f1adbc84,0
b60e43f7-c611-4d3d-80af-abe4ec4d5e0f,0
b60edf25-257f-48b6-98f3-559273d7c00f,0
b60ee15b-c4f6-4bde-b85b-687f9b384cb7,0
b610d6e0-7698-4240-b146-ae54394893eb,0
b6136c17-a0bf-4b10-b5de-7aa9e5949888,0
b61c8a32-436a-465f-b587-ab92f19570c4,0
b622ef95-efa9-4abf-882e-1f662e5957d4,0
b6297b9a-5553-4c4b-a421-84a7ab72e613,0
b629bb3b-320d-4ca2-aa3e-29b4c0c049ca,0
b62a6402-314a-4665-a3a3-e827e9980235,0
b62bef1d-cfca-4036-9959-6817242e1986,0
b62edf70-fabc-4cb7-b507-fb2fef3a4240,0
b62ff87c-43e9-4016-85ed-e688e946866a,0
b633a8b4-dd31-421e-8283-c49c818f61ec,1
b6351898-8e41-45ee-af4d-3cffc12680a2,0
b64136aa-0ea0-4e60-9844-d154f4117eee,0
b64147ec-7dd1-409f-9895-26372fe37f81,0
b646bbfe-9687-4436-9b0a-9e5cf180c484,0
b64b1037-3136-4aab-8b38-04d5de974262,0
b64cacd6-3a00-4740-8e29-a68030ac78cb,1
b64dca27-7076-4f96-97d1-db20cf1e62ce,0
b6569b70-afbf-46b4-b86f-5cbb69783a55,0
b65b615a-7e00-414c-9cfa-db4fd5304c97,0
b66472ba-2bf3-4ba5-934d-9c43ac26952e,0
b6669686-310c-4c39-bec8-cc6a20563cab,0
b66cc0d6-d6fa-40cf-9e7c-da061cddb5e0,0
b66ef4ad-bee3-4a8d-921e-2c8fe08434c5,0
b670b27b-11e2-4b22-9ca7-fe084320301c,1
b6730bcb-a9ef-43c2-a96e-40ff6d0499f5,0
b674b156-0fb2-4dc2-be79-f91f1260fa52,0
b67549d5-8e61-40b7-95bf-39b55ae6cc42,0
b67c82e6-282c-4be1-81a7-1180dac3f349,1
b67e4921-887e-4f1c-8b51-8477e66afbbe,0
b67e5385-7a3c-47a5-a5ca-c6ebf0eafb3e,0
b680a040-3283-41fc-aef6-28fc150bdebf,1
b683152f-1d90-4b0e-9a5c-98b7488ee762,0
b6875ea6-e2eb-40ed-9aa4-b25d1d3f6c1f,0
b68b6914-517e-4116-b028-30bb77da60db,0
b68d8ee9-4d8d-4e07-8857-9071cae730a5,0
b68e083e-4980-46d4-9f84-e73c61411664,0
b68e1574-0e0b-46c4-8e06-b67f4d09f0e4,0
b68f568f-1132-4bc2-92cd-814a8fec78d3,0
b6962919-6221-4a38-aa9f-7806374e1a97,0
b69951c1-d032-4dfc-9925-23335a6ba3e9,0
b699fcc1-96a0-4e3e-8023-1cbe51071f2d,0
b6a1e645-29a6-465f-98ba-11d9448688dd,0
b6a44a48-ab2a-4021-a248-04774a7b04b9,0
b6a46877-4415-4e86-abdf-d31e31e9b227,0
b6a8d951-5655-4a3f-9262-b4649018c7e6,0
b6a9411f-bf5d-43f2-ab99-a68581870afe,0
b6abec76-e4df-4798-bd01-5d68e31f6e7f,1
b6aca174-5e32-45fe-9b07-98d5957e4b4a,0
b6b08d26-cb9f-464a-b847-6d05d666125b,0
b6b60148-c63a-46e7-b950-0af78cb705da,0
b6c1008c-6835-42c8-9450-714983e1e3a8,0
b6c1a7d2-2575-48a4-b5f5-7e6021801d87,0
b6c72f02-16c3-4d3d-b409-4d5e91b34dc0,0
b6cc7f95-14b3-4b45-a4a5-9c9401a4afc3,0
b6cf8e13-1277-4922-b422-68569a436c11,1
b6d44d11-bec1-4950-aad0-4a2049239164,0
b6d5e7f5-f6a2-45ca-b47b-699755881315,0
b6d8e71f-d319-400f-bbfc-7b332d8876ab,0
b6dc3b27-1f68-4a07-8dfd-d04b0937078f,0
b6e8dc2b-4ef5-41e8-adab-b15481fe43b5,0
b6eb0e91-bd39-4935-beb2-8b3c19db7d8d,0
b6ef48e3-3775-494f-82e0-b6db709b88d0,0
b6ef6a8f-67a6-42b4-8b0c-ae57c0b78d87,0
b6f421f9-4c70-493b-a5c1-b952ac09c10b,0
b6f5bcb1-41b4-4ec6-845d-a090ee0a7d3a,0
b6f5f32f-1edc-4382-adce-36196157fc50,0
b6f6b6f7-00cf-4983-8664-086cecca5944,0
b6fd5610-8562-4bd1-8a94-e6f891c21a54,0
b705d741-befa-4479-ace6-43e103d6622a,0
b7062e1a-d0e8-4305-b4d8-fa11fae29fe7,0
b706a29c-fb42-4048-a7e3-54a55e7f81a6,0
b706a565-a44b-4635-b717-706619638434,0
b708f332-d727-4f92-a9d2-aea494664438,0
b70bb131-df7b-42ce-9da2-7724450dd1b8,1
b70bd4f3-0c1b-40df-8cd4-8ed67e0931fd,0
b70cbd3c-94d5-4ca8-909b-5247be177640,0
b70dfe6e-5eaa-4135-8042-c95e023ffcfc,1
b7117953-7952-49f1-8cdb-abc76295dcc7,0
b714cc13-36ca-4327-9029-acc17b97d106,0
b71c1cc7-010d-4112-8afc-b1df93296687,0
b71d0120-b38c-489d-8c25-815c86c124cc,0
b7207f9c-882c-44c7-b17a-05fe83441fdf,0
b721fd3f-e573-4092-9bbf-b590a39bc9a9,0
b7255603-c668-4197-9558-7d98e605d3f3,0
b72b6d79-7d8e-40ff-baf1-a41462b580f9,0
b72b6eac-b5c3-4418-b7db-fed0cf408c4b,0
b72dd773-d20f-4b87-9900-1772a82278f4,1
b72e8f3a-f798-4ee5-914a-5535e400a28b,0
b72fb283-4775-4568-b96b-61618e377043,0
b7311f4a-a7ae-4546-81a9-84a0c7fe36e8,0
b731cbff-054b-4618-949f-89904e375319,0
b7373a2d-c766-49e2-8911-3537cfdc636b,0
b739f4a0-47a1-4ab9-b407-864bfb4a44be,0
b73ac00d-89aa-4178-a3d6-5b91e52ced69,1
b73c7158-82ab-4915-a423-9776646a3543,0
b73fbb23-2936-4405-bec3-85e2141a7df2,0
b740eefd-a6ec-4ff0-923f-d04c4d1711a7,0
b744ab2d-715e-4dfd-9c19-1d33abb057ae,0
b746b156-dec3-40fd-955d-9b37bb3ba62b,0
b746e69d-8ee4-47eb-8b6d-21a40ea5cb27,0
b74ba5c1-c118-432d-b21f-02e7e6d3d85f,0
b750768a-1f77-4688-9f87-a6309de87bec,0
b754a4ef-05dc-48ac-9084-6c06a798c2ce,0
b7567271-36b1-4753-8ca2-baefdba449c5,0
b7593e8e-4548-4459-b866-c6629fec28ee,0
b759e43b-0e51-48bd-bde8-bb194c92d63b,0
b75f2bfa-0532-4b0d-8245-1590a91a2442,0
b75f6d49-9120-4e2a-86b8-eb60ac1c26d2,0
b768bbf4-402c-4303-ac84-96b247e69320,0
b76b0a87-cc96-4874-8527-e8e4e0d20b1d,0
b77f828f-1f71-41ad-959f-8e08c74ded5b,0
b77fb151-71c9-42a6-a2e2-0ef6a4afc424,0
b7828930-eb1f-498e-ac7f-80014baed47a,0
b782be27-e930-4d59-99be-2886fb3d718c,0
b7855eb0-17a2-453a-9090-ac261958852f,0
b785fda9-6b09-4d04-b40f-e61c65a28e02,1
b786bbdf-4fde-43e9-a5b5-e851f9898123,0
b789a1a3-ccb1-4caf-8018-2325af544960,0
b78e31a7-f054-414d-be2b-e514d7c6d5d5,1
b78f1192-fe54-4e83-b093-610eeba7ad3f,0
b790a909-6f39-4098-bba8-12c2bfb123f3,0
b790d41c-153f-4ace-b0da-fc44ede4d2aa,0
b795d510-4743-4887-a24b-7df23511575f,0
b799463f-0183-453c-b0fa-8951571180b5,0
b79a3779-bf51-4ed1-9c3d-6388fcf055ad,0
b79bddac-5e8b-4aa1-8372-59daf1f23648,1
b79c288d-2234-4027-a644-b5fae1776272,0
b79f0d05-70ce-4cb0-bcc3-97ac5cbd49c9,0
b7a0a514-ee4d-4edd-8061-65b38dd81aed,0
b7a43bb9-c80b-4bd3-9730-6886b301ef08,0
b7aa16c8-5d30-487f-9054-5a1455236b12,0
b7b72de0-5bd8-4a15-8399-c21fa953d66f,0
b7bb0f6e-679d-4574-af8c-2a19888abe43,0
b7bb6957-cac8-47dc-9b5c-c5882e5dcd49,0
b7bd3acf-4713-48e8-8959-4a92633a4aee,0
b7beb3db-849c-47f2-a3ad-6a63c93198c5,0
b7c12bdd-e869-463d-bc25-81126f343206,1
b7c224ee-edfd-4d16-8e16-a060febca429,0
b7ca2280-aac3-4da7-874c-3c238eb363bf,0
b7ca4121-79f1-48cb-b37c-3fcafbc0068d,0
b7d0d257-09b0-450a-922b-3fbee53dbbad,0
b7d1ba01-949c-4891-a9f2-35b66dff95a5,0
b7d268c9-7977-4dab-b77e-467302b36721,0
b7d2b225-24ae-44dd-8d5a-024c7c354f8e,0
b7d2f357-0ea3-4200-98e4-615f6687b997,0
b7d4d783-a5da-44a2-8611-4fa5f8f3d466,0
b7d69986-ad19-4647-9318-290c8270bd2e,1
b7dcd79b-5d3e-4599-9829-52cf52371ece,0
b7dd171b-530a-42f8-9e55-45413b634eab,0
b7dfcd8b-6803-4b93-8f69-4165926dc3a6,0
b7e0de69-a911-4966-8746-656c1795ab29,0
b7e174f8-aa9d-43df-83ee-1da69953bfa1,0
b7e5c9c3-e030-4500-945b-82a78a7b6428,0
b7edd86d-380d-4c9e-a72a-6045da0372a3,0
b7f6ec93-b47f-4ccd-b72a-af14357ef79b,0
b7f917fb-0373-48f8-a472-dcf5a97ad172,0
b7fee6d0-017c-4715-a6eb-46a101ee11bd,0
b801a795-d4f1-4dc5-9576-37fe76e54eb0,0
b8085b62-706c-4a5d-8f23-c6f12d3911ae,0
b809efde-a3c9-45dc-a0f6-21e0a115d462,0
b80a8c4a-8379-4195-8cb2-88747f39efae,0
b80cda42-057a-4ed5-bdf9-e70baf0ad71b,1
b80e961a-f981-4716-870d-d735551f0e94,0
b812e525-ee05-4df2-b3a8-82aca2401015,0
b8147760-a276-4dc0-aaab-e41984edb684,0
b81855a9-7879-425c-8ccc-ac9077482b71,0
b818593d-2cd0-4988-a69b-e1b3fd94e565,0
b818c67e-dd6a-43ee-8636-f512b52e5f29,1
b81abfbb-7571-4f6f-a065-201ee3a76d1b,0
b81b6ce9-2a8f-425e-a075-43600e3481f9,0
b81c145b-d73b-4bd3-8d83-3080c3d72b74,0
b820c53c-5ee4-4f50-823a-f8511cb15956,0
b821ede5-c446-44f3-8b79-286e9ab229c4,0
b827117b-3eb4-41df-b7f9-f11f5545aa4c,0
b827759f-4bcb-4a9e-9dfa-9d98a4dae26d,0
b82dd024-3f20-4f11-9dea-9a098ee31c1e,0
b83031ad-9630-4d7e-b31c-19a4c515a6b4,0
b8326798-6578-4827-bd3a-2bc6291514cb,0
b832b07c-8318-4ce4-8dad-8f24899c2dfc,0
b832f3aa-17df-424b-8411-84cea21241de,0
b8346f7c-b8f6-4b64-a8d9-3ea346b56663,0
b83653e2-d568-4801-b9a1-e04bd9ba6940,0
b839fe55-4325-44b5-932d-3b85173e7f91,1
b83bb245-12e1-4b78-9f8e-7abec869a566,0
b8421f26-f532-4900-9cd4-fd943e10f5e0,1
b847cef8-62e0-43d3-8cda-573bb5e91657,0
b8486ef2-93f5-4d35-a1ea-27713bec8f24,0
b8487bd3-bca8-48cc-a1a0-3fb36662f76d,1
b84998fc-0fc0-45cf-ac01-568d3f8cc83e,0
b84e1e76-4886-4a48-ba53-2408fe374a8b,0
b854983d-177a-4dd7-a39d-ce518eb53e98,0
b855e3fb-de1d-4d22-ad02-11b417b0ce46,0
b8562718-f959-4fb8-a1a7-178a0a709693,0
b8585ad8-29e9-43f0-ba3e-c2126bf9c6f2,1
b85896d9-6130-4cb0-8b8f-931ef529090d,0
b85b600e-961f-4cfb-a043-4f59ab5f2eb3,0
b85cc075-6b47-4a13-af6e-d7d552fb2236,0
b867e361-9af7-4d2c-88ff-24539d1a6cf6,1
b86af793-cb07-4417-a4b7-bda93caedc67,0
b872abb1-b7f3-4b3d-b77c-729d776babc0,0
b87988cb-3953-4963-840f-724c798716ab,0
b87cb357-faaa-4ee0-960f-5386a64db762,0
b883644c-46bc-468d-8104-8376665b9513,0
b8839269-413f-4c42-ad04-5d067182d432,1
b884bec5-ca7d-447e-be77-c5b83335e39f,0
b8851617-da91-4637-a3f6-65a52447481f,0
b888c854-4ce2-4db7-9e6c-d439945bcd77,0
b88cf11b-1cf6-4a07-8d92-1f92bbf84d59,0
b8936de0-8255-4be4-a6ca-1c6af5c1dc80,1
b8941215-50fc-4a83-a36d-98d07c63c063,1
b8968e78-5275-4247-b0e7-f0375e7b099f,0
b896a05f-d521-41af-8354-d329c74a3e54,0
b89dbd7e-1445-4513-9062-8da9afcd444b,0
b8a074a4-5f0b-4ec5-a41b-bfc55f5ea43a,0
b8a64883-b0de-474e-a24f-9a5045318ed9,0
b8a6f374-88cc-43bf-b1c6-22a5838f9358,0
b8a953d2-b008-4d3a-9c42-1cfa114f2c76,0
b8a9793c-a594-43e0-9a3c-91bbb11cc750,0
b8a9dae9-8c0b-4029-b844-108fb9b79b53,0
b8ac00c2-fd91-4147-aa72-608ecb8ce8d9,0
b8adab26-8b25-4710-a5a7-33dd0e925df5,0
b8af153d-2aa2-4d17-9999-6755b453b5b0,0
b8b0161e-08e4-4b26-b4f9-e846ca30b53b,0
b8b09d6a-f800-4a63-a256-e83f958446ac,0
b8b3bf48-9af0-4f64-b06e-4725068f5d80,0
b8b69d7b-d4c5-4b2c-9f22-5b0c3ad050a6,0
b8b89626-55a9-4386-99b6-40b5e0f0751e,0
b8b98079-1124-4f3c-8e5c-ef4aee53c893,0
b8bd827b-c9c1-413a-aae6-25a549fa1f50,0
b8c01b3a-b6f8-4e17-8a4b-ec65b6c6a273,0
b8c0fd18-2c77-4862-bbea-b4c0bd03c6ea,0
b8c5c229-d989-46f0-bff2-0b4faefc2342,0
b8c5d408-9523-44fc-8bf7-aa3a69f04551,1
b8c9333b-ed3a-4b16-9592-fc2d12cf20b9,0
b8c9c8e1-b05e-41ca-80ed-869cbaf461a4,0
b8cccad1-7032-4531-a27f-662a0b50a422,0
b8d24954-32df-483f-b499-6a2626e1f7c5,1
b8d24eb8-3e93-46c0-9270-8c69147078d4,0
b8d29a17-28de-40a0-8813-d25d26543802,0
b8d3bc24-9216-4598-9b1f-2bd759fa2031,1
b8d6a6c6-2035-4af5-a6da-151765b44e1c,0
b8dad444-e228-4781-bf99-b073b892d598,0
b8ddc0a0-fd6f-406f-9f0e-f499783d7646,0
b8def4a6-fc65-4368-86a0-a390ec33f08c,0
b8e387f2-8810-410d-aa7a-789debda54a2,0
b8e40c0e-141b-4d0c-89ad-99c9354134c9,0
b8e5df67-f4c2-4101-b061-b4ecaa9d16b9,0
b8e603c5-1537-49c7-a62e-e239f8d4cd46,0
b8e748d7-4e58-4a53-a3d0-6e5834c3043e,0
b8e88a7b-9818-48fb-bef3-af0d8d8cfc6a,0
b8ed5ac7-974a-4d6a-9922-ee8378ffb973,0
b8f04c78-a691-46cc-9e52-a38792139bf5,0
b8f17d32-740d-4b86-938e-efd75b47484e,0
b8f7cb6c-1d9d-4437-8015-5b0c94fc0ad4,1
b8fa863b-e428-4a6d-bc6f-e31c3c3cfb78,0
b8fc184e-7751-4685-8117-ce0d3d37e77e,0
b8ffd6c9-fce3-4c9b-90d1-7e349739eff2,0
b901b444-b6ff-4b4b-a564-3493e1cf708e,0
b9024105-a81d-4bc1-a246-e2339676a7fd,0
b90531a9-97a6-4210-a63e-fc14291a478a,0
b908a3a6-2bbf-49bd-aa8f-840749bcc88c,0
b90b5eed-c95b-455d-b737-5a53612e4950,1
b90bc0af-b69b-4c7b-84f1-cf8aad972ee0,0
b90f6aab-737d-44a8-8940-08c1f22b09db,0
b9104ca6-5e21-438b-8358-db9a77724dea,0
b912add9-dc09-4be3-aa53-038ae9b07c3b,0
b914a98e-937e-489c-9753-22f212b78e10,1
b918c95a-276d-467e-9a3c-2c6fc15b6f58,0
b91c5f5e-9801-4e8c-b7d3-de83341ed44d,0
b91e5f38-6f44-48f1-bd4d-9664cbd44fe1,1
b91e721b-24f9-44cb-9024-e80affa401f5,0
b9229e73-af95-49f9-9519-84f88fe617f9,1
b9236586-ceff-4d87-a800-d0a0d064565f,0
b9239912-f31d-4147-896d-6881b59724cb,0
b925ee98-026a-4917-a27f-a997733476fa,0
b9281f51-05db-400b-a363-1dcfe9b4a851,0
b928df42-a9f1-48db-a850-4c215c40d602,0
b929b9c4-1bea-4134-b805-bef538a62de4,0
b92a4c45-7e9b-46e1-a7f2-ceacf0bc1afe,0
b92e74ab-9073-408d-8e57-f58cdb63f074,0
b9330969-c408-4a1d-bff5-de184b2b4424,0
b935e57f-c4b6-4ab6-8b2a-318f0532f8df,1
b9422620-0b0c-47b6-b95d-05abb0257d41,0
b94836b7-7c99-4388-b1ad-9a9ec99a2375,0
b94a0774-eac8-4f69-bb0b-d09865cd6f96,0
b94bc5a8-5fe5-470e-aa54-a933abc6de4a,0
b94c87e6-aa12-4ead-9f9a-e707816ade4d,0
b94d70d8-02d3-4644-8e42-4004afbad342,1
b955ef2d-fe2a-4ebf-a36e-a529e549731c,0
b95d8675-f522-4616-a9be-e1d6e2a6ebed,0
b964e828-9386-4a5a-8d7f-6cc49df9aba4,0
b968c186-3e5f-463c-a871-2433b332006b,1
b96a70a0-120d-4c79-ad3b-f314f5bd353e,0
b96d8ef7-ff5a-451f-a258-415030f958d8,0
b96ede4e-2185-4316-915a-bcc8fc1f3d84,0
b970b97e-dfb3-40b3-83e0-66f1931e21f8,1
b971dd3e-09c4-481f-b5c9-84862e4371f9,0
b9746a31-6ce8-49f8-aee3-9fe0bee27a17,0
b9748151-fbfe-4c0a-8117-39254203e56a,0
b97cfd52-c85f-49b8-a244-d6843547a3bd,0
b980eb12-2f3d-4a1a-b055-54c17e36bb24,0
b982c1f0-07c4-473f-a4e8-61cedc523cc1,0
b984d9f0-bf3f-4543-b601-876a6af8dc66,0
b987418e-6a81-4901-97a0-5d26a09cf8fc,1
b9885074-dcad-48d4-8aed-e2e3ef02928d,1
b98a5504-2124-48dd-bf33-9dec821b2ff7,0
b98deb9a-6557-4c5f-84d3-154078ee3b6d,0
b9958ef7-6e6e-4324-a75a-294207d97f19,1
b996dd10-5c76-4976-bdc0-0d35bd26dd0d,0
b99a3061-ede0-45fd-8567-03ad1b4f1177,0
b99c0662-960b-46c1-8f46-2a6fbea24293,0
b9a75e60-a017-43e3-b229-479450cb46d2,0
b9a9a4b8-104a-4b74-b7f5-f75d942384fb,1
b9b0999e-85f6-43fd-814e-45310b7c9c74,0
b9b0cc0b-43d6-4317-921f-f5c2dbfe164e,0
b9b1b08a-69b4-446c-90a5-3a3601d2c187,0
b9b2aa45-cc48-404b-a06c-3d38d8b5e758,1
b9b6bf57-989e-4eb6-86bd-acdbbe169493,0
b9b831d2-0253-4eda-bf64-330915eed320,0
b9b8391c-185f-490a-8698-cfa84a39083a,0
b9b89001-eaac-4586-8c78-760519d5443e,0
b9b94f67-8e71-4524-8840-fc8b10eb4262,0
b9ba2ee1-f178-41d1-831f-f899f301a978,0
b9bdf55d-3bd9-4019-9a26-69063a6b4dce,1
b9bec7bf-ec47-490d-856e-b715dd1c5f22,0
b9c2a390-65cc-4f9b-a682-8ced4cd8c167,0
b9c3c41c-872b-4d40-a002-9e9e0e53728e,0
b9c77322-7de3-48ac-b863-14e08d7a1177,1
b9c8e28b-f26d-44be-b9a2-e40e656803ef,0
b9cab7ec-0489-4dd9-aee8-ada08889c433,0
b9d00676-266a-4289-9f42-77fcd5a6c0ac,0
b9d32e49-4a36-4e77-9c0c-d847fd154a4f,0
b9d448fd-f911-481c-a97e-6d14bf40a553,0
b9d4a25f-6acd-4b90-ba86-f55484a0e820,0
b9d5614c-b2d4-49de-84c3-83f87f1318fd,0
b9d5d664-4521-4e0d-904f-41b1acb6ed72,0
b9d74473-6465-4ec2-ba56-ad18d753fb99,0
b9d7baa9-35a1-42b9-975f-ee67ea4a3233,1
b9d81fd1-fa1d-4bdb-a6ac-83081883c9f9,0
b9d9882d-18ca-499f-bcff-8c5994c35d8e,0
b9dd3d7e-b321-490f-8a2e-8e8b4930f92b,0
b9e124a2-9feb-482e-bf9e-93d917427f5e,0
b9e87cfd-9b76-4816-8117-ad4780746e8d,0
b9eb671e-b277-4acb-b6c9-aeff47370eb6,0
b9f26fa3-b009-4f21-bb06-21a0ff91563d,0
b9f2af7a-7e80-4d1e-84bb-fc22ed993537,0
b9f38a8e-e579-455c-a1f4-96b2a614b376,0
b9f400c5-70d3-4f2a-9957-7337958e5cb1,0
b9f73487-ec11-4e63-ad3c-64a0c2da5189,0
b9f7a7e3-27e3-4601-b806-0030d318cc51,1
b9f91a8a-cfa5-4204-9ef7-a5e50532f2aa,0
b9fbfe51-df40-4e9a-abe6-beb9909ad572,0
b9fd77be-285c-4baf-95e9-b070be168f5c,0
ba0329fb-f751-4110-832b-6b9b3276fb8b,0
ba0424d4-b09f-4cbe-a73d-8326c2dda023,0
ba04c7bf-242d-4021-b9ba-36549d8e2500,0
ba05bc3e-d69b-4d87-914f-528c9e74b30a,1
ba08f239-2826-4aca-819b-4fa1363ec26b,0
ba092c2d-0a2b-4809-a8ff-88a3a345450c,0
ba0a881f-6e3f-474b-b185-83739a29ab3f,0
ba0f31bb-6e65-41b9-9814-ae19ba17cefd,1
ba17e06c-4315-43c5-b5d4-fe8f6c94d567,0
ba1ca89c-99a5-49a7-a01c-4c3dd3d256b8,0
ba20c5b1-7153-4501-b70a-10d754511806,0
ba21e5ac-c89c-4f6e-a379-24a57ce167bd,0
ba2241ab-3d90-4220-b62f-477e419135c6,0
ba2265fa-9e8a-473e-8e7f-b231f7770505,0
ba295170-d684-459c-831a-3fd2ee6be673,0
ba2ae1ac-e856-4c90-8466-bf6873652f8c,0
ba2e78a9-0724-43e2-ad97-cb0b3227c97d,1
ba338c22-457f-4e27-b713-2b982e8e90ea,0
ba33b052-5f46-43da-bc1b-8f1c8953815f,0
ba34e2f8-a904-4e16-9d6e-ce29b8cf4705,0
ba385769-f121-4855-94df-7d21bfa41d6c,0
ba3afd5f-6a16-4a4f-8c50-5360d7b34c9f,0
ba3d18e9-d6df-405d-8db0-1c1d5141a2c7,1
ba3d7de7-5105-4918-a125-4037657e9c03,0
ba3e4458-1910-4c3a-b527-1864d73c5330,1
ba41165f-2d8b-4bf0-9fc2-0aceed131a5c,0
ba420a2a-d7c6-407e-bff6-4f5237ae8810,0
ba422c55-9acf-41a6-85f3-24d91d02b64a,0
ba461abc-6c2a-4b9c-9f37-32fa9ed0cadc,0
ba4ffb81-f6d7-49a1-a511-674cb2e091f6,0
ba5222fa-4ec8-4a27-b441-206cefa91f2a,0
ba534220-d4af-454b-bc02-e457c282635d,0
ba5d6824-8dd6-4d17-b6ce-fdff559473f3,0
ba5f91af-7c52-4971-a4c2-8579ead0fba2,0
ba60fd4a-43fb-4c4d-8409-5449bd0eed9c,0
ba614de8-f9bc-4ce5-826c-d34a70520fe0,0
ba624fe5-62b8-4a6d-9bdc-1e946c3d9b69,1
ba6434f6-59a9-4b43-b2e5-ec65f74c40a7,0
ba684223-9c69-4f31-ad10-7566f226f00f,0
ba68d977-57fa-4cdb-a9fc-a56e062823d7,0
ba6b1cab-9aab-43a1-a82d-75955ebb4eb8,0
ba6bd828-845a-4645-99ca-73f8ae7f729c,0
ba6d94e3-e745-4d2d-9a4b-5db0c8b5b0e7,0
ba6ea412-3f00-4416-9afd-4629f0db509b,0
ba75a913-ce19-4116-af4b-015ceb0d3d9f,0
ba766c67-36ac-4ce8-ac00-5db3675fd3c3,0
ba774679-b556-4eb9-a059-30aeb5d757a4,0
ba7bc130-c1b1-482d-b9a2-4b83747c8d45,1
ba7cd7f7-914c-4681-9a6b-db4c264da2dc,0
ba7ded07-b827-4b01-bd80-dd0995811ac6,0
ba80950b-8155-4e2d-ab55-595d7a5691a4,0
ba87d43b-2114-46a5-9a55-51f5a90b6bda,0
ba8a3cb2-9d51-4416-a1e6-2689a223792d,0
ba8c2b00-c3df-4d26-b617-664cdf5ae0d4,1
ba8e55b0-f1b3-4864-bdbb-a125a04e3fcf,1
ba8edfac-95ec-494f-9fcd-d5dc11853bf4,0
ba90d94b-2af6-4d4b-ac45-41db0f3dce8c,0
ba96e67b-9d7f-4fd7-b79e-012aec5189f3,0
ba98b6e3-23cf-42be-9129-d0d41c37dbee,0
ba9d3c41-4c9c-4895-b0e0-2f83ce812b01,0
baa016b2-0563-45e4-bb18-b0a8d3158446,0
baa41908-0f2d-4815-aa16-025088a829fe,0
baa7fcde-a779-4ecc-9c35-800ca29dcdee,0
baaa9430-7128-4608-be77-68831813c1c4,1
baae119f-945d-408d-8aa4-25226d1f5c49,0
baaf91f4-7911-492e-ab88-4166367619e7,0
bab4313d-6dbb-4e79-b675-f06cf9297d3b,0
bab4e24b-2714-43ee-ab27-86ca6ef31f8f,0
bab70cdd-b714-4082-a39d-0ebdce12567d,0
bab8045f-4bf3-4a14-9c36-0e832abb1ab7,0
bab8c668-5e37-4a49-b955-60ea4358050c,0
baba2d69-9ab0-409f-89a6-1a3aac3bd892,0
babb5d7b-396b-413b-a616-e391800be678,0
babb9dfe-70ac-44d7-b571-45b06338ec32,0
babfe041-47f4-41f6-85b3-b12a8563d922,1
bac4041d-7060-44bd-9ac0-628424f40cdc,1
bac48070-a60c-4c51-ac9d-cd7633baa7d8,0
bac58fd7-510d-4df6-b208-838ed430a144,0
bac75b99-1999-4d24-991b-29541047ce68,0
bac8bb38-5e1c-4d5f-99e9-3b6fb2579494,1
bacaec78-2e53-4579-85a0-fee1241db350,1
bacba4c6-9cde-437c-a05e-5b53a8aeac8a,0
bace0506-2001-4251-9a60-e46e9645f364,0
bad2009d-7737-4a2a-af89-df40ae4bf838,0
bad94b2a-0927-4af4-b5e7-03f63d11583e,0
bada5b7e-0261-4107-b79b-a101fbfceadb,0
bada8b48-2e6e-43b9-9736-79f7e99adacf,0
badc8b53-cdb0-4cdd-bae6-d4a15f7f7319,0
bade140b-ec3a-4fe0-85fa-f38a34498db7,0
bae3e7b1-18cf-4bbe-a9bd-5ae72f96620e,0
bae76186-4cb8-4b1f-8d59-904fc7dbd803,1
bae86077-7f72-4de2-afd4-d98b1f3290c5,0
bae9f36e-4d7f-487c-af2a-a7f2c113204a,0
baec8951-c386-4eeb-81ff-2859d1cebdeb,0
baecc977-bae4-4cc4-88ae-25722de181ae,0
baeccba2-798b-46dc-9081-b60a33b3edea,0
baed1596-ba54-4c06-aaa6-998c12d045b3,0
baeebaa7-94a2-40ad-b291-86ef3c756e49,0
baf21476-3677-4bd8-9985-9c2f22aa1720,0
baf40a41-3e87-4abf-8d0a-d40491e70da4,0
baf52477-9792-4a65-98bc-b6cc23a8ace1,1
bafba2ff-ffaa-4507-8d22-d1720e5a3dff,0
bb016c87-64e1-407d-9910-1bf0f5bf8356,0
bb019856-0ae1-4c20-892b-dcb79c6ea824,0
bb05593a-16d4-4a4c-a4bf-47fe7d0c41e4,0
bb06e9eb-edb5-4ccb-a146-40831eb7a088,0
bb07cd6d-9fd7-4c11-a2c9-3d5d7fbeba98,0
bb08cce2-5c3b-40b0-a114-deef44dbd2f6,0
bb0949ad-ae67-4e0e-8172-9483d07c0c56,0
bb11792a-11e0-405a-aadd-3fdc26760234,0
bb13b6ea-53ef-4045-b281-136c18637679,1
bb153ff2-705d-4f75-916c-5cc333b2b454,1
bb19c044-233a-4e4e-a465-a4f27ab96e0d,0
bb22a8ae-7058-46f5-b22e-277d924f065c,0
bb245efa-d008-477c-a621-2aa8eb235942,0
bb2834a7-690f-4281-9cd4-584739cdd3fe,0
bb2caf52-c3dc-4817-8205-0f2d44c28005,0
bb2e6586-9e05-4cfd-a036-70f02c96b374,0
bb3259d9-717d-473d-87d3-880f8f4132a6,0
bb34a418-998e-423b-80be-544f2f622e13,0
bb39b1b7-75b1-4487-9993-5d77fb9ad761,0
bb39ceb0-9708-461a-9ef8-0b4e3f6676d6,0
bb3f503f-3e25-4110-8e06-2178dd11978d,0
bb40e961-edf8-424b-a648-8a5b9956853e,0
bb413ba1-0b47-486c-9a70-6265a47c4def,0
bb45dbea-95fe-4939-a1b7-22cc91a525d6,0
bb46c3a3-6df7-4389-9891-fd819f58f482,1
bb4c4b1d-370a-4864-8ea0-985d16afbbc2,0
bb4df1e5-7dfe-4d35-8012-664386fcd915,0
bb4e2237-b6af-47e7-b990-08604e1d212a,0
bb4ecf57-429d-4768-b073-d538ed2f1a63,0
bb52fe32-9166-4878-bf13-0cc5f990a877,0
bb54661b-423f-469b-9fb9-2a9b8f02480e,0
bb56686d-5a73-4039-97b6-eb1385756392,0
bb57be1a-eb9a-4bd6-87c3-5977a64982b9,0
bb58ae1c-9b5b-46e3-9b8b-546fde6bfe91,0
bb59b508-df59-409c-bdc3-7b796bf32f73,0
bb59d008-bd72-4af0-a0b2-b7eda69afb00,0
bb5abf02-5c9d-4ec6-898e-12b48c1ad295,1
bb5bc2da-3735-47fe-a8ee-10dafcac55c0,0
bb64fefe-b498-4e98-af9e-5353a17c182a,1
bb6549b0-220a-4f4b-917e-c4bfcb813db6,0
bb6b485a-8392-46a2-96af-7afdd4f9a6df,0
bb6ed6f6-5ec8-41bb-9cd2-4402620b96a9,0
bb6f3b2a-ae2f-4007-8b80-83d9e7ba7167,0
bb709b71-a532-44d7-ad37-cab999da9a23,0
bb73dffc-5f7c-467b-b28e-1ead9c9584ee,0
bb750c52-068b-439a-8c37-55f260b3686f,0
bb788951-c174-4bb0-8eab-2d2c98437c3e,1
bb7bc020-b58f-42ae-b1e4-1f0b1608fffc,0
bb86f3bd-74a9-45c5-8574-386e0a949d3f,0
bb891170-2b12-4af5-927d-a865a260cb06,0
bb89414c-0ef1-4602-b9d1-a14e4d16ea16,0
bb8b3efa-0d62-42e2-a96f-3504d5d9a790,0
bb8dd6d3-095f-4d96-9792-d03346be283e,0
bb913447-3436-4dae-be14-068b0e3ab718,0
bb95d62a-636d-4723-bc5a-4afd2db380af,0
bb976ea7-a009-41b7-9740-348b28783dfe,0
bb9857d9-107c-4399-a1bb-d4b61a288211,0
bb98637f-6a6d-4217-b0bb-8a9b25a6c31f,0
bb988b01-2624-4cb2-897b-1d70ad5a1fa1,0
bb9acd98-9940-44bb-9d2c-8dc310f60152,0
bb9fff71-13d8-44c4-8139-c9943fd46f79,0
bba16982-9610-4f3e-b5f8-78bcea9a5b7a,0
bba50b69-bea1-417f-9c7c-9b8a81c40c24,0
bba55139-bfe8-4f07-a3c7-d1e47172f803,0
bba56b3a-6180-462a-ad42-ee893bf5bd22,0
bba66758-424b-476a-8ccb-33ed268b14c7,0
bba76032-fabd-42cd-9cd4-03f196bcbac7,0
bbaacb2d-7b1a-4b4e-bbd1-6b279246be72,1
bbb2c7a5-3d75-47e2-9088-1923ca9f4d26,0
bbb75b52-141c-44f3-9cc7-553c40f400fc,0
bbb815e3-434f-4dc2-8531-734d182a699e,0
bbb86ac2-7bf5-47f6-b0e9-0307a2a87bed,0
bbbb2f0f-8527-48e5-acf3-e21651f975b2,0
bbbd7b0c-de5f-4c05-aa22-4d003439433e,0
bbbe1595-57a4-4742-91be-b47ce9d770e3,0
bbbea359-17bb-4cb7-80be-3b6cc0e13169,0
bbbf139c-7090-41cb-bf35-8ac73002659e,0
bbc17970-ec88-4575-b849-0433da531001,0
bbc2ed1b-de0e-4993-9895-c526f49990dd,0
bbc9d01f-f5f6-4b3c-bcc8-4c3c1658a3a7,0
bbd29311-7627-4d7c-a8f7-12e18e1abc09,0
bbd89ec7-1a09-4d93-9e81-ffb7b111c1d9,0
bbdd3217-5f30-4c55-bbdd-bb86bcdd41ce,1
bbdd4763-8092-44b1-9724-9887d0b37213,0
bbddce0f-1afa-47ba-9c11-e35ed8411665,1
bbe78e75-c8ca-4d2e-9e2d-c765e680f8cd,0
bbe80a3e-7ecc-4aea-bf09-33b68dc098d8,0
bbf14a0d-f611-4135-bf81-791d13dd743e,0
bbf7b106-d2b2-4869-b4e2-eabf79536ab1,0
bbfc4cbe-ad34-41e5-8c7c-6fb798a09a41,0
bc07a545-4f06-4ad3-b5aa-1337e6240f93,0
bc0b4d6e-28e7-43ec-889b-5dea3c5dc4d9,0
bc0e4866-e6a2-407d-8114-04e2b4acc935,1
bc0fecbd-eb4c-4984-8f2b-79ecff5dadd4,0
bc100e10-6fa3-4cd7-a228-6f62dbcb9335,0
bc13bcec-d9d1-435d-9908-00569f1f2e1d,0
bc16ee6a-a835-4701-8bce-8db2c26bc734,0
bc16ef0d-0f5f-4403-a765-85aee1e46c6a,0
bc1718aa-06e9-4650-afcc-8be9cfbee910,1
bc19e621-c365-483d-9d88-8cac23441d6c,0
bc1a1cc5-8619-4c7f-8b36-1b7256d8c7e0,0
bc1a6fd8-2558-4a77-bc3e-06bbc5c0e909,0
bc1ce27c-32d8-4bdf-bc90-ead92209fab4,0
bc1f33f4-4fb5-486e-9612-6c68a106791e,0
bc1fd1d8-9a62-43b1-bc16-b5afecd1369f,0
bc223cc8-a344-49a5-bcfc-1ad7443466ad,0
bc2317d3-d972-460e-82f6-c0c46c2953be,0
bc254325-5409-49f6-8a1d-b6cffd496d94,0
bc2e21b0-b4fc-4f0a-b15b-fdf7badb3946,0
bc310efa-69d2-49f2-8463-b7e5263567e5,0
bc31ada0-5d15-41b1-aedf-7b42c4646e55,0
bc32c2a5-4707-4ffa-ad48-21278947cc7f,0
bc346ab1-6045-46b1-9074-19c80a1c1aef,0
bc3d40f7-0c54-4e4f-ba9b-cc51bbbe6e12,1
bc3faebc-47c5-40ba-9fc8-b13253a6b03e,0
bc434cdf-0cd5-4a8c-9ab4-9853090cee02,0
bc45b3f6-3c2e-4289-9a4b-1494e3b26ef5,0
bc4747e0-450f-471a-934f-d73e1f4d7704,0
bc486f86-025c-4a22-b931-75f535e4a38c,0
bc4a7400-039e-4cde-a2d1-16db09d4beda,1
bc4d93f2-c2bc-460e-aefe-d6200b5c0821,0
bc4e2c47-91d4-4b3f-8c56-b3d32dcbe148,0
bc5baba4-735b-4d1c-ac9c-d988ad78624a,0
bc610ede-feb1-4f43-a0dd-b0e220dc73b5,0
bc622ad0-65f2-4f6a-a2b2-804f86603381,0
bc6491f6-b0c8-42e8-bf44-71b925d2a01d,0
bc66dedb-9b05-4005-abe1-e9bcb29c5eec,0
bc6865bf-15e1-44cb-85ab-cfc09532423d,1
bc69115c-b155-4038-8a11-cccbd975027e,0
bc6d6bb8-6553-4692-9449-2aaf7099fdf8,0
bc6dc746-b983-4ea9-86de-baf275ecd6e9,0
bc72eb4b-aedd-42b6-9e9f-28bd8e585caa,0
bc746d66-2056-4b9a-94e0-4cd0978240ab,0
bc74a4c3-1934-4694-a53f-43569ee5c154,0
bc799308-4276-4e89-9987-66bce352af01,0
bc7d3fa3-fe35-4208-9388-62ff379167a1,0
bc8458b5-5d66-4e4d-9328-597da85497cd,0
bc8565a4-de6c-4111-a1e1-dcfc6cf4ac34,0
bc85c9cd-18c7-41a2-93b8-1509c92dcb16,0
bc917010-b3bb-484c-ab40-7ec01e9f043c,0
bc91b8d4-e598-48d1-ae61-d6be0934a491,0
bc9212e6-6a3a-445d-891f-17d05acba89c,0
bc984772-290a-412a-8f09-0c612618f9ea,0
bc985700-8196-43fa-8d3a-8dc469c49f7e,1
bc98f880-16a2-4444-b5e5-1d29f0e2af02,0
bc9d57f7-a824-4dbe-ac8a-ee12abce7db5,1
bc9e5297-24a0-4991-82eb-5e34d6370a6c,0
bc9ed335-ee12-4cb6-be56-7616a47b6fd0,0
bca15540-08ab-487e-8e50-bc7a33335340,0
bca2d0c4-b5ee-4639-9aab-2a93abe4d045,0
bca35f1c-55d0-43c5-ae19-0977584f025a,0
bca4cfdd-d494-4282-ac9b-d2c54fe6b1bf,0
bcab5f93-db3a-4ed5-ac49-087d687f913a,0
bcadf809-f8ad-4b12-a383-b106aa77cb41,1
bcadfecc-3ce5-4b4a-af97-d8e2174106fa,0
bcaf0f59-5317-4e7f-939a-2822de534f32,0
bcb22243-fee4-42b6-a261-afbb7f1c3b0f,0
bcb3d3a2-4862-4c8d-ae87-965b6c823a58,0
bcb55079-aad6-44af-8e98-746244bbf42b,0
bcb6ea1d-8ab4-4b1d-b02b-16b16f51c76d,0
bcb732a1-37ed-4b8f-8af9-6ac7fb8e188f,0
bcbe089e-e582-499c-b276-10797b13fe5d,0
bcbf4452-0b37-40da-8409-e8857194f9be,0
bcc789e6-19d1-49df-b059-f6b0eb7d981f,0
bcc8283d-afe3-40f4-b8c0-f7bb99a8bb41,0
bccaa3ef-6d5e-41d2-ac45-720a887d1c51,0
bccac164-d13c-4d37-9891-b9d112be497f,0
bccbe09c-0deb-4086-8004-ff7716d28ab2,1
bcceb901-f487-4e32-9c45-f4fdb01b63ac,0
bcd00e57-be4d-44f4-86db-e59b9631dd45,0
bcd43618-b026-45a4-b8ba-3e587b381f2a,0
bcd45bb7-1643-421e-9be2-6fcd647a5f8b,0
bcd5929d-8080-44ad-a408-d934b49b77b0,0
bcd8bafc-870e-436b-94a7-8a5a892271ce,0
bcdc2d8c-d7f6-4f74-91f7-40c78bf20c87,0
bcdc6b5f-8627-4370-ab8c-eae60b1d8f8f,0
bcdfc89c-376d-420c-a028-52b507ee5d34,0
bce190d5-fd5e-43f0-9809-9e92cd084e20,0
bce4b8fe-2f01-4498-8fcc-86c5c7194de4,0
bce7f8af-c648-4e9c-b05e-49bdf511e544,0
bce867ce-3d03-454b-ac3f-677f3edd33ba,0
bce89a69-48cf-4fb0-8f2c-75e8b0f88bba,0
bcedb0d7-26cc-4b54-be2c-af6464950b40,0
bceed34e-5b4b-4d2b-81b7-b08fe7190a92,0
bcef0739-ffcc-4c1e-bc25-84f371bcd226,0
bcf050d9-60fb-46e5-87b1-662318fbe12a,0
bcf05d87-9ec4-46e7-bb0c-cb8ea843d740,0
bcf8f273-5c44-4487-8894-5fe4672a36b4,0
bcfb672a-cdae-4f14-b835-29300bf4f497,0
bcfcdad7-fbee-4cfe-b3b5-d48d60169ef7,0
bcfde9a7-fe7e-4df0-9460-ccb42f2703e6,1
bcff8f13-bb6e-4291-b5da-fc1dc38bdb1a,0
bd08b829-01e9-4da7-9f37-df7e4f553226,0
bd0e88cb-04fb-4e1b-8a09-790f2159004d,0
bd0f98c4-a44c-4ee1-ada8-0b9db9950821,0
bd11d7b1-7617-4a74-97b3-b30ed6c64d2a,0
bd1b3902-b6eb-4557-9725-4a8f38b721a0,0
bd221c8d-9937-42f0-8428-3470dae203f2,0
bd27409a-67a7-4290-8253-20e5839e63d5,0
bd28a171-992b-43fa-9d76-fb1e244da823,0
bd28c10c-a0ae-49f5-80be-56decb50622c,0
bd296a3d-dcef-4b95-af94-904e94b4e897,0
bd29ab35-7024-4ff8-83dd-40033fe13b66,0
bd2a8ffa-493a-4b8f-b521-3b9b6562e82c,0
bd2e5526-0c93-4892-bc91-3543712ad2b0,0
bd39543c-24de-46f0-a56f-1c058a9c2eaa,1
bd3965e0-78cb-4e34-8562-0d39284556e3,0
bd3bca1e-3852-4d13-bdc8-84dc1f7cb0be,0
bd40a70e-bc05-4cf4-8dd7-67b31eb0c73b,0
bd461694-5ce9-4c16-bcc8-57b2719deee4,0
bd492e64-06c4-4610-b062-1b6b6da0cefb,0
bd4aa4c7-829c-425a-a7e4-e08410408658,0
bd4cd7f7-83aa-4fba-8256-e567a9421073,0
bd4d00e8-7d99-47cc-ad3e-3597ea90fc2e,1
bd4eeaaf-3e80-4dcd-992b-d282dbd710b5,0
bd4ef75b-c21e-45b2-aa1e-eadd470ba667,0
bd52a40f-21e4-4bc5-b8e8-42998e7c4193,0
bd5f5cfd-0621-4b77-839b-e2958177d612,0
bd629eeb-7e38-414f-b4ec-942400bbb248,0
bd641d19-f164-4b70-9d9f-baee62db21b8,0
bd6516e5-79a0-4273-9aae-10ded4eff8d4,0
bd68a81c-6fb7-4483-b66e-5884d3723488,0
bd6a6602-fa50-4c4d-a816-9e051f30a678,0
bd6bc86f-a3d8-41d9-83c5-cb0e5024c394,0
bd72e572-6b78-4710-ad99-978503b7e75b,0
bd750a64-157f-4ac6-8240-451571d7438d,0
bd77f6cb-d16b-426d-bed7-51b83c90f74d,0
bd7a0600-bd78-4890-9035-ffe121c6a721,0
bd7ae5e3-b9b3-4835-96e4-32f03c056e7d,0
bd84ee2e-2471-4d56-b970-4b61ed45d1dc,0
bd854ea9-ec0c-4ce8-b6a7-c46de44bc64e,0
bd88ad29-2543-43cf-9f08-faabf6835805,0
bd8bfacd-0c6b-4942-8a78-51d2fb1119eb,1
bd8fe1e0-9d64-4c4a-a7ca-95113863e817,0
bd941d94-8658-44dd-9b85-05e137c5ae99,0
bd944844-7552-414a-bc51-fc9c33823871,0
bd9767ff-6d2f-4fbf-aa3c-94a11ea50bee,1
bd9c313a-5e06-4ccf-8aa1-1801558a6a31,0
bd9d0e89-e869-4dc6-8e5a-68550c191782,1
bda3cf3d-fb96-48d8-8772-d5efcf6a53fb,1
bda4b510-ccb0-43c8-93c0-ef3d11660317,1
bda4fff4-becb-4242-a170-7864d8e5865e,0
bda60acd-b126-418e-8d7e-1ab21245721c,0
bda994cc-601d-4780-9b9d-7ec9175166fb,0
bdabb64c-0708-4310-bc73-e7bc00f0fbb1,0
bdac66a1-fd77-410b-b0cd-4f57aef6749b,0
bdad3e68-6c29-498a-a5ef-6a889fe01d66,0
bdae2300-4324-42a2-aaa1-cce754964e82,0
bdaea2ad-7d32-4d55-a89a-4e41fd0a1ca1,1
bdafcc5e-6aa1-453b-893c-8afa7394e0e0,0
bdb02962-7b0a-45fa-a52c-d556d7ca8460,0
bdb3b333-c384-497f-b80c-5a0efc9d3708,0
bdb9e917-52d2-49e9-8e0d-1a778a970503,0
bdbb2d4b-ff51-45d7-a840-28021444eb57,0
bdbd152a-604a-4aca-93b0-8a3cbf75487a,0
bdbec7f2-4762-4959-acdc-5421038962c3,0
bdc414ea-18cc-4ce6-8895-ce59930390e1,0
bdc43e69-e00e-4ae2-99e4-14ae19949a17,0
bdc6f073-f2d3-480d-8a52-c7531a784236,0
bdc8558e-7416-479f-b047-81a6dce5c170,0
bdcb73a1-5398-4c35-812e-c9d2c1a2d636,0
bdcd850f-b4eb-4c5a-b34e-63ffddcb14c0,0
bdce51db-510b-41b2-b9c7-8bcd7b409b23,1
bdce7f3c-a9ab-437d-95a6-a93c1aba9789,0
bdcec0ee-75fa-4f50-9587-0a4719b6cd8c,0
bdcecbee-9de1-4d9e-be6c-e950cb71977b,0
bdd25512-401a-4ee1-84ca-6076f6567935,0
bdd55f59-711b-4402-9f80-f499b224078e,1
bdd800df-fa87-42df-9d14-ba60d522c5b1,0
bdd80db6-0952-4f8b-b9dc-daa509edd3d3,0
bddaa3f4-f719-484e-b368-0de8e299c9bd,0
bddce63d-1bc5-4147-ab2b-30b12d81c2f4,0
bde0152a-eae4-4eb0-9b37-69210e1364c8,0
bde3b7e5-ce05-48dd-a233-e1d1c3480326,0
bde4d648-c5f9-4621-9783-2ab34770f532,0
bde5c1a3-a5e2-47fd-85cb-9b7566996d59,0
bde69f37-1ae9-4bdc-99cc-794f4c911790,0
bde80066-c6d3-4827-b210-78ef55187cae,1
bde857c4-acda-4b18-9a24-1d75c8cfeb38,0
bdee8947-1a14-43be-b66b-735ba4618834,0
bdefd463-d89d-4c7f-8c15-78a97ef602f3,0
bdf3ab5f-00d7-4048-928d-7878ad9c42a2,0
bdfae231-a4a4-45d9-aac2-1bb65efc3b5f,0
bdfc9a53-d2cb-434a-8fcb-b0d504a92a91,0
bdfd2b59-5d3e-43fe-a320-ae455d677eea,1
bdfe2984-648d-4efe-9f5b-1b3b42c9c719,0
bdffac70-e136-4adf-9827-34ca2280bd46,0
be009cb9-03a4-4822-b6d8-85310aec0542,0
be03cc89-169b-4c1a-9d7f-33571af01154,0
be0458ab-d9ee-46f1-a0c8-25102adcf651,0
be0de6b9-542c-4fcf-b64a-0a15f2e7bbab,0
be1786bb-9118-4d24-988a-9b817e154607,0
be17b995-6670-4886-896c-f35094d9d15d,0
be1a7553-cb31-4a80-b2ea-4b8303becc3e,0
be1b2849-cd53-4884-94cc-6a35a78fee79,0
be1c35ba-ed1e-4e6a-905a-2fb703561f28,0
be1e46c0-f29e-4f4a-a50f-a756c0fdec52,0
be241f7b-f0b3-4cd4-ae2b-0f0d55a95133,0
be2ddc6f-3d4d-4a2a-9e5e-59b2dd7ef3e9,0
be2f42d6-2083-4c8e-a35f-5fac58f05454,0
be319ece-40f6-4ab4-8398-2d59f9184944,0
be33dac1-1a83-4af9-b80f-184d3e51cffd,0
be353979-9ecd-4500-94af-f9cd931b128f,0
be372fcb-c203-4034-9546-94c42a4b3614,0
be37a441-67e8-4043-9f3c-8de89088c89b,0
be38e92c-83a2-451b-b5b4-0a5a319ca896,0
be3cfb41-7182-4df2-a24d-7db1f2050ca1,0
be3ecea9-7b8b-4327-bf63-f5a228c9cb05,0
be41eba6-254c-4e68-9156-20a13017cb9a,0
be43d4ff-79fc-401d-9473-fbefcf66dcb6,0
be460a21-d71b-40cd-89e2-8797e25e416d,0
be4625b2-48f3-4811-9a01-ebd92ed402ed,0
be477aa2-9b45-421f-90b4-18d713dd149e,0
be484dad-1e1d-44c5-921f-38498a9c70ba,0
be4e6868-c376-4e15-be1c-c365c822a8b2,0
be4e6eda-45fd-4b8e-ab9f-63a6f7441695,0
be4ef39f-4ed6-4f16-9ee5-8aea7f3363ae,0
be508fee-4df5-4270-8f28-fd4adfaa594b,0
be55851d-f4b1-47ef-a432-5c38ceffe56d,0
be5693a5-ba2b-49cf-a84d-77b30fe2c036,0
be5849be-b367-4e37-857b-4b306b67ab32,0
be5b8846-e106-450b-9a2e-eb0a35b86e03,0
be5c236a-5eef-4f3d-9b84-dddcd5cc394c,1
be627db4-0129-4284-9665-b1e06fa4c86a,1
be62e161-e265-4702-a104-96276e8780ee,0
be67ab0a-8bb1-4637-9f18-e7c14476cb38,0
be67b9d4-ce5c-4269-b0e6-ad384a615d27,0
be67e66d-c9dc-42b0-b773-69433fb6fbaf,0
be67eb0b-2466-42dc-9065-f94bcda423ea,0
be6d4371-4e76-44e2-95ce-cd21ab2fc1a3,0
be6e1a3b-6927-4d75-831b-f78847002353,0
be71b828-e71a-4fb3-9b90-39da42a9f19b,0
be72d2ef-34e4-468c-b4a7-8d209e726594,0
be74672e-4ecc-4d12-8e0c-66a061fab31f,0
be74a381-bc9d-423c-9e51-18d20fe1d9dd,0
be773b2e-3131-4409-ac18-a9d7d13bad0e,0
be7c1282-cd69-42a2-bcee-d0e7edd872b5,0
be7e5947-8a3a-4f09-bb7f-b622fe79d382,0
be840477-b03d-49e8-b5c7-a2d31e7e3ed4,0
be86a2b6-576e-48a0-a43f-ed3ea28c55a3,0
be880c79-36dc-4f06-8b91-0ddb7993afb9,0
be89b4f5-da7a-46a3-939d-3faa1efb93ff,0
be910874-c03d-45eb-9045-c1f220c93a97,1
be91ef90-b4c6-46ee-b3d7-e4f5c39250e3,0
be949c28-48ca-4477-9db7-98c5b31584a5,0
be95b5e2-657a-465a-b2bf-37a7eaf9b246,0
be989980-8f8c-4795-a538-7b00398875d5,1
be98b2d2-34c6-44bf-8bd8-57c325e222b6,0
be9c34db-b87b-49af-b188-705c79f6ad1a,0
be9cbc20-77c4-42ea-b61b-db358a5e171e,0
be9f660a-8d73-43e8-bc4a-c0f76efffbc4,0
bea4354b-6667-4f6f-bbe8-de02ad6de122,0
bea5351f-9226-476f-8cec-0d3b3f3d9ef9,1
bea62c48-1b94-4401-a108-61165134a8ac,0
bea83df6-c0a0-46e6-8fcf-08a86c821536,0
bea9f6c4-292a-4e70-961e-5d9608dabf2d,0
beb01ed2-be7a-424f-a51c-f9c3a04274bc,0
beb06edb-6729-4488-aa0f-d8409d764bf6,0
beb6b5ab-3faa-4b1a-bf1b-bc9e71498448,0
beb73f76-cdbb-442f-ac79-ef67c36844c4,0
beb996a5-b5d3-4839-89b1-9ada1451c523,0
bebd1a7e-1dc6-4470-9d0b-16dcd4d7eae3,0
bebfebaa-6cda-46e5-9cc9-e0e3a33ec06e,0
bec1e4ba-284a-4cf3-895a-ca002996043d,0
bec9bb9c-0670-4d22-9ea5-b21fc50923b1,0
beca1dd4-2be0-47bc-8adc-a57dc4ba79d8,0
becc7f54-0d55-4611-9aa1-2e715088ea99,0
becf9580-39fa-4f74-9384-5b1503157c3c,0
becff0ab-2826-466e-9b24-b1daf6d2d9c2,0
bed6d20d-dec5-4b9e-8641-727bb3689d60,0
beda7612-3e8b-4731-8701-7f88d9e3c127,1
beda890c-8b03-4090-90c1-792899fba0ac,0
bedaad97-0b2b-4115-81f6-1c78d86c0c97,0
bedbc672-b66c-48ec-88e2-a6be21e09935,0
bedfed9d-b0fd-4f28-9c5e-6531d2666918,1
bee1ef61-8d21-4974-963a-d0ac252fc7eb,1
bee2328f-c8ff-4bee-8b8a-c5ffce75bc44,0
bee3a568-fe34-4a23-8ecd-bb0ed23656a9,1
bee3df14-5fe0-4c3f-a0da-1a84856d8a58,0
bee612b2-2bb7-42e4-ae26-44f2c166023c,0
bee91de3-ed20-4f78-b32e-9196e8423414,0
bee9335d-955c-4ddd-bf20-0839efc88dd2,0
beeb18ae-dbc3-4e9b-8929-9f72e5ce3c85,1
beeb351c-c236-4332-b784-5ac750151d67,0
bef11fe3-28df-44ed-a953-18a2bcbd195e,0
bef196cf-0360-495d-af3d-2efd03a84527,0
bef1f003-d0f3-436d-bfaa-248078bd9043,0
bef2d4d6-5f37-4747-a2ea-dd4225ba2a03,0
bef782b2-fb08-4150-89ff-e9d2cfe54340,0
befc0221-0626-4d96-8e4d-3f55fa79101e,0
befdf0d7-cfd8-4801-8d81-24c3ca42b9a8,0
bf04ddfa-88f6-4ad2-b739-19f58843190a,0
bf096a11-c3fc-469f-a4be-25c90e6c077b,0
bf0cda38-9ffd-466f-8dbd-29c5cbdf402b,0
bf0e97bb-5331-4180-b952-b1891ee4fa09,0
bf10d28c-4713-4b2d-8830-db6daba3e415,0
bf146c71-2388-4725-8a54-15378ecc7beb,0
bf14de26-9aa5-4e53-86c7-939c054f4a18,0
bf1576fb-e3d7-4b2b-a238-fa39485790c5,0
bf176825-49d9-4896-8716-7652f989b37e,0
bf1a7ff8-4779-4a70-9ca2-22d54ace1e12,0
bf1be957-a6cb-44fc-8ed4-f0bcf995fb26,1
bf1c1b5d-fa7e-4e93-ad5a-8967d18c35af,0
bf205119-8d84-400a-8161-51920e52bab7,0
bf22b2d6-c767-444c-a1cd-d56025910026,0
bf22e0c1-9501-4d1d-b5ae-498b6ac888d8,0
bf2453ac-c6cb-43ef-803b-3b4db6e48abb,0
bf26cd60-ee17-4bf0-9442-0447d73d6954,0
bf282158-5bfe-4c40-b9c2-ec397ec9a27f,0
bf283ead-c678-4ade-aa80-b8eeb8959740,1
bf295a6e-4a4a-4167-9da3-f3d3435d4679,1
bf314a2c-4a24-4c2b-91ca-93959144616f,0
bf36e0d1-e50f-4709-8213-866ae22601b5,0
bf3ba0b2-c811-4367-9f4c-9c042f49b461,0
bf416bfc-ee03-42b5-8e40-394a80e7a3a7,0
bf439275-a6ee-4bc5-bd5f-b8a7b1e8954b,0
bf47ba5f-6af9-492a-b6e8-7224bbdfaeba,0
bf4b86cc-f52f-4bf9-b360-e18061f7e3c6,0
bf5462b0-38ea-48fe-8098-e4559acc2f80,0
bf546e05-a360-499c-b9b7-09feb9b9a7ff,0
bf54e6ea-da93-4f17-9b2b-c41ed1bb0167,0
bf58c8ba-6690-450d-9f8f-43e3a201e4ef,1
bf5966a9-81d8-4c79-8e0d-d8fe2501e2c6,0
bf5f6c9d-9642-480e-b10f-6d135c780aa0,0
bf5fe20f-9ddb-4e5d-8892-47a27b921049,1
bf659649-f70e-4e77-9f8d-38ec0e86b350,0
bf65ac91-e86a-4f93-aad0-2f8be28bb1e7,0
bf669296-043c-4ab1-b6c7-fae0ad7c51d8,0
bf6a477e-31e7-4325-a60c-6b5fb222eec1,0
bf6d96ca-50ff-478e-8823-38dbe680609d,1
bf6fbdda-26c2-45dd-83d6-326edece2c7c,0
bf7625c8-86f8-4bd9-9750-aff73787c00a,1
bf7793e4-ba84-4031-a499-2444747beebd,0
bf786002-64ba-4d2a-8512-04d97161256e,0
bf7e1704-29bb-4d6f-b27e-b81bb0b8a557,1
bf7e4595-0777-4e1f-a15f-988303b5e234,1
bf7e7ca1-452f-4586-b435-1f95772ca7d7,0
bf7eda9d-60d4-4530-bf24-0e3d9757b537,0
bf80019b-55c3-4d7e-9541-22f2a4faaab1,1
bf83077d-0af6-4ace-979f-562a11655eef,0
bf846aad-3597-4e14-8223-2266ecdca2bd,0
bf8a072d-074f-48a6-a404-5e2e10ca7878,0
bf8b8ade-57bd-4216-95e7-45eec3f0703f,0
bf8cc0be-8f91-4e4b-a139-55111f033891,0
bf8e0b6a-0fd4-4cc2-a75a-8e8008d2f48c,0
bf92fdaf-0a06-4b6a-8601-b44189e7ffb3,0
bf933eca-3e9a-4a46-a81b-ff69d2ac027b,0
bf93dc91-8ad0-4f9a-92b6-d331fe61d612,0
bf95ed28-ddca-4fe3-afab-f2284989be5d,0
bf98d7c5-3771-47b2-96d5-eea615ed45b7,1
bf99da65-5ec6-487b-95ee-d6b7df05f191,0
bf9ae809-f074-4fd5-a882-613e60ac8347,0
bf9c8209-69c8-44fa-b1e9-2011fc585f62,0
bf9f702d-afab-4e16-9d67-860892a08870,0
bfa70395-0dda-4e86-a19d-130fa4aa551e,1
bfa844b6-a7ca-41f1-b98f-aa13dba7307a,0
bfaa3a8b-c074-47c5-8638-d669a928a040,0
bfb0e27f-a029-4f7c-8578-428c3f1c1a80,0
bfb63222-662c-49a3-ad5b-b9708c3a5b5d,0
bfb9ec7f-bddb-4f08-879e-74e490987e7e,0
bfbc1244-b17f-42a3-a0dd-17c9f3db1739,0
bfbffe32-f2e0-48d7-9182-df99df92b41c,0
bfc0b107-2fdf-4ba0-ad56-9879429c65e6,0
bfc5d975-be23-4bd6-91f4-18676e35d28a,0
bfc80b18-6229-407d-8919-e6bebe821596,0
bfcb49af-f203-41df-bc8d-520b5a082cf3,0
bfcc3891-e672-47d7-951a-2b7b2dc73994,0
bfcc9356-8fad-44d7-acff-947634df53cb,1
bfd2d39c-4250-4111-94e4-5fce5625a4b9,1
bfdada4b-c398-48d1-91fc-927ce2f8549d,0
bfdf01ec-e489-413f-a599-6b86cb999ee7,0
bfdfc1a6-64dc-4345-9dab-c2bbb7a6c801,0
bfe0d7ad-8646-4d24-bf9d-b3d1b36207c7,0
bfe29564-fd06-4751-8aff-74ecaf14d18f,0
bfe641fe-2d06-47f4-93b2-8574f1226c99,0
bfe75f6b-098b-4ce6-a0f8-b10ae62a06c3,0
bfeae02d-00fd-4e0f-a881-5586906bc5ab,0
bfeb1861-2c4a-4984-bcc7-902afc607d8c,0
bfee73a0-f2c2-42a4-902e-a580ef821cc5,0
bff55e41-e9b3-42c7-8202-c95e596053d8,0
bff6324a-3ff8-40a7-87ca-c65e740ea7ca,0
bff6570a-c10e-40c3-8c30-3c5d0b1f99df,0
bff70bfd-f44e-40d3-a236-a9c8577f414a,0
bff747f4-696e-4b94-8e0c-ca5bcbb0e7ff,0
bffa4668-070f-416d-a149-02e2a62a6fe4,0
bffb8bc5-1e09-44ab-9327-bf2d775dc4aa,0
bffbd257-c404-45d1-8b0a-b5563f8b1fc1,0
bffeeb33-73a3-4204-9e29-4b615d078a37,1
c0033020-2900-475f-acdb-a65d286359aa,0
c005d988-0ba7-4c09-94e9-48820846975f,1
c007788d-b5e6-4118-9e9d-66734576121c,0
c0079f99-612a-4137-8442-8a4b3716d89e,0
c009646f-6357-41c1-87e4-5e7231da9fa8,1
c01030e3-2a82-44d3-b8ae-339de1425e16,0
c0121997-3b3f-499e-93ee-cf999b0a4dfc,0
c0123a0e-cd83-405c-9d1b-fd8360ebae0c,0
c01386b4-ee3a-440e-939b-962fa33a4b52,0
c015fd4c-8cd2-40b0-a4e3-9e93a5de82bb,0
c0183789-2924-4d7b-a41a-84a0523d1939,0
c01b1793-7368-485d-9ed5-85ed1cb2ca5d,0
c01f037f-7064-4a3d-80aa-97bdfb6b4b42,0
c0253e51-a156-466e-96ba-8b451a1b5f71,0
c0265aba-3d9b-4f3a-a4c6-85b94432760e,0
c026e1c7-1c8c-48eb-a0b7-affb4205bc08,0
c02c878a-c5d0-4abb-a51f-3422442d337d,0
c0324a12-bc6b-4bc7-8d6e-c7db0e521a95,0
c034eb9b-365f-48c1-b169-ec38a986ff32,0
c037405a-ef23-4bcc-87ad-207fdff02c8f,0
c0380bcd-24a1-4d84-8e0a-fe8bf594a04b,0
c03898d1-d546-4a2a-b83a-e1177d7b856f,0
c03a1fec-65d6-4df5-b9bb-532dfb51d41b,0
c03a9226-1b8c-4db2-bbc5-47c2a485a6da,0
c040dde8-7a55-4534-8625-075a84f048e8,0
c0418336-4960-411b-92d1-5f1415028547,0
c042cad6-9b3f-4167-b2ea-7f75d9087794,0
c0467d39-fce8-4a26-9c0a-7056539c0dd9,0
c04b562d-68ed-48fd-a69e-0f6f26a89c75,0
c04e652d-a869-4d3b-ae67-88cc74f86cb4,0
c050a1bd-157c-4664-8314-d49732063774,1
c050f87b-94ce-4e6b-b87b-d8e7dc738d2b,0
c053ab83-d587-4bdf-8b00-b56e946e883d,0
c0545e3a-0638-45b3-97ac-bfb6e0abfa41,0
c055ae97-a4ae-4184-a6fb-6c5a5295511d,0
c055d8fe-d992-4d33-9805-d5e8e0b82087,1
c05929cd-6fe6-46bd-9e80-74423ced384d,0
c0596b43-9de6-4676-8d36-a1fb78ded328,0
c05aed01-6ec5-4d21-ac9c-e7db83801ee6,0
c05f62c8-4d45-4413-909d-870844773ef6,0
c063f2c3-adf3-411c-b52c-9556bad54a51,0
c064e36d-feff-483e-86f3-cbcaafdce0ed,1
c0798615-3693-4b78-93e8-1039dd2c69df,0
c07c97c2-756c-4010-bb34-ffa31a90b4cf,0
c07e87d2-2c13-41db-b45c-12806e71e033,1
c0810ab8-7298-4b36-b480-d9820f12a5d7,0
c085fd4e-4150-41ee-9c79-911ef78c2ca8,0
c0878e6a-4ab1-40d3-8d01-19d47aacb086,0
c088ef06-fccc-4975-a8b6-2baf5ea0eb1c,0
c08a32c4-d96c-4f24-89d5-2bbd5439432d,0
c08ec21c-2616-4aaa-be0a-6a2b1662a5b0,0
c0929763-cf10-44d3-bd52-edd4baa1b52e,0
c09424b3-0cf5-40ea-8c39-0fcf708f2116,0
c095657b-004a-4b82-9f68-e533159baded,0
c096f7c7-c6a4-404c-8938-52338b821187,0
c0977b39-36f6-4894-ba4a-ed24f5cedf45,0
c097eb03-a73d-41cc-bb0b-284e6335a769,0
c098562b-f993-410d-80c3-e1c18d33529c,0
c0a3ffaf-f0fd-4e5f-95e9-c02bd1136c51,0
c0a650da-16bc-4a0d-89c0-9db24ed4a92c,0
c0a7eb83-3d8f-40b0-a882-50ce60cc4a4f,0
c0a8440e-9b77-4c4a-8d03-fe9f36a0a05c,1
c0acfc21-c904-4ace-8648-4c6333f2e82f,0
c0ae0767-dc7e-4757-8202-bcc19e8b83b9,0
c0b428d4-d62d-4715-8aa3-dec91b807f5b,0
c0b49e98-e0b7-403a-bd61-198386d86fcb,1
c0b627ca-3331-4545-b2a7-e198a07254ef,0
c0b68287-cb82-41f1-a0eb-753337908d9c,0
c0bc1f51-65d4-4461-ac0c-a4a4729e0f60,1
c0bda2b5-b53c-4724-97d1-bce58196359b,0
c0c22c8b-3ee0-45c8-8118-a73f08033e65,0
c0c3081c-248e-4835-8b93-670986be681b,0
c0c4ec4c-9a9e-42d7-b1af-1aaf0144ed53,0
c0c7fbf6-f9ed-4e7d-9904-6e911e36f250,0
c0c80838-24cd-4f1a-a304-7c3506046fac,1
c0c80f0c-f46e-4d77-b69d-fae842a19f0c,0
c0c82890-b218-4870-b1e8-4c81fdb08d20,0
c0c8b56f-5655-43f9-bcdb-1f77c8ff5f1e,0
c0ca0392-32f0-4dcc-991c-01bfead7a90b,0
c0cdfd4e-de5b-4cc1-8bd0-703d7d4209f9,0
c0d0e36b-9b36-4cc2-bea1-11d0ee40612c,0
c0d2507c-4b59-4741-8b4c-bc2d86f811e6,0
c0d70ece-33ad-4e92-bbfc-74e9fcac0de0,1
c0d9bc11-ca85-42e4-af4e-c3aa7e7a926b,0
c0df45ed-62c9-4f7b-b8c3-2a4054df820b,1
c0dfa7ae-9679-470a-ab76-fb58aece4a43,0
c0e015af-537d-489f-b7ca-13ee83a36e02,0
c0e07441-5a2b-4f0c-ab6a-4ef6ac3aac1e,0
c0e14b43-aeaf-4cc8-8117-09e6ad486a65,0
c0e96bce-1283-403e-923d-4743c09b404c,0
c0e9a44c-cee1-48c8-85f6-4f3e2ec0f69d,0
c0e9a842-0654-47b3-9682-ba9bda50e8a5,0
c0edc4ab-3284-4ae5-bdc2-3474e6a93dc0,0
c0f3e1ce-5f7e-42f6-8106-17c0b32548e7,1
c0f500f9-4908-4790-a13a-e6ed49e216ca,0
c0f6c68f-d8cc-400a-938d-e5551085f5d3,0
c0fb47cc-2c7c-4127-ae34-28ddc17c416c,0
c0fce333-b337-48ef-a3bf-ccda6d2eeacb,0
c0fe0f1a-5064-4f2a-bd3b-ff2978a45067,0
c10147de-48a7-45c6-b436-ae0b26452bb0,1
c1044b0a-466f-4e74-bf5b-8ab05d8cc955,0
c10b0338-e8b7-4555-bccf-7662aeedc752,0
c10bc862-c725-4951-ac7a-b5894a416d9e,0
c111555d-e384-4e8c-8a1e-f774262967ba,0
c1115bc7-e3db-494a-bce5-89ee57113296,0
c112cb58-a153-4880-9780-42b064c0fc73,0
c1131c42-4414-465e-8f77-ae201b372655,0
c128163a-d235-4892-b752-7fb9b5efe1ca,0
c128dfb7-b2a5-4209-8b7b-babcfbcd2d92,1
c12deb91-bb98-4cc8-a26c-009b4bbdfea0,0
c12e4b41-e391-4ec2-b08c-1a3014f6fa56,1
c12eb5c1-05e2-4849-af6a-fb032715fced,0
c12f6473-5dfd-458a-809e-b09604070ef2,1
c133c3c5-578b-4ff7-b9cc-13bc16dc3856,0
c137263c-b33a-4c4d-a3d3-1d32dfa5eaf7,0
c13efad4-63f2-4eef-ad5f-a2b52bf2340b,0
c1425cfa-7c88-42ec-88fc-b53020ff0600,0
c1488c47-dbad-4326-8593-e29d0840fd5e,0
c14a7859-b61b-435d-a273-0c8d1e9b4750,0
c14c87e6-06b8-4cf2-a154-3fbddd9e2f47,1
c14f4576-bac1-46d4-89b9-1ab8e1b0d69c,0
c151631c-d787-434a-be3e-cbf8c93555f0,0
c15452f4-e8e3-488f-9e0c-dc0c82906659,0
c156cad9-4c4e-4b97-a56a-dc441ec8e39d,0
c157a1b2-7f8e-4f70-9fdc-2a154e8229f6,0
c158af19-e17d-4707-9252-9f03c86c39f5,0
c15de0ed-eca9-4fec-b6a1-8811fb039d5f,0
c1686632-a684-4237-b617-b1639e59dd97,1
c1695537-2550-4e14-bc44-e9476f6609b6,0
c16b77e9-35de-4382-be26-db33d9783c9a,1
c16d997e-4cfd-4112-a1aa-692e7d14c3cd,1
c16db88c-eeb5-4f22-bda5-e26046af64c7,0
c171cfc7-80a0-467e-951b-3b7ff90a5eef,1
c171ea4e-884d-4b79-b45f-e2c20c7e28d4,0
c1737686-d114-4e60-b298-39399215710d,0
c175d328-059b-49bc-8e5b-a989579b0192,0
c177cf8a-9254-44ef-88fa-a97fabd63b9f,0
c17888de-4100-4c46-acdb-a079c8467f17,0
c17d7c3f-6284-4542-ad5a-92dac7176305,0
c17dee0a-385a-46e3-8665-e749cab8510f,0
c17e406f-e658-4d21-b2a9-95a6c71b4c28,0
c184353e-4afc-4dec-aead-076bdc9654be,0
c187d82e-3147-4809-8401-f51d9aa3d565,0
c18bef79-8bdb-4605-8721-8e2d11dcd8ea,0
c18dbb6a-6597-4135-8959-cba3eece2260,0
c18ea2b5-20c6-49cb-8049-27d5827b095f,0
c18f1a18-4177-4166-8bd4-27f3345dfa5b,0
c1925179-6a39-4e39-8684-bcd68dbd998a,0
c1959aaf-24d6-4c8e-81dc-2de5a0c94cb7,0
c1966b24-646d-46c4-91b6-fd1f86ec8f81,0
c196b178-316b-40cc-adf0-d5479f51d0b5,0
c1983577-33a6-4627-aa55-99ceb8c4fbc5,0
c19a0cf6-014d-40f0-9ead-2e98d6270c7b,0
c19b3d90-5b5f-46b0-87a6-55757a0f62c3,1
c1a1e7e1-7edb-4fda-a93a-3fa2293e8bd2,0
c1a22003-02b6-4ff3-9c7c-ab8d239738f9,0
c1a53ed1-1d06-4f6a-aed6-a96d57baf2c8,0
c1b51514-8e0f-41d1-bcf9-74aff19c18c2,0
c1b5a215-69f3-4293-a900-ef01cc702d05,0
c1b5eb4d-8a4b-4668-9cf5-cd6f35212acd,0
c1b73b64-aac3-4f70-bf43-00f8c2d8f660,0
c1bc83e7-2e9f-4711-b9cd-e35b791dbf28,0
c1bdabb6-cd64-4c94-a02a-87cda8a3cb6d,0
c1bdcab2-ef85-40bc-8d4e-814d66aa3671,0
c1be7f06-3b9b-4d9a-b370-3df3a4a17c6d,0
c1bed5b0-adfb-404c-a9c2-109f3ed3de59,0
c1bfba44-8fc0-4127-87c9-859a7bf1b8a9,0
c1c6711f-dd31-4952-85b6-16dcf7c3810b,0
c1cf185f-5230-4863-8c79-cc09f156bc28,0
c1d1b7c6-6b41-4343-8021-74e528950361,1
c1d91551-ec3c-4795-8adf-df68a882bd41,1
c1de0f66-857e-4380-8bca-988d39135f0e,0
c1e19c83-3d1f-4fe4-821b-429bbce28f92,1
c1e32ce6-fc04-43f7-803a-e0ecca5f4e5e,0
c1e385bb-cfa6-4474-9064-1434314fe9f3,0
c1e53c58-cd96-4336-bda2-cec020ac2d0c,0
c1e9aabf-2e6c-4b74-a060-6ee9a7a1b29a,0
c1eefe38-6e9a-46df-92f3-6cb0e53c4221,0
c1f1e728-86d4-4148-8bc1-aad08f52ade7,0
c1f363f3-da68-4ec0-9586-854b36a2c027,0
c1f86ae6-864d-49e0-be40-7952b3cf1479,0
c201d4a2-40e9-4ff2-86e7-5e25cf616756,0
c2058096-c823-4523-8c50-81eeac721027,0
c2098f96-a512-492e-8767-031e58fbc075,1
c20a19c2-db69-47fa-90e0-7f80889dba4d,0
c20a49bc-34bb-4235-bae6-0ff07b526b51,0
c20f7eda-d1e0-4672-bce4-bcab06ad55c9,0
c213387a-0f33-48bc-9412-706ceb31f91a,0
c2134e68-e33f-4e66-a778-f6945e3eaadf,0
c213eac5-ba22-4a85-aaeb-e65e6c114745,0
c215a7e8-86a0-43a7-b801-c7b4379a48b4,0
c219987c-b532-4062-96f7-2172b9e4e524,0
c21e049d-e8d9-4e98-9b89-b4510dafc5cf,1
c21f8b80-9465-4eef-98f2-494b36be9155,0
c223ba96-121f-438c-8369-5fc707aa2cdf,0
c224cdb1-4d20-4e4a-af06-30464de37c0a,0
c226dcb4-7a4c-468e-a961-baff4e909437,0
c22c3188-f446-49a3-90f6-12f53723d33a,1
c22e373e-c74a-4728-902a-14ce91747b72,0
c22ed88b-fe47-4729-a820-7b3d76e5a9a5,1
c2309e82-7831-4601-b700-3f71a53c730e,0
c2364a9c-6e1a-4736-9929-005310cf93ca,0
c237c941-4120-4e35-aaea-f802565160c7,0
c2384bc2-4c38-4680-b926-b232be1218c0,0
c2396da9-8747-48b0-a4fe-329ea0dfb1ce,0
c23cba82-7922-4e46-a20c-9c1f2a80b6bc,0
c23df1f7-42c4-422d-a2d9-b5207f2029c1,1
c23ee7a1-9465-403f-8ac2-c3894f81e632,0
c24f1343-91fc-4d9e-8b20-ce0f4c1657fe,0
c250fc2a-05ad-4ed4-89b0-b0b2436bc1fc,1
c251e58e-1c51-46d1-ab22-4f44282df82f,0
c2524b7c-1024-44ef-aaee-f36eb28a9293,0
c252fcd2-baf9-4bae-bdf4-f635a33ff1a9,0
c25352b9-125a-45ad-ab81-94ddc6344b35,0
c254812b-daeb-466b-8718-d8a1b7ea72cf,0
c259483a-3304-4bcd-bf6c-6a6adbd8abc3,0
c2594934-05a3-49b9-a20b-52d39075bb5e,0
c25d4513-315f-4c2b-b290-d42f466ddd51,0
c25e064b-e777-41d7-94cf-e1dc8ff03ce9,0
c260cf7b-247c-452b-834a-ba73542b7c1f,1
c262c8f2-e6b9-4e6f-bbb8-6949e98e51ae,0
c2646fe6-9c06-4528-a72b-bee4088cfa17,0
c265fdfc-72ce-4c4b-af55-b0594e0f4d31,0
c26abc2f-b18a-409d-b7b4-da7b2dcc5dd9,1
c27031b3-9c54-433b-9380-0a03b206c18e,0
c27153cd-02b7-4f2f-89d1-fff53f742fe5,0
c27269b9-05b8-4f77-a315-42e7d601abc9,1
c2755312-df95-4006-979f-dadee0416f4f,0
c2780d80-af1a-436c-bfa4-f83d2f8ecd68,0
c27ef4e1-deb4-47e2-a7e9-1ce8191d97af,0
c281add2-2000-49d6-8ba1-7a20e418d9b1,0
c2852b38-8107-4508-84aa-8cd8543bec57,0
c2895df3-89a2-4213-9de9-4ce6e1830966,0
c29035ab-9287-4e23-83af-7636ec96808d,0
c2903d38-0356-4a54-9800-fb5299ca19a5,0
c29367ba-a872-4a12-8b5b-cef1023c75f8,0
c296630b-396f-452c-ba19-8a01b54d3715,1
c2a0dc2b-b3d8-4f68-bc99-68fd27ef63da,0
c2a39297-345a-4050-acd3-d3a93cdf473b,0
c2a8b3a8-9c6f-41be-bd70-4f100c779415,0
c2a99915-cfb8-4bf3-8288-b0056d045fed,0
c2aa31e3-81bc-4b50-bea1-c3822b0d0e8d,0
c2aaef18-e2fa-42e5-9181-3e7c2b8144bd,0
c2abb9fe-cafe-4ac5-bad5-e7f1875c0485,0
c2b09918-e9f7-48b8-8e52-eaf35bb9fccb,0
c2b2c2b1-e913-458f-894c-1b149cce1109,0
c2b6d057-5854-4a7e-8bfc-7d43f327f664,0
c2b80d55-f9f5-496c-95ea-2c0b02b0e510,0
c2bb9c14-2a60-4a81-9288-d6af4886e965,0
c2bd4b22-73ad-45e6-9de2-fcf2e647d7b3,0
c2c0d008-690c-4fe2-b512-c428ac0d096f,0
c2c2af02-f3f8-410a-9ac9-08b35b4955be,0
c2c3655c-730f-4468-be32-eae1b670fb08,0
c2c4ec5f-2e29-4672-b3ce-5211dc8ce109,0
c2ce1690-d3ce-4fab-9590-a0e21d5e15d7,0
c2d6af60-4b49-459d-80ae-23b47932180b,0
c2da5861-8775-4f2a-a193-a029f1c11356,0
c2dbb5be-5346-41d1-ba93-1f5185385673,0
c2de0de6-3555-4364-ab2a-041de3358330,0
c2e299aa-c5a0-4ece-b175-159bf6c13aa5,0
c2e379f6-a323-40d8-8675-a210a8b934d3,0
c2e79ae9-60e9-41bb-9274-fb7723c4dba8,0
c2e9c7e9-9c4c-4011-8f84-4d1e04a1e143,0
c2f09c06-d0ac-4b19-8c6b-68bfcd0cbcfc,0
c2f1578d-510d-4f19-b684-e209e4e1657b,1
c2f2b66f-3f23-45b5-90da-1a3594d3e57c,0
c2f364f3-9e3a-466f-b6df-7b7463f95407,0
c2f43692-8b0e-4061-aab0-3d19acd575ab,0
c2f7faa7-a709-462e-b17d-4ecfb0e3975e,0
c2fac97e-043b-4531-99d6-f522a5b048d6,1
c2fe3ec7-c6b6-4957-be16-3b647a7fb066,0
c2ff101a-6ea4-4bfc-b820-919c77ff2bbf,0
c306ac58-f5a6-416b-91fd-ae823cadeab3,0
c30710e5-7087-4f74-9b80-faddf803603e,1
c30f2c4f-45c8-44fa-93a2-dbea8f05cc87,0
c312ee9f-f1ab-4348-b6b5-1c7b62919f7b,0
c3138d2c-96ba-4cdf-acc1-7aa8ffe61ed8,0
c314e3d8-401e-4924-9c91-daa81fea5f17,1
c3160248-650c-497d-9a6a-45727e516a35,0
c3171e2a-ebed-4ac9-b5fb-0a3006ca6ba9,0
c31b0558-66c8-4584-8134-07ac77f032b3,0
c3205f45-7d04-40c4-968c-d333cbf340e3,0
c3207f28-ae74-4b5c-90c6-9b5faf28476f,0
c323a9e9-25ec-4776-9f44-bb31c6526a56,0
c325e647-8c0e-4d67-9d59-c77920d1b473,0
c32816d8-a053-4e33-bc06-dec58bd8370d,0
c328322e-55f4-49bd-8087-8bf4c22e45f1,0
c329ecec-7e8e-4d54-8560-071505e2a42f,1
c32a8f22-dc72-4479-acd5-6c75332b48b4,0
c32a9b5a-5330-432e-a8c0-ecf2ec8d3701,0
c32ab831-a13c-420b-a829-502bfe1dea3f,0
c32c9043-948e-4439-9dae-c2206f8da70d,0
c32e136d-4d1e-4803-bc53-70cd61c47d3f,0
c32f2aa7-f55b-4951-8273-f3532e26d962,0
c3353ca1-4435-4e19-aefc-2b17dc1fcf03,0
c3397eed-c0dc-4002-bd27-85aa2677c854,0
c3413e22-d153-410c-b009-db5b86cec282,0
c346a8b3-3d1f-4324-803c-a517e1672ab6,0
c346e7bc-e75c-4376-8386-acf2f74897f7,0
c34ff990-6680-47c5-972e-eb1ffc9cd20a,0
c3504a19-90bd-427a-9c6f-4efe66bdfc35,0
c3511024-1ab4-45a2-b4e4-03a2bfaeb81d,0
c352f3b8-e634-4d42-ab2b-d731040f906c,1
c353cdc4-792d-4637-99db-7304ddb705e9,0
c3559de0-2217-4b38-a4b6-ef82de2765c4,0
c35aab74-c13d-4420-8c2a-3b808a6d412c,0
c35ad915-c148-4620-a959-283b27b45954,0
c366da98-aba8-423a-8ef6-bfe21c4ee79e,0
c368a555-a3e7-4585-922c-f2efa6d8b73c,0
c36e16cd-1692-4b0f-b2b8-e84b59e65ac2,0
c370d262-8487-434b-a9a2-2c148734b9f7,0
c37195d0-4fba-4e1b-8302-b37a8b29b87a,0
c372ee29-24aa-43c5-a6bc-7921e883f424,0
c37470a1-f61d-485c-a9d5-5f9b30fe2e11,0
c3768889-43fb-4adf-8ffa-ac6f0ef2dad2,0
c37a8eac-48d7-405c-99f0-6da0959d1f0b,0
c37c2a34-d7fb-4706-abb4-8b03f0ed3a55,0
c37d00e5-2c6f-4130-b58d-487f98c8a06d,0
c380c444-d36c-49aa-abdf-f0231b602662,0
c3810b22-84f5-47f2-ae08-ac7a8ea32a5c,0
c381bde7-1760-4958-b088-67397b9947fd,0
c3845f14-b73f-4edf-90d1-548ed3c688aa,0
c385b919-f1c7-4aae-9590-514c640f2bd1,0
c3891dba-30b7-4f09-8aeb-0182128d77aa,1
c38a9829-22ab-4ebd-974c-c0e3860c59b0,0
c38ae286-925c-4245-bfbd-4fb6c17c5776,0
c38e1d04-c85c-4e4e-835f-61212a8024bb,0
c393b5ec-e5b3-4ded-96bc-467b8ac3169d,0
c395e44b-c9bb-4271-8e46-230bab2aa263,0
c397f200-c3a6-45e6-a5c9-7178322d6ecf,0
c399f512-358b-4bf2-aa5f-417ddb089137,0
c39b4fd1-8675-49f5-97f9-2b25a32cc6c7,0
c39cfedc-40c9-4d82-ad1d-7f8a52c23967,1
c39ebc56-fbb2-4f3a-a104-063518896d8f,0
c3a23264-3dc7-4c73-a402-25a522778a09,0
c3a9b625-058a-4201-87a8-3a9321fbf21a,0
c3b3f928-3932-485e-9839-b751b2a6c40e,0
c3b449f7-1244-4bf9-861b-a8ae887ad654,0
c3b4e302-bc1f-40cb-838f-443911015327,0
c3b591b8-99e1-45d9-97df-f74b3c26aeab,0
c3b9207a-7daa-45c1-90c1-f43269024edf,0
c3be66a7-2396-45e4-9924-d86abbada041,0
c3beee78-4bb2-4700-974f-fc64a50878a6,0
c3c08b70-4971-4462-908d-f846cb118e92,0
c3c4b3a3-85b7-43bb-abe6-6c0140551d81,0
c3d3c6e8-adce-495a-bea3-1a7de6ed2cff,0
c3d6f220-c1b1-4d1d-84b6-a0d8d51c40e8,0
c3df6531-a1f3-4cb1-a9ab-a4fb21af86ee,0
c3df80fc-1c97-46d9-9f89-ff632502984b,0
c3e3c344-59cd-4ec4-beec-518a1c23ab7b,0
c3e53f25-8f0e-4e26-85f9-8c1aa39e0e0e,0
c3ea5eb8-6b09-40fe-84dc-2da79f2b2e9c,0
c3ed167e-158d-46b3-9cf5-4ee572451225,0
c3edf475-173a-4309-99d0-c4a46e0df430,0
c3f2f7b7-ebd5-4c21-aa51-2518b4986784,0
c3f383fc-3661-44e2-ad81-9601bce7a99f,0
c3f447d5-6b73-428a-871f-c2cdedf7be5b,0
c3f46cca-3a21-48a9-84c3-1d77be30272e,1
c401846b-ba3f-4746-8320-804f1006e960,0
c4050688-c0e8-4889-870b-9e517ce0983c,0
c406ab96-dd34-473a-9f04-13b081d9d579,0
c406c4e9-77fa-43ff-ada3-23a3a1f79068,0
c40a0bf2-cc6c-4bd4-97d8-f50c5778da67,0
c40c761b-eaf4-4286-be90-5d8e3267611b,0
c41e6347-d4ea-410d-ab10-f31ff817070d,0
c42665ba-3a8e-47e9-b8ea-741f8f087a6a,0
c427513e-9d33-485b-843a-0c29f8b0ff7f,0
c429145d-e86e-4b9e-bab4-a43e08d7fa47,0
c429ecdf-d071-42d0-9a7c-85d231a7ccf9,0
c42b01fa-1a41-428e-abcf-7e44be238180,0
c431576a-ae3d-4944-b1bb-ba5aeb8f96e8,1
c43901b1-4b1a-4a84-8168-1795129fccbd,0
c43e3bba-6b0b-47dc-a0f3-42743b943fde,0
c43ffc72-2831-4e23-833b-c8821d2bd17b,0
c4407ddc-e4ef-43f4-9505-4f28441226af,0
c443b4ae-21c1-4c41-9278-12716dd6458b,0
c444097c-3de2-4f20-bc00-bf5be327b967,0
c444c2df-b81d-4c6f-a0d9-ff2897abcd1c,0
c444d941-1aef-4c08-8196-9e59c2afd190,0
c4450532-ae53-4824-b867-2762cf0489f6,0
c445be22-4b7e-447e-9602-8e2e04ed8643,1
c451d5ea-92e6-4ac1-bb52-72bc1dc75a94,0
c452aebb-00a8-440d-9bc8-4da64e025054,0
c4545742-cd82-4fc9-8feb-b201ff15e5a6,0
c454715f-f8dd-47f4-b05c-df2f16af1ba8,0
c4548876-81fe-4f36-bca1-bcc6887c0fbe,0
c4562b5f-47e2-47d0-b73a-faab0131694e,0
c45abe36-7fb1-42f5-a25e-1ec8d6e000bc,0
c45bdd3a-bc1c-4ae1-9667-854c830a0437,0
c45edd0a-17fe-4dbc-ad31-bb3f887c3e89,0
c45fd5eb-b31e-40c1-91a5-da29fd1438ec,0
c465f0cd-bd5a-41d8-a6ff-c14f1c3d347d,0
c4663aa5-49bd-45de-a87b-fc08dfe72132,0
c467331f-9c51-4b6b-89b7-429e1c3477cd,0
c4694a6d-454b-47b3-a0f1-06e5b95170ee,0
c46d8962-6acd-488f-8f91-673c4b4de50e,0
c46eb7d6-e885-42fe-95d9-4aad3f731889,1
c46f70ca-9f9f-4d55-87a9-83cbf9e4d5fa,0
c47188aa-1521-4fc6-b76e-71868b9b420c,0
c471fcf4-e61b-430a-86d9-77f085468806,0
c472040d-35f7-4edc-b88a-39c6c0872204,0
c4749180-6ff7-453c-a390-5ae142725bd2,0
c4760752-4e2a-4b14-b7bc-763710d025ee,0
c478be2d-e96c-465c-99f0-ae3063b5bbd9,0
c478f577-c08f-4737-beb3-e1df222dfd45,0
c479a610-2379-4c90-9132-9042243318a0,0
c47abab2-2694-4e45-b5a1-b430d8339ece,0
c4802e1d-3156-47b4-aa41-90b543fb7288,0
c4813881-d7a8-4404-907a-465480021374,0
c48a5cc0-7b52-4cf3-ae45-d5dc7fb4c0e2,0
c48d209d-307b-4bef-a2cf-a41bdc7e9bda,0
c48dac80-3a52-4731-b31f-2c04695a5043,0
c4a165cf-1f26-4a41-ae05-32f45d8ce821,0
c4a184a3-bbc5-48fd-8896-bd5213b38618,0
c4a41f05-0fb1-4ae7-9b5e-fa51f5bdf40d,0
c4ac7316-63a9-49f7-8e24-56c28a948709,0
c4ae344c-62fc-497c-8e0d-fce4bccb3f56,0
c4b052fc-d0b0-4620-b21f-66c5c5402c63,0
c4b29976-b30d-40f3-a858-4a51ece2f679,0
c4b45589-e14c-4611-9ef8-99b356a23355,0
c4b7079e-e8e1-4cd5-b3e1-26f6b7af1b2c,0
c4b81744-10fa-4279-9241-8737651e9427,0
c4ba4f9d-4fa5-4ad6-a156-d5faf9a5c031,0
c4bae941-786d-4078-a8bb-0f20206fe13b,0
c4bba987-cf47-4da9-ab40-2c972bbbdd88,0
c4c9c43c-64d2-4210-af19-2a4d265dd09c,0
c4cfd720-38a4-4e55-9392-92d2eea7d21e,0
c4d0c5fb-eae9-45bc-9ae7-bc0317f4f0c9,0
c4d13744-53df-4108-97db-2ba2ce2b22da,1
c4d590ac-e425-4b9c-88ce-e81c514c5d32,0
c4d64095-340f-4f1e-84bc-04cad23b9b3f,0
c4d678bc-a7e2-4523-928d-572e48014cd2,0
c4da9d8d-c77b-46c6-803e-f3a67b1e118b,0
c4df96d3-90e6-4501-84d3-0cc5ad1163a2,0
c4e02337-bcb9-4c0f-ad19-f513217fdce1,1
c4e040e5-338d-42b3-807c-e448cef58dfa,1
c4e1f73f-b180-40e3-b236-ace77e300931,0
c4e94f39-b201-4ca8-91e2-e40d79f3d001,0
c4ea893f-5666-4a80-bd12-faa87a254d2a,0
c4eb878b-3fb1-47c2-827c-5787556fe496,0
c4ec2d64-18e6-49c9-83be-59144ffca7f7,0
c4ec7806-9f73-460e-8b92-8d14f3ef01eb,0
c4eded57-bc09-4af1-8c9a-b3f6bb4443f1,0
c4f50e87-3010-4e99-9c9f-03d99fda3b0a,0
c4fa74b4-43f7-4e26-bf33-e208c3f3e233,0
c4fbf29c-a45f-44e5-a68a-04e8d05eff25,0
c5032289-4d8a-4fc5-8f1e-d501a899a2c7,0
c5035404-7309-4dc3-8ce2-7cf36950f60d,1
c5065e00-25bf-42c3-a671-4bb09f5dcf74,0
c5084811-578a-4e5d-b356-d3800bc7de10,0
c50a457c-614a-46ac-a9dd-9e7171a5e629,0
c50bf277-dbf1-4c08-8824-238b76661750,1
c50cf75c-6310-4869-936f-a342f0900762,0
c50f9a0c-1be0-450c-85d6-8dda710db254,0
c51027e7-2dde-45de-aa3b-70f3085cfd37,0
c510d459-9a38-4a0e-96a8-79fa6554105f,0
c5115268-a855-4e86-a748-8e6a7485cd9d,0
c5115bb7-d33c-43be-a81a-56c19a827998,0
c5117c03-d397-42f8-98f3-ca2e676e7638,0
c512d0b2-4d4c-4641-90d9-6b7ddcb8a927,1
c519a66a-8097-49c6-8761-16deed644479,0
c5221f82-62b6-49cb-81c8-59f8c0570478,0
c5261fd4-95d2-4689-8b10-8cff01e56eb0,0
c53508e7-afd9-4007-b5d1-1653a0872aca,0
c5368f29-6d41-4c2a-a281-10b0ea745a39,0
c5376632-b910-4e5a-acf8-99f5d14dc602,0
c5392d1e-37e0-4766-90b9-9a59bc026d88,0
c53c0e9a-6d47-490c-9d5e-b68ee00b94f7,0
c53e26e7-a303-466a-bd35-6367986d884c,0
c540ad46-63f6-4663-87bf-bd45c1fe1317,0
c541b4f8-aaab-40af-bb53-5c80c9e4232f,0
c547a777-13c3-4398-bac9-75f703b1578b,0
c54ac7a7-b2d0-48a6-89ee-8a8dc6fdb35a,0
c54efb36-205e-4116-b3b9-6d7a44f9eee8,0
c55047fe-3156-47b5-8bc0-1d17dbb0af48,1
c555ed28-5aba-4ff7-89a6-d70c19766715,0
c5573351-0262-42d3-addd-6b58084823ff,0
c5587ab8-102a-40a3-942b-199dd76bc695,0
c5630557-4567-4f24-a18d-b525ab21e11a,0
c563b5f8-42dd-442a-862b-81e3ca6ecc3d,0
c56508e8-e8c7-42af-90e4-0c5ed41c1bda,0
c567ac79-9054-488b-af61-bdcff0e6e4f7,0
c56b3ada-3b99-44fe-a055-fa1d64c72aae,0
c5713b1f-5666-4f86-b499-3d7f6ab9a49a,0
c5718c02-e7cc-43f9-a00a-436a2f535b81,0
c57375b5-6132-4929-a8dc-7bbac5f29aa7,0
c5760df0-7c30-43d3-8c75-7c3581cac2af,0
c576f647-435f-40e9-8273-311349dc3b46,0
c58344a1-1519-44b8-a5a7-ba82149f9cd1,0
c5849ca7-ec68-4f95-8688-06ce7febd14e,0
c5907a44-2333-466b-b032-813a42c510e0,0
c593906b-0a47-4132-aead-f1150579a596,0
c5958d8d-a966-4766-904c-1aa2190be694,1
c5969b97-a50b-4e55-b08b-453d6b2e2ba7,0
c5977147-dd53-4c92-925e-c343cf286c06,0
c597d225-b082-4c1d-b44e-7e37539ee8b2,0
c59969b1-9c61-46ca-99ae-f54a40da1896,0
c59bf78f-f267-49ca-93cd-ad674826f9c1,0
c59c3e13-db64-4ac8-b531-4f4319d1cd34,0
c59d5ae8-26d1-4961-b501-88c77f40d40c,0
c59e1b8c-d00f-4514-b9fc-d2e7ee98f741,0
c5a028f5-d88e-4f45-bab9-321adca6435e,0
c5a32925-5ee6-4820-95ac-c190395e5ef1,0
c5a33011-7fdb-4924-a1be-6be837764c24,0
c5a4fb0e-dbb7-4e73-a865-f15bfa21cdec,0
c5a575b0-415e-4026-9867-3fc79bbf1c0e,0
c5a64571-6205-4d1c-8dea-5977dce16777,0
c5a6fc0c-be64-48b3-b89f-1df57968772f,0
c5a8babd-838a-4d2d-8e3f-1d0e4c613f11,0
c5aaad1a-ae23-4099-9641-83448bc0fb3d,0
c5abf0c9-bd3c-4cf2-8593-c3e17d23f172,0
c5b35573-4b9c-4694-9112-857695d3c2af,1
c5b62b7f-d696-4975-9844-1091ee4e4574,0
c5b8a17d-5189-44fb-bb89-fc275185e934,0
c5b976e4-bce1-490f-bfd9-efc46e6c39e2,0
c5b9c26f-1ec0-4cfe-ad3c-35f9c088ae31,0
c5c1fcb8-4e97-4bdd-aa38-a13cd4b27d1d,0
c5c32da5-09b4-43ca-b04f-9d2e2b0614e9,1
c5c6ae3e-599a-4d30-b223-26f99c994282,0
c5cca6af-2c03-49b5-b809-baf19dfdc99d,0
c5cfc8d7-0d7f-4981-aec5-2e6758bb4541,0
c5d4d8fe-1c73-441f-aece-c1dad4bf2e81,0
c5d7f9e2-bfe4-4b3b-a94e-0865977312ec,1
c5db29a0-1ead-43b5-8e77-e9a0872573e8,0
c5dca8ad-d5fa-4366-893a-46785f18bb7a,0
c5dcc612-85e6-405c-8294-1523d527f91e,0
c5dd862d-354d-4392-aba3-304922176ccc,0
c5dddfb7-0a54-4656-89fe-4bc7fdceb63f,1
c5e10684-39f4-4d60-8aa9-340be8e162c9,0
c5e53364-2b06-453d-b56a-09ac03397e6d,0
c5e5e135-eb04-4b4e-a136-07e3dc8dd616,0
c5e9a8d3-7a7e-41dd-9195-d6fa3cb4abaa,0
c5eb782f-ed1f-434d-9ad8-28711d6b5c7e,1
c5ecbd35-8509-4782-b87b-35211bddb3b3,0
c5ecfc9d-23f8-43ea-aec3-39431b943143,0
c5edfcd4-b0ac-4d49-b0c3-642cf78eec0a,0
c5f0500c-7b47-4837-8b8e-74c4310672b8,0
c5f409b5-d184-4d20-b73b-66e44bfca521,0
c5f847a8-b4ca-4c9b-a2a7-3b3ef097104c,0
c5fc3244-1068-4b08-a94a-688f58677e0f,0
c5fdba54-9dc0-4ac0-9a93-8cd2110b656e,1
c6052130-7556-403a-8a4c-1aa815204581,0
c6066ee7-18b5-418b-b0b5-e15843f64ef2,0
c6080f55-0ef3-4413-af3d-f4757f581a2c,0
c60f1de3-909d-43ba-9703-c3cf4b005a51,1
c60fa5d9-cdb3-427f-9897-8d22196f9f3c,0
c61100c8-a675-4001-98c2-b34469073aed,0
c6110d0c-2217-45f8-8e05-ecbf69790727,0
c6112c7a-951f-46fb-8b55-04ed17d72ccf,0
c6183e27-c1f4-4158-b70a-7e968d738b48,0
c61a8db8-99fc-4d24-92d1-f4cf4d3c6954,0
c61a998f-3b34-408d-8fc2-fc2737c0ae0f,0
c61ae069-404e-4815-977a-65ac00735fa9,0
c61c1170-b9db-4d23-b234-6db2a2dfb308,0
c61c1fca-7b23-4910-bd19-a41c887ae58c,0
c61ca590-71c7-4c29-9fb4-938e65364ca3,0
c61ec4a3-0b8f-483f-8955-e52d27cfa874,0
c62507f1-3150-40ce-909e-66bbb020573a,0
c626815d-fabd-4598-a87e-6d1b312e2df2,0
c62833ca-9641-4526-b29e-9dfb26e1d799,0
c6284c4f-8316-41f1-be2a-ec218823dcc9,0
c62c8e9b-f229-44a9-b9f3-3dca89c9aa69,0
c62d18ea-95c4-417b-ab1c-cd24a9557c44,0
c62f0e85-43ed-414c-bed1-c5727f6abf87,0
c62f6c2f-3d27-41b5-8be1-578a5cae1103,0
c63232a4-641a-4352-9cc2-a7579f803892,0
c6387321-a221-493f-bb55-35a931d0d5ce,0
c6395f70-662d-42d1-bfc9-df95453340bb,0
c639859b-e5f6-445a-8ecd-2e63a610d210,1
c63f5b21-2683-47b1-ba9f-4caaa5e127c4,0
c644235a-6525-4780-a9dd-0ea0805492f7,0
c6448fe0-07cb-49bc-abd7-f8e8c3c62ec3,1
c644fb14-4ba2-481e-b0a3-631a4ccd9e26,0
c6455311-c7e6-4d4e-9f78-1c05b2e01fac,0
c646e6fa-f814-4432-9e3a-570f1601d99d,0
c64bedb4-fa49-4ab6-894f-afd9968b55ad,1
c64e5a40-52c9-4f5f-9001-74ccf96f15c8,0
c64fda4c-8039-4dc5-aa66-02ec7ec51cc7,0
c65029c3-1545-4b97-a6b1-32e90115058b,0
c65ab5ab-7edd-4344-9d92-40720e5a6121,0
c65d31d6-15c3-4624-9e8d-cdb614b4088f,0
c65f2081-dd32-4629-819d-39e6d0614376,0
c65f5f2e-86ea-4890-8d1f-3a7b4cae7073,0
c661dad4-c6b4-47a3-af9b-642979dc6197,0
c662f8c1-355f-4c97-abb9-6fed443e4bfe,0
c6655a53-e5d1-48db-9b59-e55644976b1e,1
c66872a8-c1cd-4197-9558-407a85789a0c,0
c66889e5-a5a9-452c-9648-49420eb7763d,0
c66c33ae-c7e5-4665-8539-2c17bb676f3b,0
c66cf29c-cbb4-42d5-ba11-51a1c471e85a,0
c67317f0-270a-44c8-93b7-465b4b4d71df,0
c676bcad-b341-4062-bb3f-14d0a8f467e2,0
c677f94d-a96e-4f62-8f0c-c97fab7f345a,0
c67930eb-186f-4cc3-aa3a-e0864a4d4606,1
c67946f3-bc5e-42bd-8d77-7fa115f9ee2d,0
c67abf72-0571-458b-a376-84f73871ac24,0
c67ae946-9f5b-4b1b-a69c-d52e1c2bf2cd,0
c67f7cfd-1d3e-47dd-9233-e53f140d6840,0
c686c404-d929-41d7-ab80-05c3d22e66a6,0
c686ebe0-c830-477e-97e5-df403e8bb37a,1
c68817a8-5d34-4397-87f9-075b5c3e4774,0
c68bf363-7941-4d17-b62c-e1d8ce0567fe,0
c68f28c2-b617-4ee7-ba99-a857b3b980c9,0
c691cbf8-1baf-46d0-be2d-5d344383f452,0
c69c49dd-fb11-4c36-99ed-e18c84b82760,0
c6a1dee6-0f30-4fa0-809e-bc248f44bc24,0
c6a5a90e-f28f-4e27-baa1-fd2d8136c00e,0
c6ab6928-6b0c-4890-a3e1-6da8131d7449,0
c6abb0bd-40c8-4c4a-bda6-51630f4effc1,0
c6ad49ba-24c2-4d9d-b01f-909272711564,0
c6af016d-c44c-4c51-af2c-cba1494c6408,0
c6b0c294-d750-4ea4-923c-8722622a6b83,0
c6b284a2-a693-4108-9633-3fd4a026c7f9,0
c6b2ee0d-3032-4dd1-8c81-f877908401aa,0
c6b5ddfb-9b86-49e2-9537-ca798d551145,0
c6b80371-1b44-4069-be78-9f0b23a8407b,0
c6b99949-0e31-43f1-a682-aa747c974953,0
c6bbd0dd-e490-494d-8b24-9c64b8c92e55,0
c6bc6985-99c1-4766-a479-db1266ef971d,0
c6bce054-acb0-4afa-9185-b56e2c071fb4,0
c6bd68d0-1a15-4767-a9a5-afc523fbe8e4,0
c6c3104a-8d10-4d56-b163-54f1a7cf4401,0
c6c3d8a5-d90e-4d9e-8778-dab8da723949,0
c6c6409c-5aa4-4d08-b5ce-1a1432bcfb34,0
c6cc77cb-9a9c-466e-ae2a-874977d09965,0
c6d00d41-4b6e-4e4d-a8a5-d3e02aa9a5a7,0
c6d1443b-5884-4a32-8c0f-1bf7603c6d52,0
c6d150b7-3322-437d-ad0f-5a869ce6d276,0
c6d3b95b-38bd-4aaf-9927-e986c0416d51,0
c6d45065-ed1b-45c9-b9b2-3a773e8f74e9,0
c6d8d1a8-f762-4665-8635-3fa2d6844364,0
c6da4e29-1d23-435d-908d-e2b908a701cd,0
c6dd02b9-8298-4b39-97b8-32bc07b8b335,0
c6dfa8c1-3d7d-48ab-be7a-940724aa7971,0
c6e0792e-3c59-4026-98ac-83240bf84412,0
c6e20024-6d41-4c3b-91fd-71dd2da6d27d,0
c6e5d1a8-072c-435b-bb26-c124a1dcf6ac,0
c6e6dad1-1abc-4e36-81a3-52fdb9b58f3a,0
c6ee3e84-0801-44aa-996a-e1065fbe0df3,0
c6ee6cb3-c983-434e-948a-10fe2ccf7252,0
c6fde087-bb1c-45bb-9958-cf3dca7a3d40,1
c700ae0d-f0fd-476d-9f1e-a46072222111,0
c7057330-f8dd-43b1-b305-889913743472,0
c7093c53-0a3c-4d76-a07a-789f335432da,1
c70bb2a9-1454-4e4a-a149-f6627ef1913b,0
c70cbcb8-5736-457f-9f15-7d8de9a2c9f3,0
c70f0adb-2ad3-4d28-a6cc-43a03413b20d,0
c713d11b-f81f-495a-8803-873808a3831f,0
c713de94-244a-4426-a2f0-bcbeb9639512,0
c714c476-dd5a-4245-a30c-4a65fe15d58e,0
c714ef7e-1e64-4049-b482-05a2e05b49dc,0
c716f5e9-7e3c-4d69-b0de-d79dcac7b0bb,0
c717bb4f-1c2e-4ccc-8920-5bed0a7a463f,0
c7180ddf-6765-4006-af78-301619d8c652,0
c7188788-b03c-4e4f-945f-09b9512021ac,0
c71b58d3-70e5-4a66-8494-be0b0787b4ca,1
c721677f-a70a-4f1b-a183-cd57ca98172e,0
c7219e69-0f93-427e-8667-0d681272a20b,1
c7239838-0dcb-441c-a8ba-6449ac9c19ee,0
c72581ab-a750-43f0-9343-9c7cd6e405cb,0
c7296a9b-2bcb-42fb-b41c-0792a7711a63,0
c729da06-6be7-44e7-9deb-0e2dfdec252e,1
c72b6619-197e-4dbc-87d6-645c1f72ab26,0
c72ba375-7790-455f-8df6-348a288cdc4c,0
c72da0ec-0f9d-47fb-88c9-928c2d2fefcc,0
c72f16b3-5382-4992-b301-2dd860d655f5,0
c72f4795-9dc6-4daf-bee4-3b539c32c09b,0
c731ec3b-c49e-4b36-958e-0442f6138bbc,0
c7325fb0-b434-425c-99f9-9649e1b9e742,1
c732a0d3-4c9b-4e35-8267-e9ed0f8a1ccb,0
c735a5aa-363b-49d7-894d-9d0125fec088,0
c73be35e-6eb6-4a49-a7b5-b9c1d36833e9,0
c73e2fec-a397-4b19-8091-84558115043e,1
c740a57f-a975-4ab1-a9e3-2b0af987726c,0
c7437215-c846-4cce-af7b-52fa0ce14a70,0
c7447cdf-e071-48d1-9a22-e420548a937d,0
c7477795-9a0f-4891-92b5-2611133cdd5a,0
c7483074-c701-4f61-b242-fb431de881c1,0
c74ca55e-b17a-48f7-915f-3f0bc4512613,1
c7512655-9992-4af7-b2c6-c8142ae906e3,1
c751df63-50aa-4de2-85d9-2be3b5874d68,0
c75c8132-a009-4574-9cee-05c41400061e,0
c7619c96-bc0e-47b6-bf43-885659edb947,0
c764462e-d5e9-42d2-8770-e166856136d0,0
c766581b-8bdf-49d5-825e-a8496ae072bf,0
c766dffc-59df-4554-a1d5-b0599e1426b3,0
c7672ea0-ae78-4d2e-a034-b6d90d1b2715,0
c7683c02-79c6-48c9-943f-296721204680,0
c76a026e-583f-4922-bb9e-46977d0c4311,0
c76b88dc-9de5-463f-be22-d0e775e53f53,1
c76f90fa-cd01-40f4-b04b-d1c9002535f9,0
c771b2a0-573e-4845-925c-e76b060a7a01,1
c7740cbf-1802-48da-bc72-205fe90c5790,1
c78069ee-b8c8-4f0f-901f-8cb44dfed3a5,0
c781153d-142c-47fb-b8d9-1b79f13f947a,0
c784593a-9650-42cf-93f7-882716ce9918,1
c78589ee-1750-49a5-9d53-25f6530bb2ca,1
c78a1955-6442-4441-8285-4ec9fce10af4,0
c78b06b9-c96b-48d3-a60a-c350cd6ba652,0
c78c5ab6-e539-4db5-ad0c-b49a2ad26220,0
c78d0374-81fb-4602-b539-db9c9ee2601c,0
c78f8eaf-4132-4c13-ad61-4c0a79d210f6,0
c7922554-b489-4c52-a976-43b6a587c36c,0
c79398f1-70c1-4c92-8f83-6b452910d32d,0
c795d6fd-be3d-418c-ba8e-2eb7deb8d598,0
c79649b2-22b8-4bf8-860a-f92a3c8f9e3a,1
c7985f35-a5d9-4d6f-801b-04eea8454104,0
c798ec25-ebd6-416d-891e-5b3a9061399b,0
c79e2312-7a54-458a-a592-e49e41d13302,0
c79f81b5-36bd-4aab-979f-ce92069d92be,0
c7a211b2-b5b8-429d-b318-dca13fddc0e5,0
c7a4a04b-dfa4-494d-b06d-0947c4d6382e,0
c7a596c5-e466-4ecd-bd55-b9b6fa4e6060,0
c7a5b51d-af7a-4d04-b8b2-f44eed004d4d,0
c7a649e3-49bb-473c-a8d7-8dfe3374bbe1,0
c7a757b3-7c0d-4824-87f0-e94258641f1c,0
c7a8a1a1-3e0d-40be-bd82-12e3c82cb5e3,0
c7a92996-0b7c-4236-ae4b-417ce544c7a5,0
c7a991c1-1829-49c2-837d-bc216b18b581,1
c7aa6dfd-c0b8-4288-a9b2-582043dd4c8c,0
c7ad562b-258d-4a1b-b7a4-4f59b1f298d5,0
c7ae706d-8958-4597-b3bc-ddb209161d9b,0
c7b1571f-4c4d-4462-be27-eaf90f15a9fe,0
c7b17f3e-a74a-4614-a331-f76cfa65e9df,0
c7b97cfd-bb91-4f26-b57f-4cd918b44981,0
c7bbcdee-bd28-4315-92f5-9940a352444c,0
c7c39404-8be2-4bd3-9a69-f583d2dcd28f,0
c7c9eac2-0a89-4540-a4b9-9057dcbce2ac,0
c7db9c61-2c3b-4a8e-997a-178c88e48e5f,0
c7de05fa-6709-4fba-9ac4-fb031becb5ae,0
c7dfb714-7de2-4355-9c45-883fe18a9e86,0
c7e4da23-1608-4229-8b00-746b5c41639e,0
c7e5ebbf-101d-486d-87bc-67dfba8b495b,0
c7e71685-f85d-4f51-8985-2380786e9b69,0
c7e956ec-d7e1-4e80-baa8-2ed904fdb517,0
c7eb0cb2-8b6b-43d6-a532-1c583533e0a2,0
c7eba670-1e0e-4bcd-ab6c-248cd47f53cc,0
c7eedd14-3d5d-4636-a854-cbc1c37948a6,0
c7f0598c-c368-4463-a263-f4c9c06c757f,0
c7f648d2-0b58-40da-9ff9-5591c6aa0f02,0
c7fac04e-e93f-4017-8051-d771e3becd5c,0
c800602d-4768-4bb4-bdee-0991bc74a4a3,0
c801a4fb-02cb-4e13-8e1a-a0819993b3a6,0
c8067ef8-6776-466d-a021-739f3df50bc6,0
c806ebb6-a131-4fe2-af44-14789b1e7566,1
c80886a1-9fd3-4558-a9c5-c1905174368f,0
c809474f-d2c6-44ba-a7b0-9653e402e3a1,0
c80aa97a-84d5-48a1-926a-ffc469df5daa,0
c80c160b-c865-42de-aefc-6201d4e3374e,0
c80c3172-12b0-4a2a-9e15-e98891c77974,0
c80d8252-250a-4057-9f66-83122cf0e703,0
c812e798-25e2-4484-9cab-9225504701f5,0
c8142ef3-1a6b-4c16-8ed6-14d14747d22a,0
c81c341c-5afc-4b80-9fab-99934ef4fe9b,1
c81de139-b80c-45fc-81a0-3e47aeef1d34,0
c81e95c8-03ec-47dc-90fd-f5b08f8192e6,0
c81e98bb-bbd9-4290-85e5-84c9faad3c61,0
c82037e6-936f-4a51-8670-43ea79f467cf,0
c8220e14-aedd-4468-bdc2-6fbfcbdfee22,1
c8289f34-555d-4ce4-b62e-6d205a6a6b1b,0
c828f2e6-7d0b-41b0-a1ab-613cc925980e,0
c834bf08-8878-4b6c-9360-b2914f6348f3,0
c8375231-d757-48ef-ae84-ea3a88a6208a,1
c83c4197-433f-4f22-a789-1b7c7ede0112,0
c83e96c0-1726-4a77-8d2e-af65b88fd91f,0
c83fb3f9-a9ad-4ed5-9b6f-2f84e4c23bef,0
c843527a-0d70-4400-a5a4-36f82b81e09d,0
c84598d9-f2e8-40e7-905b-1354b04ba34b,0
c84a0fa1-fadd-44e6-9712-cbe61e7fe15a,0
c851c6f5-03b7-4bad-bde8-9eda9b748cad,0
c852e348-fa8f-4ffa-bd3f-4a0cf28ec8df,0
c85305ca-591b-44ea-b55d-1090396eb5fc,0
c85831e3-fdc1-4873-a07c-9274a003d90a,0
c85878c2-39f1-450e-a8c1-cfe1855b705c,0
c8587fd2-ecaf-4ce6-a602-29501eb07b81,0
c8587ffa-f815-4f28-a66f-1baa0708337c,0
c85b761f-db31-4ddc-a1ff-15495eb2e3ce,0
c85d89f4-d4f5-418c-b571-c4973b9b5a41,0
c85e8cc1-b6c5-4366-99d2-69d2b6ee853d,0
c8610b04-4d42-4f5e-98c7-1dc0ef782868,0
c861512f-15e5-4a88-8d75-b0012043dd0e,0
c869def1-196c-4700-beec-43f0a9d9966f,0
c86c40fe-c592-45fc-b11d-698f7ca48e0f,0
c86c6616-5ebe-4971-8623-c618f80f1111,0
c86d410b-8ad2-4677-9df0-0f4e6ee56133,0
c86db1e4-cf95-4f0e-838e-6d47f13d593b,0
c874a095-b72a-45dd-9c5f-11ba4471136c,1
c8752551-9c67-4416-b866-21567f857bf4,0
c877efa2-d916-4d25-a18c-f4264bb97dee,0
c8845e0e-c48f-4560-813d-22a1f10e2eb8,0
c8922cb5-b4fe-471d-935a-5313a3523ef4,0
c892c6fe-2200-4ab7-a69f-af9c5963c76c,0
c893b70b-9d4a-4332-bcd8-54d0064c437f,0
c8978df4-263b-41a4-8147-7923061a19b3,0
c8986412-ad86-4104-b384-ecf2235f2cf3,0
c8996dc8-dfae-461a-8c3e-aaf7d91a4299,1
c89a4885-9f0a-4e20-832e-9942cbeb5071,0
c89f89a3-0945-47a5-802f-767261470b03,0
c8a1806e-bdfc-4817-bf51-271784c0975c,0
c8a941cd-208c-4b0d-8ad1-d45e999c8b4a,0
c8a96bf9-5205-47e4-817b-9d96dc10be8f,0
c8ad266c-d455-4fb0-869b-d9f5bbe1f7f9,0
c8ad403b-d4f0-4380-97bc-220ea69d2a00,1
c8ae72ce-22b5-4ef0-bf4b-2916c131e71d,0
c8aee00b-bdf1-4af4-945b-632d40455383,0
c8b162e6-a581-4a2e-9511-df61b0da6eee,0
c8b2c700-5699-4983-94a9-8e191e5620eb,0
c8b350ed-7863-42c1-b534-0e37d26696aa,0
c8b93350-3f6a-4276-a54b-7229e20ccdd5,0
c8c025c3-3c00-4901-a029-c56940b1b5e9,0
c8c157d4-661b-4af2-bab6-19c67b6acb33,0
c8c50ca4-fd32-4b3c-918e-d8de00c207ce,0
c8c92343-7c3f-44f6-9c04-31fdedddc6aa,0
c8c950fa-7451-4403-8d79-cf95c8b2f381,0
c8ceca37-b31b-439a-b22c-b1c364f7fa8e,0
c8d20031-290e-4f01-a1d4-12eee5faa934,0
c8d6c959-dd6e-4b70-8c2d-ee27eedf8b3c,0
c8d6f3ae-d232-45f5-8fdc-13e2b22ee0ff,0
c8d74c1b-81ad-4528-a59a-031021987833,1
c8d7b883-697f-46ad-a10f-4186bb2728d9,0
c8da6d1d-2773-4e1a-aa2d-4d0eb698724c,0
c8dbe310-5ca9-4989-a0a7-9ec0156c2f4e,0
c8dec52c-8ab1-4c14-a425-925e21acab46,0
c8e88dbb-942b-49af-beb3-a2b52c733f9e,0
c8eb7d7f-7270-43ef-9d26-2a0d5a6dc4ca,0
c8ec6f5f-1fb3-4d2a-a144-4c28c5a94102,0
c8ed71fa-3b0e-402d-ab4b-7311c257c25f,1
c8ef7e69-01a5-43ed-8a81-2062e5efbcf9,0
c8f09c7f-d44a-4237-8292-613a10948620,0
c8f4c829-2ce0-4a0d-bdd1-1f0b470abbd2,0
c8f4efea-9c9c-4173-9fb5-232a11ed1ada,0
c8fd12bb-1ce3-4fcb-a0e4-29c0ef047170,1
c8ff58d7-575b-451b-917b-9420f65b1310,0
c9056d88-2711-4493-996d-0657b1192c92,0
c906df27-45fb-406f-a4ab-de71b8891707,0
c9071c7f-583b-457d-b21d-385d2d494358,0
c90741d5-933e-4223-ac28-c049642a864e,0
c9093a9d-6fd3-4525-95b3-b705f01ad3fa,1
c90df7ad-1fa1-4915-92c8-b2ca6c2eda73,0
c90f10e4-7f89-4fae-a36b-7ce89050f86b,0
c9114296-8453-4265-ad9d-ab58e4af1926,0
c91391c3-54a8-4902-8d10-900a2c408d05,0
c9176b37-c311-4534-83df-e45feda0a8b1,0
c9223bcf-eb6e-494c-bb68-bea0aa30ddca,0
c923ff3e-2139-4416-94ec-b1bc44632a37,0
c92576ca-f3b1-4164-b01d-5931833b781a,0
c926c0c6-d002-40ed-9736-6a73ac5b93f5,1
c9277054-1da3-42fd-a7b7-60f249897f13,0
c92a1209-c574-4432-b79c-8c9c023350e8,0
c92bd369-0327-4d2b-8482-aef63c295c56,0
c92e57aa-bb5b-4261-b247-909c2011f93a,1
c92f3fb1-56bd-4026-9bce-2d9f8b985ab9,0
c9303d7e-10f4-469a-b4a3-5ac77b9c5e80,0
c933f63d-7de4-42d7-91dd-1542a3a70831,0
c933fa46-8bdf-4033-ab75-228b7d244966,0
c937a2c4-d09c-4c94-ba27-f29a1257448c,0
c9383957-a7da-4f27-8c86-f3aad34fb826,0
c93b12ea-4c85-4ea9-a630-0994b8bec912,0
c940f25c-242f-424b-828c-4d663ba3ef94,0
c94593be-fdcb-48b4-a05f-061418359766,0
c945bfc6-7867-491c-a655-6decc2d493da,1
c9498cd4-5dec-4018-b63f-2edda3762ac8,0
c94a0220-d4bf-4c66-9a40-b495884f9575,0
c94adbeb-1fe0-4605-aaa6-220d7e7f0496,0
c94ae0db-8815-4707-ac86-b26ad030b76a,0
c9517a90-161b-4814-b747-ce93d92c0a0a,0
c9543485-082a-4df5-a735-b7bbf7d83664,0
c9545f96-577e-4369-857f-c60df605f845,1
c955c824-9e01-40c0-ad3a-295dd228213a,0
c956486b-b3fe-44ed-824e-0ada06badbf0,0
c9568a1a-fa56-4a33-898f-0d42be68ce47,0
c95c65b3-cc7a-4812-bb3e-9fdf06398ec1,0
c95e30f5-e28c-4ad4-863f-0cd31288b2ef,0
c9636d41-64c1-4fed-8cc8-cbf62f039f3d,0
c9659484-4478-4fcd-bb81-4250e03d0539,0
c968ec3a-f514-4493-b493-90333abbf21a,0
c96bee43-bb29-4af8-a6fd-4c952f5f6c7f,1
c974f934-e27a-49c4-93b5-ad56853cce2f,1
c9778ddb-c2c8-48c9-adba-9b45e2bbf2d9,0
c97d7c46-c4b2-4ed0-9614-4a57468230b3,0
c9815fe6-ede3-4c25-b88b-e0af37a43ce6,0
c984e651-2fbd-4f62-91c7-15f51db0fda5,0
c987b8bb-f181-4c3b-b9c8-49a6e274560f,0
c988fd37-38d3-49fe-b787-b0de75a9dd76,0
c98b3be1-aa0c-4364-aa88-6dc250fcf0eb,0
c98c0932-458d-42c1-8dc6-b773a29d6af1,0
c9919dd4-eabb-433c-aa2d-6f389101d9f9,0
c996bcb4-e98c-4cf9-9783-573f0194a589,0
c99848c6-7d3d-48d1-af22-0b4c95873046,0
c9a14c2d-1c1b-4cd3-ba0c-1b5f5caf1354,0
c9a2be3b-7637-444c-af0f-c537caf3eb30,0
c9a519c5-2f5b-4b48-bbc3-510e8865e568,1
c9a99616-cf50-4929-a407-d6b0c84f6f69,0
c9acf12e-ae4e-43e4-af86-24f7f86fb287,1
c9adbc20-2a04-4ba8-bd69-546ef79a8a26,1
c9af6fc7-41dc-4a41-9954-147f8c7fca0f,1
c9b1c178-aa98-4f2b-b379-65b84d4eb109,0
c9b818d4-c910-4b87-91b1-d100e8b914d6,0
c9b93c28-76a7-4a06-b8a7-01c13e008134,0
c9c0ff0d-a8c4-4e3e-9e7c-3544daf715af,0
c9c41f59-1539-4458-95a5-1772864a84e9,0
c9c79d74-078a-4d7e-ab1f-02767e5986e6,0
c9cc38c0-2e17-4dea-bf67-f07d76a69e99,0
c9ceac34-9965-4b14-8ac8-6268bc4d3a4c,0
c9d2b626-8bb9-4378-87d8-e943e25ead2f,0
c9d40e55-c37c-420f-bd6e-988627c72197,0
c9d67805-df74-4297-adc9-4eb9c2c35292,1
c9d9f5e9-6bf1-4f2e-8c13-1689b978a08d,0
c9da5b0e-c040-4359-bbc2-9f762e6c97d5,0
c9de4488-6c37-4094-9d70-c6ced8b31034,0
c9df98da-9f63-4620-ae1f-a1b588d73e14,0
c9e352c1-39f5-4fbb-87a6-2cbbe5c9aa0d,0
c9e70be1-c814-4e2b-96b3-4c83959476d4,0
c9e76876-381a-43b7-ad40-bf1bf3b211ea,0
c9ed2f42-9cee-4023-af57-6b392be89abb,0
c9ee7e4c-980e-43db-81f4-d404b4a104a1,0
c9efab57-5f27-4c73-8454-0c2188617266,0
c9efab5a-7ff0-4256-908b-24100acec4fe,0
c9efef55-bb44-46c3-b070-3750d0fb25f8,0
c9f247d5-9ac1-4ee7-94eb-8575790dba41,0
c9f880e0-3b78-42d1-824a-6a77b03747b4,0
c9f8d0ef-81a3-4322-8fa5-23575d6b6675,0
c9fab984-6139-4bb4-9d2a-18f2be814038,0
c9fc330b-335d-4856-bd06-492011e32f81,0
c9fcd866-cd4d-4607-b716-9a1ce9384492,0
ca01b56e-5bf0-43ae-a7e3-7cd1ba59bee0,0
ca05b697-5e70-42fa-b3d5-5b5631bd0518,0
ca063734-b488-477e-8672-f38a6f946e05,0
ca0ad8fd-8eb0-421c-9a50-7424d0576b68,0
ca0bf377-21b1-4cb9-bff5-3277a2ea76f0,0
ca0e1448-e86a-450d-ac45-e19aff16cc11,0
ca10f16f-5c23-4e59-b8b6-da1ab5b6e057,0
ca125060-4775-4669-a153-9fc2af67f2ac,1
ca14ce7b-a73a-4dad-b327-f7df17d7664c,0
ca166795-9a7d-463b-bfa7-e8be3d63952e,0
ca1a15a1-971c-465e-b2eb-803e978812e2,0
ca1b0315-f33b-4213-83f0-8118e15fdba0,0
ca225a12-3bf9-48e2-8f47-f4fe594468c8,0
ca226905-f6a1-4eec-8fb9-eddc723c0e54,0
ca22d5dd-683e-4836-a76f-ab25c42f86dd,0
ca2435ec-0cb2-4992-bd36-7e103d337cc5,0
ca2b5d20-9dce-4f0d-9953-9800c9ef77ac,0
ca2b9037-9bd7-4331-9739-03622fc5a2e8,0
ca302c99-9de6-4a42-80b9-4e875f275deb,0
ca343b51-e6fb-4b22-999e-b00ad0d932cc,1
ca35c315-afb7-489a-939d-3b2b3116a779,0
ca37d08d-c2b9-4812-9b53-abc88ab4b375,0
ca3a1306-bfad-42b7-b073-d1d3b6c14f1f,0
ca3b9a2c-75ac-44a0-ab64-465ccf3d3bb4,1
ca3e5013-0756-413d-8d07-51d19da46c68,0
ca3ec364-8c08-41ce-9db3-1fcd28c2784d,0
ca401c4b-850b-428b-8093-8f878ac4886a,0
ca448ed8-fc46-46e7-ad9b-3caf5a0644ac,0
ca45cfd7-bcf1-422e-aad0-db928faa036e,0
ca4733ec-bd4a-44b6-a5ba-ac643fa84898,0
ca4a68ad-6f4d-4df7-84e6-047b030de8cb,0
ca4c925d-032d-49c8-a1cc-318739c02c81,0
ca4e1be7-a1f0-4591-b122-89fd685cc0bf,0
ca53c195-08d6-4905-95e6-45a948836271,0
ca549ce9-aec5-4302-aa4e-dc741581a88d,0
ca562f18-af1b-4a14-80a1-f77c2db23c07,1
ca59ee37-a72b-4ab5-9f96-ca20801e0312,1
ca59ef46-1206-482e-af86-5bfb32b27499,1
ca5c6f74-0b91-4f29-ae4b-0da0f3f6bb4a,0
ca5fc86f-7a2a-4517-bedf-cc4356dec626,1
ca60d1fe-b0bc-4a2b-abee-2c8251ae4272,0
ca61939f-4657-4738-9486-fbfae47224cc,0
ca650bd9-9e70-4a20-b001-f916ecb869de,0
ca6b569f-45fb-4db3-8a17-88e0960caa52,0
ca6cff2c-3cda-4eef-9828-120e5fc9fe21,0
ca6d940e-408d-48e1-88b8-6daf784bd355,0
ca6e0a60-ab85-4865-b50d-9be9a11ce376,0
ca6e0f48-8bd5-4813-873c-e01ee438e49e,0
ca75370b-1d67-414a-866b-a47128b5f55b,0
ca754452-567f-4693-8c72-d270ea7e7111,0
ca78bf95-f20b-428e-a8bf-d55d93649c94,0
ca79f179-e217-4aad-9fe4-78e4d0983c2a,0
ca7aa430-f750-4545-a02a-900ae656d5d8,0
ca7adf82-82ee-453a-b784-861045f21059,0
ca855fc9-f54e-4bec-8719-92d7312fe488,0
ca89a552-8ef6-441b-9347-928c261e55d4,0
ca8f3257-a71c-4f2f-a709-754c1751dd68,0
ca937751-de0e-4447-a575-558452faa074,0
ca94b769-8867-4dd6-81a4-f30da0b1d81b,0
ca99cf6d-a77f-484b-bce7-3fa5eac344a9,0
ca9a3738-12a8-42dd-a497-8c8eb94333ea,0
ca9b4631-6286-4f9d-adcd-5fd66cf2d5e3,1
ca9d5653-8d66-4ced-b181-6103599002bf,0
caa1c52b-ef9b-405e-8762-b460c1f406fc,0
caa20d8e-2897-4ebe-ae59-e0735835fd81,0
caa42ab3-5ed4-4cdc-8688-a81c5f8b3aa5,0
caa4391d-5910-4143-9116-10b0b20fad6e,1
caae32a0-6f44-4fa0-951b-ea5a87b944ab,0
cab46ed3-8f2b-479c-960d-01d1216a3de5,0
cab7f16a-226e-4939-be1c-b5836a538b4b,0
cabaaa6f-94c0-43ee-b5d1-8ab96c08c9dc,1
cabfc44b-7d07-4913-8335-3619905e376e,0
cabfe1b1-38f9-4441-85e7-b250274b4e8b,0
cac21c17-4239-4181-928e-31f99dbdc9b6,0
cac69e81-6cdc-4953-a390-f667c24b85b4,0
cac97a37-01db-4214-9f29-24303aa9d349,0
cacae361-7d9f-4d10-88a9-818fc5eebf93,0
cacc1715-f74b-4a79-aee0-ccaf4e1c3b4c,0
cad0c753-fb4b-4858-ad46-c142ea7d3dd7,0
cad23466-3b6e-4303-86c2-d10713257b2d,0
cad342f9-e499-4738-a2d0-a67e154b3fe0,0
cad6049a-9408-44fc-8004-8360ccd1a6a6,0
cad64dd0-ac94-47a1-952c-d0759e75eb02,0
cad6ab9c-e3a5-456d-883f-91f72f0e5226,0
cad705c0-cbba-4bd9-bd9a-aa5735eb718c,0
cad8dbad-e049-49d7-8336-250df6aa5287,0
cad8efa7-8fed-4058-bb56-e745882db6eb,0
cada0284-6a5f-4db1-b831-8b1b5507449d,0
cae1b617-9748-49e0-a7e0-f97187e04957,0
cae75d9a-cfd5-4867-8239-437629139e19,0
cae78783-5795-441e-bb88-9e162d072eca,0
caedb215-1ecc-46f0-84f3-be8a910c4c33,0
caefc81f-47bf-4e94-aa94-8786839dcff8,0
caf725a7-bf3f-4d7e-b13c-5720301140b1,0
caf729e4-233e-4cc9-91d0-d24b57d0b06d,0
caf98570-7ae8-41bc-8c64-7cbb558bf3ea,0
cb0493c0-481b-4cda-b989-5fe78c1c8b25,0
cb0af998-130a-460a-8d30-c2f1472c3f35,0
cb11617c-7163-4ea1-be9c-73aa2d871372,0
cb12ec60-cd04-45df-a88f-5aed5600d869,0
cb139c32-1f7c-4fe2-8684-b2a7adc5b253,0
cb15fe62-7a89-43ee-ae4d-8e8a9d40aec0,0
cb169c08-b46e-4ecf-99e6-d96c26dcb605,1
cb19a70c-48d3-438b-b549-5b9cae492d8d,0
cb2116bf-545e-45e0-adcf-ffd55b955016,0
cb21b444-330b-41ec-b471-607945bfa888,0
cb21d838-3bc1-4ab6-a6ef-e0c5d99a5edd,0
cb24f1b8-9930-44d7-9cb0-c1511642ba98,0
cb27afc6-bfa3-4778-90ac-5d925eb10548,0
cb28bc84-780c-4017-a0b9-776829899cc1,0
cb297ce2-dad2-42ac-adfd-235a539b3fd6,0
cb2a0921-169f-460a-b333-4d25c4f9d50e,0
cb2b3d51-83a8-405e-aef7-59e2a92aa94d,0
cb2ec97b-178e-4816-a5a0-dce0c7fc0c2b,0
cb2f81c0-503b-48f8-97be-580ae5afa98b,1
cb348e0f-42e9-45ba-8090-35b6f5b65736,0
cb36194b-802e-42c8-adb6-ebc806ff7f33,1
cb368eb2-7387-4212-b9a0-73ba5de6d2f0,0
cb3851c3-a294-427d-b193-cdff14b9ad0a,0
cb3b743f-4a4a-43dc-be36-5e61b1731a4f,0
cb3c0545-ee59-4558-84c5-c50f6c014fac,0
cb3ed37a-7997-49a4-ac5d-3bee11f01561,0
cb40b48b-96e0-473e-8573-c9dfcee0c84c,0
cb4252c5-f7ed-4f56-9300-b5976f236792,0
cb42b8f9-7635-4d73-b6eb-53a293d1b93a,1
cb44e5db-51ae-4d87-ba61-ded1a577c020,0
cb450f35-7504-4d95-9db7-76aad63cfb42,0
cb45828b-8256-4f57-9515-4844d5a475e1,1
cb481b19-0608-478e-9bdd-d810211855ce,0
cb48f43d-090d-4e7a-b2ee-037347b36880,0
cb4aa95f-1743-44e6-8d70-4585ed21012d,0
cb56c243-03fb-4234-8551-680cb917094f,0
cb57607a-9307-4c6b-a0dd-78f183dfe2f5,0
cb57e3d4-4698-4137-80ef-32f632a5c909,0
cb5d258e-ad2c-4241-ab93-1cd3fcd1ad06,0
cb6123e3-7ee9-491f-8719-7fed23c968a2,0
cb64c357-ec63-451b-8973-ba0a56679d19,0
cb69f842-eb8d-4fdd-b10a-8e167573de05,0
cb6ee76a-fdf3-48e1-86b1-b3d2d34474c6,0
cb720f06-897b-47c5-bfa3-7089cdf2ef5b,0
cb73a110-45a9-4ed6-aa04-c54520513dec,0
cb79492a-989d-4540-9b61-a234be47ea84,0
cb79b89b-f004-4373-92df-81e12542496a,1
cb79c95b-9263-4da7-9607-385e5bf528d6,0
cb7a26fd-ff13-4819-a547-d82362982627,1
cb7e25e5-26f7-4526-ba95-b2de3e937893,0
cb7f91c6-5b88-4402-a3bf-3284ce488ded,1
cb800f7c-0669-4cb2-852a-5e7ef44d929c,0
cb832b68-fe95-4030-b844-f643a22912c4,0
cb855fea-ebd2-482c-823e-352904447ca1,0
cb86c464-297d-48fb-b167-c05db3e3b0b7,1
cb8b5b00-9f9d-48a5-9fd7-a83892578d0e,1
cb8c1d04-0150-43be-8889-667945e9a34c,0
cb8c7303-3fdf-4e75-9c6f-dd8a8bbbdc92,0
cb8cb5d3-3b8b-44e1-819d-ef0e8b065128,0
cb8df1fc-4cec-43fe-a354-24546b0fa77b,0
cb910ca7-3bc4-48c1-99d8-c3c169f199f0,0
cb917155-faed-4e7d-bf2f-1ef02f1fd952,0
cb9761c2-da68-474e-96e5-958096859bd2,1
cb9f7d1a-6fef-47cb-bbbb-80c29ab2eef4,0
cb9fa628-0bf1-4636-a20f-e60fd45104fe,0
cba0bdd5-2e7a-4904-8cfd-521ebd998c90,0
cba29c9c-7ed1-4502-83e5-29ecc189c77e,0
cba3f01d-3845-4452-8cdb-0f74a5e55e6d,0
cba8c727-c773-4153-a97a-f24364654b97,0
cbadd653-6c85-4db8-83fd-9b60020c56bb,1
cbb09685-1529-4c87-88dc-f1d441bd139b,0
cbb2677b-c7a9-4aa3-9054-c6de07f78fb0,0
cbb353af-9ee6-4c2d-9f5e-abbf07efadfb,0
cbb59eab-0fcb-44e1-89d0-dec5165bd98c,0
cbb6da1d-13d6-414b-8c99-213555505bf7,1
cbb76b68-1ae1-4e14-9ae5-52695b66cdf5,0
cbb78aad-d856-46b3-ad8e-9d4ac18765fe,0
cbb7d738-d7db-4a7d-9cdc-e7d7803ff156,0
cbb9bf70-d843-4cd5-939f-b1bb626b4ade,1
cbc37fc6-ee63-4d63-8b74-b4e617fad2b8,0
cbc56805-8abd-49c4-9ea9-0bfa770d778e,0
cbcc2f2f-d70e-4ad5-97da-840b44c09ec0,0
cbcd9444-c2f4-487b-98aa-5b5bbc38069e,0
cbce1b49-f446-44e7-89cf-3b2a1b71347d,0
cbd3cba6-4117-490a-98be-6eee485a9fea,0
cbd63aa8-f800-4030-9c93-d72ac858c7e0,0
cbd688e9-23ac-475e-9399-201a623dce13,0
cbd7f28f-c493-4522-9aec-c4e9ce5537f0,0
cbdf628c-38f3-45b9-93f0-bb8418431df0,0
cbe28009-3639-4337-aa45-b73fb931d7e9,0
cbe5a745-37b8-4cd4-a66f-c1e982616971,0
cbe6482a-a0a4-4938-b0ad-13c4f7e71a5c,0
cbe7e2f0-7e22-4786-841e-3dd31f9fe06b,0
cbe82cb6-0003-4d29-8943-d4f9c1b2a67d,0
cbeaf42e-1500-4834-a565-3e4b41872b9e,0
cbec1ade-f158-4a49-bc12-d2971a077759,0
cbf09148-455d-49de-a506-ece43b484ee6,0
cbfbd957-4103-4bbc-91c3-263e0ec42d09,0
cbfed0cb-ebdf-4313-bdde-bbf02b26aa70,0
cbfefb30-5906-4f4e-85dd-aae6aeaa49ee,0
cc00e170-6b45-4ac2-80e0-7dac56dbc531,0
cc010cfc-7fb7-4f61-a1c6-393683ca0b88,1
cc024db7-37f5-4648-9176-5bef7092828e,0
cc0a743d-f201-44ca-84df-1ce74b40ab2f,0
cc0daa7c-1f26-4c4a-a4f8-db37f3ac848a,1
cc0f2049-9d5d-45e3-9c94-71ef7a4536ad,0
cc1446ec-7302-4097-a82c-bd0062a9e991,0
cc16641f-0603-4f19-a4e2-a60c582ef9b8,0
cc16d15d-791f-4c75-9d80-2032b78fdb47,0
cc19d0ee-29d8-465b-b23a-cdcb2356f608,0
cc1cc2fe-e2f9-4a8e-91f6-97eed18cfcdd,0
cc1df58d-a49d-4a7d-a73a-67d421888aad,0
cc1dfaae-8acc-4b1d-baa2-6725cf13d130,0
cc1e9eba-f499-479d-adc6-a684a008093f,1
cc1f1ec5-095a-4d33-ae4f-5eb38d6ee63c,0
cc213d1c-c9ee-4ef7-be56-0658c135a582,0
cc214351-dcaa-45fc-a983-8c01213330cd,1
cc2509c2-8826-41dd-870f-9a2f1186afda,0
cc2a99e7-b51c-4ae4-8056-e21d87978b79,0
cc2d96ca-1f72-458f-aff3-3362bb899651,0
cc2f27b1-19ba-4117-99fc-df52f23057ef,0
cc3075d0-3ded-4cb7-aca8-11b0131e2fe6,0
cc32c5ef-e1bb-4a88-967b-3ce192cb7e05,0
cc37f3dd-5669-476c-b88f-d96bfab6e414,0
cc384346-387f-43e3-8839-187f3090f1be,1
cc390ed9-1e9c-42f1-9caf-60b469eef8e1,0
cc3b7e4e-d141-48eb-8eb1-f5d2617f7106,0
cc3b91c4-4a72-4e50-b35b-fe8c4402af2d,0
cc3c5746-76c0-48c3-8167-942f8e191428,1
cc3cddd3-d15d-40ce-b746-32c3aa3a5e91,0
cc3d0e36-d4aa-401d-aaca-c4a923837638,0
cc3f2086-0570-4b36-9d12-3a683159117e,0
cc42478b-cea3-491a-8026-d8c6b6b87960,0
cc446b42-78f8-480e-8c1e-5e5ba8b0f1ad,0
cc47cd1b-7f63-4861-ba65-43428057ed5e,0
cc47f4d0-015e-44d5-81e5-56321a137e61,0
cc4a6250-2c0d-4f2f-9b01-004a67c9edcd,0
cc4ab92b-353a-4416-9e67-f35e58c268ec,0
cc4da9b9-e12d-4209-aa6e-b70cf5a6dc77,0
cc4edc0f-806c-45ca-99a7-dab181854caf,0
cc4f1d03-f609-4bc1-8d7f-0e8189894ed9,0
cc4f4aae-ac67-4ba0-b8c0-f22761c883c7,0
cc50288c-e07c-427b-a02f-edad836ee51e,0
cc50c052-3d2f-47e8-b48a-add3e18e0f11,0
cc50fe73-5d6f-4d72-a683-f484b72fc3a8,0
cc54c29b-083f-4ade-b335-ad7ee2d4ad5e,0
cc55af3d-b3cb-4635-9b10-da2ba0876702,0
cc5a8232-a589-40be-8aa3-b8a841e9d15a,0
cc5dba7c-9c3d-4055-b1d5-28452a50da02,1
cc5f1151-e592-4856-8fd9-b30423fdc0d7,0
cc5fd293-7a59-413b-923c-81c4965e25d0,0
cc609e07-1912-4647-8701-6cb08d3da1b7,0
cc65faab-b6c4-410b-9bac-57a39218cc38,0
cc6d43f8-86a8-4191-9ee4-52b59999847d,0
cc726207-f0d5-4ff9-abe3-976edbd80c10,1
cc7331d2-a3e3-4e23-ad7d-11756ab309cb,0
cc740a19-ab2c-41c2-989e-774d4d9914e7,0
cc7799fb-6cbb-436b-8be3-5554f022c135,0
cc77dbad-d48f-42e6-8bb7-3527aae28f8c,0
cc780823-a44e-4d5b-a61f-5dddbd234dd2,1
cc788800-60c1-4fc2-b8bb-36e270f80bea,0
cc78e038-76e3-4751-808e-f974d7e8ff35,0
cc7fc4cc-e62c-4acf-a751-41a3ab35ffe9,0
cc84973c-d693-457b-83dd-067ff698e45a,0
cc902ac2-6d3b-4ea0-a9ea-ba6f0a4b73e7,0
cc91f274-4528-4b5f-84d9-cfcd662206dd,0
cc930864-7aa5-47f1-9b9a-a558c1d151f8,0
cc964461-071c-49e2-85a8-7360ff08e717,0
cc986c62-c3df-4c6d-b602-c9c8212cd1f9,0
cca24252-a3e0-4368-8910-17a938202d78,0
cca319a5-a8b3-4f94-9407-6b9dea5b12e0,0
cca53b58-b5bb-4b67-8540-5c41f162565e,0
cca93bd6-7a59-4af7-9bdc-fb9e9612f659,0
cca9423e-452a-453f-92f7-ea3438e8674c,0
ccaaf769-4a4c-4403-96c9-128987f8d1fa,0
ccad9d17-42ac-4b72-8802-8be8d62acae9,0
ccb1d713-9242-4a30-970c-7f5f1a161f4b,0
ccba1ba3-3932-4fc8-9997-34cd25ea48a7,0
ccbe55a8-39ed-4ea2-80ce-cf2079fdeaed,0
ccbe7c29-2bd5-476f-ad8d-1b951b3b3ebf,0
ccbf7cb9-5cfd-4640-8336-1a633369e4e3,0
ccd23139-b73d-491a-a9a3-c568bdd8a187,1
ccd59aaa-b0eb-492b-b4ea-8bfe202323d9,0
ccda139d-228a-425a-951a-59e2801e378f,0
ccdc601a-1a99-4be6-8daf-4c48c2155ae4,0
ccdcf275-b756-4563-b0fa-60fd8c1f8ca5,0
ccdd8db1-c376-453b-aa5b-6948515791e2,0
ccddc83b-4007-4398-ba5a-8c6785188653,0
ccde4585-b7cd-43a6-9e0c-b612ef40732f,0
cce15909-174e-4e2b-82a8-2f3fa0ea7f82,0
cce58382-5640-476b-a0ee-d91074f68ca0,0
cce8e626-7508-4ab7-84e6-cf3563c2a64f,0
ccea7c06-4c9e-413a-964b-ce8f4ee2df89,0
cceb0de0-03b3-4416-b8fc-adc60afc06e4,0
cceb1e3d-be08-431c-9024-3d80d2917c39,0
ccebd0e0-9d14-4ca4-aa8b-92a8308be802,0
cced6d2c-c114-486c-8870-9b6eeba96223,0
ccefc5ca-5523-4454-8c7e-f871e126fa18,0
ccf07d43-b2db-41dd-91ea-538ec43e5245,1
ccf2102e-0aef-4c14-a1ec-5a672cb12846,0
ccf661b1-373b-4f91-97e6-468a9048ca9e,0
ccf66597-91c3-4e3e-867c-6ebe1d54734a,0
ccfcb12e-a3e2-4ca7-904e-510c66e53369,0
ccfce496-cdb0-404d-aff3-725070d54f69,0
ccfff4a2-567a-4723-9b37-aa126f04af32,0
cd013296-81f4-4578-996c-d92a6bc13513,0
cd01dc3e-53f9-4be4-b09f-d491921ef10e,0
cd022f90-24bb-4111-ac84-a0de9af4c484,1
cd05074c-dc63-473b-a7cd-83b632152f43,1
cd08b370-43c5-47f0-8e48-17fcfde6fc4e,0
cd0ccb2f-af0b-41b3-89a5-8c1e6fe16aec,0
cd0cdc38-0487-409b-9a6e-12800ffc9c2c,0
cd0f0181-5397-44a8-81bf-6b9fdc59a6ff,1
cd0f6fc9-168c-4be3-9072-561de9725d89,0
cd101841-6064-47d5-a3b2-e54816e0d278,0
cd128c93-8c01-4e05-b4f0-4ee9db7d707b,0
cd13fe07-977a-4fc3-8942-22f63b7c5b22,0
cd17692d-c367-4c0d-82ed-4c44ab2ece4c,0
cd17e1af-0324-45c0-a84f-857d2250733c,1
cd2166d8-e87b-4afa-9b6b-793195e232a8,0
cd21bdaa-206e-4f20-87e7-b0997c2c4f2c,0
cd22d7f5-93e7-44df-9769-c3b3e2eb8bf2,0
cd23f0c9-2d5e-4d4b-bf7d-a690f0dc5948,0
cd24b5e7-76d1-4f6f-b36e-f2b95eea1e84,0
cd28356d-15c7-4d8b-87d6-ff3c24d4f945,0
cd2cd12a-6f53-4f77-bcb6-136f5da01ded,0
cd2d9860-b86f-4125-963e-73de8850b405,0
cd31361a-e8d5-4dde-840e-9447014f2520,0
cd31ae45-6a64-4344-a447-fc71ba218229,0
cd345c29-06b8-47ff-9150-b95759bdac5c,0
cd3782b6-4c81-48fa-b4c0-81ccb3e42bb0,0
cd39bf67-f4b1-47a5-97dd-16bac5510589,0
cd3fa1ca-ffef-4fc9-be23-cb38138d80c4,0
cd40836d-fa5f-4976-b681-4b6c0abd27f4,0
cd41b743-855f-4342-aabc-9ad90da69637,0
cd41c6cb-236f-4f29-b645-3fcd9422af74,0
cd43c483-f660-45b1-b297-68fb50182f12,0
cd47563f-9526-47a3-8825-01fcd871b832,0
cd4a98bb-3a60-4968-b925-2d4c41e34db9,0
cd4b0987-4524-433a-8c64-c88b5d58a11a,0
cd4e4d5e-f832-4cca-8a17-37409e4eda7f,0
cd500ccd-e6ed-4025-9efa-05279cff5914,0
cd5051e5-6fe3-4c4e-8b08-dd724b64146a,0
cd537272-0273-4b6e-b0f4-582238d64b68,0
cd592364-7987-452d-9f8e-f3959b370a8d,0
cd5a5f8a-c0a6-4511-b909-cfac809c7bf4,0
cd5faf77-eb47-40f9-88b1-a81cf4eb0217,0
cd671310-d03c-4455-a4b6-ffa6bf5bd752,0
cd68c1dc-a836-4cfd-b528-314c00a3a388,0
cd6987ed-d6ec-46a3-b87c-e6b88c87b676,0
cd6c4374-5716-4712-b2a1-0cc603a761aa,0
cd6d29d5-c14f-4158-b645-5ce65ba1d17a,0
cd6df1d8-3f63-4b58-b547-9ad5855d20a9,0
cd6fda54-82f9-466b-9902-9439fc4dfd5f,0
cd737ca4-3c2f-4718-864d-1310bafb896f,0
cd73cac1-3450-449c-870e-86303bb89049,0
cd74b7c8-92ca-4175-9b9b-8ecb4af69db1,0
cd7533ff-9b84-40c6-bd7c-0eb91a56422c,0
cd778f07-2dc7-457a-894e-ebc84ab1324e,0
cd8ab525-f6b0-4592-8137-6c1a87ac2138,0
cd8c0baa-5860-4bc3-bb6b-49aef4ab018d,0
cd8d5e7d-be94-4c37-814e-c2df3820a221,0
cd8f72c5-5b74-4d70-8273-f71d3d5d3fb5,0
cd923c25-17a7-46c0-a8ac-75c51f9b21dd,0
cd935f5a-9dd7-43b4-9ddf-5d6b6ae7f127,0
cd965d34-c16c-40d5-bdd8-74b52cc79f28,0
cd9c5858-4977-45e3-9d9b-3b945b7ea748,0
cd9d8cc9-f14c-4106-b254-dafb437d9dbe,1
cd9da745-0f56-47c4-af78-5d1703e37d10,0
cd9f3552-f1f0-4516-a14e-bc3805198f7d,0
cda058c5-cf55-49fb-b6b3-c39e25ff28c7,0
cda227df-ea1d-4fc4-81fa-fa27d9f7abbe,0
cda57b03-a63d-4f48-a4d2-39de25bfbaee,0
cda7b51c-d89f-4b4d-aad7-0ed67fbe196c,0
cda9cae1-f2c7-431a-9de9-7c0d90f574aa,0
cdab668c-1103-42b5-8b25-b0a08f4d4b5d,1
cdbad14c-b4c4-4eca-9165-a88e7a53fc40,0
cdbcbdf3-3736-4be0-8bc8-bcb4a05f2d14,0
cdc103ef-cf4c-459a-9bd6-9a00683232bd,0
cdc42361-d6d8-4166-b883-a3dddf0ac2ea,0
cdc6b9e8-41d1-43d7-9dfb-2cf7f99091b3,1
cdc89033-528b-44d3-a5eb-1c1807a07d1a,0
cdcadc0b-4130-4c47-8619-dfb524f8b6d4,0
cdce96ef-041a-49b1-aba2-48b65a4191ec,0
cdd0f568-5638-44e0-b3ef-9eafb7af387f,0
cddac826-9a0d-4c34-a72f-9ef360f9e633,0
cddb62c2-9d74-4376-b313-1ed4740733ab,0
cddf9c61-50a5-40f1-9b06-edd81ab506f9,0
cde2ce78-c656-4519-aa36-5a83015bd248,0
cde3501e-cdd2-4fb9-98e6-607c5f421963,0
cde6acad-59f9-4699-98d2-86300a7caf5d,0
cde846eb-f8f8-4d17-98e1-4a3aef3adb95,0
cdeefa1e-5d18-4880-9c8f-5cb654d7df64,0
cdf01573-8719-4f12-8ac2-a2985bc35583,1
cdf74044-4e71-4cd5-a4a0-f866619d8d06,1
cdf7f0fa-2355-4c7c-8292-000074e8a23e,0
cdf8eb9f-4198-4e85-b6d1-c13a1266e5a0,0
cdf9bfc6-214e-4dd9-bfe2-92bd5c3d643d,0
cdfb5adc-12ad-4dd4-9aa2-c63955c37d8f,0
cdfd059d-9e3f-4f3e-80b8-3b35a97868c4,1
cdfdf5d5-175f-4654-94f0-6bf5bdec735e,0
ce01629d-f9bf-4fa7-8a0a-125e505b1de0,1
ce055dde-60ab-4617-83a5-b13cb9d7359b,0
ce064a07-e526-4c64-b259-d2a59b8e4890,0
ce092725-7bb1-49b2-aac3-e72fa81da809,0
ce09f876-4b43-4cbf-8636-0c8554f70e00,0
ce0c7f39-1e7a-49a0-88e8-77d3bb708adc,0
ce0cd1c9-3107-476d-8099-e05e76f06233,0
ce0d11cd-161e-429b-9f07-c6e72539f80a,1
ce0d4926-62d4-4218-bcb2-5ab81f9f8cce,0
ce0e1bcb-af71-4a25-bf46-4f518432e94d,0
ce0e5f47-e48e-41da-8bea-27e65bc7aa30,0
ce113e18-94ee-4ffc-be11-6a053ff8f095,0
ce11fd4d-d7e8-43ca-81fc-58af2174ea6f,0
ce165d37-285b-4ae0-8a9b-975bb11f3044,0
ce1cdb44-7297-4cdd-8a90-ffd774686dbb,0
ce1d1fb1-6ed2-45d7-aebe-69054101cba8,0
ce1e686c-c6ac-4cb2-978f-b51124870da5,0
ce1efff3-0497-415d-99ae-8fc854c3f414,0
ce21dc35-55cd-4c69-abbb-7f832ad6751e,0
ce228a9d-bb00-4568-adfa-e36196f96f00,0
ce24342e-8287-451c-b32f-9da1a0970415,0
ce245873-695d-4a3a-b9e9-9cfbd7b269b3,0
ce25d5cd-2f84-4fd0-a30d-a5ee136125d3,0
ce26816f-3400-4305-a0e7-ed593ee10d52,0
ce26a20c-3b70-4329-979d-08383a502671,0
ce2beaa4-4283-4903-b531-6591514f5041,0
ce2d4378-b136-40c3-9c0f-61a9a29ae399,1
ce393c73-0356-4b8f-b766-1ae932116c4a,0
ce3c803a-90f7-47d1-a83d-c6cbede9b5b0,0
ce3e600a-5602-4284-958e-4422aa5ca707,0
ce3f8a35-8edf-4873-81cc-ce870b000e59,1
ce3fdf29-86bd-4a4c-ab68-2d9d9d6e0c89,0
ce41eeb8-0cea-4f6e-9352-660da89920b7,0
ce421732-47b1-41a4-9d1b-ce4ebd83bf19,0
ce43f9e3-d3b8-43a9-8db0-6946a7b0506c,1
ce465134-d973-4e09-8e32-88114a1d693c,0
ce47780b-c1d6-4741-9a43-0418b8c7ef3e,0
ce4945a7-2ebb-40b4-8be4-daee8c893f92,0
ce4acf42-f78e-4cb0-8711-b61e1e3e9669,0
ce4f5171-a1ca-40b4-9c00-e489c73aaee2,0
ce532f56-f3b0-44fc-9a98-b5b8963966cd,0
ce55dbb3-1064-414f-ae0e-c79a1269482f,0
ce566c00-5381-48c0-8900-56d7da844ea6,1
ce5717d9-9300-4337-8de6-1f67e5baa89d,0
ce595090-508e-40e3-ad32-681fdffb4d8b,0
ce59ef3d-a621-4c59-9668-0872f4049ee5,0
ce5ae38d-0e04-45af-aeee-59a9d6ec49d7,0
ce5b8002-bfed-4047-843a-dac03be2e93d,0
ce5b84af-f5ab-4e13-a419-45612252a97c,0
ce5d10df-f8cb-44a0-ae05-2ad7124ec085,0
ce5d5489-58f3-4403-87f0-7d851ec2fcf8,0
ce6195cc-c83c-47f2-966b-75de3a188aae,0
ce648cdc-63c3-4e8b-ab2b-fa59be5dd340,0
ce6a200d-82a7-40eb-89cd-7587922a21c2,1
ce6a3148-d938-43a9-b1cb-f631249f571c,0
ce7307f8-ae79-4264-893a-f1dbd94b4b6c,0
ce7331c9-bb63-4364-89c7-d657386f9ffa,0
ce734df7-d5f1-4336-a9f4-5dbfd518f62c,0
ce73f4c3-2e70-4a1f-b5a6-321e12c67e1b,0
ce742399-c125-4bd4-b0c7-bd290a8875b0,0
ce7cd63c-11e4-4d62-bb6a-d691563db54b,0
ce7e636c-a726-4a4b-b72b-cd77f2262d62,0
ce7eb925-65bc-4c39-ad65-86648182bd40,0
ce8004a9-c80b-46fc-a734-de725390b03d,0
ce803f51-9b65-494c-b2b1-39e2f6b19885,0
ce81085e-32f0-4eb8-812a-218e413817f1,0
ce8328ef-abf5-4a40-bc6d-13d3daf36812,0
ce839d66-6444-4376-9786-5a3b57089321,0
ce873dca-1e16-4232-a181-6af9f1663c90,0
ce8c1e5d-5904-42d1-a705-1f811f46af8a,0
ce8f334f-b963-47f2-9b30-32b834a940f4,0
ce90188d-f30d-4962-8f3a-28254b6c2138,0
ce95ff20-b249-45b4-9edc-6443f13e3a82,0
ce966d3f-6981-4a02-a9c7-5bdfd2bb7210,0
ce9b4680-fe9f-46b2-97fa-735ed0125c3e,0
ce9ca0cc-f33d-4860-9394-ca15d8970052,0
ce9cd644-8c98-46c5-afff-dfcb1850f200,0
cea1b350-259b-4262-aa07-d40ed57acc87,0
cea23752-4f1d-4fed-89ee-e22d69166ada,0
cea2d746-5a77-458e-8c6b-a64d210a685c,0
cea410ee-b862-4bf0-b3a1-9254d590f0f6,0
cea756e8-5e48-4478-9167-efd7b0e604bc,0
ceaec8db-e6f8-4bd8-93b6-3a9e02499b98,0
ceb25082-a564-4645-a7f7-bf1a179de773,0
ceb37252-d711-4289-9f02-82b988d60b10,0
ceb729e3-e7a4-47b0-959c-f70cc9bbbbb0,1
cebb1a25-2717-40a1-9e30-f2b74738bc5c,0
cebe29a3-87b8-498d-9960-a552ca109925,1
cebf6c91-ed06-496f-b3e7-8161c7d68cb6,0
cebfb6b5-97fe-4492-9cc7-8a505a9368b5,0
cec0c9ad-1129-44b6-b140-faeb16a3efa7,0
cec7bc47-aee9-45b5-a86b-e44f2f3ce9fc,0
cecdde36-41b3-4b27-8e11-ecb07a60d314,0
cecf0ffd-30fe-4314-9b49-da0ee1d4db02,0
ced0d874-c0a0-4b0d-8dd0-4971ba849cd4,0
ced21eea-32fd-43da-9fd2-3dac82beb834,0
ced25209-52b8-4622-8a4a-d8e94f7c2e65,0
ced3f6cb-9602-4bd1-8064-8b10129db31c,0
cee1959a-c13f-4adb-8e39-d12fd66ddf4d,0
cee55b60-b147-4d8b-9147-71a940069aac,0
cee64370-7a60-4d00-936c-1b0d107b4c7a,0
cee705e6-62da-4b57-ae70-1a16bc0bba29,0
cee7dc4e-47f3-402f-85cf-06d5e180e561,1
ceed7fb0-efbb-4b67-9d92-f70e9cfa4d84,0
ceefb85a-299f-4fb9-9755-8c0f41f3f9d3,0
cef0a067-083f-488a-b1fa-ec2762439f27,1
cef17e5d-7676-4d4e-9fa0-b628a78d901e,0
cef22c09-6355-4d11-921d-e14b3f47fb27,0
cef34b49-3818-4848-9ef4-17e643cb53aa,0
cefaabff-49f0-4e8c-8abb-5b049e3a0904,1
cf033755-46e5-4242-a2d5-db54db0eaf56,0
cf03db14-b340-494b-acbb-ff4c235032c1,0
cf03f8e4-a84a-4bd0-8ae4-788ea525297d,0
cf067955-bd09-4a92-a0eb-fce34fdb4c85,0
cf0ada55-8e6f-4acd-9961-7cac822f154b,1
cf0e9a7a-dc21-490a-8a4f-32f5c22f7438,0
cf0f8ca9-f402-4824-bcf5-bb9816245631,0
cf147d90-afde-474b-879f-221736110bf8,0
cf1619cc-0704-486c-90bc-814f766b6ba6,1
cf184efe-9cbc-44a3-b65c-67ee1198734a,0
cf18c53a-b8bf-4a96-bbce-b2c72909f341,0
cf199199-de63-4873-8d1d-a6bbd299957d,1
cf2073be-f807-4d19-a6be-4c8d60a5b988,0
cf212a84-3543-40bd-a025-861a6c274a3a,0
cf249dfa-6725-4cc4-b78a-799b6a9d9226,0
cf2fdd6c-4cf9-47e1-a7f5-bb5ee31eed9d,0
cf30ab0c-3197-4c46-9c71-c6784d2778dc,0
cf30daa3-0e16-47ed-9df0-acbf766f5ecd,1
cf32729f-3e48-4d31-9d10-4a4deadba750,0
cf37e2e1-aa9d-4c8c-8872-16d45ff9f2f0,0
cf3889e0-565f-49f1-9f56-c9e1df5f8754,0
cf3dac3e-aa87-4491-816f-e9d4a3b3ffd9,0
cf3f2536-1130-4ed3-a516-fa6720a05066,1
cf4542a4-5adc-44c2-a7c5-ba473455f1b5,0
cf46bb12-7cf3-4879-9388-b92c9d6b98b1,0
cf4872f9-eb53-4225-a3dd-40ce3fa58c9a,1
cf4d784e-8b42-42ce-8395-657d61fd46d4,0
cf4ecb69-543d-461f-b4f5-7dc5f874fbdd,0
cf4f7215-05fe-4e91-bdc4-025111e77dff,0
cf537939-a39b-42b9-8460-562adeee584e,0
cf546c5e-35f3-493f-b419-eaa746e1d7a4,0
cf5b6a7f-5dff-448a-b454-b11043ae1c4f,0
cf5d6add-9366-4353-a2e6-24cdfe44097d,0
cf5ef4d7-7302-45f8-b779-df96dda2cdc1,0
cf62531c-81c7-497b-a10b-3d3c7a5f7480,0
cf6b6392-7c4b-4128-86a0-10d549559680,0
cf6dcbd7-9787-4fc5-abc3-cc128673f2c3,0
cf723b8d-9cbb-41e1-aea8-d223bf4adadb,0
cf741fe5-ce27-4358-b4c9-413b457d9c11,0
cf7830e2-ac11-4e1b-84a2-001d40ebf6af,0
cf7d12da-f0c9-4736-82a6-ac9642e56fd7,0
cf81f0dc-abc9-4ca7-968e-886bd6a6c77e,0
cf82c99f-04be-49ac-8c53-5c644d8c45f0,0
cf84d244-6d82-4028-b469-5608d7a2be0f,0
cf8b610e-296a-4d3f-b5ac-82959708d162,0
cf8cdc9d-44f0-4758-8ecc-d26a8173d4ef,0
cf904bd2-c116-43c9-bf4c-43ccef5939b2,0
cf9165ac-4ec5-45bf-895e-19c3919b3385,0
cf937fd9-e84c-49a8-a158-de51a2f97007,1
cf97dbbd-87b0-4abd-9f4a-43921b752028,0
cf9ca004-2931-4b55-9a58-eec5bf732202,0
cfa17c0f-fd46-49db-a143-12cd28d95dc2,0
cfa53762-3857-4813-8433-74289e1cc2d4,0
cfa8e471-6329-41a7-9eae-87683af10a1d,0
cfacde3a-224e-48df-a3f0-5252a82b9abb,0
cfad9964-d6a2-4376-b57e-58db76176f6b,0
cfaeff0b-63b1-41d4-95bd-4161d09007aa,1
cfb03c4b-5e32-4f7f-acb6-c2a7cdb9e79f,1
cfb53f40-56f2-4c11-9d44-13497480c783,0
cfbbbe3b-03ad-4f19-bb48-c2f31ee40b0a,0
cfbea469-33be-4fc0-a4b6-8f4bd2727241,0
cfc318d5-a850-435d-bcd1-f90721f7fa6f,0
cfc4c9fc-62ee-478c-9521-943c0c2c3297,0
cfc74c0d-43e2-42ad-ae6a-beea283d8316,0
cfc923c1-e038-41bc-a747-571c779c53dd,0
cfccb547-a02a-44c2-9edf-9acc6b0b4aa0,0
cfd30d4e-78c0-4675-8658-0de397b69ffe,0
cfd38f6d-5025-461f-bd4a-bc72218c9f9f,0
cfd558e3-ebdb-42a2-9acb-5f971c7af1ca,0
cfd8cf22-6ab1-4e46-af6e-d05dcb111459,0
cfd9dcf9-f250-4e07-8496-660534178985,0
cfda5b3f-2814-4bf9-a753-445b86b9a8b2,0
cfde4f68-74c7-474d-a648-d4aacd2fdfdc,1
cfe13c81-7b48-4445-a3a4-00061772ac5f,0
cfe5dbad-8b2d-4c5f-830b-96949cb91506,0
cfe99866-f15f-4870-8d16-cceb50a7cde3,0
cfea48b7-8cd9-40c0-b29c-de80a7960c09,1
cfeacdaf-b354-40ea-a2c5-54d0adfd4294,0
cfeb1c0c-c286-4636-9cae-2369e4eb80dc,1
cfebb7aa-9895-4c89-ba58-2aa9a83e6ed4,0
cff20e3d-1bd4-4fdf-a04c-d9b5d65e6881,0
cff46539-33cb-4566-a4e7-f781e8b807c8,0
cff4932b-b004-49fa-8165-31c87c64b0b3,0
cffb6493-a959-4eb0-bda9-c45bf47a3414,0
cffc0d4f-a597-4c81-9d05-c768bb105819,1
cfffc953-b8d1-4b61-9157-f60684c59548,0
d00b456e-947b-4f31-af29-c40c35d02954,0
d00d3618-cccd-48b1-b190-deb4af23ddc4,0
d0126821-9ba0-49d5-b40f-3a48982c0588,0
d0127090-8762-4876-b8bc-575a6eb724a8,1
d0172304-274c-4bf6-a65c-48029df6422b,0
d01b85df-5822-4793-92c2-ba6fb802ac43,0
d01d2679-a567-44ce-b4ae-61e494a47308,0
d0264c98-57ae-4a1a-be5e-3976cc278f11,0
d0278ba9-fae4-41c9-a922-79c6818c498b,0
d0290525-3e77-46ae-85a4-87906ec54c11,0
d0329e15-b745-410c-a28a-765b057fd7fd,0
d039f714-8e9f-48f4-a5d8-86caa867cec4,0
d03b207e-31bb-43be-9d43-dca31def6a41,0
d03c6f29-5fe3-4245-8f74-fd30e6dd7b7f,0
d041fa70-027f-4877-811e-3f4867547b41,0
d042f9f9-67fe-48b3-b36d-6f2482af0cc1,0
d04da416-0af8-49a5-a756-7d00316d13bd,0
d04fd61e-7a75-4f7a-922e-2848f9fddc23,0
d0517e1e-1d3f-4eab-b5f3-516a4b785857,0
d0599f8f-ee78-43ba-abf3-b5c08c831689,0
d05f7047-5350-4cda-96a4-b0e00df20d07,0
d0605620-1832-4a16-912a-e52b57ee6be8,0
d0609eac-9f8d-4ec1-9fa2-4ee3f94120bb,0
d068c7e3-6702-4d11-b362-1d31f9974c50,0
d06a40da-68a5-44c1-8b2f-b77388a27a6a,0
d06ae45e-f7bb-4759-95e2-8ec747bc5787,0
d06cb314-3380-4b7a-96d4-dc5cb15094c6,0
d06f4662-827f-49e0-8052-e007204d78a2,0
d072622a-8621-4836-ac96-f9998aeb9a51,0
d073294e-db3d-4a29-b91a-f5cd54a85d11,0
d074b9b5-ffee-463a-b738-73903191655b,0
d07aebb5-a332-42a0-bb85-0780047210da,0
d07c03db-b96d-442b-8405-b144cce32dfd,0
d07cb6fe-f3a7-499e-bb8b-09ee80fc219e,1
d080e070-37a9-413e-91ee-2e239a0f4ba9,0
d08b3522-f4f9-4099-9a6e-2b3774772087,0
d08c0984-ea33-414d-b8e8-b054ba3f3e74,0
d08d5aa4-b33f-400d-9647-5a9f61029ac0,0
d08eb46c-89a1-4894-87ff-382ce3fef579,0
d092ff49-34b7-41ab-8a55-6e44fb7f97d1,1
d093c249-c2d1-4a8d-9c2b-512654c5eb9f,0
d096a81c-d39f-45d8-b2c0-7bfd7b57b391,0
d09829ca-e64c-4896-b262-1e1a3273e35f,0
d09ba1d1-5219-48da-9cbf-d906c7fb0b55,0
d09e3695-57cb-4a93-859e-57b8b5a748be,1
d0a12a43-eeb0-451d-a7b5-8cb78b67a97c,0
d0a53a1e-b506-4fad-b1d2-56ee6aba49d3,0
d0a813b9-76a3-4975-9e62-a24059df7c34,0
d0afca72-3a2c-4320-b325-7492210ef82c,0
d0b1f0f7-6bbd-4ed5-afe7-73d48f970094,0
d0b2ed76-8d44-4f6d-8935-b69654dcc236,0
d0b71c08-01d1-49d1-8164-163a1af65cc3,0
d0b76d4c-c333-4f4b-a676-be31dee11b1c,0
d0bc7148-8ef3-44d2-bca8-41311b17606a,0
d0c5ac50-dcc6-49a1-9fd2-fe9e2b30a076,0
d0c7f9a4-da68-4ee2-9cda-0db26aa0731e,0
d0cc2187-80f7-42e7-aed6-aecd4553a2a8,0
d0ccc7f8-0129-4f58-86ec-7e1033af9326,0
d0ccef0f-9f90-49e1-a508-d3fe86e4d7a8,0
d0cec10c-c320-4be1-8739-bbd9706eaeef,0
d0d0223e-0ad3-4db4-b7db-75bafdcbb39d,0
d0d51d4e-9fd5-49ac-b80f-29b33454c221,1
d0d59906-2de9-40c5-adf5-de8b72aa7703,0
d0d76d7a-b41e-45ce-9be2-34a0297880ef,0
d0d87473-2342-4823-a602-bd6dfca946ac,0
d0d91fa0-afbb-44c6-8c14-c5c2a3133932,0
d0dd129a-bd8c-439d-9498-13058acda709,0
d0e0b6da-97e6-4f36-81b7-c66d62149ae5,0
d0e25b16-a99a-413e-8051-5ed3cf954cbe,0
d0e9495b-e803-481d-9248-34afae1d3963,0
d0ea7f32-2d88-42f2-950f-ef4717ce0b44,0
d0f153d7-d7e0-44c2-a107-05cee2634c3f,0
d0f31b0c-50a1-4e7f-90ec-0e8294d1f8f1,0
d0f32923-6841-40f8-92dc-8bbafe380226,0
d0f33ec1-2fea-4226-89de-143cf788e50a,0
d0f36b11-f27b-4d83-b4d2-fb3fa1d0a177,0
d0f3f3cd-87e1-45d0-85b2-3ad2e9b07537,1
d0f4ba02-0f48-46af-ad9e-c29f57908c27,0
d0f527dc-e09c-4b57-b295-d5c8004f020a,0
d0fa155d-d355-43cb-9ad5-55af2e2e0480,0
d0fce45c-b725-4061-98ee-fb75b784c256,0
d0ff753d-6c1a-4583-815c-6944bd6bd1a7,0
d1014f10-d499-4735-9f89-f0cb0aeae529,0
d102af02-4ed9-4eac-b1c5-2fec39330736,0
d106c3e5-0d0d-4253-8d91-0cdcaacd6070,1
d107d1b0-0262-4a76-9697-9efd16f2e144,0
d1091d94-7aac-4c11-a1a9-4e067a5839fd,0
d109c23c-bce9-4a40-a456-e881f48fdac8,0
d10afd8a-0a8d-4459-8a02-0cf473f41571,1
d10b4009-1114-49a3-86de-d6ba101d2951,0
d1101c54-c037-4560-b712-688357286f70,0
d1167efb-96a2-485e-b39d-3a59d7791de7,0
d11dd37f-7cdc-4ede-8468-fdc18efa333f,0
d11ee3a0-4346-4bea-8b25-481f573e0f26,0
d11f9076-a460-4269-b5cc-bc3c05590b1f,0
d123f84b-3596-4c52-9ea8-d474b58012a1,0
d12577cc-883e-4b1b-a698-805ba6265446,0
d126be16-a873-49c1-a91d-2687c7bebd35,0
d12e5a8d-da37-4966-86b9-1b7c71923244,0
d12efa73-b05b-4506-99ab-2ab4aee03ab0,0
d13023a1-18c2-49fc-a5d9-8133129fd716,1
d1312471-4ab6-4898-a0e7-98e6d940038a,0
d131b3be-f233-4a07-be2d-daee8c495d69,0
d1330b4b-af02-4d0c-baf3-8f647c3df093,0
d1344508-2d88-4592-876f-b215db467b73,0
d13e8501-48a1-4bb8-b3e2-32ef16a955ba,0
d140e93f-e097-4063-8d99-7eae29abbed0,0
d144154e-6d91-43a7-9ec1-78cf062a9b21,0
d144a430-b0fd-4ceb-b8af-262e6b250241,0
d145a2ab-53d8-4458-8ebe-5af23f1017e0,0
d14ca599-9c33-4b4c-a477-0ae6a968969a,0
d153af3a-8cea-4094-920c-3874e0d6a32d,0
d15440de-1de4-476d-95bb-2001e999bd99,0
d156cab3-453a-498b-8d0f-7bafec8b031d,1
d15f53d5-a5da-4a7e-816c-b4d1093a4848,0
d15f6290-af72-4865-b14b-8be0686f85ac,0
d162ad2f-72b9-451f-b60b-b5ded90d32c8,0
d163313c-6153-45d9-9beb-9a8fa8136bab,0
d1637393-e585-4c54-a28d-f67987a0366e,0
d166380b-8889-49b3-ba91-cd2519c65d41,0
d16dfa79-ad8f-4a69-b242-675d1bc9d37d,0
d16e3241-00fa-4cd1-9046-5c7a71af25b7,0
d1734ac1-610e-4276-94c3-f5ce2c4ede82,0
d17a367f-f0b8-47e6-91dd-ca0d1d268c33,0
d17dd1e1-5409-40f2-a3f3-e7614d91bff4,0
d17e6509-3b79-4395-b401-95302c75c6ec,0
d180bf7d-648a-49c7-b8d9-a4559d20b13c,0
d1828526-eae8-42f3-9260-ef89d936ac69,0
d1834c50-5e77-46ed-9d6b-242251c30339,0
d186456a-922f-41b9-aa11-c78954c20e94,0
d18813d8-5f1e-47f4-8950-a73dd81405a9,0
d18af750-b003-4e7c-b40b-034aa90705b3,0
d18bb89f-8699-4524-a34a-bd06fcbc225a,0
d18cb9d8-5e43-4c80-b691-3e847ea53495,0
d18db79d-0823-435f-a7c9-b44a601ce063,0
d18fad9c-4c05-4859-af34-d4edf8ad40c8,1
d191bca8-4aab-463b-9fb1-2e3889c68b89,1
d195fc52-e21e-4a3b-9cc7-fba14a477f24,0
d197b760-745d-4a08-bd9c-b53e9923fc9e,0
d1987691-ee42-4a4f-9441-dc7156317787,0
d19ada9d-798a-44e4-bac0-0c58fda960d7,0
d19b23cf-a636-4c7a-84d6-e88460d99dd3,0
d1a0e83c-1c23-4d7e-8501-34701353f719,0
d1a86437-13e9-4454-b089-c95a95aa0be0,1
d1aa784b-c6e8-4064-b515-736abe2368d1,0
d1ad56a4-8010-45e1-9194-f70f6e77bd1f,0
d1af29bc-894f-48de-8511-631ddffa38b2,0
d1b0e6e5-89e3-4e87-b561-f317e8ee9db1,0
d1b2695f-c4b2-4332-af1e-d94b4023b31d,0
d1b2752c-aad6-4bd8-bb0f-b8797bc302a8,0
d1b2cfb1-ebad-4fad-a5fd-df9aa02c05c1,0
d1b401a7-142c-448b-a942-2b2b60f6e314,0
d1b661ee-45b3-411a-9170-ca721ab11836,0
d1b822fb-11e8-404a-bc2d-a1fc7a4a3411,0
d1bc3de1-1693-4caf-ba79-ce838d4955ea,0
d1bf0cde-e916-4a63-9e9b-a625630aca4f,0
d1c07fa7-6df2-4380-ac20-ea758009876f,0
d1c4a6b1-131b-4fc8-bd7e-30c3a759709a,1
d1c525c3-2061-40dc-bf9b-29c7024cf53c,1
d1cc362c-4b87-46b8-92fa-f8c73edd5c19,0
d1cd9e99-5b4c-429e-ac8f-d977c639bd35,0
d1cdb7c1-e530-4a56-bdcb-4759291fa2c1,0
d1d14584-727e-4830-87c9-44c051f8db04,0
d1d18fc0-6f8e-48fc-8cf6-5ac6eb7b9dd2,0
d1d1bb69-c655-48b6-a063-a4b4d68f0f9a,0
d1d2e1dd-b773-4a2b-8eb2-527d90a254a1,1
d1d7807c-1a79-423b-95de-0935aa8b7ff9,0
d1d7c770-252e-43a9-80ba-6a14a52b70d5,1
d1dac96f-26b8-4504-8974-79d49d859584,0
d1db7671-1155-44fa-b34e-ad2c3d8dc7dd,0
d1dc221b-ca8e-4700-907c-095d4db96472,0
d1e00ff3-540c-495f-9919-bd36af740bd2,0
d1e44267-3064-4878-a3c6-4f4fdc5aabe7,0
d1eb98ec-bcce-4262-b7e4-a901713dbc73,1
d1f0d552-dbba-4930-adce-ade97d51e8f4,0
d1f31163-452e-4ac9-b32f-9ea78160d65c,0
d1f319fa-de4e-495c-9c14-e63e71f8e0e3,0
d1f47b27-94c8-47aa-8eec-67413ecc8014,0
d1f518d5-7c00-402d-bc42-7a88d1013841,0
d1f6f6c2-1dbc-415e-bd85-b7bb171cf31a,1
d1f6fbfb-5a47-456d-b9ea-63505cce0c20,0
d1fb24f9-edc8-41d6-b310-467e8411553c,1
d1fb747e-4994-440c-97dd-c760fbd42cdf,1
d1fb8580-3661-4312-b2cc-e770ef61331b,0
d1fe4546-961b-4fd2-b696-00850351809c,1
d1ffbc87-5677-41c0-b9ac-523c4c063d88,0
d203bf4e-8131-42ef-8041-e887776b42dc,0
d204b80b-46cc-477a-ad9b-665fabd7c1ed,0
d2055607-1f68-4333-8c6a-ea2aae669701,1
d20a1d15-9fa3-4c86-9a50-49a7545e506a,0
d2124c4b-9fbf-4683-ac22-9f02b37b9894,1
d2166722-5e23-4bbd-ac7a-b27e3d5d48af,0
d218d79e-a09c-4157-867c-62c08516c581,1
d218f2aa-e672-4f1d-9130-46cfbb094507,0
d21b47ea-3d3b-4d43-b7c1-182e2c274868,0
d21f2f29-a85a-431e-a4fa-452a6414b333,0
d21feedf-a22f-4c68-8ab3-fc4280de2c0a,0
d22084fc-b8be-478f-8cfd-ee4038f191cf,0
d2214ee8-83e7-4913-aaf4-f1b6aa7299c0,0
d22207a0-c655-46cc-937d-04ea79b1f28d,0
d22335ec-1e58-4d1f-91d7-a283a76b920e,0
d2253c8b-c474-41ad-83de-cee75483c8a4,0
d225c736-7601-4c44-84dc-98f6952bb4ed,0
d2261206-e59f-464d-816d-2d85befccea1,0
d2285cb5-5e40-4862-8eb1-a870b16c57d6,1
d2289eee-da93-4760-95fd-4c44c7e54e73,0
d22cd851-5f0e-46ed-9526-c4f1964358c8,0
d2308240-a5ab-44bb-b8d9-b2dbca501566,1
d23dcc95-2033-42db-843e-dbea560f0f66,0
d2412ad3-6fee-4b70-ba88-7fa8491a3992,0
d2420721-bf3e-42ad-95d9-5e0942ef6848,0
d2420efb-2e61-4d06-9fc6-0aa96b4f8236,0
d245f64e-cb6c-4d81-aaba-1b1c300a400c,0
d2485eca-98d3-4ae4-a892-30d2e19b5e3f,0
d2514c83-e47c-491d-86a2-391b80f254fa,0
d252658c-95b5-413f-bb2f-251d54927e93,0
d25497ee-eeb3-4acb-9646-c7760404102b,1
d255802c-40e6-4be4-b282-0db9f7d5720b,0
d2580f72-4ba0-47cc-97d4-f9bc38bd2adb,1
d258448f-4e88-454c-bad6-453fabc83868,0
d25914cc-4d51-4951-bb81-72c1ad1b5746,0
d25ed852-1bde-47d9-9b1a-20dd6562e93b,0
d2624ee9-ff20-4018-97fd-4538d2184c15,0
d2674326-1c61-4ad9-bdb5-3c8ce1efa262,0
d26784d0-47fe-44c5-b3b4-8b483e14a350,0
d26abdbe-d17b-4f60-a081-64af99109e24,0
d27165c9-a2ed-4da3-a244-732ffdc9f9e0,0
d272a53c-9c40-4196-9998-a60c30710aa6,0
d273c9fb-aa76-461a-88d0-10b9c8a4e08d,0
d276bb91-bfd1-4ec3-8803-9758459e82e1,0
d278f4dc-2506-4309-bcf9-0f10e63e1645,0
d27b97cc-5652-4330-99c8-817837af2449,0
d27e7fc2-f380-4299-abda-8dcabb043ef3,0
d27f8212-d8f5-4415-ad81-0389875589ca,1
d2900ce1-6bc8-458f-81ed-124bf918e697,0
d297b631-8676-44d9-851c-10c717a06377,0
d297c416-9d57-4fff-8a49-82d328068b1e,1
d29a1377-efe7-459b-bdd3-af77f597259c,0
d29b395c-67ac-4eb3-981e-556f8ac891dc,0
d29cfabe-322f-4b0a-ac5d-51ba0f44002c,0
d29ded3b-5ad1-400c-ad9a-f52bc8e9850a,0
d29ed9a6-4b84-46a5-a3c7-8deb2b20de2b,0
d2a331a6-0583-4211-963e-e5076582aef3,0
d2a65e18-e1f7-4470-a78a-6a2c06a062f4,0
d2a6ba9e-0ebb-40d4-af24-de2277a45d32,0
d2a7b5a3-c439-4c51-872b-ddd8a5d48798,0
d2a95068-f0ff-42b3-bcf3-ec172fb16760,0
d2a97b59-e7af-4c9a-9c78-172b99d08015,0
d2a99896-5d5a-43fc-a984-0bab59ea358b,0
d2ab67a7-48c5-4919-9e20-66dfc9341c2e,0
d2ae9edd-ed65-410f-83b0-cde5c53d00b2,0
d2aeb24c-7627-4844-9d8d-e26ab0404e7c,0
d2aeb90a-2ecb-47ae-ace2-1667aa509ae9,0
d2b257f6-8b22-4ec6-95b4-d0001ab70daa,0
d2b4837b-6092-4116-8a35-14044e587c9e,0
d2b533da-c9cb-44d3-9af4-03f17e3dbc3e,0
d2bd228c-308b-4f46-aba1-aefd060198d0,1
d2bdc00e-92e4-471c-8cb9-75b749a2dff5,0
d2bedf45-50a3-47eb-98c1-b39504ed0e1b,0
d2c140ab-2208-4dc3-a813-066dffdd74a9,0
d2c1441b-f350-445c-83e8-5a4ec58775c7,1
d2c621bc-3af7-44f7-8757-1881cb2c9984,0
d2c6a014-6a21-4827-82db-51fcccf77c1c,0
d2c7be67-0954-46a4-a543-dd9bbc81bae4,0
d2cae906-b59d-4d00-a9e5-a1a7d2a55943,0
d2cbee06-5114-46fb-94df-a7419952cb04,0
d2cd633c-6848-4890-b6e4-e75c013158a9,0
d2cda7d3-8aed-4dc7-9ee7-ede7f60d6d7b,0
d2ce9a67-2230-46bf-b673-425605449b69,1
d2d284b7-eff0-4411-b7a6-ba9815f41a16,0
d2d7788e-fb5f-4bee-99dd-35d93200cd1b,0
d2d8c5e7-7bad-4ad3-a09e-6cf8f07f7191,1
d2d8e75d-123c-4e1c-9ba9-f86c7b5654ed,1
d2de6369-9ec1-4490-a4ff-ca5c710830b6,0
d2dff25d-bde4-424d-b120-5213651aa390,0
d2e5a93c-c21a-4d29-adfe-e5c65470e434,0
d2e666e5-e7cb-4d66-a7c2-3d7e7f219461,0
d2e69210-341b-4b21-9460-b5e9faed704f,1
d2e8ff38-3b0b-4744-ace2-2c5a69e9d2de,0
d2eed3cf-a62b-416b-8adc-8592a66e24dd,0
d2efe594-7720-420e-b39a-538b77b8920a,0
d2eff7ed-7482-4750-bc88-90bfb29cbeb8,0
d2f1095e-3557-446b-ba73-eaa936d3aae4,1
d2f20fdd-f012-428a-a248-b891060fa1d6,0
d2f6036c-3e7f-41f7-beed-3b853c1ea1aa,0
d2f6234c-c9d3-4cd3-a729-b883daea416f,0
d2f96da7-748f-4fa1-b597-1765aa819aea,0
d2fb81ab-aa64-43a3-8e9f-4660e3a3036c,0
d2fc6806-9de5-451a-8e3a-b255490e60da,0
d300af28-73b7-46f0-a051-3077dfa8384b,0
d302aa68-66c7-4683-a906-7cafeeec2e14,0
d307291c-01f1-4418-b5f6-21b64a9c573d,1
d30ea913-963d-4f36-95c5-9a209fc48eaf,0
d3100a53-1c19-4f87-ac01-23cc56582157,0
d313c14a-0a1a-47d0-9942-85cc13569c83,0
d3153892-fbca-41ec-8a00-77f770f60100,0
d3158dd0-b31f-43db-86fa-354d1a92b4ad,0
d3160e2a-f356-47cf-9824-599b405a872b,0
d318c00a-34f3-46eb-a8b3-369e44ed262f,0
d31a1d3b-67b4-4728-b293-ca829a95d3b4,0
d31b5c7e-4429-4ce2-8c75-687971a49cc9,0
d31d2857-6cad-4f98-8463-232134e9d403,1
d31edad6-8a29-4be0-9dbc-0757d8c374da,1
d322b933-dac6-4a7a-867f-68123be8e1de,0
d3232876-bfb8-4ce3-a49a-a9d3dc6623a6,0
d3271edb-59a1-4a47-9f1d-af6b3fe74d7e,0
d32cd18e-7128-49fb-8dfc-6f4a1275f5a5,0
d32f3152-459a-4bee-aaba-09dbb3806cca,0
d331feac-acc4-4aec-a2b9-a5ee0533022d,0
d332397f-cb9c-4340-a626-f3b4253b6a43,0
d334bac8-e39e-4c41-a6db-8bf06bd03be2,0
d33646ee-7c22-45c2-9fc9-d8649e7c29c8,0
d3376f94-6baf-4254-bfc2-1b171bd6b81d,0
d33a57a3-0235-4b72-b61c-73d13b92d0cc,0
d33c8caa-65d8-46c2-bac8-c8427e15cd73,1
d347e4e6-5e2a-4b2b-80c5-ca18cef69eb9,0
d34a18b8-0e78-4bbc-be98-b3ab1662e5ee,0
d3517ecb-33ce-4505-8104-d41d53d1d3e2,0
d35706ea-8283-477f-881c-d6691f044a7f,0
d3599904-1b04-4011-847e-00f3b564cf70,0
d35cd6e9-f0d5-4018-b96a-8a27768dd839,1
d35e7024-2fb9-464f-8a31-27fdcf3f1513,0
d3633805-3e00-48d3-aa13-4d4bcc693f56,0
d3645de9-424e-453b-b547-d9b3de826ef3,0
d3647d5f-8986-4643-afba-70203cefc5ba,0
d36575a8-a7d5-41c1-9ab7-c608278c469a,0
d369b5d5-298d-409f-be58-58826f38b733,0
d37295ce-3458-40ca-97b4-82a34cdc185f,0
d372a2b6-b9f6-4176-b077-6d7655f1a630,0
d37501b7-bcee-45a7-97a4-819b6b38badd,0
d379cd68-2097-4695-b22c-ddd8ec7736dc,0
d37cadb3-b1e5-4e45-985d-fb79b13eb38d,0
d37ef676-ebbf-400d-9ddd-ac1abf525bfe,0
d37efbd5-bfe0-4c6d-9dac-8a49d09f2335,0
d382ebf7-0c3a-418a-aa37-28bad4cf166a,0
d383c7b5-1cc3-47e1-819b-53578fc658e2,0
d385c0d9-e3c6-4c86-a16e-9c8948099d22,0
d38c90f4-2c10-44a0-bcf1-7fc6899bde14,0
d395a658-a449-4f80-97e4-e00b5b203d5b,0
d395eca1-d49d-4541-81fa-2202b4c5178e,0
d39730b3-a00b-4b81-87fd-688858990fd5,0
d3a0cc1b-70d6-4d69-afaf-ade44aac241f,1
d3a324d4-ec3a-472e-8bfc-2e3cba948181,0
d3a44aa8-e075-4555-99ae-b620df65adba,0
d3a5040f-2b52-4a10-8cea-f715e1ca5eb3,0
d3a6abea-0c25-4454-83d9-3368db4359c2,0
d3a77de0-fbc4-4b86-9032-f5e43c60c6ae,0
d3ae5988-e420-49cc-8cff-697e966c6414,0
d3b636f0-dfe2-4130-90e8-93fed45dce6b,0
d3b78d54-2f3b-4c6f-922c-6332f24e9e47,0
d3b7e108-6489-4f23-b6f8-6fe3d676bc75,0
d3bb9cc9-dcd9-436b-b89f-cfa2ad47c110,0
d3c28fc7-f368-4b11-b49e-fb8278895ab5,0
d3c51a6f-93f3-4087-934a-622a201d6053,0
d3caa843-839d-4393-ad43-aa137e3994eb,0
d3cd6daf-9c73-450b-b139-b4707376d10c,0
d3cf1d5c-cb0a-4a7e-b946-9273b4fee839,0
d3d1695a-181c-4cc1-a28a-b3fc384562c0,0
d3d5651e-d252-4c8f-bffd-7394c2abad0f,0
d3d62875-743b-4bb9-8373-28b56bdd3ccd,0
d3d945a8-c8db-4642-83dc-29b8593966df,0
d3dcc012-b6d1-4f29-806b-61da3f060c21,1
d3dcfba9-b12a-4d9c-9792-8917fc7ceebf,0
d3dea0c4-c7c4-40c3-81c3-e1259ea2e04a,1
d3df1931-97f4-4afd-a5ed-24123123e072,0
d3e2e799-0de3-46db-b712-1bbad9516679,0
d3e311c0-c45c-49e2-a4a5-6a39ef033b7d,0
d3e322d7-8fcb-453f-8b4b-6ea347d59969,0
d3eb8da1-b05b-4021-8763-a953bff074e8,0
d3ec45d6-a803-4984-9d79-2ae227afd789,0
d3f248c7-7fa7-4f0a-9b40-be90fdd7acd3,0
d3fbb6a0-aff1-4405-98dc-d2ca914c36f2,0
d401076a-6be6-481d-9f30-f95ae8c2962e,0
d4015d0a-10c9-4fa9-a475-a16494e19eab,0
d401abde-a0f1-43b5-a4d0-1b7d29cc96ed,0
d405953d-7ede-4e62-b855-748e9c10a987,0
d408df1f-c7e3-4417-900f-1111a2cee80c,1
d40b7441-5771-45f6-b5f2-27fcf0799ca7,0
d40bfa53-5a80-4dc1-a2f7-2a188e250d82,0
d40cb3d6-20b7-439c-a936-ebdaae44187c,0
d40fd2dd-ffd8-40cc-9d9b-589dd78c85be,0
d41321ca-a79b-4c73-9554-62de6bc460c6,1
d41ab4fe-5e18-4885-8f23-e3670b4c6e86,0
d4215aa7-19c3-47bc-95ff-db64cd689ed9,1
d421f820-639e-4f08-8dc2-71f5c2f9eb58,0
d424d7e5-199e-4441-bb68-145d361db79d,0
d425ca61-2711-4642-84e5-dedafafe1dca,0
d42a1f89-9b4d-4591-9c83-b5cf18012d1c,0
d42a8c28-2577-4531-b84d-7f3397e6df71,0
d4331a3d-3429-4b40-823c-b575f6bfa940,0
d43646e7-18fc-4742-a0d7-a6b8802303bd,0
d4387541-d9e2-40b8-ab50-145f8a3a3be0,0
d438b4a2-d5df-4107-9d39-031ec1cf60bb,0
d438bdeb-5a9c-4f30-847e-4ccd44931770,0
d43e88da-1225-433c-8862-78db789c71c2,0
d442b099-c912-4c72-aea5-1003a71cdde7,0
d443b38b-6bba-4d0c-8e73-c4916e498b46,0
d449deef-95ba-4106-949a-fbb2020ff7ac,1
d44bd029-5df1-4039-bc80-8c3b59773ec8,0
d44eb828-aefa-48f7-a2f7-9d87bbce094a,0
d45035a6-142c-4393-a510-a93ee893af44,1
d453255f-f054-4915-88e6-d874dbbcf775,0
d455360d-909b-420e-97ee-709e6a5a80ae,0
d458d0be-f5fa-46b0-9264-88d3717d1504,0
d45b23ba-1f54-454b-a600-1cdb6e07ed32,0
d45b495e-e6e0-4287-b3a2-16c8c528f5ec,0
d45b53a6-89fa-4362-826f-3e13ca220fe2,0
d45c6cd6-5249-4e24-8c32-8bf4b8dd419f,0
d45ca906-65e1-401e-98d7-8ee544a48c4d,1
d45d3c17-d022-4a1c-bd4a-808215516d7f,0
d45e25c3-5907-4a9a-a3d0-def972d82d20,0
d4623499-cc5c-4a08-b66a-7dd2ff5c4d3d,0
d462e0cf-f7ec-4396-bb8c-d499df215932,0
d469114a-4584-4bcd-9feb-1dbe6d235568,0
d46a44c5-8107-46b3-8935-402e9b8db5d5,0
d46b5939-8ae9-44d6-b724-7157f5e5021f,1
d46b814d-6b9e-4472-9300-2e4429f46585,0
d46de116-e2c0-4b8c-9bb4-812afdee469a,0
d46e0eda-d77c-4dda-8208-cdf23921bcdc,0
d46e623b-9de2-428a-a8ef-353803247f08,0
d4720013-b054-4094-8a60-345f2e6ca497,0
d477ad4f-69e6-40c6-b01a-70976799244c,0
d481eff5-dc05-456d-a93f-302d49c92d9b,0
d4837f6e-09b2-4175-ad60-80337a0a7164,0
d489bc17-185b-4fdc-a3df-9da7600b9bac,0
d48a61b9-bbe0-42f1-bbb4-d11249e436de,0
d48bc377-3368-4d26-ace1-d81bb3d8143c,0
d48ce270-ba39-42af-86f3-e8eb9e195c56,0
d492d49c-704d-4f10-94cc-065bf3ad8504,1
d49482c9-b57c-4987-b210-b1145a7f1397,0
d49b2244-2819-4c72-a1ad-4e3e78a16230,0
d49d6566-7f10-4baa-8af9-679feea14a8f,0
d49f8a69-8ad1-4394-a924-6ceaffb14593,0
d4a02a17-d1f6-4b3c-8190-b5c358334908,0
d4a2af68-b308-4b99-a78d-57a78400cd71,0
d4a37a35-b1cb-4202-9e97-26eb8d61062e,0
d4a4aa24-53a0-48e8-9527-773433438288,0
d4a6029c-9fca-4e9d-8f00-2d114a64c801,0
d4a62fa9-8569-4fd0-937c-c8e0391ae781,0
d4a81d4f-aa54-4f05-b8f2-7fe8116c6c8a,0
d4acc9ec-500a-4cb9-b690-f27aa05c1db1,0
d4ace274-55d0-4eaa-9b37-c1974a822b2a,1
d4af4b41-ee12-4982-a8e3-ccb8fd776946,0
d4b0fae5-05e9-4f14-a86f-8bc66a2fef04,0
d4b12f4f-ead3-4dc2-a26f-00877f908c01,0
d4b3cfcb-5890-4405-94c6-573816d5c1c2,0
d4b82b44-2f4d-456c-8990-5fbd9d53f52f,0
d4bb1383-6b19-4e09-bd19-f484213384eb,1
d4bdee4e-b5e2-459b-ab84-49ac836209f3,0
d4bf9dda-3da3-468f-8540-563fd9fb4280,0
d4c08752-1399-4005-a757-f7d0f14653df,0
d4c305d4-863d-4b02-9d84-402195be2403,0
d4c375ab-fd8c-467a-ba51-08e044febe69,0
d4c40c19-ff51-4f78-a65f-f82ecbb430fb,0
d4c9f4c6-c9b5-44f8-9eea-7d8699016b40,0
d4cacef5-688c-4a86-852d-49a128b22766,0
d4cccd53-4a9d-49a6-bebe-a5a964fa190c,1
d4cfa78c-2542-4aaa-9b07-53e478696161,1
d4d2236a-1aea-42ea-8fa5-25318cbc1c6c,1
d4d26950-9e05-405e-9a0f-0ccbcbb0c928,0
d4d5486d-aee4-4981-813d-f03d13e349f5,0
d4d74e83-6882-42e3-b866-81a01c06145e,1
d4d81961-7d10-42e2-a616-6d653bb2a888,0
d4d91411-c22f-4ed0-8fc0-e493ceea557d,0
d4dcdddb-6b19-437f-a2e3-648b4230523b,0
d4e00cf8-f104-4bc1-9879-730e4f4f8864,1
d4e8364a-21cf-4cff-8c3b-ee7951175a62,0
d4ea6806-5bf7-4e1c-a83c-14ae1415cd42,0
d4eafe2d-acfd-412a-a14a-4147db389908,0
d4ed173e-cab1-45e2-8e2e-39739179dc65,0
d4fd697e-e577-41ec-b4c3-9339ff00e5e3,0
d4fddb5a-8aa4-4c05-9282-fbfab63bfcb5,0
d4ffc8d5-b023-42f6-aa33-45d6e443e571,0
d5001d5b-fca9-49bd-8863-474cef11fe60,0
d500340a-6847-4657-ba55-df69be290338,0
d50797d5-6996-4d7c-ae4a-589f8a2f22e8,0
d50a5362-4d34-4366-9541-ffe1ba75ae2b,0
d50c020d-387b-4659-840b-f77446edf16f,0
d510f99f-5857-4a21-b571-37874060b410,0
d5118013-c23a-4a80-937c-4e58074ca759,0
d512e569-81f8-49ef-b3aa-faf969d127f7,0
d51907fb-ffb7-4ffb-8fca-b297aacaa702,0
d519faab-474b-4cc1-a04f-90049b1afaee,0
d51d1c71-965d-48a3-8176-69a82879f3db,0
d51f631d-00e0-4e9d-a4f8-c2bd2f0bf799,0
d522b844-632a-4e4a-b2b4-5aff1621de19,0
d5257e12-3981-4e52-86e3-6d67b67d1904,0
d5263f99-5ccc-4dbb-8c1f-a4132bb8f112,1
d5264059-53b0-4c8a-abb1-8505dc1689bb,0
d526f6a2-e675-4fab-9d28-8a30df11219e,0
d528d201-ec02-4c49-9f23-8f44a3215109,0
d52995c7-8c96-4e03-88d5-79b05b6a7499,0
d534c22a-1cf9-4bde-8a23-9531e585a329,0
d538cee3-b554-461e-b0c1-747469772d64,0
d53ccecc-2249-4d0f-9b60-8bc965a541f5,0
d53dbe1c-a70e-404f-87e8-2fc87cdfe543,0
d53f219e-f796-4f37-b286-af0a9d938cd2,0
d5406f87-e952-4fcf-86aa-3fe9f26ad8b1,0
d541d161-fd84-4e71-8170-a9c0bee7a671,0
d54469dd-9e37-400f-8f85-d98127694120,0
d5450071-7b08-4f7b-833e-2a6f5cd1bb07,0
d5451a5e-71ab-44f4-9eb8-eedac079843d,0
d5470c0f-6b56-4f2b-bac6-0186e92eeaf3,0
d54ce91f-404d-477f-8d81-df30de147d3c,0
d5519335-8afc-4318-a4db-293c265f10a4,0
d551c776-37c8-4e39-98f9-6fea458939d5,0
d5555a48-c9ed-4445-87dd-1afff1334d3b,1
d55696e5-0ee9-4d54-bd9d-7b27348799ae,0
d557dde8-1646-4d13-aac1-64dd9ef05c1d,0
d55c4646-b4c0-4888-960f-422f68e8160b,1
d5627c03-dd17-491a-ac37-e294cedbca77,0
d564c758-b6da-45a3-ae59-a4bb9352e81c,1
d5664a11-063b-42ce-b79b-f8e5d4742ae7,1
d5687654-4d91-4391-8e47-1c427aa8ee17,0
d5691cc4-d774-42f6-8bba-2c12ffc958fd,0
d57728f4-fe0e-452a-b9ee-1a4baceba470,0
d57a3b45-95d8-4138-b507-81b024ed7099,0
d57aab3f-d3c5-4acd-9df1-194495cbb976,0
d57b21d0-2a10-4a34-9745-0579be514759,0
d57c3df0-c044-4eb7-bb40-240fccc413e8,0
d57c69b3-e19e-4407-827d-084aa735bd23,0
d580e89a-ef41-414d-99f5-fe7ecdd9bbea,0
d586a019-dbfa-4acb-9b00-39f0f1ef10aa,0
d586a8a0-b150-4ea4-8a94-813612def654,0
d588eabe-00c0-4803-aed4-f880a822cad5,1
d58c61ba-4d08-4def-ad34-367ff6df1689,0
d5902f28-0684-4bbb-8d0e-9b688a6e829d,0
d591470c-d4ce-4731-801b-b9f4faa9b516,1
d593a134-2a92-483b-8153-e839357530b8,0
d598196b-8a5c-46f9-b913-07c5a0004a68,0
d59864fc-26fe-4d41-aa62-485c42c4f8f9,1
d59c27af-c5e3-4c8e-a7dd-d8c918e2b92e,0
d5a12d91-16a4-4363-a9a5-8fdd6fe62db3,0
d5a20a4c-6233-4047-a97f-c95b4749d0d2,0
d5a3ead7-f387-4ab0-84d0-0d9147b2dfc9,0
d5a4cebb-69be-4a3a-b2c2-f7071cb5e4dc,0
d5ab10ae-5048-4795-9598-b3e6c2b3990f,0
d5ab5646-c7e3-4db3-8509-578a1275e418,0
d5b25988-adc7-44b7-916c-9ce2ac155f5e,0
d5b2c147-769e-4225-a623-dbf1ae4108c7,0
d5b901f0-ff2d-454e-b760-881d4c155c6b,1
d5ba1f92-a023-4528-8f98-75a94ba54dd5,0
d5bb7087-6e86-4785-8728-9d5d2731e165,0
d5bc1aa4-e95f-4913-9c8d-f33ef2f9e386,0
d5be113b-0590-4fc3-98c4-66668973bf9b,1
d5bf6e54-fd86-4a67-b0fc-00b42e8223d6,0
d5c1724e-7842-42c5-84f1-e23b4c637355,0
d5ca2f34-5132-41b0-ace3-6e738b8ec696,0
d5ca57a8-51b5-451a-8b33-28c342cfca64,0
d5cb7eac-ee03-43fa-ae09-2f50fcf6addb,0
d5d07c47-dd8b-4a6c-a924-619fbb353588,0
d5d0fd29-a62d-4b5f-a6c2-0bc5f777a2c2,0
d5d79094-0a86-422d-af07-e75be4ed7fe6,0
d5de6edf-5166-4602-9a23-160ba31d7f14,1
d5defca6-46fa-4195-8b9f-29fd671b1db0,0
d5e4d041-1aa7-4107-8142-3abfbf553d43,0
d5e5c815-80a4-4f13-9f9c-c5694ad06b7f,0
d5e6bd4b-4c8d-4171-894c-a23de71d4a11,0
d5e6f3c3-9ed4-4cf6-b5d1-cb691d392982,0
d5ee7b8d-5f78-4d72-bc62-e37cf19476c7,0
d5ef25d8-a808-4179-b835-18e6d190f79c,0
d5f13382-68f1-4e56-aedd-3214691a9603,0
d5f3d7ac-7da4-429b-9498-da55bc59a0e7,0
d5f725c8-52cd-4422-bae1-48c21c18334c,0
d5fbb798-2f9d-49ca-a0aa-0acbdc5f77fc,0
d5fc5600-a69a-4985-9156-55869bdf3baa,0
d5fe900d-4423-4226-bbff-f43fbd81bee0,1
d6046a10-1525-4154-a3be-eba23e36c802,0
d6048928-edca-45d0-a618-b50000ad02c3,1
d60d07dc-3786-431c-b29e-e2ba0bfe3ef5,0
d60dda91-d39a-4797-a019-76ef3b19cdd2,1
d610806b-1493-4ee9-b991-b1668baccfac,1
d6130d79-c91a-4ef0-bcc5-0c196a5af59a,0
d6137205-79e6-4b62-8176-eef978ebdef3,0
d617b988-b954-48d2-ba0c-8718eba1929b,0
d61a9363-a1da-4fa0-8e7d-b010c6b5c80e,0
d61e7453-d9f4-469b-88e1-e8837b637888,0
d62169dd-d3e7-42ea-83b8-bb9538995d87,0
d6281aaa-cc77-4253-a87d-03365a5e7db0,0
d629b0b3-c0fa-47fa-b78d-efecf6fb8f61,0
d62be327-b936-4520-9a9b-b0fbd8913e94,0
d62dc43a-2a3c-4197-899f-53bc73832b04,0
d63081cd-e8a1-4332-8a5e-3a4f3699faf4,0
d639e251-dae9-4918-8e14-467da10ae478,1
d639e890-482e-4fe2-82a1-8980c79d8e80,0
d63a0bc8-626a-4878-8f06-ecdfd52b1e55,0
d63a692f-3a8b-4298-8e5d-4738af083cdb,0
d63bc426-c610-4a9e-a10d-900ebee81843,0
d6407f47-2c4c-4b26-b7ed-af5bf8d4bf7b,0
d64a851c-f43d-4fad-8dcf-379d595caef0,0
d64c23de-f298-4016-9ad5-9011401ec725,0
d64d5c09-a410-4db7-9401-89188c0f8d4d,0
d64e7ffd-c95e-4029-a45b-28e6b6831131,1
d6512560-f268-484f-acca-d9b96df77756,0
d658f7fd-33d7-4778-b2c6-e82f68909f0e,0
d6602847-d8e5-4a41-b096-e86c37e6d6b1,0
d6635b23-52ac-48da-86a3-1aa28eee5ec3,1
d6669f47-0393-4cb5-9150-ad80a9be7154,0
d667d918-0c3f-47af-b91f-11124ae24d7b,0
d669fd2e-6032-4323-b373-454f66b63dd5,1
d66bb37a-fd61-4aa6-97ea-5163f55b556d,0
d66c99e5-d431-4283-9b2f-79a73bc99e97,1
d67294ee-50ef-4577-8b95-657c7e46ae06,0
d6754744-3e22-4bee-a126-b522a5686050,0
d67bdd83-e2e4-4723-a840-0856e165b8de,0
d67d33b5-4438-45d3-9545-bc20d79833ec,0
d67fc75e-8886-4c2c-8501-f3613baf38ac,1
d682ab01-4e0e-4afa-a516-f1e1ff5ef693,0
d682ceea-7402-48b8-8364-03ca03462d38,1
d68caf90-65ff-424b-b333-66fda60da9d4,0
d68f6631-8708-4129-838e-65edf5f8b2a0,0
d68f8805-84cf-4f9e-b782-b8883037ef1d,0
d69033cc-848d-480b-bb65-d77e5098cc2f,0
d690f1ba-19a8-4c00-8ce7-04ef64f44b12,0
d6915fd1-f456-4382-9edd-2681a0e52afd,0
d694270c-768d-4ec6-ae70-b24ee8315fd6,0
d6962f53-d650-42c7-837f-0dd28155c6e5,0
d697f6c7-eb53-4a18-a807-c6e3c98391a7,0
d6980e5c-a99c-43cd-bb8d-494e6c009624,0
d6998e51-1f97-417e-9569-c645bc4adc06,0
d69d1a70-f942-4f10-85ae-ff0167126d5e,0
d6a41844-bace-4e0a-8510-76b8a19b43a3,0
d6a4f037-6a8d-4513-afba-3fc160ca095b,0
d6a6360e-f813-4d92-bd70-72cbbcf1f8dd,0
d6a7cae4-2fe3-4bf1-93de-3878b8e39f89,1
d6abca22-b35b-4be3-8995-c237b3961259,0
d6ac6907-a599-4271-848e-6390be105a62,0
d6b053f0-cb0e-4e0f-b876-3fc3b195da87,0
d6b0b88a-e429-4920-9d24-7f8eaec0ff64,0
d6b39288-4124-41da-a1c0-7702886ca7a5,0
d6b6e286-e72f-4221-ac14-e86d749e7935,0
d6ba3d83-dda2-41c5-81ec-707996184c2f,0
d6be628b-4c0f-4c76-b678-efafc7af2ec9,0
d6c326e6-6a37-42e7-a18f-b4c15b70fcc8,1
d6c6227b-9862-44ed-81e6-11dff6a75943,0
d6c83338-2d8d-4d84-9888-30248d133302,0
d6cdf5ef-42f2-459a-bae6-bdc7b57f573b,1
d6d2ee9d-405a-4842-bc53-2fa009564876,1
d6db5ab4-b8ac-4d88-ac1f-a9d2fb1f2577,1
d6e1a6c6-13bc-4e7f-96ae-5e57066579bc,0
d6e23fa4-4a4a-4cc0-b800-3124b1d8fa23,0
d6e28617-167f-4605-895f-341504b13a55,0
d6e2fddb-b9e2-43db-a085-1ec1634e621b,1
d6e4b17e-a93b-4545-b653-6e0e17918cc3,0
d6e77a32-a697-4f53-b02f-ffe1b3f6d801,0
d6ef8cc1-a6ee-49bd-869b-5549b24e064d,1
d6f34055-5c09-482c-a4cc-6bc1d4822df9,0
d6f38e18-c6e0-4188-97cf-2d0ea3a172d9,0
d6f52585-b13d-4da4-9811-4405b526b0d4,0
d6f556c2-bb2d-4422-adb2-f7d088ddc154,0
d6f5cf3c-59c1-4f32-9aa7-80a168e6c4da,0
d6f6f378-b549-46dd-b8d7-e4f95df24730,0
d6feecf9-f74a-42bb-b9d2-7fc2b755dabd,0
d700c788-b106-4803-8afc-9e4be9409d8f,1
d701519c-d039-4af6-a576-b115b385c3e0,0
d703f43f-8193-4450-8df6-269fb5d32329,0
d704ff31-3a52-4972-a85c-13270a7ee784,0
d7056be4-b6a3-452a-9ca7-d10b05bbb706,1
d706a95b-291a-43e3-bcc8-3c5453552ac3,1
d706bf15-40c4-4b12-96df-cb994dd9a0bd,0
d71078a5-79ab-46b3-86f0-1f413c9b92ce,0
d716a349-a6d9-4d6e-8f00-f79514ab4c2c,1
d717b665-a7c4-426b-928f-9f2b8694c2d8,0
d718a624-89e2-4163-8e05-d89ef8e59f9e,0
d71aa8b7-1575-4a44-b199-f987d23f2f2e,0
d7216665-2a59-48cd-8c74-3de88b8b8a9d,1
d7241bed-b015-4d56-949f-ce02794b251a,0
d728cbaf-ca51-4c30-a315-1c44290b7978,0
d72f5aef-650e-4a68-a07b-c66c851e6f08,0
d73140d3-c16b-44fd-ad48-c21e97e9b8d8,1
d73154da-bf10-4405-b7f2-6d868126b267,0
d7325e9e-c4b5-4c92-8247-b56f10875758,0
d734907b-309d-491d-8738-edb828218a37,0
d7351d0b-cce0-4e77-b6ce-47831b18b06d,0
d735d8a6-efb3-4f8d-ad69-bfc7c33b4578,1
d737312b-45d5-4071-920c-606b25f1773f,0
d73bf80f-6611-4a37-870d-62e161b52ab7,1
d73d7b36-7044-4921-acea-cc089479f92c,0
d73efe7b-65e1-404c-8561-a417f0f47e08,0
d7400a33-072a-492a-8684-df4d84d3de76,0
d740e5cf-57c8-454b-b5f7-42d81215b6cb,0
d741843f-1bd6-4ae6-8325-64ff5278b1a1,0
d7420a7e-86ad-4f82-aa11-23f3f4c366ec,0
d742767e-7147-4c87-8633-83f920a3339a,0
d7444b96-819e-4fe2-a1f3-8e79589a840e,0
d7496850-162e-4e98-8ec9-95a402f993d1,0
d74ff5bc-9cc8-4c44-916a-f46f2c958bb0,0
d754bf01-30ab-4f75-ac4b-16a2a0de7239,0
d756af44-9d2e-4f71-b119-ead0db9dd48e,1
d756d7e2-7ffb-4893-8e3a-fe0731f225ca,0
d75b8457-35db-4216-a1d7-e823a11fa888,0
d75c7ebc-004d-4059-93df-db7b2533a49d,0
d7611a79-193a-43ae-905c-8ef55e8f9e05,0
d76b35ea-7dcc-4f4e-abb1-4a0df3cdd466,0
d76d5aca-6f4c-460b-87c7-34b3c59a7e9b,0
d76db1f3-44db-47d7-8155-c0128f99b6a8,0
d76f7f69-542f-4fe0-bcf9-08b0f80af374,0
d770a23f-e5af-4eae-96de-fb7069a606ec,0
d770ca78-7201-4ba8-a565-4d16aa35395e,0
d77178ba-77f0-40e3-8d6d-3a3be0060bb7,0
d7722dde-b39b-4ce1-a4c3-0e951d7ab16b,0
d772a554-d816-4bb7-8559-4700c8ed8673,1
d7756903-de0e-4eb9-867c-aa62ea2691e3,0
d77592a8-c4c1-4249-98df-c576f45a11ff,0
d776c9a4-fb8d-4e6d-b35f-8d79e314e61c,0
d7773ddc-b910-4b36-bde7-06d356437422,0
d77911eb-520e-4e3a-bf85-f8c672b340be,0
d779c826-b78a-4849-b2b8-364adea92f58,0
d77b6def-f274-4a37-a4c7-785eb42dcd3a,0
d77d8600-a4d8-4d35-9bab-8b0231bccba5,1
d77e532f-9e41-4ee5-9eea-ad45f9fd5426,0
d77f895a-6d91-48e9-9803-02d163ff8bea,0
d781b30d-5b08-4f4b-97d2-208276ed49b6,0
d785a4fe-82b7-4fe8-930b-1031544ef79b,0
d7860b62-d659-4245-a0ca-ba85c600dd20,0
d789b138-da30-4773-bedd-ec5df580b352,0
d78aa08b-1078-4d2b-af24-e216d2d35473,0
d78d63d4-b381-4431-9f36-18b03f1fd772,0
d78e2508-6ef0-4fd6-a5a3-9213354260ae,0
d793609d-7d4f-40e5-b7f5-68059d1cc3be,0
d7936bf0-0b90-497d-b06e-50b025121f38,0
d79433cf-4df5-45e5-904f-269aeebc84db,0
d7948784-4d9e-44d2-beb6-051acc196dbf,0
d79e5e76-fc0c-455e-b751-874e99554892,0
d7a59f16-a10d-4ac8-aee9-e9d85c701f9a,0
d7ab67dd-a3d6-48c2-a574-b9b51ade1e2a,0
d7ac21da-1d86-41d0-9b94-c4ef46627f2f,0
d7aea25a-04fc-4f90-810e-5af9b5f762f8,1
d7b13874-3776-489b-ab03-2b75fd35e683,0
d7b31bd7-e6b0-4a0a-b5d1-678b345b2286,0
d7b66803-1273-483f-98ee-b5b301b8193b,0
d7badb7c-59b4-4f86-abcd-06f8deaddc17,0
d7bd6a9e-2038-47b4-abd8-42dc8e82331b,1
d7be9c7b-136b-4c9c-95cc-d860d70b0688,0
d7bfd8f5-1685-4f97-8331-24794dd14324,0
d7c33d6b-76f8-4c78-b0c2-16af9adaa206,0
d7c56628-edea-46b1-a8b1-83e53d7d961b,0
d7c571ae-de5e-473f-a086-b9f8c9aa7c86,0
d7c9d8eb-e35b-4e79-956c-c030c9e18142,0
d7ca6526-79fe-4c67-83dd-152e6713a2ea,0
d7d1bb96-c9dd-4b37-b400-168668637d97,0
d7d3aab1-55dd-4c2b-9753-3b8298659a8e,0
d7d46698-801e-4f26-a7cd-f4cbd65cb1f8,0
d7d6285c-cebe-41a5-8058-92894f383885,0
d7d6a4f4-a4ca-44db-bcff-61b890cafc27,0
d7da364b-eeb5-461a-9eca-d9645fac0234,0
d7de1c1a-82fa-4b6f-8160-9d3aa743cae7,0
d7de4e36-5dae-48c7-896b-d02a2969a371,0
d7df6d7b-2322-484e-9ba9-1d70714a4d02,1
d7e9a989-c475-4003-add6-887bbf26b835,0
d7ee84a5-221f-4620-b949-9d6d6b3ab82a,0
d7f506ae-0e24-430e-a702-7023896cd050,0
d7f66ea4-87bf-4cee-b26c-04aab12c48de,0
d7faac6b-0d24-4898-8250-8cfd173a382d,0
d7fd3a85-9e40-4e59-b7fa-2f0e485327a9,0
d7fd81b8-e541-4e1a-9297-c832df66e09b,0
d7ff575f-c895-46bd-b257-60fb7ad3ce7b,0
d800d931-fbbd-49f3-a74e-ec946c8de52b,0
d808527d-89c9-4fd3-a647-6efb00ca23d1,0
d80b7679-8270-495f-93de-59b1e22d356e,0
d80c2ce8-c718-4835-b2a6-9c56a0d70e9b,0
d80c9cfe-f47c-498b-8452-ad95c84f2693,0
d80eb734-5ec4-4425-93d9-780b332f853d,0
d80f9007-e11d-483c-8efd-987694b09a16,1
d8127993-eaac-4082-8e34-05f93ce1c176,0
d81286b4-136a-48f8-a3ec-24b9e7b87ddb,0
d812ee10-a3a6-43fd-a6bd-ffdee4724daf,0
d813e7a9-b9f6-45b8-8062-06218caeb739,1
d815cd28-9954-4425-b91f-1c642fb4afe9,1
d816a0da-9d33-4faf-9c6c-89a1513a2d40,1
d816c71b-2849-4a1d-a47f-1189330fdb64,1
d81a43de-9698-497a-be6e-42498ac43526,0
d81e890f-7003-485f-a8cc-cf0066596510,0
d81eaefd-29f1-4fb9-8d9a-40e7cae753a9,0
d81f541e-2e61-404a-bd68-08be5622df5a,0
d823946e-b9f9-45a8-b11b-584290f5d575,0
d825cdc4-08e1-4dfb-8aa4-89a4cb11195e,0
d8280e82-3583-40bc-952c-86b8c2560f58,0
d82eded2-d76d-4690-bc29-94a339c40a5c,1
d82f1da7-f090-4b93-87ab-e3aa6c66160d,0
d82ff942-8242-4507-a621-b3a94f72d0c4,0
d830f35f-c611-4574-a26b-266cafe3410a,0
d8316635-4b59-427c-82f9-f55b8a957114,0
d8355ac1-87f7-4cab-ba13-7cff7205db04,0
d8355ae2-e3df-4993-a1e9-31981e1a8fec,1
d83636da-0b5e-4c3b-94e2-d6fa984497c9,0
d838dfdf-2dc7-4d8a-a99c-ef0ad3e6499d,0
d83a161c-58dc-499a-b04f-f212752378f4,0
d83e94fa-482b-4ae1-a3fe-4c0afaa5289c,1
d8446f01-8fa4-4996-8006-4b74c2603b94,0
d846813f-7893-4274-8381-2f7c370647a0,1
d85246f6-0a86-4afb-b596-534ccf41fdab,0
d852908d-86fd-4302-8d0f-9d8959e7825e,1
d85bfc3b-8a25-4ab6-bf84-15b6992c206d,0
d85d2b9a-9027-4793-8fe8-b2293bb3706a,0
d8609e70-dbe6-40c6-b3ab-c7fa9c44ea47,0
d8696b76-b6fb-4d76-881b-c2db6c2807e9,0
d86bb5df-3bb8-4517-a363-b7b3618a5670,0
d86f343c-8679-4c7a-a06c-4e117654b8af,1
d86f51b3-3737-42d4-b2dc-9018ca878ff9,0
d871e608-1e15-4ca4-ae5e-a6fd12d818c2,0
d87340bf-0a99-409c-9770-ff0590f45595,0
d874a279-14f3-42dc-a2e2-e6f14b7804f2,0
d874adaa-708b-478d-8b7d-0555384d832e,1
d875cc0a-1fe9-44d6-b531-c9b150d66ad8,0
d87f8298-d84d-4a0c-b927-87fe98d9d0a0,0
d8868a41-fc52-4277-88a5-955cf6ff9943,0
d88cc31b-4e90-4b44-8317-5a7da1ffc5c2,1
d89584d0-3299-47b8-bfb3-c68031729263,0
d896e102-bfa2-4b59-87b7-5634c78af147,0
d89870bc-82fe-4ebd-8c0e-3f2486081223,0
d898f986-9750-4962-863b-8a39874a6bbe,1
d8a3d7b8-dbd5-47fc-81dd-f68d62840dcc,0
d8a52a36-abbc-453c-8060-af2d8e990482,1
d8a7e09b-4177-4d80-9905-2185ead16093,0
d8a89804-acee-45e2-82a6-ba62924fede3,0
d8aa57ef-522a-4e30-80b7-e6dcbaf95775,0
d8ac163b-6274-4133-bde5-8fca5d2016bf,0
d8acdce3-1e3f-4884-b453-3a98eb1e4635,0
d8ae708c-77c5-49f7-9735-888612d8076e,0
d8b00648-39a1-414f-a25d-504238045175,0
d8b0cab0-18e4-4aee-9e28-268579892be0,0
d8b0f464-bd48-4765-8f63-f6f95f65bda5,0
d8b23ca7-be4a-4463-bd29-364838b29b16,0
d8b24b7a-79fe-4433-b652-040c55fbe1b1,0
d8b3f958-0a4a-488e-bd4e-e747e8598212,0
d8b92b11-9b35-48bc-8ef0-de6e89f7f629,0
d8bebec9-b673-4ddd-9066-f8e6e5d9a1b1,0
d8c4be51-34d2-418c-b96c-c00f15fbabd8,0
d8c5ad7c-ae46-4b1b-bb45-8da4f0bbadc6,0
d8c6ffcd-cb1e-4164-8af7-f75e178e1e8f,0
d8cc4423-d366-4758-b124-7e2626cb627b,1
d8d0da9e-c675-4cdb-9a25-2d3c04e7bf5a,0
d8d217a2-dfc1-439b-b7bd-699d169783f7,0
d8d84d1c-bbed-42e9-a5e9-27d1446c0770,0
d8d94e09-9795-49cf-bbf6-7516eb0fc452,0
d8d9c59c-378d-4c4d-bc91-098ce74f78d2,0
d8db003b-4fe8-40f0-9bdc-357e28b65e6c,0
d8db2dfc-00dc-4bf3-a76a-fe0f3f7c7d19,0
d8dcc15d-642f-448e-bc24-9dcca2e32aca,0
d8df1e8d-7405-4e03-81ac-43c52263f465,0
d8e3f3a3-0812-454f-91e2-4277533a5975,0
d8e4ebfb-4de7-4f62-8f0e-40a8725a16d4,0
d8e67022-5615-4b42-9558-4e35c10ec9d7,0
d8e745e6-fb04-4331-a4a0-6b90fb5ec2c3,0
d8e97b1c-9598-4415-ae3f-175be45dd141,0
d8ea4d3d-23ec-46c5-8824-a20267d5f661,1
d8ebda0e-2006-4faf-ab94-7c2da97ee4ef,0
d8f3138f-ac61-47f9-8d94-caa8777272ac,0
d8f36a53-afba-4d47-8a6b-e2d1f34fb676,0
d8f436e7-bd67-457e-95cd-09736fad4614,0
d8f44a17-7827-4802-9869-05190c7b8801,0
d8fbcb22-9bf4-4e6b-b086-4ef38adb4a4d,0
d8ff20d9-c921-435d-be52-ebe39fbf8acd,0
d9019ead-31fa-456d-b8be-904fff5dd76a,0
d904bfe3-b109-4551-8e00-43a0b139f349,1
d9067a74-a922-44e9-9493-4564dedb884a,0
d914a8dc-83eb-4b20-8a9d-15957ee6c51b,1
d91c383b-b9f2-40b9-ae2a-c6f395a37eba,0
d92653dd-d01d-4909-9780-f092d4d69536,0
d92db512-68cd-417e-94d8-31c530ac587b,0
d92eb671-89c3-44d8-bf65-48565ff102e1,0
d93048c6-7419-40b5-90a7-7cb7cecad3a0,0
d9368f40-637a-4b25-9947-f3a5d6942a4f,0
d93d130f-0614-4570-97de-8a2d7d902f1a,0
d93efc65-f58c-488f-98be-49051b70537c,0
d940a7cb-2290-4d08-84a9-1c9fc6f7152f,0
d941a2a5-225d-4ff0-a4aa-7b120245bfb5,0
d94a77ce-4842-4591-aab9-dc5558ee125d,0
d94a95ee-0c82-4b65-9c94-b3347821bc47,0
d94e514f-52fe-4455-9aa1-7d8f72c950bc,0
d95002ac-4a42-4113-9c12-16dde7200c86,0
d9601f8f-4b04-4023-84a2-725d68ded6ea,0
d9656095-55e4-429e-aacb-0fd8fba904a0,0
d967d881-01fa-44f6-b782-37ea55825883,0
d9682c54-021e-4708-aaee-907993f2e5eb,0
d96b490f-15ba-48af-8a2b-989accba895b,1
d96c3b31-2ee7-42e2-8d24-279643fd7cbe,0
d96d803d-9e1b-44a8-9b90-8570c1da2f62,1
d96da498-bca7-4e4c-84ed-40b04e476412,0
d978209f-7f80-4e2d-9cbf-8602fc4b3d56,0
d97b1e1f-6c97-4e25-bf4d-a9690b59bda9,0
d97c2e23-f73f-40d6-b203-59c913091ed3,1
d97f8344-b082-4510-888d-39a7dcdd3cb2,0
d985932c-9f95-4937-af1f-57f8dd90d8da,0
d985978e-2840-4216-aee2-ea75d4f1954d,0
d988e173-2dff-4955-8b8c-7fc5d3ec232d,0
d98a4be4-dc41-47c2-85d8-d453f384923f,0
d98b0da6-c939-4473-988f-58733ada464e,1
d98bfa9a-983e-48ad-af0a-1c0d94a47248,0
d98c2f3a-618e-4984-9eef-5150a3523c79,0
d98c678f-6ea7-4b21-a484-d70ae518c99a,0
d98f058e-a01b-4cd7-b0dd-cda4cabaca85,0
d98fa9ac-6a12-4145-b855-b7d40d68b497,1
d990f6bb-b1a9-4028-9159-742d9c0a6a4a,1
d9929a4d-038e-4a21-82cd-d3f77e06348e,0
d9970082-4355-4ee1-a402-5aac78097db4,0
d9993317-4d1f-4d79-b0fa-e6228bf73d4c,0
d99cf927-e637-41c3-bf7c-7e53bb9b2978,0
d99ee490-659f-4827-805e-5e4df10f17c7,0
d99f4647-ea88-4739-a85a-92c2c02847dd,0
d9a25e8d-81e0-4f28-980b-efe97aa0fc5c,0
d9a29114-66dc-4f62-8304-248732f2bf99,0
d9a46696-4724-48b8-80be-19242f4da38a,0
d9a7e033-a551-419d-9e7c-0438eeeeee20,0
d9a8b768-fa26-44e4-81ac-8c0bc294d96e,0
d9aad206-4892-4325-8028-f488a75c36c3,0
d9ab5272-2cd1-46a9-8172-b111910c1617,0
d9abd303-bb49-4310-833c-6aaac8baa8f0,1
d9ad50ae-e29c-427a-bb48-53bbca5febd1,0
d9b15482-3acb-402a-b10c-ece42c170d2a,0
d9b32eb5-9ae0-4d48-bdfb-67c0cbf7b052,0
d9b8b360-917f-495f-9adc-4afdc1e226e5,0
d9b8c89d-6833-4fda-8086-d68888cf0c39,0
d9c38f4c-8cfd-485b-9c0c-43303570d172,0
d9c3fed3-a262-4dc8-b6a0-fadba3e7609f,0
d9c4b948-3073-4f51-bdf3-346a8305d544,0
d9c7f1f9-8c7e-417d-8119-e458577b99ad,0
d9c91b18-186c-4524-9a8d-7da38388f541,0
d9cc61b1-b458-4d56-98f9-ec01be75946f,0
d9cfc63c-f87c-4955-8476-27464ce1e0d7,0
d9d1728f-eb09-4bef-a0f1-4cc4211ca590,0
d9d35e49-7ec7-429d-ac53-9998de00242b,0
d9d374d3-b6b0-4a44-b82a-1f1e859bc091,0
d9d4099d-3b7b-4af4-9d86-8429a95e86df,0
d9d6f697-d3e5-485e-83c8-99b2106f51f1,1
d9d7052d-dcd2-481a-8e3d-e9e2c0bd159c,0
d9dc7fe4-a635-4f7a-9ddc-ef445921a797,0
d9e0a3f2-725e-402e-8e90-5d14cfb33099,0
d9e1bf5a-10c1-4246-a304-ed972055a4e1,1
d9e1f55b-36f9-4fff-b35c-c49e42eb026d,0
d9e8d093-1d9c-4f94-b363-2b9d71d5f51e,0
d9e9e0fb-d262-40ac-9395-5e17570605f8,0
d9ef6016-e152-42e5-9f0b-44a68e0c0fb7,0
d9f041df-d2b3-4244-a6a5-a03609d7ab94,0
d9fa8621-70c8-48a0-aced-924d253d6dc7,0
da004ffa-d61f-4288-97b1-25342709740d,0
da017fcc-f784-4f52-bcb5-2a9bccc0d221,0
da07062d-eb7c-447f-813e-f8ff4133799a,0
da086690-5587-4d47-87dc-da073594af93,1
da099fd0-9a4c-438e-86a8-d55a5b6f3db3,0
da0df6eb-85d6-4e5b-9d26-320e326e2466,0
da0f198f-2ee2-4a81-a8ce-a5c1406bf469,0
da0f2d54-3a34-4a4f-80ef-94a1a5c11d46,0
da0ffe23-ba53-4d6a-ad64-be560f2ad244,1
da101055-010b-41f2-825b-37f2ecaa8a00,0
da10f3c2-aad6-4378-b51d-7a927b54c5fe,0
da11eac5-5e32-40cf-9137-dbf11c369d41,0
da12b2c4-9482-4e28-bd27-c26e6632469d,0
da16a90c-db7b-46e1-845c-9f474a10777a,0
da179f28-6dc1-49eb-859e-84ee97fed0dd,0
da184527-2b86-4598-b5d4-93588b5e140c,0
da190388-8519-48f1-9795-b9b15587ca76,0
da1d92f3-47e0-4f28-b852-d0a836cfe406,1
da1dd1ed-1f08-4f9e-9757-c6f97eee7906,0
da1f75cc-52d7-4ae1-a8c4-81a667bbb981,0
da20ef05-3d2a-4e0f-81b7-f57b5ce6bde9,1
da21f0ff-714b-47ac-b171-504943b7019a,1
da23b13f-eff3-49de-94cd-b6c4a4362021,0
da2a57c8-ec0a-4c95-84ec-173b6e469538,1
da2cf497-b616-496e-8641-5ebd37764bf6,0
da2d8078-82a2-461d-8248-13343410a516,0
da324b0a-1e19-4c09-8d46-a584c8a54efc,0
da3586a9-5e02-4bab-b523-15b091117d30,0
da37455f-d75b-4cae-97bb-905a1dd6365c,0
da3994a0-6d1a-42dc-91db-b59b76844f41,0
da39fa50-8d32-44de-aa70-b15aebf8103a,0
da3d9760-9885-4a7e-9114-e283c6b10211,0
da3f9585-2c06-4b2f-b338-ea2fd9f3bc8c,1
da411600-4613-4488-8c31-ddcaf7411d98,0
da44a322-dca4-4748-b9cf-6a9c612fc1a6,0
da45765f-f74c-4646-8223-0a7518fa48e4,0
da4706ef-02be-4f98-83d2-f178460a828e,0
da47ce03-b711-4136-a211-f8cc2deaa4a2,0
da4ca919-df67-4fef-92b4-2364f33af5d2,0
da4e29e3-7eba-4153-b832-156bab24e423,0
da53cccf-ff9c-432f-81b5-78dd63661aa8,0
da547b07-6fe2-4783-8909-5ce4f5418ae4,0
da55c464-0b40-44a0-9ebc-de2538683cf0,1
da595b69-2f22-4763-afbc-0351c34da9ae,0
da598d7a-ea5f-482b-a86d-9787cc26a3dd,1
da59c343-fb9c-4125-bc09-894267393dd0,0
da5abd1c-66ce-49b1-bafb-7a27b18eebf7,0
da671f89-668d-4afd-b6ec-4f294cdfb1bf,0
da68a330-3ec7-41bc-9f93-4b8659e11f87,0
da736829-8572-48b2-8ba4-ca34801e1d5b,0
da74f2f2-2936-45bd-b897-7730fbb75a80,0
da75396b-6d4e-46ab-9bec-1ba06e943648,0
da785fb2-3ae9-4b28-8d1e-10e2c14937d2,0
da7abd1d-b243-4788-8b2a-d05e4aa876a2,1
da7db379-0a42-4eb9-a468-2467ec440b67,0
da8109d6-0b48-4fd8-ac82-ad05790f9b95,0
da810f97-a075-4f5b-b32b-39e8bdce6dd5,0
da8110c4-0c52-4a3a-97b6-76c33b4d84ea,0
da83f5fd-8308-4788-8820-f30b586e31d5,1
da853274-33c6-4d1f-a4bc-bdf915e6112d,0
da87d14f-ba7d-472e-a10b-3e8250f8f95d,0
da8c1033-716f-42ed-b84f-776157ace349,1
da8dc9a2-cc21-4af3-a433-215a8ea3f527,0
da8fb39e-454d-43e6-bc5e-6c46418b7d31,0
da9060f6-5802-45bc-ab10-97c074680423,1
da936030-47d9-408f-9655-b1c80d313d65,0
da9c0a70-5fe0-48c3-aa38-48b0adf9a63d,0
daa0dfa2-963d-4fcf-9d6d-33347ec81d06,0
daa45ce8-cbe7-4bee-ba5e-4d7c26f1b8cb,0
daad0eea-0163-42e7-9544-e43386f0befb,0
daad10cc-cd78-407f-95bb-79ac7e67f7ea,0
daad94df-6db7-4cfe-810a-811492e3ac63,0
dab14de8-c5f6-4310-9bd1-88e25afbdc29,0
dab84130-69f6-43c2-b122-a67c02db96f4,0
dabe7839-00cb-49e4-94e3-8d6acde600c5,0
dac2012c-999d-4e1c-9d51-1b7157066d46,0
dac24a97-196a-40fa-a4df-7c0294c51b10,0
daca544a-750e-4619-a8ec-f27db7ae10e2,0
dad29537-e7c0-46d5-9e3e-8697fb5daae8,0
dad2eae9-ce49-41f4-87c5-6f7bce96f24b,0
dad36bfe-b872-40f9-8b8e-6a9fec12b3f6,0
dad3e84b-4382-4a8f-a1df-fa33de54a450,1
dad62f9f-632a-4277-aba8-e58bf166701c,0
dad87c94-04e6-4c6e-997f-17bd9dc9aa7d,0
dada97c8-d900-4151-87bc-827196828218,0
dadb9d4f-19b4-4502-b180-faac4dac93f9,0
dae3645e-4893-4ee9-8b69-68285aa60247,0
dae53695-d4fe-46f2-912f-b39d964b09cf,0
dae7bf1a-6dd7-4777-b397-d8e2161c0e66,0
dae9245d-61e7-42f1-a157-6003b9e22a2a,0
dae9f68c-08cb-4c38-9778-688d388845cb,0
daeab92c-339e-4092-8ca6-1a9c472a080d,0
daedc52d-9c6f-478d-8532-e5a921c28746,0
daee77bb-e6d6-498e-8dcb-65431d5e6114,0
daf48679-9850-4a5a-8214-d009ffa1c866,0
daf53a82-e1dd-4c31-96df-45ed85f47205,0
daf79f18-9248-464f-83c0-7960fe480dd1,0
daf9cf9f-db1a-41c0-9da7-7df31f7bd11b,0
dafc2125-1b60-428b-94a4-67e0eb082b7b,0
dafc4c90-c0c6-4dbf-9ba8-48e2ddfb59cb,0
dafe284e-5439-4f44-9489-7ec2fb5c7e23,0
db003b20-2d2a-4a82-a5fc-70f682ec1b48,0
db014f1f-063e-461d-9d6f-21a0d4c885b2,0
db07c799-e3a3-4fd5-9571-72137ca42334,0
db091aeb-3acc-44ba-a51f-c442c5e78e15,0
db0a463f-be9a-4504-b6d2-43182863a4c3,0
db0cdbae-b469-47ef-a5e4-a6f1e337ca42,0
db140639-0f90-47fc-be97-028d8a7035c0,0
db160598-fc1e-4d6d-ab70-91923690d1e9,0
db17d19c-0998-4940-bd16-89e3bcfb5d0a,0
db1cfc1d-d86f-445b-b520-10d71246ec18,0
db1ecd16-90d7-4391-b5d6-2ccf9875a336,0
db210a96-581c-4e39-b032-686f3de05b75,0
db236b9d-9f34-409b-9d58-22ddec4bd5e0,0
db24e927-41e5-42fd-9595-5f97d33901ca,0
db26354c-cffc-46fe-91a6-92a16f1406ff,0
db2dcdfd-749a-4056-b2b9-233494125e9d,0
db2fdc18-2e9c-43bf-ad6a-5b7ad052a1d3,0
db3142b7-61c5-4c54-bfb5-1605696f64d3,0
db317ad7-a83b-4e52-93c0-b0db3e2646ed,1
db38d00d-8d48-4699-a003-d8f3d69735a6,0
db3a2725-ed00-47cf-87b4-25a955a9bcf6,0
db3cd8ca-f18b-4a31-88a0-6d9466d25b44,0
db3e5272-58d0-4b17-8b63-406cc802a730,0
db42b837-9704-43d5-a979-d67cad37d6f8,0
db45bc3d-4f2c-467f-8d25-b09678673c46,0
db460e7f-3a83-4efc-a995-2a951a867c87,0
db47c932-16d3-44f7-ba40-ce14d4477d77,0
db494ecc-8f39-450e-bfa2-2d4092adb554,0
db4a9723-803c-4e65-aa66-3b0cb7ea12ed,0
db549981-93e5-403c-8ca2-81019e197862,0
db5664bb-0207-4fbc-908c-7fba06634d23,0
db5bd5b5-a8f9-42cf-95a1-8f5ca8548724,1
db5c837d-1d26-40e7-ad8a-1e16fb7c0212,0
db62f6e4-f8a8-4e94-97ba-bd360d20016f,0
db676c3f-6111-4ea2-89d8-9c59a3f7c451,0
db68a4e8-99f0-4901-a7aa-e5804e2fc701,0
db6fda6c-3f71-4e7b-afa4-bd788a00f2e4,0
db71cbb4-f863-453f-a3b5-4d0b1e0161ee,0
db727a9c-6af1-41f9-bd0e-db89dc225e5c,0
db73275d-520b-4bfa-84da-94d52bd8c616,0
db750bc1-5b52-45b8-9fac-6f9ee25a43ee,0
db75e0e5-a11e-4823-a92a-ae58c825cf35,1
db7681cd-cc6b-4507-a9f4-3ffd90530191,0
db76c09f-d2d8-4a93-a6c1-003b2ef1a75c,0
db7a2169-bcef-4754-8ceb-ffeb3f6661a2,0
db7a2e4e-56a6-4566-b27c-13c880355ca2,0
db7b9aa6-283d-4fac-beef-e6b8df68d025,0
db7ca8a1-6135-4ee1-8a5b-3f5ed3df0949,0
db80816f-cc60-402a-90a8-4c4061220ab3,1
db833279-b08f-42ae-add2-f5d00a7df75b,0
db857ee8-4f65-4f17-8014-ea86970c9ef5,0
db88a949-3d06-4efd-9f44-fb3a4222750f,0
db8973e0-60e9-48d1-8051-faed2b6d68a6,0
db8cc40d-782a-458f-b563-e4cfdecbe7ff,0
db8db345-c2f8-486c-b4d6-2e20c89edf65,0
db91acdc-63a8-4473-acdc-d0c45df7459f,0
db91df11-d21d-40e4-8d91-920ffe96e096,0
db94ba52-4a59-41c6-b100-1a52422845c0,1
db96d600-3a4c-48c4-8774-44a34a6eded3,0
db974ba0-7c9a-40cc-9435-d4715846a6f0,0
db98343f-2fb2-4e77-b2bd-78f7fab818f8,0
db98b08f-b53d-46d2-8432-b31b8a806edc,0
db993db7-f1ff-4a45-8c26-121e8c9aa91b,0
dba4da54-770e-43e1-9dd4-a65335cdab7c,0
dba74d16-0dc0-4067-bc5c-20049fe8ce42,0
dbaac80e-8603-4329-9cc7-e2e2130f3f85,0
dbae6127-f07c-43ae-9e22-7d0704554641,1
dbafb8d5-6fa8-4db1-91a9-97ba7f961559,0
dbb0f8a6-0a74-47b2-a8f8-231c9ecd6805,0
dbb39308-916a-486f-8798-c8d526899a06,0
dbb3e475-5a09-4ef2-a41e-3571a98dc001,0
dbb63800-29c0-4cb9-b65f-ba8f35130e6f,0
dbb97a5d-c742-49ff-b8a7-3247f9dfe6de,0
dbbd6cb8-9b18-47d9-964a-babaae66d955,0
dbbd99cf-1ff2-447b-8315-3d24cd618855,0
dbc0362e-1185-4a68-8232-e6e0faa9c3df,0
dbc17bc0-4b8c-4ec5-8536-29c8fa938fc4,0
dbc1b6ca-e616-4405-a006-2d5d310a361a,0
dbc6233e-03eb-40d2-b7ea-9f8500d35b99,0
dbca3622-7046-409c-a7ec-3c464fbde94f,0
dbd1f048-d7b4-4e15-b8dd-66fdc34dd148,0
dbd35c2a-d404-4655-9016-57c3a9195aae,0
dbd49cf5-4534-4928-8405-7383509ec4d4,1
dbd924c9-0d96-4c86-a5e3-2fcdeeb60cd2,0
dbdb6b24-cbf8-4c5f-b8cc-9a479e766e02,0
dbde9e21-3c00-413b-8371-f217597b5dfc,1
dbe01e09-9185-4e34-a3c7-d3d4bf106d97,0
dbe306f0-a40e-4ab6-8639-5d25e25330dd,1
dbe3ce6d-5334-45ce-b372-c57fa138dd63,0
dbe4bc26-8f2f-4c0b-bc56-e942e304729e,0
dbe5167f-a8bf-4c6f-b2ea-389f885a886b,0
dbe57383-8adc-4e85-8ff2-dab1e0bd1a48,0
dbe5fd80-57ac-4f57-89c7-81845ab12cba,0
dbebec72-24e2-4efb-b715-e611eaa47a6e,0
dbec08a7-dbc6-466e-92b6-6464a117573e,0
dbec30da-07ea-4c7f-a4f4-d58a6977664d,0
dbf7e933-6cd0-4969-84de-ad5abd658ddc,0
dbf934a9-1315-44b6-8118-8353aa6f2554,0
dbfe2755-a7bb-454b-bff9-37161ee61add,0
dbfe72e8-a23e-4045-8169-b8aa5ae9b865,0
dbfef7bd-d113-4ceb-b436-343b6ac6c680,0
dc02e936-d6d7-4184-9f2f-e315fc2b9986,0
dc056ff3-3c3d-476a-a2ea-c28b3365882c,0
dc0713bb-e8f3-4356-843a-e35179611644,0
dc0a8c66-04cb-49de-b629-91f0dce3fba1,0
dc0f5553-9383-4a57-8601-3e81000f9407,0
dc0fb534-1bd6-4253-9b2c-7fb3f3afaa93,0
dc1176ee-3980-434f-b545-e00f2f0ad7b6,0
dc181b1a-7d91-48e1-aee0-6993a8b538b5,0
dc1b5d7d-a5df-4da5-bd15-65da15a54393,0
dc1d27ce-2a73-49dd-a777-26d769f1cd5f,0
dc1da788-b396-4faf-998b-3ba621b434ee,0
dc1f02b0-d3d3-4e2b-9c02-769f745c5811,0
dc206ec0-09bf-4a8b-8ab7-45a59fe16eba,0
dc2a0204-4525-491c-904e-9f673afd9290,0
dc2c438a-82b6-42bb-960a-8112729fe993,0
dc2e3244-ada1-4e0b-89cd-e2e24402575f,0
dc300842-35d7-4cd1-852d-20772c64fed2,0
dc31b7dc-fed2-4b1c-866e-e43c545a5984,0
dc31d6f4-a017-41ca-8952-851061c88c56,0
dc38c44c-b189-4507-990f-8e06525949c4,0
dc390915-f104-4978-8c71-13a806f5a476,0
dc3a55fb-33c8-4d4f-936f-41d38d580bac,0
dc3aea1f-e873-405f-92b4-8ff38693766b,0
dc3c7bbc-cf06-4b3a-abe6-a6dc80cc4ed0,0
dc3e0497-6c30-4a70-8033-9b5ffedc4908,0
dc3f89ac-d7bd-4faf-8e6f-29c0f0e7ad56,1
dc401508-031d-4c6b-9651-bfccc00ba6d9,0
dc4052ee-a031-4208-bcd9-7d427a7537fd,1
dc43ac22-19e4-4055-a260-93f862487291,1
dc43ac58-9d64-4fe5-b40f-e06b78fad475,1
dc442898-498e-402c-9e84-6ef10dee2f24,0
dc45c67d-4230-433a-84e7-6bb87503c342,0
dc483388-48c5-4456-96f7-4d5d6d4b98b6,0
dc4bc828-4d32-4905-b138-5c44c422bc1a,1
dc4df070-3be6-49e3-be71-cfa33152e2fd,0
dc4e9fb1-2da1-4b6f-a667-9b39d7a70918,0
dc547895-2527-4b33-a125-b395a4f7226d,1
dc578965-67a2-47c2-ae1b-cad357eaf5fe,0
dc57afb1-1239-4163-ab1d-e1ecf1b0ff4b,0
dc583a9b-d605-406c-bf23-e41a35b16846,1
dc5b133d-6434-4db3-a33a-8fe54e573fa1,0
dc63ae16-9efc-4d55-b76b-459926b68057,0
dc649d11-c548-47c0-a771-4997b95b2411,1
dc6539ba-4d59-4299-ba21-648daa5c9f18,0
dc674c94-6aea-46bc-b255-2c2995741f1a,0
dc72dddd-0deb-4811-84c9-b2d5305ce7f0,0
dc72e9f2-c291-4bc5-853d-1afaa6e5fb2a,1
dc74b8d8-9ae0-4e68-a643-03f52725c979,0
dc760f1b-7642-449f-ad28-96dfbd358faa,0
dc7eaec2-6d04-4c56-a65e-f1dd2e18d7c6,0
dc80e8be-bb76-48b2-b790-9870189bd80b,0
dc87835e-26b0-48f3-b574-1e5d3d691fab,0
dc89e72e-ee63-4857-b2c7-8250c9b48c48,1
dc8a74bc-3e94-4d22-84f9-0cb808aaa2da,0
dc908fd1-455c-453c-8c8d-f0f68a5a991b,0
dc928207-ae14-4d35-8e71-d69697109d26,0
dc963f6c-828f-48c2-8bb3-57fa74a902ac,0
dc98e570-f1d8-4415-aafa-dbb91fe5ed8b,1
dc9aa844-843e-4f92-9515-b64d156364de,0
dc9ccbdb-eb37-490e-8e20-6ca202667075,1
dc9f7a5d-3a16-41ed-84b1-7cad9977f255,0
dca08e6b-e64d-4655-941a-3822f5d227dd,0
dca87927-488c-4f1d-a447-1dcf936ea4ee,0
dcaba251-bdf2-40ca-a4b5-66f278bd81f3,0
dcb3c927-ae53-4f5d-92d7-1d8093d13aed,0
dcb46778-b1d8-4083-8d70-75a56445d65a,0
dcb46c51-d3e4-4ffc-ab2c-672ff9246717,0
dcb5fa50-79fa-438f-8f1c-f127d614cee1,0
dcb6317d-5355-464a-b603-67c4cd0c931f,0
dcb9da80-1c88-4651-a8e0-c6c9820451a8,0
dcc223f5-afae-4b0c-9f65-0e5bfb69a816,0
dcc4a1ce-36cc-40e0-a542-e7011b3c9a49,0
dcc52b2a-3551-4752-8ce7-548f60497d45,0
dcc84105-46e5-425c-a9c0-7e7ca2b8884d,0
dcc94c7e-95b4-4f49-8f94-47fc6e8d4f0b,0
dccba13e-f693-42d7-af2d-0f80b8291281,0
dcd27c6b-e2c5-44b5-b9ab-89fe91d35d7f,0
dcd39505-7582-4a5d-bfc5-0658250cd804,0
dcd6d9cb-9160-40ef-b51e-147ab1727d2f,0
dcd79d9a-3561-4405-a288-fab433d95807,0
dcd8b17d-567d-4a95-a39f-e16c435bdff8,0
dcdcf7e3-3317-4b45-a9c2-d25295b248fb,0
dce50271-2da0-4dd9-b326-1a3218f6d591,0
dce578a4-b2fe-45c8-b04e-ede584ab77fc,0
dce62464-e581-497c-b632-06c2012eb1a9,0
dce66f1f-203a-4420-b1cf-20185cdfb83a,0
dce67a19-acce-4771-a584-fbe43158ae38,0
dcea871d-f949-421a-a6a6-022c5a824b4e,0
dcec471b-5573-49d3-9462-7bbf0cb75142,0
dceca158-84e1-46bb-8d55-735a858208a0,0
dcece4e4-ba13-4481-86f1-fa67f9d1b5ae,0
dcf05c4d-fe04-4f82-a358-d2134a39aa58,1
dcf18a63-7a84-4c8d-8cf5-ca2ca59bdda4,0
dcf194d3-c1ba-4b60-ae9e-e574a8ccbc86,0
dcf2fb39-4f70-4c3c-8886-efa33c256edf,0
dcf3740f-b4fb-4570-b37f-7cf09d1d4484,1
dcf3d966-5d25-48b6-a309-6e3dd75b672d,1
dcf86501-55db-4a7a-a9f9-aeec71f5372a,1
dcfcbbb6-c77f-447e-a250-a040a8c4a301,0
dcfd0e06-a2aa-4064-a010-74e69afcff02,0
dcfe4466-affe-4b47-ab50-fce54bcdc967,0
dd03e6bb-516b-4dcc-83c3-c88629609f1c,0
dd049bab-33f7-4ff4-b248-745afdf42f63,0
dd0593fb-f0ee-4fa5-8e38-309cecba8460,0
dd080e18-06a8-453b-93a8-9c314df049fc,0
dd09c698-651f-4c78-a1ad-90bb732683db,1
dd0b1781-1971-480f-90b6-579cc4d3ef96,0
dd0ed6c7-2a7c-497b-a14e-b88d03e4c276,0
dd0fbed6-305e-4cb7-85cb-7a5b9caaf809,0
dd15863f-cfe7-47d0-b4db-7a51661056c8,0
dd1800b1-c259-4b0e-ba29-bf8e0bb27c90,0
dd198977-750b-4922-9983-c97969c12362,1
dd1a8f9d-9741-40e1-a1d0-699f4101539a,0
dd264861-70e6-4035-82ff-8beb1c49d4b1,0
dd28f93a-39a4-4bbb-a2a9-bf1bed1132a7,0
dd2a4704-a650-4df7-a78a-068ef0a85c3d,0
dd2f4ca7-83ec-4fe1-a965-4459ac94ee1b,1
dd30b752-ea7d-4796-ae3b-3d3fcaab56e6,0
dd3212db-3a9d-4e5f-890d-c68b414bc17c,0
dd327ad2-f80f-4e39-b2b8-88ec23133c16,0
dd375f5a-aa9a-4e6d-9c75-4c6c67226afa,0
dd3984ba-d4b7-45ff-820b-286a05037d14,0
dd3aaf8a-d6f0-483d-b064-a5ea648595ea,0
dd3c808c-1835-4062-8fbf-415463fcc2f2,0
dd3d1f5e-685e-46a2-b526-8589cee7fc35,0
dd3ebe39-5489-49e6-9c15-67a0b5d01e35,0
dd4030f7-6480-4fcc-b0c4-4cd467f358ef,0
dd435f16-40ec-493c-94f7-99d0cfbeee36,0
dd45afb7-2698-49f6-8024-3ce4eca24e01,1
dd480e32-12cf-4158-a9b2-4f1548d01c65,0
dd486a8b-7911-4355-87c3-0d0f3c8c6f73,0
dd4e667d-fc6c-404f-9d07-e842b1e782f9,0
dd4eacad-d7b6-4889-a178-2c9a2fbba236,0
dd5001b7-5c7f-46ab-8cf1-ae713156386c,0
dd53775a-4b85-4b83-8b50-aef5cfb8ab43,1
dd54d89c-3951-4077-bf91-dae587cd4984,0
dd561eb0-495f-4b68-a60f-622dfc54c76f,0
dd57cfc9-fba6-4aef-8ac7-3ff40bc2e427,0
dd58f486-4923-499b-b3cf-cc7dd0f6c148,0
dd5b31dd-0ae2-4ccf-9319-7d33e6e9b184,0
dd5c22b2-3282-47dd-9617-22de39f9c30b,0
dd5d080a-6914-44ca-a54c-0bfbe54bb772,0
dd5e1c7f-46d9-49bb-9b2b-71002949b25d,0
dd5f6db0-b708-4e81-bad7-366ec339d5cd,0
dd5fac67-4eca-45e8-83b4-136f39463adb,0
dd61e278-c844-4493-ba32-ec28b832a26d,0
dd63409e-714a-4c8a-afa2-4b03fc4809ee,0
dd67bf81-5f03-4cb2-b6b8-d7ee7eb96bcb,0
dd6ae9a7-79f0-4e5d-92fe-9b20098f1e86,0
dd6f9dd3-d970-43b6-8dbe-3774401e46c5,0
dd71b4a4-4175-4f78-93a1-604bab04695b,0
dd73db76-7f3a-456a-aa35-bdc02cd38045,0
dd74d070-83df-4d01-b071-37ff3af54bd1,0
dd7b071e-97b3-448c-a6da-2ad4490656ff,1
dd7b9860-5a11-4fc3-b620-cedcb0b7a85c,0
dd7c5b62-589d-4aa1-941a-3b4984c687f5,0
dd7de30d-f111-4456-949b-c421acfaab32,0
dd804e50-c947-42e0-b2e5-e308f8a2eee5,0
dd81a0ed-a6fa-4579-959e-a6ad45c52c35,0
dd826c9f-df75-4a58-ae3d-66d34e7e92ba,0
dd8617e7-05db-4cc1-99b2-ff05f477acda,0
dd8777d7-7d02-473f-9412-1992a3e6aec8,0
dd8db076-1c89-4c53-9975-fcf54c030419,0
dd8f5229-d197-4bb6-9238-024c03442f3e,0
dd941b38-2346-4500-b76b-a1687231d945,0
dd9552e8-2432-4604-8ac1-cf46436435f0,0
dd9cbc18-4ba7-4a45-8c21-48388fa5fb93,0
dda3c2d5-61fb-49a7-b39b-bf576814eae0,0
dda89200-e05e-4b49-875c-3c13372c1487,0
ddaab3cf-ae53-4cec-b4a8-bbed20e33cea,0
ddab099e-33a2-4f1b-bb34-9129379f954f,0
ddaf6d53-809c-4fed-8be4-1b7e17c598b8,0
ddb2e0c7-2941-46f9-a93c-8adc16c5d5a0,0
ddb8009b-63e0-462a-afac-db7192e1e1df,1
ddbcfd5a-804f-4ea1-af92-53fe18726b5c,0
ddc1bf9f-c245-453f-8d71-fdbeff606412,0
ddc40e96-d8a4-4803-b3bb-4dd0fe0ef17d,0
ddc4f46c-2e63-4bc7-9227-489d7a20a071,1
ddc606df-7e35-4fc1-b48a-2c483dec7277,1
ddca4fe4-15d2-42c2-b84d-0b34c2ec9111,1
ddcb4aae-98cc-4563-9249-dcb566a2ed80,0
ddcb5577-ac31-4d09-ab55-95ae6933d368,0
ddd571ca-5dd5-4c8d-bdd9-e9079d1b1fa9,0
ddda34cf-563c-4803-a717-c9372002b5ab,0
ddda492d-83c8-4c1a-96c8-1ec4e4a20f5e,0
dddc1f35-b3db-4511-a630-5f4d5aec4f66,0
ddde80aa-8342-43bf-bf99-e26fb9663f11,0
dddf45a5-25b1-4654-afa7-6e17cc4e720c,0
dde0f2ca-1b06-4089-b1c0-2338eaaef062,0
dde10006-b9ce-41c4-9c1a-9b7193f93eca,0
dde1eb6a-f407-4a26-bcb0-9b14df1b8b04,0
dde5e15c-10cb-49c2-81e4-0c621d1c5c9e,0
dde7b57a-9f5f-4133-aba3-ff52ac5fee41,0
dde9acfa-949e-4505-8235-84f1e9f14fa0,0
dde9f9bd-ee1b-4fcb-8c5b-903ddccd2421,0
ddeadf10-abba-4203-8265-d2a180a3e3e3,0
ddebd4e4-70ba-4fa0-b1e8-404dbe126b3c,1
ddebea8b-44f7-4028-89a4-d856cffe7cf2,1
ddebeb98-c848-46ae-9620-6dbf4535e6d9,0
dded3289-a362-4c57-87b9-da5c66a5b46e,0
ddf06eab-ac79-4d33-ae64-9188e7558a76,0
ddf0b0cb-e895-4144-a313-f2006e532939,0
ddf49833-a101-44d7-9fb4-17800e7e68b9,0
ddf7fca9-a407-47f9-b067-f3191dae5765,1
ddf9e398-dac9-4ab5-8bfe-aa6356f7a339,1
ddfa13c7-6c1b-4816-a122-f14cb0658f10,1
ddfb064f-bff3-474c-bfa4-7f99489ea1ea,0
de003e1b-9b4f-4e38-b4d5-771c5deec570,0
de00ae58-c9d9-4176-af51-c16ec7f569e8,0
de0b45c2-bba7-419d-980d-3ddf7088a1f4,1
de10ac12-b2cd-44ab-aac7-9de1414891b2,0
de10c211-e283-4b95-8fe9-30fe9f945fa6,0
de10d317-2f9d-4523-9c05-4f49c4a93f2a,0
de11cedc-8ec2-4889-bdd3-734900c7f3f0,0
de134259-243a-40c1-9ec8-7c80be487e40,0
de149bd4-0fce-4338-8f82-a1c6d7a8aace,0
de1a330c-70e6-44b2-9ba4-3babda45bb6e,1
de1f2f6e-aa9c-49e9-85bc-3dd3680bd045,0
de1fc68e-5040-4c1a-b0be-f8470932fc50,0
de21c06e-109f-47a8-8a14-19e7ac049fbf,0
de284008-8221-4b95-8edc-e6c74f73c6a4,0
de2a69a4-ce06-4c9f-968b-d10b6bacdd3e,0
de3a1006-7cb8-493f-b0f2-9a94cd82b349,1
de3e3176-4719-4a24-aba4-e81ff337d2b6,0
de40fc84-2dfe-4d63-943c-b1c01de036a4,0
de4a56b7-4777-43df-978c-f61651667125,0
de4af22f-b1cb-42d5-b7ab-46664fa6b5a8,0
de4c9a06-98a8-46da-a073-9b15636b2ecf,0
de4dc32f-ae1a-4910-a3e8-866b493bff1f,0
de4f046f-b127-4477-a8d4-0b0d74bb2cfc,0
de544f8e-193f-40dc-8b3e-7f70e200b942,0
de545344-ff08-4ed2-b267-4ddacd07a4f2,0
de584265-ab9f-4828-a0e7-e1647691c7cc,0
de592642-3513-41dc-a201-b3323018f1a0,0
de6100df-28eb-440f-be7e-3ba923766557,0
de683ad1-2bd3-4f58-af61-e7db2210f699,0
de686fce-52f2-4146-bdad-a1ade9097da8,0
de6a1425-bdd2-40b8-a4e6-3756bce1bb3b,0
de6a92ac-0054-411f-9e78-1b6eff5e97b1,0
de6aa7e6-e3cc-4041-bcaf-d89686d82021,0
de6b85ad-c138-4f2f-917b-c3bff83e2f34,0
de6e7c9c-23f6-42f6-854b-32ed3e727a89,0
de718e1f-e112-4e23-8bb4-e01f8c76739c,0
de75a77a-5449-4d54-81df-5f19795b97da,0
de7c9104-5e70-4bbd-b578-08cbef031102,0
de7d256b-d57d-4c1a-9a6e-b39ff45562f5,0
de7d5ff1-2f43-4782-84d7-eb67ff1c2639,0
de7e98cf-5f19-4eda-a4c2-9559ef906fc2,1
de8146cc-66ab-4f77-bc57-fd0778be4278,1
de84dc05-24d0-4c7b-8350-d4f064a37993,0
de88e37f-b099-455b-ae01-18a5a5493d31,1
de896c69-15d4-49ea-8d17-81638664b05d,0
de8cb907-83fe-4eab-b034-67a64c8bcc84,0
de928658-e394-4fea-95d2-f6753896b57e,0
de92d3ad-f08e-4b74-8a33-178e34a90c23,0
de97122c-57df-4697-95d7-bde9d1ca84e1,0
de9773b6-3e0a-4c09-8b5d-d3db6256f380,0
de98876c-d135-487d-95e6-8bc9c5ba781e,0
dea3602d-4fc7-4ea4-aea8-4069997e8ca3,0
dea731e7-3e08-4f39-ad0f-c1b412f1a404,0
dea8814b-d815-4eca-9ec3-1d19aa8521d1,1
dea89d7c-d46a-4612-8146-1498bef8fead,0
dea97528-4c3f-4d0c-8e96-d50f65b766a0,0
dea9a9ff-0c87-4c2b-9321-ab4acb051c15,0
deaa143b-8380-440e-b9c3-9dc84edb242f,0
deb01e27-3ddc-4197-9a4a-179327f4a43c,0
deb39693-5e63-4d5d-9cee-53c22712c499,0
deb72378-09ff-4e94-bf57-664d0ce092b5,1
debbf25c-fb61-41ed-8d4b-b106070a5f4e,0
debda2c9-04df-46e0-b58a-85672f69b7a7,0
dec53297-f896-4ae3-81e1-371f73157bd9,0
dec5bcc6-1eb0-44b7-859f-6e0e3792969c,1
dec70ab7-c0ea-4949-a0c3-35c8104bd68b,0
dec81974-acc5-43d5-b976-92c3364066ee,0
dec86655-012d-40ca-b720-f54f4722397d,0
decde284-61e7-4301-85c7-7ba1ec6e830b,0
ded29d95-b017-4afe-94f2-087236582aae,0
dedb673a-ed92-4569-98c5-f1927ca9b308,0
dee09f2c-998b-4a54-885c-1d068036d8da,0
dee1273a-2e47-4c18-8457-1a2107c07660,0
dee1b582-1471-487d-9e66-ed813f10c97e,0
dee43d99-10ca-4b56-96ed-f61ed8fb4543,0
dee4c4ad-9836-4fdb-af11-1596dcd9b193,0
dee66879-0db9-4da2-af0f-7b8b3c74bf88,0
dee7d30a-4228-4910-b8e1-2155e8e5d11d,0
deea65fd-80bf-4ac4-a5a2-cc5041ed5725,0
deeaaa5c-5df9-4600-b327-200c78c87729,0
deec86e0-ea9f-42d7-9e15-f25f6822faa4,0
deede61a-cd59-4241-8be5-df84dca29292,0
deeea5ac-6b9d-437f-905d-3c334647a9e1,0
deef7371-ddc8-4047-a9e9-bec7cf940dd4,0
def099c1-0ae1-468a-83e4-c32259e3c338,1
def295d0-13fa-4cc9-ab21-1856d982a4d5,0
def48165-6015-49f0-8a02-c17f5fbea90a,0
def58508-8168-43f6-9811-ef2d3bc3266e,0
def7085f-6c25-4acc-924c-91bba1cfe39e,0
def93aab-6819-4301-95c5-578536f2852f,0
defa2f6e-395c-4faf-a724-a780556a6318,0
defc86f0-4867-4508-9938-1be11966a85e,0
defcc7f7-5f2e-4de3-b147-97f0b3049634,0
defd4bf8-a0b1-4cad-be28-fb89fc6bebaf,0
defe4bf5-cdeb-49c8-9fc2-4ec94fde1f40,0
df01c1ec-de17-466e-b0bf-5b0b65dfca35,0
df07c509-4f6a-49dd-9277-63c2250d568c,0
df0869b2-6424-4497-b35f-f1dfcf7eb1c5,0
df172fc9-baae-4bda-8cb1-ff26482abb7c,0
df178abf-ad4d-4002-bf6d-a567feede29f,0
df1929eb-c3a4-46a0-84da-a22af6b1c31c,0
df1a7e28-5e6a-42af-9985-d3866548963e,0
df1ab4b8-48cb-41fa-bbed-f2380b05f55e,0
df1bccc8-a680-48b8-b70f-de3a54eb87eb,0
df1e69cc-f8a8-416f-b786-902a96bcf707,0
df1f31b3-8b2c-4664-91d9-8849ea46c690,0
df2089b2-d0d5-418f-a285-477ab612cbfe,0
df230be1-6bd0-4272-a118-5d63eca9ded4,0
df2507bf-f842-4e87-aef6-3f8416e824c3,0
df2a9a00-4294-49f1-bd6a-f80c23a19886,1
df2acd50-bf06-41ee-9f97-bbfda8b1324b,0
df2c68be-be26-45e3-9732-9a3a99075797,0
df318a98-c681-4bc3-8f12-c7dd7cff20aa,0
df334418-ae94-4ed4-8641-a073136b430a,0
df34eadd-fda5-47b1-bb0e-f6ac9380ee49,0
df367226-9b28-4a51-b97f-b6c386327893,0
df382c6b-5779-4c83-8031-9a1dd3d03a03,0
df3cfbf9-50f6-4e5f-a8f0-1d624de83455,0
df419814-f336-48f2-afa6-271c49651365,1
df43217f-9202-4537-a7f9-1754e37bda21,0
df44367f-f5ef-4a32-8eff-53823f0e1bc7,0
df4a23d1-c330-48a3-b2f7-0a743158af80,0
df4cd422-6a91-4108-8cb2-c7f5f686631a,0
df579394-1ca7-4ac2-9008-cd3f673f1c79,0
df5ab2f4-3b7b-404c-94f7-b0982b61c274,0
df5cdc8c-e59e-4770-8b82-819989176fa9,0
df680408-c401-47d2-8b89-0604b93d8adb,0
df6926ff-b9bf-4cd4-a7e1-f57b44f2d0b7,0
df6a9101-0692-460d-b952-85df173ca359,0
df6b171e-1e81-4572-92e6-32590b727e68,0
df6c2cf5-fafa-4c1b-9c19-4563e9958ad5,1
df6c6362-6656-4518-bf7e-6268e43bb626,0
df6e328d-61a4-4b04-b91b-5342b022ce65,0
df6fa9de-dabe-4f27-8948-a2b3a49a4cbd,0
df7167ee-7a90-4b0f-af55-d0ca46aa282a,0
df71db84-8624-49f7-8e6d-2562b4907fbf,0
df7b8fde-3bfc-433e-9864-1419ca7ac626,0
df7d92e6-be4b-4d2c-8654-5b4094277014,0
df7e13cd-2e42-4146-8d22-7c361baf4524,0
df861066-3fc3-4f19-9e83-608e8368f4e2,0
df86fd1d-91af-4e39-9039-f07f6469e73e,0
df8722fa-d833-4ca1-a362-88199bde570d,0
df931dab-463f-44bd-adcd-e8ed9b2398b7,0
df944bf0-1e89-4995-8c5a-18436c7f363d,0
df95a49e-1d4c-449f-9676-493cb70c8a88,0
df985cd3-a085-414f-88eb-ae5b8fdf4de4,1
df9dc07e-0ca7-4385-a97e-c01155cc0ba4,0
df9f80d2-6135-4c64-ae22-581c3bb554af,0
dfa05540-c31d-47d0-9a4f-d6b45243236e,0
dfa06657-e97c-4e7f-992c-df3833cb0d52,0
dfa8fe74-e21c-4c87-8874-337327c7e08c,0
dfa979e2-fbe7-43ea-b67b-2f1adbe878e3,1
dfa99e6b-56ab-4c70-8e71-332d716b904f,0
dfb1607c-80ca-467c-abe4-a5b7f2d45ea3,0
dfb488fb-5bf8-4a7d-bdce-06ce0c8f5f8b,0
dfb4aad0-4619-4f86-9ff5-08b2bacc0e58,0
dfb7162a-087c-4b67-b922-4538e416d0d2,0
dfc18508-b6eb-4799-9ebe-d92dbe914f5a,0
dfc25f42-f97d-4ea7-befa-252bbdd9832e,1
dfce280a-ed99-48c7-898b-57ada4844c00,0
dfce7335-9bb8-40bb-85c7-a864efd2bcef,0
dfe523ed-8fa2-4748-a1c8-84c43003076d,0
dfe55302-e64a-4471-831b-588f08a72c31,0
dfe90f13-1456-47fc-bbea-7fe37f028d11,0
dff11440-ad27-491d-a162-5277f8b08881,0
dff30614-deec-4d84-9abf-24f072b9df3b,0
dff3e323-c9f8-4660-95c0-9a46afaa6f4c,1
dff95a4d-c7a3-49a3-88a0-6ee102e09e8d,0
dffb31d6-1564-455a-8537-f45c096aec99,0
dffc5b4f-bf3b-47dc-b809-e8588b05a26e,0
dffe2c5c-6b98-48a2-8f20-6b5c33f31b6a,0
dffe45ff-ef0a-4bf1-8053-4d3827e1e003,0
e0010ff9-115e-4b1c-9883-acce4d25b9a5,0
e0021d86-72a4-439a-82f3-5dc519499016,0
e00337e9-12be-496c-b644-b9b2c089fe12,0
e006c261-af30-4094-8536-56c4aa776e76,0
e0082583-d311-4526-afd7-11a433b77d92,0
e00a0461-14cd-4d39-8134-fa09d2231a44,0
e00a4743-45c8-4ee1-a80d-92655a7f0441,0
e01131e7-daf9-4428-b047-0095cfe4ffa4,0
e0189b52-fc50-439a-8afb-9426d15a5183,1
e020b255-6058-4a44-be4f-35f995bf8b11,0
e023a75d-d51d-4b6b-8180-94600d713432,0
e024f4b4-dfb0-4e86-94d7-e6a2265a3b75,1
e0260f48-68f1-46c1-95b9-df6c165fa245,1
e02889da-98cc-43f1-8146-8e70641f5c98,0
e02a661a-6c82-41ca-b35f-dc41a9f96394,0
e02c1f3a-f932-4bf7-8b8a-7599596baca1,0
e02d1241-8838-4f2f-b8cc-f36e0285cc5f,0
e02d2d07-575a-4ec1-891e-935fd89b1754,0
e030688b-6596-4b1d-8594-e29e29993c58,0
e031b0cb-e7dd-4e51-83bd-d7575f127f8c,0
e03a2dd3-ca4b-4b09-bf26-83908cbd34bc,0
e03a7316-7294-485c-b67c-d73d17620090,0
e03d6edf-b30d-453e-8ca0-31e6c2440fe9,0
e03e0398-161b-4e07-8cae-d71f20967e9d,0
e049a649-011f-44e4-abd8-6ec75068ca86,0
e04e903b-6150-4591-8012-e9181388d7f7,0
e0515f3d-ce88-4e0b-9a85-121522c88b5c,0
e0526b51-7c9a-4bc6-b10b-51a5fbd72632,0
e057faeb-ae9d-45a8-877c-43d9e091f5cd,0
e05e0cfc-ab24-4d1e-884e-e959769d579e,0
e05f4079-1b08-4769-b6b0-a538e1cf6c84,0
e060dbd7-6bc1-4b6c-ad83-efc4a9bd33be,0
e0634e7c-e1c4-4815-8e80-f1ff2a4b9942,1
e06938c6-d870-42b2-8402-d89aad4bfdf9,0
e06c5fc7-62d9-4dec-9fec-b71a33938f38,0
e06d644a-c48b-490d-9abe-4e632cf16dfe,0
e06ecf45-911d-4d66-87d9-923083f1e70d,1
e06fc88f-4181-4a70-978f-08a05b9f2d93,0
e07026f4-c372-4f23-af0a-c13fa341505e,0
e0725eef-1c95-4e92-8eca-fd850a0690ef,0
e0727c66-c16d-4fef-a441-ccf2b00f592c,0
e07446ec-b3f3-4c8e-9ca3-4abb99ab6ef6,0
e076e6c1-3feb-4e1c-bb0e-c9c243e0e69e,0
e0788e30-97e5-46d4-98d3-e0b9864b055b,0
e07964c8-174f-47f1-a415-46b2a3282f86,0
e0799e02-758c-4573-bf06-3dc64b021fa4,0
e07d6899-9f1a-4ec3-9854-362a3eb1c9ff,0
e08106d5-af16-42f5-92fc-42d608a0b971,0
e081f304-45c4-46de-867a-0f9711c89cec,0
e08ae726-6866-4f3a-ac28-72524e7d666f,0
e08dcfa3-0e2d-4891-a0dd-bb2436c66298,0
e08f4354-8967-4e78-a4f0-b48c4732b181,1
e092e11f-fb75-4fa7-a730-93977e1c8f44,0
e092fb61-84aa-4e14-a643-1e04e215ac5f,0
e09a0167-a2bd-493f-9ba9-c22589ffa9cd,0
e09e1ac7-21c6-45c4-a2e3-01add972e426,1
e09e6141-7650-4526-95c9-649ad585acf3,0
e0a9a0ec-51a3-4d30-9bf6-399de00fd858,0
e0acba4a-4b50-47a2-b1fd-323c7477d4e3,0
e0b35014-86a7-4225-8cdf-ec69884304ac,0
e0b47462-cfaa-40df-81fa-3f78dd2c1d6e,1
e0b54ad7-56ba-443a-b4e1-81cd286f233f,0
e0b8db66-9f55-45f7-9b25-190ef04cb202,0
e0b97027-af10-4cf8-aff2-69657d1c0018,0
e0ba5539-8f02-4094-a548-3957a41367c5,0
e0bb8b5c-5cd2-4391-a283-75ba233c54d4,0
e0bbd021-8e43-4f93-bbbc-de099a35f0da,0
e0be7a72-6cc3-4e2c-bb6a-d8b5297262fe,0
e0c056ad-558e-4815-b393-7a0192d0e066,0
e0c10b67-c55d-4f36-8e5f-6519be0cb43c,0
e0c8a523-b09e-40c5-9cc1-11e5b3a3e55c,0
e0c8b048-7fb1-4435-89e5-0cbceebe82cb,0
e0cacd46-ae54-4c65-80ae-a8689bd2d335,0
e0cb0985-3119-49b1-8144-3556f1473b71,0
e0cc0ada-3f07-485e-9f19-d09be762bc0c,0
e0ce5bad-dc9b-414e-986a-0bae55034efe,0
e0d1f81f-fa11-486a-af5d-f301361d96ac,0
e0d20771-4e7d-4a0d-8813-57bf4e552226,0
e0d271bc-096b-43bc-9ca8-fe8c9c74d230,0
e0d34450-9e86-4d41-8d97-fdb8f9fa98d0,0
e0d413b1-8e69-4bcd-8a6c-f4ada708ce1e,0
e0d44d21-df2d-46fd-87fd-0b653e309d32,0
e0d68f39-f7f6-4857-b658-7ecbff26e351,0
e0d856b7-7a08-47a0-82a0-e88575d6a31e,0
e0e088f4-679c-4f7c-9fae-32fe278086e1,1
e0e6f26a-b9f9-4dab-b03e-bb6f30303ee7,0
e0f059dd-9a29-4594-bff9-d5c0a94fe378,0
e0f38a8e-9816-40f0-97c6-56808f0fe8e0,0
e0f39a06-6c2a-4e33-863d-a86e8076d85e,1
e0f3fbf0-7480-4c22-81a6-4bb598d34468,1
e0f4e49d-1430-4b20-a426-201205dbe1c8,1
e0f6e493-4473-4d63-9f5c-1f01f3b1a812,1
e0f84303-0450-4de8-a189-69ef84751400,0
e0f8798c-233e-4c4f-aa4a-7d8a24191981,0
e0fa4082-df27-4eb7-a5e3-0b7f404f341c,0
e0fc99b8-e074-472e-9fae-276f8bed1be5,0
e0fd83b4-2c34-482f-b143-0c968c1642d0,0
e103cd7a-b4c4-47e8-9abc-0cc0a087f7e7,0
e104ddca-c1c1-43fb-89d8-f6cde0ece32a,1
e1098d53-22c3-4169-8a8a-6f392ae92be4,1
e10edad5-22a4-49f7-8358-c83dec057c1e,0
e11044ef-91d5-4c1b-9aa0-42d5968f7b10,1
e11490bc-15a8-4198-9132-4e0080cc001a,0
e114df91-9807-4b85-8201-af6e32b3878b,1
e1196239-7c73-4376-b553-80ebcb0ec64b,0
e1209dcb-750f-475e-a043-01629e6fc5d9,1
e120c321-6e5e-490e-aa6e-6b8cd13f27c1,0
e123030f-7702-418d-9bfc-f4d72434be7e,1
e125c4ec-c1e4-4728-a1be-572238b3c00c,1
e12905cc-5e28-42f3-8f36-45ba543fa92c,0
e12ae9ad-6fbe-49ea-96f5-1b4db6df4984,0
e12b97c2-0a63-48e5-9dae-5225bff25675,1
e12f4483-6109-41a0-ad6b-276f5e310a27,0
e133f368-0a36-4068-8aae-193b006feee3,1
e136ecd4-070f-4942-9cef-80d2935ce2ee,0
e139e1c0-94ad-44bf-b3db-3b39c80b869a,0
e13a14dc-5a99-4b02-9a33-46c9fc1db6f9,0
e13ef767-6411-48d2-9ba2-2583955e64bc,0
e14081e3-c4e2-4b3f-94c5-9b2b485c3f8e,0
e1409fa9-cf46-4911-ae6d-2ff01ee2cbe5,0
e14187d2-9c42-4907-9f85-bbc025abec91,0
e141e7a4-43d2-49cf-95f3-1c0f8547eee7,0
e14239eb-aad4-410c-93ee-1008db673c43,0
e1439bb7-3351-4b5f-993d-7b4c558876c3,0
e14d9970-eb7b-45d9-b4b4-0f5eb8dd91ef,0
e14e26d8-2eab-4c51-bdd3-e0e5d4d4f4de,0
e14eaa3e-9029-4228-9468-afb5e3cef10d,0
e14ecaf5-5d4b-49db-a08a-217bead3bc3b,0
e1514dac-1bc4-4750-9c6b-3e4f5e9bb9be,0
e153bd2a-8472-4522-8a3e-bac72557bfba,1
e154f37c-ebef-42f8-8d46-6964eb17965f,0
e155302d-25b4-4c13-adf3-eea84bde2d5f,0
e1572e87-267f-4cde-a57c-419dbb24060d,0
e1597696-9ecf-4fb1-b0ca-c36dc32c616d,0
e15eac2d-450d-44d3-8d5b-fb22779d9d24,0
e16318f5-d375-4cb3-b44b-da37bc3777dc,0
e16513d1-7c88-4306-8528-4a6713814746,0
e1657bd8-a4f6-4d1c-afdc-3a5ca10c0b1b,0
e16a6f53-cabb-4304-84fe-fb901cff2a84,0
e16bc786-ca4f-46e3-8465-66eb68ba84bd,0
e16c1da2-ac8e-49d5-9bb2-14a641cce11e,1
e170b8bf-837c-4848-95c2-bfbbb67f4919,1
e171d52b-dabe-4083-9715-9c671e74b3d1,0
e17220d6-4d25-49db-a94d-fd34d3e548aa,0
e1733f5d-dd71-4470-8493-441b665eade5,0
e173558b-cc2d-41af-b63c-d635b1bde32e,0
e174d72f-c744-4d6d-b72d-fe10dc04ed64,0
e174d9c6-b4ae-4141-8a64-9235b1a0c3e4,0
e179d4ec-6754-4ded-8323-40dee2191e61,1
e17a7829-94f9-4d46-8495-2de156259897,0
e17e32e9-ffce-4093-97f5-1eb313cbba0b,0
e1839b0a-39cb-4eab-bd6f-8278a9241f5c,0
e18a2363-58d8-4577-968f-75fda51c232d,0
e18d501c-2137-491f-913c-291abe4b073f,0
e18fd483-c152-481f-848a-076de2e1e99e,0
e190a867-6f9e-43b3-ae8b-5b6fdfe74e2d,0
e193b18b-0e6e-4f7a-9a67-2937eccab568,0
e1948e02-1ee3-47da-8375-d01afa532c84,0
e19518f2-0c49-48e5-921b-e92be9840185,0
e19525c0-2eb8-4d64-b818-b8636bf40542,0
e1969b34-c000-46dc-b059-73fea2803e6e,0
e1990d8e-ed77-4ec8-a956-12e8f51e0469,0
e199490a-1636-4269-9d66-1892eda0770b,0
e19a5345-414d-44c5-aeb5-42df2aaa2d61,0
e19dcfb9-da88-482b-ad00-5a91c8d47a24,0
e19eab8a-c503-47e1-b860-a37bcaec4403,0
e1a08bba-6881-49d9-8c60-284f9818b82a,0
e1a08c11-47b1-4e64-959a-010f2d03f347,0
e1a29f60-d9fa-4624-ae12-6d9d995a42d6,0
e1a366a5-6fad-410c-9dea-cffd63ad755e,0
e1a57836-d5ce-4ae9-ba57-bf582f221959,0
e1a739fd-69bf-4cc7-8228-443f30988414,0
e1a79961-6283-455a-91f7-42e405f6f331,0
e1aec285-4849-411c-b7b1-840d2256af9e,0
e1af9c48-d248-43aa-89b4-3d657aa6ceed,0
e1b065bf-0f04-4acb-8ff4-d3cde3a73444,0
e1b20b32-3683-45aa-8d2b-0e8164f58c4a,0
e1b41891-f03c-4615-b225-95994a65b805,0
e1b5e286-d308-4a07-9597-f1eae977dcc3,0
e1b72e7d-2435-4707-a853-0d4fb6dc03b9,1
e1b76389-207b-4e6d-b66c-6d6647555e32,0
e1ba6f6d-2c73-4174-a8f1-37e92a5210b5,0
e1bb0613-923d-49ad-a2e9-3b882b959791,0
e1bb3118-3d03-4332-884a-a7b539938f8d,0
e1bdf8f7-9937-45cd-98c6-3812279b6698,0
e1bf2e11-3be1-4d79-9656-48e570c17000,1
e1c0a7ab-339b-45a4-b806-5204a954e104,0
e1c1d30d-1711-4a97-a272-5d74e4cf1f88,0
e1c59daf-9b5a-4e30-a73c-9ccbafd43d3e,0
e1c5f2c0-3fbb-4e19-844f-6d47d795b3bc,0
e1c829d4-4961-45ba-bd26-2ec5f92aafff,0
e1c9a333-4da2-4962-8629-973693a0be5d,0
e1d388f0-e9da-4353-b1f7-bd6841b586dd,0
e1d3bc02-45a2-472f-9206-efabc1cf4844,0
e1d5cb80-bfbf-4e18-aab5-0acc8e32aee3,0
e1d6a078-4ae2-430e-af45-11324554a2cc,0
e1d92592-14c6-4c4e-a8c0-c31d1c0bc177,0
e1da090b-ce20-454c-92fd-f26f737f9bdc,0
e1dbab7b-2e72-45ce-8852-86089d70f24f,0
e1e12d72-d431-49e9-bca0-84ef58b98ecf,0
e1e2513b-e5d7-464e-8c43-70548e7b2b91,0
e1eadc77-6088-4b98-a91c-2c76e12f2376,1
e1eaebd1-41fb-422b-b681-1c7462fc5ca2,0
e1f083e3-32d2-4ee5-b732-c9f66a9c3299,0
e1f10863-1477-4242-b346-17a1ee4f8417,1
e1f22618-81ba-4a04-8e79-89f0fd9e113f,0
e1f37fa3-9c13-4d33-b65b-a664a52f6c0b,0
e1f41225-0824-4fea-a085-aae6febe86ac,0
e1f4a942-1acd-4007-a56a-2b31e3cb233f,0
e1f51739-1070-4ded-a2b3-235d38e9fe37,0
e2010d85-43c3-4093-a36b-2356f3ab477a,0
e202d241-31c1-43f2-8db8-0c6fc3db1066,1
e202fe0c-bbdd-410a-98ec-b0bfd2bd3f95,0
e2030673-c85d-467b-aeb5-a08d7a050871,0
e20a2d54-ece2-4d1d-b7d9-99c7ea1b50c8,0
e20f4ed8-9ea5-4e1a-972e-f231812041e5,0
e2126fd4-0d76-4de2-b720-fefbb10748c1,0
e21947d3-7e53-4c9c-9cbb-8c9e08cb84af,0
e21a7c75-b0fd-4568-91fd-87fd3b6d5cd0,0
e21cdb8b-0677-439c-ad70-6e95bf54df81,0
e21e35ae-29c2-4b60-92e9-b2ef051af3e8,0
e220517c-b2af-41b9-a94d-d10af459c4bb,1
e22071f8-2687-439e-9154-731bac7c0bc8,0
e22145e7-c6fc-4397-9318-c67c791d30f6,0
e222fb2d-f437-4c0c-a008-e93be3b592bd,0
e224377b-007c-4029-b22b-586d04685b35,0
e224f0b1-19e2-47c4-9d58-8ce6dbff0981,0
e2298d8d-12f0-48fc-a8a7-09aa85cbe228,1
e2306eab-3df7-42f4-8d3b-e1ce87dc93cb,0
e23339f7-757c-4bee-829c-77250d27fc65,0
e2388523-29c1-4d5b-bcd7-efb7841e967c,0
e238e371-9f83-432d-8194-dd17a0314832,0
e239f529-eda0-4285-851e-5caf235786a5,0
e23c7a67-6c05-4020-844f-373dd7af313c,0
e23d6856-b148-4b1e-b77d-b7499ccea7a4,1
e23f2c2b-00cf-474b-bbe4-04ee42deae57,0
e2419714-0811-45ad-a565-f79c66d4451f,0
e243ffe4-e994-4e6b-ac8b-9fd90280df27,0
e248b2da-f0b1-4381-a943-96aae5043e12,0
e24a78e5-2c5f-4de3-a88a-335dc3975910,0
e24ae925-587d-44ff-aab6-bfe04754b05a,0
e24b06a1-1ccd-446b-a0d8-fbdcb7280736,0
e24b2d5d-467a-4ddb-ac8f-be9dbfe6b906,0
e24f9fbf-57f6-4daf-84c7-9150fe7aa5ed,0
e2523ae8-1707-47b2-8458-1087224f1d75,0
e2576f5e-e79b-42ae-8f18-a14afe9ce757,0
e25b1e54-45be-48a4-97bf-3ef018952368,0
e2605dab-9b3f-4513-93f6-9b7b6aa93d4c,0
e269bae2-8c4d-4984-b69b-367fb5d48f8b,0
e270295d-1c60-405e-8d73-c8eb553c1830,0
e2718eb3-71fe-430b-bc45-28b77ffbc6f4,1
e2727716-6e06-4f50-93ac-743d13729b5f,1
e2730167-383a-4641-927f-80d60c2bdbd8,0
e273041b-eebb-4911-a3ec-2a2156e6bb72,0
e27765f2-7097-48b4-b618-7331f3adb2b0,0
e27b2b4b-96fa-4ee6-9a8b-6e2bfebdcd03,0
e27befbd-a02c-4598-b7eb-f55b3ed4bf11,0
e27eee2d-7201-42b9-9652-6364fbb644a9,0
e281874c-51b9-425b-b492-0e37d24e619f,0
e287db5a-e979-41d5-9a97-52cce7c967a7,1
e288b6cd-f130-4628-8719-8e0c339bf83b,1
e28ae302-363d-40fe-bf11-f857bcc16bc6,0
e28b119d-e2a6-47d1-872c-ca877c251152,0
e28e6a90-4a7e-483f-a68f-786d0d38b8ef,0
e290336b-641e-4626-a053-3fff702c17a1,0
e292e3f4-1073-4a24-a48c-d4a9d5ab0b6b,0
e296de70-9eef-448b-b427-37b437c24e76,0
e29739d5-43e0-420a-8cbc-6713287a4482,0
e2986525-8520-4608-9860-a83872ba39ed,0
e29d5a13-20b8-4288-8c2b-9579e44241c4,0
e29e4304-c45a-4861-96a0-0efe2202afb2,0
e29f4b7e-fdd4-42ca-aea5-1952a33d4a45,0
e2a6c30b-366a-4227-8b4c-e2194b03192b,0
e2a86afd-d89c-41c6-825d-5c98163049b3,0
e2b29687-35ff-48a5-90c9-105ba81fbc5a,0
e2b3dd5b-81cb-4387-8d43-9d8049fbf79d,0
e2b4276a-676b-4391-8a63-754ac24c441c,0
e2b50a16-0b63-4845-852c-c320dfa11c1d,0
e2b9d6f8-9423-47a1-9270-285949df769a,0
e2baf578-4411-4355-87d0-d1d6623e9b6b,0
e2bebe41-2f24-4de4-a2a4-e5b6a664cf79,0
e2bf96ef-fa2a-418f-b5c0-1f60292425cd,0
e2c3dcf4-a530-4eda-a0b1-6580bf6d9aff,0
e2c72d58-ea27-47f3-a7ef-781fa906e038,0
e2c7a0da-5764-4bcc-ae7a-c09265a3614e,0
e2c922fa-c33e-4c34-ae92-b42c6bc896e7,0
e2c9611e-fff6-45b1-ac18-1735e7e439c4,0
e2cce890-6b61-4029-a249-4f1a073bf124,0
e2e073b0-6af5-4af2-9132-7aa797b2a681,0
e2e8bdaf-f41f-4501-a774-7dba58d60c2f,0
e2ec1398-f72c-41a8-8243-9c7543d58c0b,0
e2ed1fbd-a414-4df2-94aa-45ced6f57a48,0
e2ed7775-678b-46ce-b40c-554c7b71c14b,0
e2ef1221-b3e4-4b20-8612-cda13f6898f6,0
e2ef4c75-a73d-4889-bd8b-412572f39e8b,0
e2fa29d3-fbdc-4355-91f2-c5b7df373afe,0
e2fb38d6-1ec1-4d4e-a1af-7f28f23fcd0b,0
e2fd3788-3fea-43e8-a19d-6ea7cdc4ad47,1
e304497e-a741-494f-a3dd-ff230cb0f6fb,1
e30c29c2-f97a-4cc6-9f2a-81940d674464,0
e30f6090-1c95-47b3-9fe3-1ccdaffd6207,0
e312668e-e293-4189-8dcc-6e092ab34b4b,0
e3132756-c24c-4387-9795-2b4d425287b3,0
e31563e4-496b-4662-b81d-e2a0e4705e46,0
e3157098-19aa-4eca-a604-c2a416b2a1ca,0
e31af465-98e2-40e7-ba1e-c98d313b053f,0
e31d342d-28d3-48b1-aa85-95df22bf812d,1
e31d4055-d94a-4eeb-ad00-ead33e06a1b5,0
e31f158b-002f-4f85-a1ee-da47234fd5b2,0
e3280524-facd-47e6-9b73-e9d992b8faf3,0
e3295e8b-eaf5-40aa-ae81-d804c7baf47f,0
e32a1030-0ef1-4c0f-bce5-df5a7af04717,0
e32a780f-b77d-47f2-8d77-7224cf9959b9,0
e32b4286-7c54-43af-82e8-11a5fd366468,0
e32d23a7-38be-4093-a0a9-c396de588e15,0
e32d70e7-a971-47ac-be69-4dbc2b3226e5,0
e32e2cfc-5f24-49dc-a1e6-63ce7662d8a7,0
e330ca0c-d945-40f0-87f0-6839f4a8c254,0
e3333913-8dce-4d23-b270-520d8402fb23,0
e333f2b4-9955-44ee-b075-5bca34bc7918,0
e334bca9-66b4-436b-af16-58d590beb34c,0
e335ebc9-3fbc-46da-a3ee-e3af8df95a35,1
e33689be-f018-4bff-9179-20ef253ca8b8,1
e337976f-6805-449e-9bfc-ab612c558963,0
e33843bb-63c0-49a2-b30a-3785fd4ed380,0
e33b2298-9107-445f-a17e-bf55261899aa,0
e33f01b6-a11a-43ed-b81b-fb4dfefc3048,0
e3412b27-a60a-4068-8d25-125c605455b0,0
e34498b0-a815-48c4-a6f4-146585296711,0
e3474166-ab47-4365-89e0-dfa103c59863,0
e34875df-e432-41f5-b9d7-489e174e886b,0
e34db4d8-1217-4347-970a-69698238cd6c,0
e34dc282-a051-4766-b3d7-b3c77e58bc72,0
e34e1a1c-5da7-4b96-bf40-bbcb322be2d5,1
e34e5ff1-1cb6-4d37-9152-0f5510777a81,0
e350fec9-59d7-47bf-982b-1f70acc55192,0
e352584a-2439-4a39-9d0c-9752fc9dfff5,0
e3583b84-93cf-48a7-a29a-11696067efa7,0
e35843bc-fac6-4944-be12-40205d44d93b,0
e35aa8e4-efa8-4483-a7a3-a4eb4ce67012,0
e35cfa17-2777-416e-9659-66a692b7e9b2,1
e360848d-a2e9-4f0e-833a-f48dd8154c5a,0
e3663cfd-dde7-4e50-a933-4600ba4f95ba,1
e36793eb-f002-4b38-b20c-4b87905ebf85,0
e36c3739-faaf-4e5f-8266-3e05133d13df,0
e36ed33c-41c6-4d3f-93bd-c49790d3dbfe,1
e3750345-d197-4719-8489-8fc0fa5d5f91,0
e3753c6b-2bab-4a1f-bee5-b73b82536424,0
e37c3430-3ee3-44a2-80c2-f58c3793e905,1
e37cfee0-bd4f-48c9-a018-3d4b9b20e121,0
e3861d6d-c3d1-4759-b51a-1f06d0143022,0
e3862a4d-528d-4cf7-86e4-835a06b4f037,0
e38a81f1-283c-45e1-9286-ff05cac8cda7,0
e38d8fc2-f884-4b53-a9c9-c8da8b363578,0
e391abe1-f55d-4dda-9115-dc8f690c30df,0
e39aa7c3-abd7-4749-91c1-745b8e940d0e,0
e39bd715-0de9-4141-ab49-220d9e9bd4db,0
e39c031e-1047-42f3-8c7a-36cf05ef4aab,0
e39cc330-3ffe-4fa5-ac90-2a4d79911d9e,0
e39da964-77f0-4794-9ee4-03f7f849a2ce,0
e3a40104-dc52-49ce-b229-538cb55a9f77,0
e3a4bb1a-38c1-4054-a3dd-37b6bd1facac,0
e3ad1c9f-33bd-4888-8ae7-79b79a72fa15,0
e3b2655f-a263-493a-a4a0-2a20cc6345d5,0
e3b7b34f-775a-478f-a389-9584cc34eecf,0
e3b8f230-6d0a-4eda-8247-966a2b1abd0c,0
e3b9a743-ea9c-41be-91ab-139d6e9f72bc,0
e3bbf04b-72cd-4870-8614-244c5f1952cf,0
e3bd71fe-42ab-4ece-8c30-7394145bf8e9,0
e3c088d9-5e5b-4a4b-b20a-bcca52bb2bdd,1
e3c16034-9521-4a41-8e4b-ca4235b4c85e,0
e3c6b7a5-f18b-4562-bc07-29dbb5897f6f,0
e3c6e893-17b2-4703-872a-b1782a598eb8,0
e3c72da7-7eef-4614-8cf9-8c1bcfefedcd,0
e3cd20b9-648d-4ef5-8279-019ddedb59db,0
e3cec2e6-8f55-4df3-a6b8-e2f052bdf3b2,0
e3d10c51-705c-4072-8f25-fc25e801aad5,0
e3d1a6d6-51b1-4d90-a01e-9f85376705bd,1
e3d2c5c0-1a75-4576-b021-d3ce6d30160b,0
e3d30840-1221-4e76-b9ec-e72c7e160345,0
e3d63ae9-a0b8-4fd5-b133-189f17c7cb17,0
e3d63d30-0ab3-43f1-b93f-f0b8d5bb59df,1
e3d95c0b-3330-476c-a4ee-52380f416a9c,0
e3dc299a-f6ed-486d-b38f-638afac55e6a,0
e3e1049a-32bc-4984-b622-a4c0b901c3a7,0
e3e3644d-d7ca-48a9-a8ed-1effcf36fecf,0
e3e68e6f-2ef3-45ea-be61-bfff50520c4c,0
e3e8428e-9a57-48a7-87c1-3f41c32aa5d7,0
e3ea823b-f4e0-4596-9be8-9a96208adf94,0
e3ebe348-aea1-49e4-948a-2e353f0cee0e,1
e3edb079-4e76-41b5-8ea6-449082667238,0
e3f0c423-07bf-48db-b66b-b02162798b5f,0
e3f141b4-4c28-433d-9abf-86db95d6cea3,1
e3f7d1f7-9fa4-4b5c-a3e5-d313da0a580c,0
e3f9a1ad-fbfb-47a3-88ef-3f3fb2375664,0
e3fa4379-bd5b-49e2-8502-e3d9e95b8a60,0
e3fded17-d2ca-4139-a9fb-e67764695280,0
e4019465-89fb-461b-88a8-3dc1267c8f3a,0
e4044bfb-b836-4358-9004-7408e36ed043,0
e404dc1e-2b9d-4a57-ada1-e4231fb8a2f4,1
e4058717-18d3-48c3-87b4-43cb25440ad2,0
e4060830-24f8-485f-b911-666352bbfcd4,0
e408ea87-5326-4453-a227-a376639de89f,1
e4099704-fe8b-424b-9df4-0b19bd856b54,0
e40fae57-d3dd-4218-885e-3997fa1a90d2,0
e411cb58-d357-49c7-a6ac-81383e684241,1
e4131b2f-d0c2-4fca-91a7-608336618d4f,0
e4151482-bba3-4405-bc83-bf4f7671061c,0
e417b428-7fa9-4cdf-9c4a-82d3759716bc,0
e4185e07-2ab8-4c3e-82e2-cf795c00a67c,0
e41d936a-006b-4f8f-9939-1fc295e6b46f,0
e41e5b24-19d0-45c4-9938-9b9af9225375,0
e41fe1c3-f385-4303-84c0-fc443ac5cc46,0
e42001b0-d070-4f6b-9ca6-e3c0bc020624,0
e420383c-7775-497b-aab3-6dd18f2ecc37,0
e42225d0-2134-47d4-98f3-a6c89c8b1ec6,0
e42689a1-94cd-4721-9d14-3c98fbd86eb1,0
e427b14c-77f4-4875-8fb8-6cf3674118b0,0
e42e0b6e-afa9-48cb-9b33-55c9007bc367,0
e4317165-262a-4a89-bcb4-37acacbc8d2e,0
e431a24e-d782-4329-a66d-77e34bcd5d20,0
e439ddcd-8aeb-4f8e-8eed-231d1bc4f4f5,1
e441865d-c6cb-4d83-be9f-2a96d1dbfcb8,0
e44b8358-3451-45af-bbc2-a15e576ac397,0
e44be00f-2258-47ee-b1c0-3e66f2daebd5,0
e44ce3e9-e937-40ac-9eb2-6849322264df,0
e44dda19-fe98-426a-98d0-ca3e72ddc8b9,1
e450157f-2beb-4f7d-a47e-20f2961f1b80,0
e4519b0e-1d8e-4e75-8b5d-42ae2b79ce09,0
e451d71a-7465-4043-ac29-f0eec9c03d32,0
e452f82e-a3ca-4b49-bb9e-2dee531080ee,0
e459176e-3256-4804-aec5-be1f6d251c2f,0
e45a19be-2363-49e6-9c96-2924dc72b870,0
e45b1a3b-cc87-440a-9d20-ad8525b15764,0
e45b7dc6-879f-41c6-87d0-f0b64dab4329,1
e45e8c8c-11c9-4b56-b6a6-627962087f7e,0
e4605757-a6c6-4fe4-85d6-c9e275e9278b,1
e46196b6-d94a-4063-8765-bc00835db8fa,0
e461d668-5681-4a67-bc53-669079c2fb9f,0
e46355e8-19da-414a-a8ea-2ccc5ab879e4,0
e463ed14-b834-42ba-9330-c00bad6e3bf2,0
e464b655-333e-4627-b76e-bba4c2b387ec,0
e464dab2-6549-4a98-9fe8-aab3b6c953ef,0
e466b960-e8cd-4874-b998-4a5eafa2e2eb,0
e468408d-b3ad-40d8-9f2a-d4f0e5d7956d,0
e46b1db1-2d8f-4363-9521-a0770d3336f7,0
e46e14aa-8407-4d46-bcb6-bd6df0d0cfe9,0
e46eb407-3be2-458e-ab65-1cd1e05a71b4,0
e4731b56-0b8a-4aa6-a4c7-5d5fcdeb7ac9,0
e477c2e7-16bd-42c0-95b4-eacf38a4c811,0
e47ca4d5-e134-4c75-813f-f16de1855e71,1
e47ce222-1864-498a-a7d9-7dd7809e1695,0
e483983c-a9d0-4f51-80ba-8e7528d74780,0
e486d801-a10e-437c-bc4b-24cc4e22155c,0
e487997e-5673-47f1-8f6d-2fad088468f6,0
e48d5e83-5754-4ff8-9d90-453f63fede35,0
e493f9a5-0f0c-45a8-b7da-c7d35f20557f,0
e4959e06-bdef-43f7-8866-acc5bd53f059,0
e49a0b9a-90b5-4c48-bc74-7f12634872fe,0
e49a0d74-f360-41ee-afb9-dd57d3a85b99,1
e49ad290-9e3d-4c80-b757-bd9c19142f91,0
e49c70a5-c653-4a47-a2da-e1ece4c589d0,0
e49d4ce2-b332-4b14-a51c-ec7aeac9e7c2,0
e49dd522-ab2d-4b14-aa1e-1ad201a382fc,0
e4a1a10d-7ea4-4821-bbbe-c348794e5b91,0
e4a1f710-c5a7-4dcb-b8df-724d84d6b33d,0
e4a27b30-40bb-4469-a6d9-5f96415c1a81,0
e4a6223c-24cf-4369-8473-37ae85c6d908,0
e4a87747-4e03-4832-85fd-95309486acd2,0
e4a9a177-1496-4b11-9900-c84240395a33,0
e4ac0331-c9e4-4cb6-9b04-80e585e7bce2,1
e4ac410d-3ed6-4fdd-a9ea-1914128bb9b7,0
e4aec8f0-5448-4cf8-9ab6-3bf0a267333c,0
e4af4405-ed8d-45e3-8672-1403fa3645cf,1
e4b0a987-20be-4e5e-8c85-4cb634ec2176,0
e4b14d00-7d55-4716-aee9-a70941a44b13,0
e4b2e84e-eef7-4019-bfb4-3479f86f7c7c,0
e4b55544-f4ef-4d0a-b0ae-5f6c7b12152c,0
e4b68caa-570e-45ff-8c31-634aaa3b7ac1,0
e4b99914-d0c1-41ec-9696-e86851b04f03,0
e4be22ed-024a-4306-83cf-187be45102cc,0
e4be3824-a424-4b36-8532-80c945717e99,0
e4c29eba-51ba-45e8-8743-0f88021ef490,0
e4c348f8-77be-4e8c-a09d-86d1e50f016c,0
e4c39f68-38ab-4009-bfc9-d445ad652c11,0
e4c44a8c-6f6d-4a1f-bf68-ec38b2bc087e,1
e4cb48f9-161c-4661-86dc-facdbc77df40,0
e4d338be-6896-49ff-a5d1-089963350a65,0
e4da62a5-45b4-47b2-b037-ef4f1673b67c,0
e4dc849a-89b2-4625-8300-59d54992adcf,0
e4df5faa-1e3a-4d8e-84c8-4739198a6d2f,0
e4e1dea3-7e12-45fb-bc44-e4ef722a8998,0
e4e224a1-9c45-4221-9010-e97f25c941d7,0
e4e30af4-3a9c-4fa5-9c05-e149d61a531f,0
e4ee5628-e8bb-4b10-864d-0e88afcc57d9,0
e4f9fe24-97fc-4206-946e-61bbbb6b1b08,1
e501454b-b3e9-4499-a5ab-4e5d7093bb26,0
e505de91-2f08-406d-bf9f-024292bed869,0
e509a800-a3b3-439c-a30c-ed99953d4540,0
e50cc92a-413a-4861-befa-13c9f42e0f5c,0
e50dab02-ffef-4eb1-adbb-474117c90c26,0
e513b12f-86db-4fb4-9f8e-45e53dbe2370,0
e5175998-7bc0-45db-bad9-63834eaf8597,0
e51821ed-b48a-4b1e-9d65-b0d688563f85,0
e518f507-4f1c-401d-a5aa-d78bd8e24a5b,0
e51cc737-8ff5-4f3d-a40e-d42f3cb19d0d,0
e5222ccf-db71-4ca7-b00b-b63eb90a2aa9,0
e5233efb-f352-44f4-813e-9ca7b6854017,0
e524d0c1-bef6-4342-a295-ab81e77bacd5,0
e524dbf1-9a50-4a94-89a2-d38cc1fd038b,0
e526c599-bc90-4adb-a994-df4cfc984f8d,0
e526cda6-057c-4281-b2dc-9c46b0bb996d,0
e5298716-2925-4d3f-93e2-9c7860548b69,0
e52a7862-15d6-4a35-99de-a5c61e0242e8,0
e52f7dc8-c0ff-4e4c-9bbe-5461fea1c4e0,0
e53075a6-d75a-4bfd-9307-678983c4da0d,0
e532cc13-abd7-493f-8984-eb2040524077,0
e5344ec2-1336-475c-922f-1c76de14887e,0
e5374a38-65ee-46f5-ae4b-c0cc83c523d8,0
e5383299-8b0b-413c-9758-30e251b7cc97,0
e538c957-0596-4077-8661-5638bfbd6497,0
e53a50e8-d073-4ced-a2d1-9f197f289bb3,0
e53b150e-bc5e-4352-b449-b14e85057fcf,0
e53e068d-2ee7-4d45-88bd-89d19853c027,0
e5433dd5-ce7f-4356-866e-5c2a8e1fbdab,0
e5439de0-179b-485b-8c66-e4c2af9be9b6,0
e548fe0b-24c2-4b0b-a431-ac155a128826,1
e5499df7-1e8e-4b65-b2f8-491827c3ab32,0
e54e683a-4fe1-460f-9a7d-2fdf37edade8,0
e54ed6db-c09a-46e3-93a7-603e15e550be,0
e54f39a9-44e5-4c35-9eb4-09a3447133d0,1
e5506134-638d-44ac-ade0-6f7516031ef3,0
e5528c51-faa5-4547-9583-b95229ddd02e,0
e55313d6-bd0c-4fe3-91b1-eef9063e224f,1
e556ec54-dc01-409d-8512-0378b09fd9a9,1
e557e183-45d3-4a5f-bfe2-274d3a13e3fe,0
e559ed41-969f-43d1-a82e-46891b47a134,0
e55a2099-4c37-4d59-862f-e0c03b440aea,0
e55d5cce-150c-49fc-9ac2-c065690000c3,0
e55ff1d2-1255-4d85-8236-95313a4ae157,0
e5607251-21c6-4ee4-aa6a-b1acf6dcc5b9,1
e564fb12-7978-4eb0-ad87-a1b80c73ae13,0
e56efb43-3c56-4764-aa83-7f20dcdd151f,0
e57075d6-21b1-483d-9149-bb1609edf252,0
e5714e6c-fe18-4c4a-8f74-864b5a4d9fcf,0
e5760004-ddf8-44cb-a309-3c422fe7b502,0
e5785974-d84c-43ae-99ad-920c9b78add2,0
e57f2cb4-e408-4be6-9fa3-60f32290e0a5,0
e57f6fb6-1622-4295-b882-a015ec9fec0c,0
e583efd6-6e26-419c-96f8-3725f8b436d5,0
e5873e13-c100-4d34-8839-407a3c5eaadf,0
e58b7a79-16c6-466f-b694-4d6b2310b19b,0
e58bf9a5-9e26-4272-88f2-760e62fef6ac,0
e58d71c8-9521-4378-b6e1-912ff84a7f62,0
e591740a-5081-4ce8-ad32-bd56b72c2c44,0
e5931654-a4eb-40ae-be92-dd8d82797d2f,0
e5931eec-1671-42ea-910f-67c0d302d356,0
e5939e0b-8fca-4584-af88-b3535a2ba904,0
e597203e-1825-4da9-811c-fb5fdc38d7b3,0
e5a2da2a-1379-46d0-99c0-f7bc6720e6f7,0
e5a6007f-652c-4233-9b52-cb464e1eb0b8,0
e5aaeb46-4338-43ef-ac15-09f1b2700432,0
e5adab22-ba24-4588-bd53-80745727029e,0
e5b1b55c-097c-4440-8ec6-1fb27200cd26,0
e5b40cb0-28a7-4989-873b-da505a2064f7,0
e5b4fd18-6576-4ede-82b5-46ddc963004f,0
e5b8d43b-4b26-435c-9b18-2e61235cab93,0
e5c306fd-3b2f-460f-acd5-e48179636b43,0
e5c76bcc-0dca-43dc-b6d7-d5d073c5627e,0
e5c7fe2c-4662-4b4e-9720-914fd49c1a93,0
e5c8a415-4cb2-49d3-a14d-049f9b0b1abb,1
e5cc2c43-a1e3-4f33-9503-3da77a7a1630,0
e5cd6338-ba44-41c7-9428-fae18e80851a,0
e5cdc70f-8869-48d4-af06-15d2f4de6d0a,0
e5cf6897-45fd-42bd-820f-c125df342fd0,0
e5cf7550-2093-40cd-a2a9-8958f231f8a9,0
e5d2df8c-ea25-4e0e-a9c9-abc058ab7b8e,0
e5d37452-50c8-41af-9f8c-734e238ae15a,0
e5db45d7-952e-42c2-8c49-6abb3ef64765,0
e5dccc1f-0284-44b0-9d60-a1828af21b83,0
e5e04da6-2ca1-40a0-aa7a-2bca39c96e84,0
e5e1023b-f67a-4a5d-b87f-067e38fc97ca,0
e5e145f8-cf22-4442-89b6-c0586b3dff3a,0
e5e61807-10f0-48ed-8a0a-40db88b0c753,0
e5e7d099-d87c-4f77-a6c1-82981aae44fe,0
e5ec0f3b-d9fd-4ab0-81a3-59a54ab47429,0
e5ee60de-571e-4084-986c-e1fa133a11de,0
e5ef948b-1c6a-48b6-8636-5364e48c6db6,0
e5f197f8-a3ad-495c-8ca0-df80a0f6a82f,0
e5f3cd4a-cbe7-41fe-a1e0-4e6d25c0e1d8,0
e5fbad07-0940-4ac1-b01a-c9898c3b0747,0
e5fe1369-bf9d-4ad4-ba43-bae002ac507a,0
e6006136-3556-4286-8839-0b0344e74b27,0
e601ac59-a638-4795-b474-c1ad53e7b94f,0
e601af00-5442-4f27-bf7b-41bc679056e2,0
e60491db-b285-42e2-8cf1-f0118e7c0ae0,1
e60cde9e-8bed-46ea-ba47-69f1e63ca7d4,0
e615f1f9-61e0-4251-af06-5c7a327eba7c,0
e615fa62-c393-4769-a846-2f5bd54ff072,0
e617a467-f485-4413-bd77-507c720cde85,0
e617bf0c-0014-485a-a7e3-419f64e4e322,0
e6182a33-95a6-42ef-a780-b6d6572824d7,0
e61c94c3-c721-4b23-a1d2-f6bb8af207f1,0
e61dcfd3-9c4b-4f96-b1d9-1b30bc616964,0
e62198dd-0315-4e10-8983-81acdf3230ed,0
e6234ed7-e045-4698-a6a2-71959ba9aaef,0
e628905e-892d-4b0e-9f4c-62cb4a92875d,0
e62cf87a-b52b-4a50-a93d-580fa89f5fad,0
e6303a01-27c6-4ee6-9e59-b3d257ade2ec,0
e630cde5-566e-4b71-a377-9d65a2d32138,0
e6322062-d26e-418b-b63a-4c9ee35dfb91,0
e63c84e1-cb71-41ce-8bd9-25678a125650,0
e642ad14-cd05-45fb-9692-aca3f4a9b1bb,0
e644cb21-6b68-48d7-8600-8cf9097ad081,0
e64577c1-1438-4787-afd7-4602b57ceb37,0
e647f115-3cf3-42e9-959e-5aeb73286c55,0
e649851c-d544-4a22-8815-4d17d3040c73,0
e64c1d95-1f8e-4cf6-8a64-5d25bc87113f,0
e64ce44a-dfa2-490a-8d8a-aa7c62021eab,1
e6517c54-0914-4b14-96ac-def15b8937dc,0
e65d0a99-d8b1-4953-8060-2bb726f8ebe1,0
e65d492f-158e-4970-ad86-8c76adf52d6e,0
e65f8d11-9ab0-4ea0-a511-45b3a50cb20a,0
e6600fcb-2353-46d5-ae05-868d213ac6c4,0
e6623c99-9556-463a-bd7e-41191ad4f000,0
e665b0e6-754a-40e5-9e23-76226d2c1bd9,0
e6677b5e-a323-45a0-995f-ce0c4428a7fe,0
e66b8b5b-78c4-4b49-ba17-570fbbc3ad8a,0
e67045ca-7d7d-40bc-a8e1-5c16caf415c8,1
e676140d-9324-445f-82ae-88cf61f036de,0
e677f78a-24fd-4ba4-8186-15f7810a40e7,0
e67b6e69-0519-4458-8688-da33ab4242ca,0
e67d3eb2-7b4f-4325-9283-9fd185c93a62,0
e67ddd4b-bd0d-47a4-9704-8c4d5e867b2d,0
e6816afd-8bc4-4e46-be11-34ae351a35ed,0
e6819fad-cc14-417a-8b27-ce65492482a3,0
e683cf73-ef58-42b6-af1f-d61f08d6f1a6,1
e684dd85-6286-41dd-933a-95cb72e2fbe1,0
e68621a0-f647-4836-880c-843924877314,1
e68a0fee-baed-4b01-811a-21b283278290,0
e68c2c30-26d9-49fa-8cf1-17271a10c0c0,0
e68d040f-0ec9-4d16-a943-bc6735067a4f,0
e68d1627-f9a6-4beb-bf07-546aeebb0b79,1
e68ecba4-769a-43b0-8a5f-203a0294c7b8,0
e68f4df9-3280-4344-a0fb-1592f6ecf2ed,0
e69030a7-5f80-43fd-a8c2-f56e1341b0fe,0
e6906687-264b-4eb8-ab1d-312d0fc94223,0
e692b1a0-9f1f-4c7b-8d35-5a8f478602b1,0
e692f3b1-57ad-4748-add9-91cf0cd22c3d,1
e693edf4-0a7a-48f8-89f1-8890ea52362d,0
e6a1fb79-56e3-4c6d-a6e6-db2c138cb8bf,0
e6a8bc3d-1fd5-4db7-9fc8-01e8b4269150,0
e6ab76f5-bd3a-421d-b067-74cd44a0a9a5,0
e6af3f99-f8ed-43c9-9fa5-5686b0af8599,0
e6b36ff3-0ced-43d9-8ac6-57af3fa2570d,0
e6b450be-396f-4f22-95b7-40c1523be844,0
e6b4e299-9b85-4ad7-8a24-4217de36b118,0
e6b62224-559d-4789-9b78-0af4dd9c5abb,1
e6b7fb10-e843-4547-a31c-792e56b3e368,1
e6b81431-3f8e-4d87-b706-616f0bc52c3b,0
e6bd9bad-6987-4fb4-bc27-e9c6347998fc,0
e6bf11cb-c60e-45c5-8adc-6127b9af23fb,0
e6bf38c4-8fcf-4deb-9cd8-165620cddac9,0
e6c322a7-5cf3-40ed-ac94-f89c3889c96b,0
e6c54586-9c76-4160-b5e8-4ac92b88b588,0
e6c5869d-bfc5-43cd-9a61-88f41799e557,0
e6c73e2c-4c05-4597-a7b2-9e935de0a839,0
e6ced9c6-bc43-456a-862e-c4a515c19a3b,0
e6d071af-4544-4eb4-b92b-9fdf94577885,0
e6d15f27-9910-4ab2-96f5-d6321c809d5d,1
e6d8076d-8f7c-454a-87a5-d8f1eeae02dd,0
e6e2777a-7594-477d-845e-531570fb1011,0
e6e2a7ea-9a71-4c54-9a17-b12aac61050b,0
e6e62586-9f32-4777-b21d-7e643cad9d82,0
e6e7b871-16a4-4d9c-b81b-64788af9f283,0
e6ee146d-e9c0-40be-90eb-9a5a7e57c9d0,1
e6ef0294-c74a-43a4-88ec-12b92db720f7,0
e6ef4132-e7bc-4af4-bd78-2b1b4d8f72b0,0
e6f12c77-4d92-4101-a92c-1f3aeda46952,1
e6f376e8-9fa4-45fb-b5cb-a3b0cd4da09b,0
e6f40cd2-5e26-44d1-87c5-4e0b69b2310a,0
e6f71be6-4e1f-4e9f-8695-32448eac33b1,0
e6f847b3-b121-47ab-8c78-a9c7a322b58a,1
e6fb4db1-9a42-46c0-bce9-96daf7e5342e,0
e7055955-8ab6-4a8a-8e41-28d368677582,0
e7063e3d-26ca-4c2d-b58a-35e085014f80,0
e706c793-60ec-4420-b732-9a9e9debc317,1
e70805bd-c16d-48fe-9b4c-aa718a058bb9,0
e70850b2-d0aa-4440-8c2a-f58373862f19,0
e70924f4-8e99-46a6-b1dd-f89f224d984a,0
e7093bc6-2949-4395-9778-b6994cdc7f7f,0
e709870d-d4fa-4166-9e2c-9ebcb655a928,0
e70b6b0d-288b-4bf9-a2cd-1c89f0863ae6,0
e7124bdb-fed1-406c-851b-9533bddc53e9,0
e71697d6-91fc-456e-9727-d38008d34b48,0
e71980aa-4f01-419d-9c08-948ef40fb2c7,0
e71b49ff-3c1e-477e-9393-78fe9a247ea9,0
e71fb626-d6f6-4dc8-8deb-a5c1d429eb89,0
e724118d-4719-4112-9ccc-b0fb65f57975,0
e724e24d-8453-4cc3-b1a6-21dc3dbda983,0
e72ab5fb-1687-4333-9ca3-1960e8f15b1b,0
e72bfac4-15f6-4f7a-a02b-06c3951a34eb,0
e73063d4-170f-45cc-ada2-7e6dcc0e521b,0
e7308df5-d44b-45ad-8f82-8d851a670ae8,0
e73592ab-248b-481f-844e-144fd326ee5a,0
e735977e-fbeb-4422-9916-a253f1178202,0
e7371e13-bf43-472e-acf8-3cf849c90956,0
e737acc8-b94f-429e-a9a3-140a22b9138e,1
e7394592-8483-4b03-94ee-85d438463dad,0
e73de190-85ed-4838-93fb-229557c06e15,0
e742497a-16cd-4ac1-b90c-91f17fc7694a,0
e745d058-337d-47fc-b62f-af26f89b9e0d,0
e746b923-3437-44cb-a400-88a9d5d252bd,0
e746ea57-8a03-4c5d-b056-d68c07581807,0
e74b0912-05e7-403c-935f-953d1a767384,0
e74c3d86-8a87-4c00-ac5c-2b8e3c42c4ce,0
e74d224c-4b30-4d53-8eee-b7d673738ad2,0
e74d7450-9bb0-4dd7-a04f-428b4e75c9b3,0
e74e18e6-2c7b-4cc9-8bc8-85d627aae6b8,0
e7521651-1b7d-43c6-8f6c-ea7b1a08c4cc,0
e754489a-5f06-4400-b4ff-5eaa17e27838,0
e755113e-ffcf-47ce-9ddc-c6935d530be3,0
e755dd51-6141-4db3-ba7b-4007055a44b8,0
e7593873-d2bf-4a36-9ce9-91cebe972841,0
e7596438-3321-4b17-8db1-7d719389a1c5,0
e759e44e-1171-4c8d-8d15-816a16c21a31,0
e75a3241-a017-48df-a3a4-8c53e7b5398e,0
e75ca5d2-2690-49ef-b565-681062fb8b13,1
e760b98f-cec0-4db3-a355-331e6a6a60be,0
e7670542-bc74-4e9c-bc2a-09cd16a4697d,0
e76718c5-c543-4fb5-9316-54a414fd5bde,0
e7677de3-bcbb-4f0e-9964-4cdcfdb4dcab,0
e7687e00-7872-4b15-828a-0f078a4b1c30,0
e76b439d-a394-4da0-b54d-beda5fc598de,0
e76b709f-5066-4c21-bb39-430fe7ca38bb,0
e76cfa0d-4ad8-419d-9d24-4faa2103d482,0
e76db133-9789-4a0a-9f22-a0d509495b49,0
e76e30a3-6eda-4f66-876c-cd9c16de853c,0
e776303d-b1ad-4174-a282-3207efd8d82d,1
e777b536-fab3-4ecc-aa22-c00c09752848,0
e7784cec-e2d7-4e36-8a86-2e2d749f492c,0
e77921c1-ef46-42a3-8dab-c5417c20bab8,0
e77a4b6b-a46c-43fa-89f4-6f6bd703469b,0
e77da9be-a17c-4168-b63c-1d77972217fd,1
e77e7e5f-b96d-4409-8b24-036c58f7e4f4,0
e77e8544-301d-4944-9f0f-4755259de6bf,1
e77fdb2e-770a-4f5a-abd0-bc87dd88439d,0
e781ca42-e48b-4b89-9d2d-ad4da7d0c8d2,0
e783798c-e8d8-4a9c-a5f8-0401eb87c533,0
e785afee-de5e-460a-8f9b-fa39a590863f,0
e78700b4-c17c-44ba-9f15-9ea40db306ff,1
e787a248-e795-4797-844f-a3d3f0b0c8ad,0
e78884a5-1173-469c-89e6-36dcab81052d,0
e78e5d07-8826-45ee-af8f-68e8c2caeb3e,0
e7900430-e357-4379-9083-52e2f96a4e05,0
e7917a6f-3ea9-4265-b2ac-7e22448e27ce,1
e791e564-ff4b-46f0-bb88-e854ff334752,0
e796efe0-6d78-46d4-bd39-c2f168e67413,0
e797e8ba-d137-4a61-8782-b973a536ff26,1
e79a4632-dd12-4769-b0ac-806450d45696,1
e79c0064-7a24-4f06-ab11-577c2e486773,0
e79c2ab7-ad49-40f1-b6dd-646af9ebf1b8,0
e7a0df6a-6595-4bcd-af85-de898e411953,0
e7a282fd-a627-43f0-acdd-6e0e71d9a117,0
e7a68755-865d-4f7a-8c62-ce802f4199ba,0
e7a91ef0-a6e9-4c4f-ad97-c453796e48b7,0
e7aae6d3-107d-4967-ac61-45b92aca913f,0
e7aba619-2a85-40bb-a622-737ff3853338,0
e7abe1c1-44f1-475d-9022-678dd1e9c0ef,0
e7b0c582-9d1a-4291-9ac4-9ca638009947,0
e7b1fcda-7d5d-4b0f-9a7d-4ebf78490390,1
e7b602c3-3432-427f-b8b2-ecde6727e0a9,1
e7b79cda-c4ca-4868-800c-98867e505584,0
e7b9b916-cdd1-4c5a-84cc-f9caf399840f,0
e7ba3401-9491-49ff-b37e-9ab427ca9108,0
e7bb4947-b8da-4b72-a5db-398f36793700,0
e7bbc749-60df-4d08-8e0b-12e8fa76647c,0
e7bee940-e042-49f2-ae3e-ee4c1b8712ce,0
e7c19da9-9b2b-454e-bdac-bcd822304191,0
e7cbd2f1-f212-4998-8c1c-dcb869a519de,0
e7cce37a-4e7d-45fe-b83a-5b8e96963945,0
e7ce41a9-f919-4adb-a94e-c97b1ddf5b50,0
e7d16179-c866-4116-9cf6-45192237c9de,0
e7d42566-9a75-4d82-bff6-406e9853a306,0
e7d89554-3ca7-4017-bdaa-c9edb6d10d65,0
e7d9171d-9209-423c-8f47-5e7552d1717a,0
e7dafe9d-603b-4a2a-a84d-688289497056,0
e7db1eb9-4991-47dd-97cc-8024a9211dc5,0
e7db6d19-209a-4519-8542-db254230e61b,1
e7deb1f5-171b-4518-8ad7-47b7bd183ed1,0
e7e27011-289b-490e-a62e-89f5f4df203a,0
e7e2d044-035d-4f13-963c-4da4204e6da7,1
e7e4f68b-ebdb-4cf8-9d33-0fd3ffb8ab2c,0
e7e85ca2-3c80-44d6-9029-318869d2006f,0
e7ea3d49-48a8-4c29-99ab-6c5c7ac1efb0,0
e7ea650f-5afd-437a-866e-a85caf6cca7b,0
e7f12a82-5aa3-48bc-bc54-7a17b66d6020,0
e7f1915f-5f61-4925-b40b-c93568212adc,0
e7f1a0bf-638c-40b1-ab71-586680ff6142,0
e7f34c4c-214c-4c78-8b03-efe351f5fc90,0
e7f64ac8-08f2-417a-8e04-faf549f949b5,0
e7fb5e48-ceb8-41c1-a484-5a9baae77ab3,0
e7fe97a0-bd4b-444d-afd3-bbf3b7ae73db,0
e7ff1b89-677f-48c4-9dd7-9f3e62ab8911,0
e80304e5-8408-408a-a36e-f1bfc6513c37,0
e80706e2-ba78-4970-b553-76dfe7792e37,0
e808c413-54db-4143-b3cf-85989ee3c495,0
e80cfa93-147a-4d67-8219-9574ce0ee003,0
e80e4442-9664-494d-bbc2-a02d83bf857f,0
e8115c21-74dc-4bb7-89a1-76f5eec4d86f,0
e812d12e-437f-4519-a6b8-49225c1fd05c,0
e8149344-b517-46b2-beff-f56c2f9842f7,0
e81e7b2a-af93-48bc-b020-9a76e656b52f,0
e81ed05d-f82a-4566-aa82-37908f7abc1b,0
e820d76d-72de-4d24-b71b-dad458207b2e,0
e822b6c5-e038-42dd-ae23-37ca7524cb4c,0
e82664d8-2f35-4f3d-b4a0-e9088683bb3e,1
e828d63a-c6ef-4d66-8cc2-be57cf33aaff,1
e82a36ce-5aaa-437a-9c25-3a9cf522a10c,0
e82b4ba7-343d-4a2f-a84d-23ba726a892a,0
e82d81ba-983e-4ef0-9f22-db116c38c08d,0
e830a01e-a407-4fe8-8045-bc9d5a28d675,0
e831223e-6639-47fb-b505-dc22cd51aa76,0
e832558c-28e6-4d34-939b-2c3ab1124bc0,1
e832dd22-535e-40f3-99ea-66919cab96f4,0
e8334d12-5d9e-4e91-a6f1-35d497a0a786,0
e8368a1a-5111-47d2-b0cc-44a6a3420204,0
e83c6653-c89c-4a99-8232-3a3acfbd568e,0
e83c9c06-d454-4b2b-a850-8c687f05fdb5,0
e83da113-6972-4c5f-acca-c03b42613980,0
e8422cc8-1d22-4d75-ba04-1da7e33d9b82,0
e842ba9a-01d5-49b2-9f28-1a98cbadb002,0
e843f21a-cd3d-499b-83da-8b442470e311,0
e844c561-c716-4c4b-9098-63b210a30812,0
e8488598-f518-45dc-80f6-99a83dc6f5ce,0
e851d06f-fe34-4788-83a5-ff6f73f6c13e,0
e855831a-874b-41c1-b8ec-56679d833872,0
e855e0db-8f51-45e5-abec-16d2176cdf26,0
e85a9690-c483-4b56-a947-b787fb0b184b,0
e85ad77e-ab22-4d12-bdf2-1174e03f56f3,0
e85cbb3f-b874-4443-9592-ad66dc300c35,0
e85de520-deda-4049-a888-784c2303cbc0,0
e861166d-ba9b-45fe-b08f-1e9f30e79bb1,0
e8628e14-3650-4039-9782-0b9687f4cb52,0
e862c695-ac19-4839-aef4-32b8b332ef9e,0
e86493d7-d546-454d-a5d1-9ee389facbcc,0
e864dc3a-7c9e-45f5-9d30-86b8db446dd1,0
e86f3983-7dd8-4d54-b274-55648a1fab97,0
e87055c6-9cf4-4b50-a715-44d8b8c2b908,0
e871d715-2b4a-4763-9e87-b93c7916dd5c,0
e877e917-3fc0-46a1-bcd5-de86b3d24af0,0
e87b448b-60c9-48c0-ad82-b5f6dda595e5,0
e87f35f0-8433-4bdf-ab94-bb060e0e4d28,0
e87f9d2a-486d-4a93-8151-3474215250b4,0
e880abdc-36d3-4d29-af94-fbf145ebcdc0,0
e881b77f-43a3-476c-805b-18900a1d36a5,1
e886b6ef-5d6f-4e71-8a5f-6afe5ca2fb8b,0
e887cf01-36e7-4f8b-b509-0ffdd366eb04,0
e8882781-dbce-4884-b357-2aeebdd52f5a,1
e889e3e7-60c9-4ec4-a3f2-bcad746ac71d,1
e88dbf5f-c116-4a7a-9b5b-15259b60cf44,0
e88e172a-63df-4f39-8d6d-79b9fbbf2da9,1
e88ed4fd-79e1-420c-b640-5d1a30feab29,1
e88ef5ac-be5a-413f-b374-e38c8d27a0f4,0
e8907759-2b19-40cc-99db-8e4f129e17c9,1
e8911985-33a3-4c83-982e-3aa2d1eee14c,0
e892966a-672c-4859-94b2-0d669ff09008,0
e894ff02-1e5d-48f9-badf-a032b901023d,0
e8976fee-c23e-49a4-8981-be1245055222,0
e898b2ea-3a07-42ef-80ea-ad08a31a4b58,0
e898dee4-e3b3-4b88-a3ea-2275de57ce53,0
e89ac2df-348f-44cd-99a4-a3e6ce0c22a5,1
e89bb1e7-27ff-4018-9ab4-34e06ca1d74c,0
e89d7581-4219-4b18-bee3-8c8042721034,0
e89e4d4b-02d4-4871-9b79-3fcbec9a7144,0
e8a26456-91c8-49e8-b791-598afdd0c5d9,0
e8a2b294-1d12-4d4d-b2aa-2398dd56b00c,1
e8a3dbd2-e2ca-440c-85a9-c5169f2c1eec,1
e8a860c1-4fb6-43b5-8352-f6c6324bd6fd,0
e8aa6aae-03dd-46d4-ae1e-26d7c43b0193,0
e8b31b6d-5865-446b-8c1d-c1b009f2b7a1,0
e8b6a35f-a3af-4d1d-afcf-ee38602c1702,0
e8b848c5-80e6-438c-bcb8-d55964ca1483,0
e8b920b4-4909-4b31-93ed-ea087153217c,1
e8b98f79-6ed4-4e8a-a798-37089c560fa6,0
e8ba5a3f-3b8f-42ec-ae9a-c4a19eb67ba9,0
e8bd4a44-db31-47c7-bfb6-d85092d93a38,0
e8bdbf34-ec04-4565-9194-e9a7e8fc8223,0
e8c5fedf-0747-4de9-893e-8631b96711c4,0
e8c76e82-9093-4247-8cd2-82e6688e1a5a,0
e8c923ad-b6b7-4de3-aaa1-e4fdc06cffc8,0
e8ce32a7-dd93-448a-9da7-3932cd9b5206,0
e8ce8f3d-e32a-45d2-95af-b3113230caa9,0
e8d09047-5dda-4c59-9814-009caf3844cb,0
e8d0e532-3690-48c7-b7b9-622acb7a6db0,0
e8d16a66-60a5-4dc4-b6b5-019618c81e20,0
e8d7680c-27bc-4e5a-b903-bc3297f08e57,0
e8db417b-c29a-4957-8715-659eb27141d0,1
e8dc881c-33d9-4776-829e-7e0990db7e15,0
e8dcfd43-21d7-4eef-96eb-0f9526a40a16,0
e8e1e7c6-7431-4374-8f58-54437eed8353,0
e8e75aa3-bdc6-47c0-8796-b77d2c40c878,0
e8e8237c-e588-4a18-9bb1-ea6294a5905f,0
e8e8e706-dd95-4373-9f6f-a4c30b1e7558,1
e8eb8944-e8f1-450f-897f-5a5ddbeed672,0
e8ed3a95-0529-4bef-9b06-9036dc781c09,0
e8efec2d-a06f-44f5-b10f-97bd4621100e,0
e8f198aa-d6e5-4af3-a6c6-26822898c9af,0
e8f610e9-7360-4855-ad19-977bf3de9361,0
e8f78567-2978-471a-9519-78b768619415,0
e8f88d51-2f6f-41de-a838-c06083b588d8,0
e8fa18bf-13d1-4c89-ae42-843c88e9c4b3,0
e8fd2bc8-a06c-4b7e-9482-0454d8529475,0
e901302f-bbef-41a3-a546-6eb7af0206f1,0
e905e353-7833-44ea-9c02-22e56e439d33,0
e9080ce6-6a5d-48f6-b355-628411aa3bb4,0
e90875e3-a75c-4ee5-9a78-5ca3262f8504,1
e90c76e8-deb8-45df-9b42-8f2b0d2b4239,0
e90d1b95-1e9c-4fd2-9e45-022e7067a91a,0
e90db54b-912f-4014-84a9-93855a091dbd,0
e911794e-a685-48e5-9a06-0800748f09a9,0
e912c2fd-ad8e-40af-bf47-580c90b0c722,0
e912efe1-4a59-4f0a-9b84-376081c972d3,0
e913a13e-89df-481f-8c9d-a020b85509d6,1
e91d3e97-c149-44c8-b781-6463a84365a2,0
e91daf76-5d60-4502-bb68-252bd8254829,0
e91edf09-62ec-4b08-8aae-3fe92635ff0e,1
e9200b16-726a-46a5-97e4-e3915d627ee1,0
e920f891-c293-4555-9c31-19a6857837b6,0
e9251f11-032b-4729-8866-38326ec4fbe1,0
e92cbf3b-c891-479a-b18f-58e209b01fb9,0
e92fada5-5b28-4468-82d5-481658ed6f4c,0
e930cdf4-0e9d-493a-b95c-88da3232481c,0
e931aef6-b2f0-4347-9586-80a5bafc3c4a,0
e9331c03-b081-4477-a2da-c8da52e3ffd4,0
e9338632-701a-4cb3-95d1-3dbd2793f183,1
e93661e5-bbd5-4fbd-b364-60a73a9b43c3,0
e9395f9c-2cd0-4bfd-ad76-3aad341f307f,0
e93bc9d0-bc42-4fca-889f-42a34b56a635,0
e93bf042-980b-4a29-84f1-79ac1b8090ce,0
e93e806f-46a5-4f7e-a4c2-1da4e9b9cffb,0
e9448203-c158-4cb4-95c0-c8c421219d72,0
e949ee23-896b-4b31-a3df-8db720b89051,0
e94a64c7-c228-4013-973d-696191ff4b95,0
e94ddebb-5330-4104-9027-8d9ab41e8a05,0
e955f6d4-d806-437a-b866-8cfee556c0d2,0
e9568fce-eba1-40ed-8847-b22ce96ee1f6,1
e958e74f-de3d-4cbf-99b9-0a3dc26d5c63,0
e95eb855-2e2a-4f41-a6af-aa487d8463aa,0
e9637dac-d54c-4860-9e63-846ec3979d47,1
e968e555-da81-47be-98ee-0cc7e293d54f,0
e96d74a3-b301-41d0-ac44-7ad246eb6f94,0
e97058cd-fdf9-4f0d-9c24-4e34cf4a15e8,0
e972f71a-ee31-42d5-ada9-85f12fc01c65,0
e9762980-4518-4846-b817-5b8e432cbcac,0
e97abfcc-921d-4b0f-97de-3960c4e9ab17,1
e97b32ad-183f-438f-80c2-142be0c26087,0
e97e9e3c-db33-40f4-b923-35ce46354092,0
e9843357-be74-42ba-bdc0-0d0ab7cff69f,0
e98584bf-7053-492d-9300-c112e8e5e284,0
e98cb36b-6ed6-43f2-b14f-2973d2e5fca1,0
e98e2a91-bd83-4025-855c-cf2e317d7fd2,0
e995fc1f-a5d1-4317-8132-36a5de3f4d1b,0
e9980d26-f453-4699-8e5f-dccf97c6d15d,0
e9999aeb-e789-4b3f-aecc-4574a711843b,0
e99bb1f3-5b10-478c-8e12-5269821bc47e,0
e99bc82f-4cbf-4be1-a4cc-7c10524948d5,0
e99c1061-8e70-4515-a9ab-4d76c989f419,0
e99d418e-4bfe-4b65-991a-5ac0bfc8b00a,1
e99e69f3-d3ed-46e7-8ad9-f2239b4cefdd,0
e99fc385-b1d3-4845-bcc5-8399b71896e8,0
e9a156ec-3d63-4bf0-b0d7-6817b415669d,0
e9a23d10-c543-4e97-819a-23c217158bc3,0
e9a433d3-26bf-4342-92ac-e72ee4f1c9d1,0
e9a4d18b-3539-4b7c-b692-22b36d9a8718,0
e9a95f4a-4a47-42a0-aedd-42588f72f68d,0
e9aa3052-f043-4078-bb3d-21797556f2e3,0
e9ab867b-db85-4957-9512-09f7971c12f7,1
e9ac4412-1194-42dc-b7c7-70d8ef928d3a,0
e9ac5e46-72bb-421e-9557-93f7b7da3a46,1
e9b1aa2b-b7c0-433c-b897-141960c0a2f7,0
e9b1f283-b6ef-4878-bbf0-59cb90fb8014,0
e9b2cbb8-706e-4053-9a64-8d4ee829a3e6,0
e9b83253-f429-4c99-a925-c323512ead33,0
e9b92d2a-7b9d-452e-ac20-21fce7e33902,0
e9bc30d8-40ad-4e6c-aac7-574bcf413da4,0
e9bf3356-de23-42e5-9d03-a067b567a18c,0
e9c5e7a3-a65e-409b-883e-5b4c0376df80,0
e9c795cb-4f2f-4cb3-8dd2-f1585bfc93f6,0
e9c96655-e0dc-4148-a79f-317118020255,0
e9cb1bf3-fa6a-4c6f-ba21-cfc5b26fbb63,0
e9ccdd47-0988-4d59-a80a-540be274ca1d,0
e9cd48b1-17b4-48f0-b458-9e2cbee926c8,0
e9ce812c-9ca8-4ab9-95db-c0d0e93d9632,0
e9ceff9d-f694-4792-8694-ed6cd2b053ee,0
e9d93448-3858-4472-a16f-1f2ad8d8b327,0
e9d9d3b4-f09e-4d4a-ae35-98b83e4c588a,0
e9dbfb83-eff3-49b7-9a0b-6434ec6f1100,0
e9dd80d8-4e2c-4974-807e-aa4eb125899c,0
e9ddaaab-df05-440a-8167-f5dd7602994c,0
e9de81bb-66a9-466c-bc10-dca30e25350e,1
e9e2455d-dc70-4de9-8482-50b2c73200c6,0
e9e273ca-4ab7-4a9c-908d-6f65ebc4ffbb,0
e9e6c93f-4f27-4d01-95d8-82c4e12380ab,0
e9e6ea51-c15d-46bc-8fc3-5fd2428e7896,0
e9ecd1bb-b38a-4e02-8db9-a2ba0392de3e,0
e9ef8979-e4ed-4025-ace3-56eb3921346a,0
e9effb0e-ecbc-4190-b3d1-e30d9a4d8a58,0
e9f3f192-c648-4aab-b390-40f94bdcb965,0
e9f6860f-43fd-4ebf-88f0-edac299d5987,0
e9f7817f-7bef-4057-9419-8048ec8f847d,0
e9f7eb07-7ac0-43e8-8779-7837392b8f23,0
e9f9222d-5b25-4cac-ab9a-24fcd307b593,0
e9fa2867-d6fa-48d2-8bf5-a638e82ad3e0,0
e9fad984-65e2-4d50-9f80-fafce609940b,0
e9ff8ef1-685f-4780-9ede-df35608ce004,0
ea054eb0-f9f7-41c9-9336-376732d4da16,0
ea08db90-f93e-40f7-a5d8-1a114aec9eba,1
ea0b7fcd-7372-4374-9f84-71df8783d041,0
ea0bd80f-acd2-4992-88aa-063c3f095efd,0
ea0c395c-cfb7-4957-82fc-d8203a191c00,0
ea0ce0c3-8df7-4b75-aa63-7b941af70bb9,1
ea0eb1da-8283-41a0-b471-1c630955d83f,1
ea0f0078-1283-4d67-bd18-d486ef3ce09b,0
ea0fa018-7169-4602-8614-054171c3c559,0
ea123257-cc20-47bb-a8ec-2de051bcf65e,0
ea1582f4-15cc-4603-85fb-acf5e389b57e,0
ea1a54ed-8628-49fc-9cd3-afa8e280e393,0
ea1ba7c8-35c8-46ef-9dc3-8d67b6494ff9,0
ea1baf97-4c05-4a02-a9fe-f738eba4bca8,1
ea1ef926-c1f7-4063-87ca-0cffb5c0f0c4,0
ea22e8e5-152a-4501-8a66-d4f168000dd7,1
ea25506d-21fa-48df-bf97-d6811427e945,0
ea25b2c7-bb5d-436c-b393-842d5b938bd9,0
ea262a22-9e91-4518-8191-24e53fee2d9c,0
ea285af1-7108-4e1d-8dfd-5263d5d9355e,0
ea2a4829-8424-48cb-a09e-bb440b154f59,1
ea30917d-03f7-4c37-8210-abbd5b8656ee,0
ea36d0f4-0e4b-4062-9c6c-468fe3fd2280,0
ea374424-0836-4a39-8ea0-c6533dd16dbd,0
ea391e2c-abe5-4464-b00a-4766cf24ebc6,0
ea3a4c54-d62d-47ea-be2b-0d8ada6a06ed,1
ea40b217-9386-4c5c-8c4a-b310d1b31f62,0
ea428fd7-1cf9-4c26-9205-c496b9821d78,0
ea43b350-bbf9-4bd4-a6ee-4887f9476116,0
ea4d3002-d9b4-450c-8bcb-5a2c9b53ba1b,0
ea502d7f-3dfe-4f2b-a7d4-9d40f382ed6d,0
ea583e74-05b4-4a3b-bf3d-f5b3b7896485,0
ea589cb4-fcd8-4e42-bb73-fc002ec53bcb,0
ea59e5eb-0343-4c96-9470-26227880bcac,0
ea608264-6248-4df4-a283-7828a82b53ed,0
ea60af92-5075-435d-91ba-f88320ae0078,0
ea617b6e-1455-4d20-9126-4575609e234a,0
ea622bab-090c-4620-8128-25919a39f74c,1
ea64ada1-b044-46ee-9c36-f5791276b42c,0
ea64b00d-353c-4be6-b0d0-403b8000fceb,0
ea673035-b822-4ec4-929d-bd50e7c51426,1
ea698e06-edf0-4a02-ad86-f759a4607a49,0
ea72ea0b-579f-4a2d-a8c3-d7407dbb393c,0
ea747737-1f11-4d54-ae9b-3a6b391a0440,0
ea74ec64-deba-4a7d-aaad-2ea386dad135,0
ea78500f-19c3-4494-91ef-356f84a0fd92,0
ea78fe4a-99c1-4318-a1af-22a8a906c11e,0
ea7b5e85-428f-4bcf-a8f2-9159bad1628f,0
ea80e21d-cdd6-4297-b392-13d249fa83ad,0
ea82b18e-f467-4738-ac87-105b8645b5a9,0
ea84815f-34c8-474f-9be8-8efe6b86fb57,0
ea85dd47-09c0-4e55-99fc-24ad1afcb8fa,0
ea85e08d-adc4-4cf8-8379-607563f8b599,0
ea8dd113-dbf1-4914-b158-70499f6c1b35,0
ea917f51-1595-4ef1-ac41-ad6adea1929c,0
ea92322a-fb8b-4b2b-b3c0-694bd47c7fa9,0
ea948269-056d-45ff-9067-0e0f73c8c1d9,0
ea98251e-fa62-4925-a697-1b72420e3b2b,1
ea9932fa-4c48-42e8-ab2a-f02e979b9115,0
ea997507-32f4-4de5-bd5f-fbc5ae01301d,0
ea9db50c-43c9-4419-92fb-58a56c42fd46,0
eaa1af87-dcdf-4f13-a7fd-8233d3795fda,0
eaa249ad-d27d-4cb9-8e65-410646d1ab10,0
eaa3eb7e-4476-4c13-b14c-de676048772e,0
eaacf1af-d0f7-462f-864d-989a8ef24a05,0
eab82d8c-ce68-4263-9d39-cfc5c8070e8e,0
eab8b455-8dfa-4e2a-bb72-4b3e787d52e7,0
eab8e022-daeb-4921-bd6a-3e0c4098d868,1
eab9fbf0-c816-4946-9413-0d703ba54369,0
eabd900e-9f32-4ab0-a5cb-5587f4bfba2e,0
eac80057-3714-4ad2-b558-679d914f9791,1
eac801b3-0365-4344-992e-3ea61743b335,1
eac81f7e-ab37-4af1-ad74-dba06b6e7bbb,0
eac8fa2f-af07-4484-8d3c-f595132cbe61,0
ead1dec7-ea9b-4fd0-abb8-b6eec20368d6,0
ead6c456-7ea7-460d-87ea-ee50435aa71e,0
ead93569-865e-4657-afa3-fb88412c789c,0
eadf2eb5-dc04-45a0-a1e9-310e6c84203e,0
eae08a93-47a2-4a40-8fdf-46b019dc9d0d,0
eae11475-bce8-4567-9d83-2db2ee800ba1,0
eae44fb1-effc-4cc9-9127-c7be6077d74e,0
eae4dcb0-c78b-42c4-9f27-9591aa135df0,0
eae69a08-0a92-4683-befe-a8eef786aa6d,0
eaef6727-917a-4c34-88cd-044496e12f29,0
eaf03841-0daa-4018-9430-9ec3c541a6d7,0
eaf1f31a-a82f-4278-9210-1e69b8c84d72,0
eaf8275d-a782-4bdf-9967-976910850443,0
eaf87105-1da7-4ea8-9841-32fdf34d0bee,0
eafa919d-79ef-4e29-81f5-fb7c3b4d16e3,0
eafcbf86-e25e-4e16-8b15-e923a9ec23b7,0
eafd1119-b00f-4a84-a2f3-c19fdf487063,0
eb038bd9-b382-4c26-b3c6-28fbd05fbe3a,0
eb03c2aa-2c97-4ebf-a08c-4257e571e478,0
eb053d18-fa3d-45f7-93cd-999cd9ce59c8,0
eb0572f5-bcb3-4bf8-9da9-c47181b60d16,1
eb09b6de-49b6-4b98-8605-c85cad5e7fc0,0
eb0c7a4d-a297-4944-9564-7ca9cdd2b5c9,1
eb0fe8b8-c9a1-42c2-b1d4-f2c43c3893ba,0
eb139c10-df0e-4b5b-a5fc-e4a0035d7434,0
eb1b4afb-935b-474d-a5d3-e8d1c84af28d,0
eb1d1691-e192-4203-a9e6-a01b4dfb3bf5,0
eb1e55e2-423e-431e-985e-cfa4453787b7,1
eb21a624-6a08-4240-95f9-b3cfad3d79fb,0
eb2a1613-bc8b-4b09-a44a-ad0442f8c795,0
eb2bdc0f-34fa-46f6-b75c-e9f5dcc85b8d,0
eb2fb256-d8a0-4ee7-ba99-03ecf7c82191,0
eb30518a-6129-49ec-b1c4-07f03d85cac2,0
eb308d21-eea2-4f61-8a29-3423bdf5cd05,0
eb346db7-2908-4f3e-9eac-a2f2a59486c3,0
eb3bd1e4-fea9-4c76-b071-be481a62e6ec,1
eb3d9bdf-665f-4ef6-ba44-e86e5738a5a1,0
eb3ddbf4-fa07-42c4-83e0-1c33f83b81de,0
eb40e4ac-02c2-4c3d-b619-e65820f17ff1,0
eb41c52d-a0b0-49c5-a623-6cd18db1cf17,1
eb435877-28b1-42ac-a351-b9f91b4e1dad,0
eb438f15-bdb8-4fa2-8c89-b26c4ac3a328,0
eb458b28-0158-4410-af3a-1919523ef5e1,0
eb469e41-09ad-4ed8-9160-387a05a4427a,1
eb470539-3e8b-4744-96c0-f987bbe787c6,0
eb49914d-9203-47ee-857f-08f52d754015,0
eb4b2911-38a3-40d3-a88f-fc25806ea3fd,0
eb57c616-3266-4112-a673-ef766ff3bb2e,0
eb593c03-2222-4d14-92c3-4da4dfef25e4,0
eb5aa424-792b-4fc5-82e8-f8fbd633bdda,0
eb5b2630-2016-4036-840c-c021b572614b,0
eb5c7eb4-5de2-4ee6-9402-dc3c349bc6fc,0
eb61cb59-f6a7-4dd5-99dc-55bdadadae8d,1
eb684d26-9a94-4736-9dde-ba81d0a0ab72,0
eb6fd8d1-b7a8-47f4-825c-b2327f860b77,0
eb723345-ce40-487d-89e1-ea7be01954dc,0
eb74452c-49ce-4789-94af-248bbdf0d8f8,0
eb74fa85-87d3-4ded-bdf3-9ae42b081680,0
eb758b94-962c-4ab5-abd0-f2e362306c2f,0
eb782bd7-3130-4b78-83e4-0935025c9a7c,0
eb7aa3bb-5d94-466c-a133-42877568561a,0
eb7b21d5-e41d-4909-b178-19d2e158fb7e,0
eb7df4e4-5a26-4357-88be-a2f7e2dd8ae1,0
eb831f8f-08e1-4bff-8225-f1c5e3a912f3,0
eb8515b6-6330-4c22-a126-a4f409c14971,0
eb8988f2-8c0d-4caf-95a6-3e99c33500a6,1
eb89f01e-b3cb-42b5-a486-9c5c99f23ca6,1
eb8a70c3-82f3-4e66-94f6-1b63ae52417e,0
eb8b5031-d14f-4558-8ff0-b948e441beac,1
eb8da8b1-c1ef-4a62-9924-8905b0d4e5fb,0
eb8f7b92-c68c-4452-9da7-9725cf015576,0
eb9196b9-1fe4-470e-9ecb-e572080c1cf7,0
eb91d88c-d1dd-445b-8769-2ee235cdf90d,0
eb94cf85-9b39-4937-9864-e4d3d3322534,1
eb989e2b-5b24-420e-ad45-1841b2de2d79,0
eb9907d6-1340-4f03-88da-b4d02842c68d,0
eb9f5eac-2354-4269-961d-2b824e3ab2fd,0
eba362e8-4713-440f-a30f-ecc823e55bbf,0
eba3c55e-bdb0-42f5-b97b-faf02b9c0e70,0
eba6c66e-c6d5-46f0-804e-1d6c7683103d,0
ebab8fe2-cedf-4624-b9d1-568264eaf961,1
ebb15564-b33f-4a69-a8f1-dbb3c0c0edd1,0
ebb5524b-c4f3-4b0b-bfb2-ddd1332c6aa9,0
ebbbcb51-301d-4dfc-a7fb-2ce8bae949e5,0
ebc76bce-d6a3-412a-8fcd-328147ee863a,0
ebca385c-87c0-4b52-8956-221085d91281,1
ebcad6c6-b286-4dba-90aa-853865f05d69,1
ebcd1708-709e-4f38-bfce-ca00bb4312a9,0
ebce0e77-7b0a-4053-9fcd-d83ffad36e8b,0
ebd25323-7840-4cdc-b384-75575c612946,0
ebd3fc2d-e3b4-4b30-80e1-03702b98ca9d,0
ebd53d61-c0bc-4720-867e-3832544ece01,1
ebd7aa13-954e-41d1-b3ab-c7da8cc45543,0
ebdbe6ac-d696-47d3-87c8-96434b1a4d1e,0
ebe15282-52ef-4ac4-a5e7-5c1df8034dad,0
ebe2cca5-6022-4e9f-a64a-d9bfdb9f0ba1,0
ebe429b0-ec95-4c3d-ae2c-ddc7f66b2353,0
ebe5b0d4-2ab9-44e2-a27e-916e96c816a1,0
ebe980e7-b668-4a25-9968-6d2e69dfed3a,0
ebeb0d18-844b-4e1e-8ada-f6c648bdf6ea,0
ebeb66e7-fea2-4e87-b4c7-f0e725b05854,0
ebf294ff-7844-4f06-9c7f-017fc34f4c07,0
ebf3357a-4a9f-43a1-82a2-49eba94d1eeb,0
ebf59ded-06c0-45d0-bda3-e059aad5a9ae,1
ebf72ec0-704f-43c2-86b2-5bb8bfece564,1
ebfa5bbe-bc29-42bf-96b2-28bf78bde5d7,0
ebfbb085-f0a0-4cbe-a1b4-53c64fadb8eb,0
ebfcef0f-f6c1-49e5-bbd0-f9127c6ecb4c,0
ebfd76d7-8f78-423e-b8e8-ff8de4554533,0
ec0984f7-778b-4735-aac1-86cdb73be2fc,1
ec0b7626-c503-48a1-821d-5e8ec5565013,0
ec0d3d60-cea8-4951-968b-38b7a9232b4a,0
ec0e4a60-8fcf-4bd1-9f82-51ed543236ae,0
ec0ee720-6e3c-4607-9a1c-f262474750cb,0
ec0f868b-3bb4-47f0-9ea6-de464efca6cf,0
ec0ff024-6db1-4f18-8f76-0377b723045e,0
ec121b03-ee15-4dad-89a3-fe7a3771b59c,0
ec1298b0-0c51-4f11-955c-1fca670412c3,0
ec142dd9-2362-4227-8728-4ef95d07e386,0
ec160674-809d-4009-96dd-f412171d9654,0
ec16edd4-8ff4-4663-8b28-cdb6131e6b1b,0
ec176778-f2e6-40e8-994f-4721da234634,0
ec1a2315-45db-48af-aafb-4cc93aafe202,0
ec1b9efd-a471-42c8-a1f5-33b4441e9ad9,0
ec1d96ea-90f6-43c3-b3f8-81cfd796cc29,0
ec1dca15-1b93-47e5-a710-18a37de016f6,0
ec1e2ee2-52d2-4be0-9c6e-605dfebad738,0
ec1f91b2-6bb5-47e1-9e1a-a6eef54a601a,0
ec228b61-a554-4f32-8a55-97192d42c547,0
ec26e9e5-a3a7-4621-8b35-dd55c0d311a3,0
ec2b761d-5d93-437f-b737-e2e31a4c80fa,0
ec39072f-e1b0-426b-a863-469e39bb413c,0
ec3a643c-09be-4ab5-8b00-666e067aa032,0
ec3e4bc3-2c2a-498f-ab7e-a392c857b0cc,0
ec407d74-939a-41b5-adb0-7bd78d5070d6,1
ec41ed52-0647-4e3a-b98a-13f6f68c001e,0
ec446d70-0ac2-4ace-a39b-62b0a9320e74,0
ec44d390-dba6-417c-b251-2f9d76171d8e,1
ec4526d2-f7ac-408a-a126-6049ed4bdcd5,0
ec4c6fc8-cefd-4c50-b586-6d0939a7cc34,0
ec4d909a-4dcb-46a3-ae5b-9bab774642ea,0
ec4ee5aa-b271-41ff-92a6-565aa2a6a2d0,0
ec538e02-f18b-4fdc-b6a4-46e5f4e4b40e,0
ec58dc30-50d4-42c5-8a49-6fa2a4b12438,0
ec5915d0-8f49-44a4-96a2-b4ffd802db46,0
ec5ce261-f481-4dc3-9512-f0a7fe1c18c6,0
ec5dd5e4-75af-474d-868b-d309988d5720,0
ec5ebff9-e5f8-41fb-8891-506bab692705,0
ec6594ee-5441-49f4-98ce-3879fd34fd10,0
ec692acd-1e15-44b5-9505-99fe511bb045,0
ec6c1cba-cbae-446b-a7ef-4c5a8326ea50,1
ec6c1cf3-71e2-4f02-b788-85e402ec0e15,0
ec6f898d-ccc9-4696-8a7e-eacb79e5fb5c,0
ec704201-f24d-473f-aff4-647dae12aae6,0
ec755fbd-5366-41f8-b669-3c376f9576c4,0
ec76882f-3ba5-47a2-9438-56af85362907,0
ec787892-c2ca-4761-9d2c-dd37acec0afa,0
ec7b92dc-d2cd-40a9-90ce-2655f8ed84ea,0
ec806e3f-82dc-49d2-80ca-27956a791db3,0
ec88219b-3b7c-4349-93dd-09b1f8514742,0
ec90a3e8-cf5a-4257-8e8a-76c540e000fd,0
ec9238a5-e179-45d8-8483-8782ac11e451,0
ec9246d1-f291-4147-8012-944d18083edd,1
ec93ac7e-1d79-47a8-a18c-a4067dc08340,0
ec953659-8172-44db-aeb3-bc881fa00467,0
ec957097-aaa3-4fe3-a78c-bff28343a976,0
ec95b914-6fca-43e8-85c8-0f1a78572812,0
ec95eba6-c2b9-44f8-95b6-b32464842772,0
ec96d6d9-76f1-4ae1-a641-87aa22e387ea,0
ec9a8628-dd0e-40a0-adf9-11c2ebd4b45c,0
ec9abda6-a20c-4b07-9371-f666ed11017e,0
ec9c5047-0b13-46b8-9e22-a53b590eb77d,0
eca0d34e-ddfd-4353-baa2-c0115994b9c1,0
ecae84d4-8489-4d57-899c-6ceaa378c88a,0
ecb4728f-e20c-4bc1-aae6-1b945ab7249e,0
ecb8c43c-140a-406e-bd52-406d8a3fd34a,0
ecbbf42a-d527-4500-bddc-b9fdae1db22c,0
ecbf505c-37a4-4387-ba93-eb15e65ae6d9,0
ecc0c73c-c557-4434-8634-943039086bed,0
ecc16f11-d596-4335-86d2-be7597c91a77,0
ecc6dec5-0d47-453d-a5b7-66f4863252db,0
ecca3f3f-6927-4f1a-8bda-941028f22d02,0
eccabdc1-e8e4-48a2-b0c0-ed4b18ebb1aa,0
eccc4898-2cf6-46e6-a75b-2631d4680d8a,0
ecd480b9-3618-4af0-a553-e9924f9c219d,0
ecd52b2f-7dae-4262-b94a-cf71deddb5f2,0
ecd88305-64a6-43d1-958e-2a3eb5ad400d,0
ecdc36f4-0c0d-4b9c-bd25-12be98ba5beb,0
ecddcc3b-4bbd-41f8-a877-1d97c4fb4f3f,0
ece2703c-cf16-4fe9-af62-24dd7245f402,0
ece4c486-51a6-4a11-a608-7cefd34c55bb,0
ece57f88-1ce2-4cf6-93ce-f36467cfedbf,0
ece98d1b-264e-4b51-aeb7-4a16598f0959,0
ecefa672-2e23-42fe-a4b1-9d06b4706110,0
ecefddc1-c9a3-4b66-84b8-9ee629bfd728,1
ecf13273-bab5-4fc8-bfe3-000da6b0507f,0
ecf39173-9861-41e2-946b-847b049c3414,0
ecf8592f-f030-4545-af8d-53eb82d39f9c,0
ecf99e1e-c9ee-4f2a-8b52-2d2b6a63043e,0
ecfe14b5-4e68-4a0e-a8fa-86a177b8abba,0
ecff2241-ad69-4722-b2b3-d27c68c20ee9,0
ed01e645-0910-4478-b198-75291e385a41,0
ed066fac-fd18-4121-b18a-2613daaece56,0
ed0799b6-aa87-4329-a9d4-fcbeebe64578,0
ed089b69-3fae-43f6-9d20-4ed7438d39ed,0
ed0e5a28-baa9-41d3-af9b-5f7f09d96a5d,0
ed15cca9-6aa7-4602-98ce-deafd6bd0c1b,0
ed2563f6-ee97-49ff-9bd8-c76f9a795f58,0
ed25bb91-e660-4866-af61-1b62c1cf9759,0
ed28d28c-5cc1-4848-93ef-231aebce30be,0
ed2920a5-9ba4-49cd-a942-a9974e6296ad,0
ed2c695b-8d2d-4e02-a8c9-cba33d658bf6,0
ed2ed51b-9fcc-498a-babb-654736e66e22,0
ed38905b-27d3-47b1-acf0-c029c66581cd,0
ed3dd489-244a-4041-8981-166508881315,0
ed406fdd-593a-417c-bee2-81c67704f4d2,0
ed4782a4-52fb-40c6-a220-55fd980d5ecd,0
ed492c14-1fad-4c11-b10c-17d11637b9b5,0
ed496274-4e03-4fac-bca9-b7b969d6946d,0
ed4a2c93-187f-4275-9907-de61d9e271ef,0
ed4ab415-413f-4e1e-99bc-ad1fb19ce89b,0
ed4ce476-b247-48b3-b5e6-8207414c0dca,0
ed50a5f7-e54d-4bb8-ba83-960780b57ec9,0
ed517949-3fbb-49bf-a1d9-af8d2dca379f,0
ed5255f5-44cb-4c33-9a19-50cb5aab2acb,0
ed55b581-ee31-49ad-96c9-d3972782c8f1,0
ed57f235-941e-416a-a9d4-3bef7bb3ab04,0
ed5aef78-d186-4457-a049-f8827cc09e14,0
ed5c3db9-c7af-4ab1-9f68-ca601487587b,0
ed5cc262-ccbc-4388-8084-18f940c239d5,0
ed736004-73af-4a9d-b7d4-6d1da9cccd19,0
ed7c138f-871b-4539-8091-33ae7a52a4d5,0
ed7cac38-fc91-4271-bfae-f27be39a6a78,0
ed7eb8ec-3162-44d4-a74d-a2c29628430e,1
ed831d19-e206-4d51-9207-cf71f6ff8004,1
ed859892-e9ae-48ee-aa41-a9c1fe458ef2,0
ed87498d-2873-42f7-8097-77ace27e0db6,0
ed87dbb7-eaca-4d0f-88b5-b557d35f7b5a,0
ed8980b6-6f68-42dd-8523-f3a39eda3ebf,0
ed8b4bf6-7768-40d8-89a5-b0b581da5466,0
ed8b8090-78fd-47c1-be82-c506413594f3,0
ed906c6f-ed92-4c1e-8595-54904a8f2a20,0
ed9329c9-0534-4974-ab75-8e524c65cdf2,1
ed93a557-885a-4615-8bd3-8e45d710ff07,0
ed94a8f8-583e-45ec-87f0-0f67ea0cae53,0
ed96b1fa-a6fd-4ad0-8dc6-8bd7985bddd0,0
ed96f668-3ecd-416f-8d6e-f726d500d2ac,1
ed99348a-1112-48d2-95bf-02027d02b94c,0
ed99469a-7764-4ce1-805a-be3062a62318,0
ed9c09e9-6bc2-4948-8459-cd56a2cafd8d,0
ed9cc11c-7e8c-48e0-b8bb-9d363395e12d,0
ed9e4e46-d1d7-42bb-8786-32e0f852f852,0
eda5da67-a2e1-4a5f-b844-0a9ebb22a265,1
eda7d062-5e99-4f4d-b2eb-55cd0d1ac267,0
eda9c090-9dc6-4be5-bad6-be993512a964,0
edae5b57-0955-4e17-b632-2023f5b1f025,0
edb362b7-3d64-4bc7-ab64-2cc38e83f210,0
edb4ce49-1b57-4d92-bd02-deaf1e979de9,0
edb65734-3446-44b2-ab21-b799b682283e,0
edb86e8c-9d7b-4039-948c-046efc50514c,0
edbfe54d-58a0-488f-9563-fe79e73c9b99,0
edc63504-5720-41f7-9ccb-c9d27bfa8833,0
edc90453-45b1-4712-8c9c-5d898aad5337,0
edca9616-bd75-4f23-a973-622c96e91fb5,0
edcc741c-4d90-416d-9ce9-ccb3e7411846,0
edd13d9a-f05d-42cf-9384-4ccd5800607f,0
eddb5a4c-1845-443d-ab5a-015793b47a50,0
eddb80a8-dee1-4068-bd8a-ba7b2fea1daa,0
eddc1094-0ac2-4b8e-817d-b22cfcb465e4,0
edddbbeb-9428-44f4-b0e6-460011c53899,0
eddfd431-de7d-464b-a14d-7bb0479496e9,1
ede08867-012e-4333-af2b-9d37ec9b5d08,0
ede1c91a-9075-432d-9211-2c35f7f523df,0
ede4d175-2aac-4e05-ad48-b932ee283f4a,0
ede8dd57-7a04-4038-94f5-39afb016feb8,0
edea926a-141d-4034-90b5-4f20ccd49ca4,0
edebe380-c38a-4ef0-8462-6789453345c2,0
edecd15e-3790-4f2b-842b-038b23948bb8,0
edf96e2f-a323-45c3-973e-8e4faa5528b6,0
edfdfc85-4598-4da9-8ebe-004b300a8a16,0
edffe81e-dfbb-4b12-afdd-cfa75573a4bb,0
ee029b93-48b1-45a7-a154-4f485603b90e,0
ee03ab4e-5caa-4f62-a26f-a30ec693994e,0
ee0bb707-0693-471e-b6e0-8797383c380b,1
ee0d27c3-b69f-44d3-bd86-2976cd78494f,0
ee0f1276-dda8-4d8d-b66d-ee012acc098a,0
ee12c709-4a5f-4d0d-84f6-462c449ae36e,0
ee12f03d-921b-477f-bbca-742cdd2fd6dc,0
ee133c0c-aafe-43f9-a818-6e89c296e4be,0
ee17a22e-0e2f-44f5-a625-e559a82d4ef3,0
ee1e1d00-49d5-40ab-b79c-c1805d52e056,0
ee1f8607-2a38-44ff-b380-070ffe2fe76e,0
ee1f86c0-a5d0-4718-b214-8c9d91bd716a,1
ee252a02-aaee-4d5a-80d5-9ae4e902d923,0
ee270afb-f7d0-4cc0-b08c-48be455b0496,0
ee27b336-1ef7-49b1-9520-24bf18cc9715,0
ee289cff-ba08-46bf-b69a-09a34629af52,0
ee2e7ef5-2da7-4ee8-bd94-006ba95a1b29,0
ee2ebfed-e6f4-495e-9190-abe0b331a7ad,0
ee30c019-cd99-4353-8e93-657ffe318e85,0
ee35d4a3-b7e7-48bf-ba60-109020a39c7f,0
ee36aa42-aa89-4be7-99b3-92f65b75466e,0
ee3ab335-718b-456b-8feb-b4963ee3314b,0
ee3c714a-398c-4e0f-b267-805223b602c1,0
ee3df2d9-9c79-4467-9117-442d9fe8010a,1
ee3e1fe6-b507-4e8d-90fe-c3de57b34228,0
ee3f36ad-6a52-41ca-be85-9b1c62345a72,0
ee42ac92-a023-4af2-adcc-7919a9d2d0f0,0
ee46c435-d2a3-4473-a53a-6dac46404cf1,0
ee48ab68-fcb7-4647-8bfd-92cacd920efd,1
ee4b110d-e612-4b5f-81b6-6d5055591cf3,0
ee4ce69c-fa6b-4001-8338-b4fd99b4b889,0
ee4ee468-d686-4e31-aa87-a662d1303952,0
ee533169-738a-4a64-9fec-dbc4f57d01ad,0
ee535571-0725-415e-b220-534844ca7081,1
ee597cb5-552f-43a5-a937-24c2cc378ed9,0
ee5c9ce2-8eee-4225-b8fe-aad1bb3adfbf,0
ee5e52a6-d741-475d-b494-c8e5c85b8d8e,0
ee5e9ac9-023d-4b46-94d9-b9b57fa191a6,0
ee62e158-7bec-4399-b841-156c8a2db0b0,0
ee631473-8f0c-4572-92ab-4271be3210ab,0
ee6612b4-6af7-4222-8f87-1502887bc3fd,1
ee680414-e9d8-455a-88cb-e21a983e6880,0
ee691d66-0f18-49f9-ba43-d931e88c5459,0
ee6947b2-1642-4aa9-910a-cadbff0fd57f,0
ee69eb28-604d-4a7a-93fe-204d4b3e2aba,0
ee6bffbf-372a-4809-a671-38e2abb2c317,0
ee705455-1460-4497-ac69-fb0c07498111,0
ee73435f-fa10-4906-b475-9061fdaebfd7,0
ee73bcdb-cf39-4366-b378-3f51b9f38574,0
ee753488-eeeb-451b-98ea-0c759210402e,0
ee7752fb-faa1-4ff5-a6ef-9f2b8f7d2941,1
ee787dad-1a6f-4a4a-92df-78e10467014a,0
ee788b5c-59a3-4bf9-87d2-f1c68c25530c,0
ee7993df-4f71-4041-a37c-2e64fd670066,0
ee7aa948-d80a-4657-b961-fdb92919fba6,0
ee7e2681-8beb-47de-8b35-62fd0d1246a0,0
ee80d6d3-1ee0-43da-a1f0-48481d81daba,0
ee80e546-8b83-4e98-92cb-1ee676c64240,0
ee85b974-ea4c-45c6-b4f6-3a4ca111a341,0
ee88b5d2-8d7f-4fa1-bd0f-833cbb2793e2,1
ee8b037e-fe26-4d35-a250-4d8064e1f529,0
ee8d0539-7094-481f-971f-fc3e31ae7e56,1
ee9641af-18bb-42f2-bfeb-2bd48b13cbec,0
ee988212-4472-46f0-9de5-fca64356a3ab,0
ee9908f4-647b-4b64-9734-e006f846029f,0
ee9aa358-a421-48ac-a09a-609027941153,0
ee9b826f-aa44-4bbf-a51b-d2517f972f94,0
ee9bfa34-afbe-46bd-904a-7165d7fd78fc,1
ee9e1cb5-5b54-47f0-a055-2b9efee93873,1
ee9ea31a-c2f6-4fd6-85bc-bf4a738dc29f,1
eea268c7-ab06-4094-916c-9ac3f35c025e,0
eea5efcd-cdc5-4f55-8d31-82f36635c344,0
eeaa1fc6-0720-4d9c-a5f0-f66efb2fc394,0
eeb076aa-d49c-4874-8fe5-b2adacfb72cd,0
eeb182d3-12f5-46b3-ac79-0c5ed5dc0d8f,0
eeb1cad6-3eba-4ff6-a116-9aac12b7879c,0
eeb31c88-3886-42d3-9a54-93c1d8983cb4,0
eebc2e4d-48fd-4630-9c71-ef297849c519,1
eebde746-e23e-47fd-b4ce-0c51eecfbb17,0
eebf6078-e87e-4edb-8679-d6049c7e8a5b,0
eec22511-5478-4d12-b617-5d29daa540a5,0
eec46222-0b2f-4e96-b133-be54f631304c,0
eec4c1c4-a1e8-406e-8249-dac9391a07d6,0
eecac50f-96b2-4d62-a1c5-9d308384fc2b,0
eecadcaf-feb5-4553-a259-72ac2163caf4,1
eecbbdcb-a54a-4f43-985f-6044f361b935,0
eecfe3af-37d6-42a0-98eb-aff5d256460b,0
eed4896d-ce83-46cd-8f48-417967052587,0
eedb49ca-0c3d-4c0e-a0ad-ac25cc9143f7,0
eedc0783-5eef-46bc-bce8-f0ab82b70ea5,0
eedc3ff2-b905-47d4-9d5b-d28ca97bf3c2,0
eee35901-b9a1-43c2-ba40-d71c4c89d626,0
eee6db44-0051-4ff7-9d22-101aade99212,1
eee72a99-0c0e-482b-92c6-66b7f0b17808,0
eeee52b9-c5ab-40c7-9791-fca7854c83e6,0
eeef96cf-8c04-40b6-aafb-f6536c85758a,0
eef07d93-d79f-458c-8431-84703bdea105,0
eef0aa4f-4ff6-4fba-975a-18a243814770,0
eef2ba54-3f5b-4f47-907e-f9303173d0d5,0
eef90898-6986-4825-ae1f-375278cb511a,0
eefa576e-5690-450b-9351-5fe5d9da4109,0
eefbdc8c-1c86-480f-aa88-0de49bbdb062,0
eefc3d48-551e-4320-b522-715debf1ff4b,0
eefeef28-ca13-4336-99bd-9fe0311d872c,0
ef0225d2-9981-445b-beb6-aa09b60f6864,0
ef054281-e385-45a4-8255-f5c57ec8a783,0
ef063f9c-669b-4b68-8278-3ac8ca8d7556,0
ef07123e-e75f-458b-b3cd-41e71b29db55,0
ef0fecd9-6564-4879-9080-fca6664e1b62,0
ef102377-635e-49c6-889d-88f6797d2ae4,0
ef1197ab-7a48-4510-9aa0-7ae56d0c637a,0
ef153366-0d47-469f-875f-59b8ce25bee3,0
ef1729be-9bd0-4a15-920b-bea3da86f936,0
ef17a6fe-4115-46a6-a62f-78efe46e0c88,0
ef239222-6445-4713-bb0f-f0f7dd8fcbb9,0
ef23da8b-cd22-4ab6-8b07-0065117a8dbc,0
ef2495c6-c05d-43de-9430-a0604df0f09b,0
ef255b00-2928-42b0-a072-065b3971d3fc,1
ef27ffe4-f800-4ca0-b33b-cf1709c9fd82,0
ef284eee-9ecc-4065-8519-0fdd9f18cc3c,0
ef28b5e0-376b-4c42-82cb-a88234de9ed4,0
ef28d61a-f6d1-4b04-9707-609ad2212bae,0
ef32d5ea-4c3c-4bb9-9294-2e3ee5e48e64,0
ef35a08e-a387-46e2-b599-489efeb63601,0
ef3979ff-68fa-4594-95d1-428a08898282,0
ef3ac15b-713f-458d-a2fc-817abb92a73e,0
ef3c55e5-ad20-4dae-98d0-b8b1a310b188,0
ef3ccb67-4715-4992-92df-ba20b2911981,0
ef425c14-0e14-4a9b-9051-8e5eb4d3c7f6,0
ef48fc15-3ce4-4284-8740-0646156cc300,0
ef49a29e-d068-4657-9707-8c14dbbbc5bb,0
ef4d3117-b0cb-46c0-82f3-a9e0f44f32a9,0
ef4eebcf-21da-44e3-84d4-eb938d816e55,0
ef514eb5-4b03-42d6-983c-de4eecf8c819,1
ef51e155-f7e5-4687-baee-5d4a4f2c2c94,0
ef521129-b502-4e70-8018-96b3110050a6,0
ef542471-5923-4dad-9116-4f3ff1803e91,0
ef56e07b-3b7a-4842-bced-fb15786f96b4,0
ef5a38e8-c7a4-44f0-85e7-c2348a2645f7,0
ef5bced8-cbf4-448d-bae3-08e9c5529272,0
ef5da6ce-9dd9-42f3-8222-2ec71921187d,0
ef65e5b2-f21c-41af-abac-3fa88e9e5921,0
ef69b87f-1fbe-4c68-8604-5c9f844c3632,0
ef6ed49a-964d-437d-bbf0-87ccc9222a9d,1
ef70eac9-26c0-458c-b984-6415a7d65c1b,0
ef763640-fa93-409a-92c8-0e64276fd642,0
ef7706ed-3eb9-4a8e-b329-abe0320ed977,0
ef7731f5-81b0-4835-b399-ddc5ca5753f4,0
ef7864b3-b1c0-4f08-8b77-502f6e617538,0
ef7d5c01-3da6-4ab4-be16-fd2a2121c6cc,0
ef7fcc3f-1169-4132-8062-ab078ca40c49,0
ef839ea6-8333-4952-80fd-25a0e7bdc63f,1
ef841120-54e7-44fe-89a8-9482ea5b1b3a,0
ef84a94b-23e3-4ee4-822f-a689943a7c75,0
ef855099-88e5-43c6-bd1e-49165186fe0a,0
ef86194f-a702-430b-a89c-5f9ba0a88ba6,1
ef88a6e9-c422-4985-af2d-51b8950df178,0
ef8b0a60-317a-45c7-be84-ff8140d2d850,0
ef8b4aeb-c4a1-499f-853a-0cd0288012ac,0
ef8bbe44-06dd-4ec0-bb22-62079ac89408,0
ef8f6d95-ded2-495d-ae28-1273f4c5ef61,0
ef904455-64a8-4cfd-9adc-2fab53b9114c,0
ef91aa27-01ea-44c5-a99c-d1fe9c1a84f7,1
ef92f512-6185-4625-8701-a0146479ba96,0
ef975916-16d5-4f27-a1ea-73db298956c5,0
ef9816a6-b0e2-4779-8c81-c780eb27f10d,0
ef9b14da-c612-4ee3-8375-10f8f331cb7a,0
ef9bae4e-0cdf-431c-a4c2-d05a8da901a0,0
ef9bd183-beab-45d9-9b05-7f15c9e79a63,0
ef9bf391-36f5-49a1-aea8-5ee2db2b67dc,0
efa0bfc9-19ed-4d13-9ddf-18febb95c00a,0
efa1c57c-5dcb-407e-b22a-4e72772d86cf,0
efa42cf0-fe5f-43d8-b23f-ad798e593d01,0
efa78dfa-2826-4c91-a513-0e4f724e3d89,0
efa8a6c8-ed73-4e34-aa99-7c946cddb1de,0
efb1759d-fb2c-497c-872f-77300de9bf50,0
efb2523a-1cf9-46ae-b745-73b80b34159e,0
efb40a6e-5ec4-4f9f-818f-1eba1f86e4f5,0
efb4bd1e-35b5-4882-a64a-7558e8ef006d,0
efb70f54-b70d-42e7-813f-4f46df27f110,0
efbef36c-010d-4607-aa8c-59cb7fc822ff,0
efc146cf-e79c-4dd4-a2b1-e78723e9c6e1,0
efc4503a-93a8-44a5-9591-fb3207cdc689,0
efc4b673-faed-44ba-b8d9-199dba7fed41,0
efd5b717-0c1d-47f7-986e-aa0d44a0d8df,0
efd7b5c3-5262-4657-a628-ebc7f03f2b51,0
efda87c0-2c1e-4e36-b317-06a410cc8e0b,1
efdb0da2-cc78-4527-8e7e-dbc2f710d5c9,0
efdc8814-7dc2-4f08-90d6-0f4007244efe,0
efe06d46-d951-467f-a1e8-41be461bbaa0,0
efe39736-cae7-40c0-aa2d-5b4167c8a7d1,0
efe6435f-5983-4c58-9c7f-44718bb817eb,1
efe668e1-ec60-4c91-b1c1-6c7085b3a822,0
efe78f20-7121-49a9-bb20-595b5550b9b1,0
efea75c4-f439-4653-990d-04229704f365,0
efed2113-1b2c-452e-895b-9aa7fcf08a5e,0
eff1bdb1-5413-40e4-b7a3-567af6def62a,0
eff5262e-8e03-4d33-a11b-a1dd854b561a,0
eff61e4e-d537-4a86-aca9-54d3348bb9f8,0
eff6a460-863f-4cb3-9256-efa5faab16d4,0
eff7e733-5e94-4fa6-b10c-ee416b21aedb,1
eff92207-ac2c-417a-8a06-d095f7166711,0
eff9a1d0-a162-4090-bb3a-f93bc8413aba,0
effe1da2-9e86-45d0-907c-86d81d3383f8,1
f004261e-4c6d-49ec-9879-4ab67e702ed7,0
f0049222-e89b-42b3-adc8-7ef95e70fe73,0
f0073f70-2df4-458c-a538-c1cf99dfd6ea,1
f007b612-ac01-4e0b-9591-48430c95e510,0
f007e3b9-dc2d-40fb-b29a-c15768ec9a4c,0
f00a0b9c-2462-4217-9c60-2d569892c6d9,0
f00a8df3-1320-4eb3-b4f3-0c110e695f02,0
f00b0ef4-f4fe-4647-9eac-b4433885c9ef,0
f00b40de-7b0f-4239-8e5c-b3aa4a37ddcb,0
f00b925b-5b60-413f-9ca3-2295149c3ec7,0
f00f9fcf-c66f-4964-8620-aa61a2f0e505,1
f01173d7-2e9a-40c8-adcb-9d5ef7f9a53b,0
f01370d7-bd61-4340-9709-26711d236fd3,0
f014a46d-959e-4fcc-9bdc-4ab72f73140f,0
f0173a58-bd81-4850-930a-89c4bb59272c,1
f018ce4c-c192-44bd-bdae-43445a59c9a9,0
f01abe98-208f-4d33-98f4-ca9d5f37b8eb,0
f01dadd4-21b5-4d3a-8439-6f504e63fa25,0
f01e390d-aae4-4a72-800c-de7f6e5e9fca,0
f0255e1c-a3fa-466a-adcb-c06e2da5c440,0
f029e10a-4c91-490a-92e3-3cef2bed0c45,0
f02c1dc5-1bee-4b43-8b5f-47f2c1f919ba,0
f02f9a7d-5b12-4124-b626-25423bd70cc8,0
f0345ef7-50ed-4e10-b8f1-a67c5517e1b2,0
f0379ce2-7c26-480d-90b9-ba38cc0c7fd5,0
f039d524-2096-413a-9608-6e76652fe6cb,0
f03d84ac-a686-4dc1-917c-f7332b9e0867,0
f03db499-ac55-43f9-99f7-0423798c5a1e,0
f041aecb-8184-4b86-b138-f12ac03f935a,0
f042e8e2-231b-46e9-94c9-4fc4c7c7922b,0
f04399a9-5bc1-4d71-80c6-2071f65f900e,0
f046bd72-597b-41cf-9046-b7a2a12012ed,0
f048b014-6e23-477e-b47f-f6e7112a704a,0
f04eaba3-ec88-497c-b04e-487ff6e8b5e7,0
f056d164-6e1b-4e9e-b00f-0fd979daffd0,0
f058fe33-97ad-4489-814e-2f3e83586736,1
f05eadaf-fb10-4973-a727-4d824bfca5f2,0
f061b1cb-4974-492c-a257-430dcedbc0b7,0
f066f8b0-2d14-4b2e-abc3-0bd960ef2b6d,1
f067aec7-be9f-464f-be49-597801fd6057,0
f068215e-cf06-471d-aea1-f1b95ae216ed,0
f06b3e40-0140-4799-885d-1b1c7260ed66,0
f06ca3a0-5a07-46a3-9486-9b6baf900a52,0
f06d2a48-d032-422a-a76f-08d204c977ac,0
f06de4f3-fb67-4ec0-922a-d140ddd76ce4,0
f0714061-1be8-4160-9554-0b2a13f0d373,0
f07193b1-bc7a-4cab-afee-c260d201e28a,0
f0732814-7ede-4eff-b4a9-56e6cfa5e4d0,1
f0761ca8-8d63-46fe-a1f5-94d7498fb44b,0
f0772b51-bdb2-43c7-af0a-b380089ab1d3,0
f0786bb9-fc9e-4afa-b949-b2a36f35c9bb,0
f07dfaee-8d59-4059-8202-38d7eb09df7b,0
f07e2bbf-a720-4090-90f8-ae101d91620c,0
f080941e-b0a5-456f-aa0e-b6e26cc9083f,0
f083e677-29dc-4b17-a5d2-f7af63d63aca,0
f0850639-7be8-47f8-a487-227c89c5caa9,0
f08b389c-1e16-437f-881a-e61e6f28f176,0
f08cb783-da19-45dc-8c04-7e52e3227241,0
f08f6c98-fe52-4b4f-9df0-cb55d2945442,0
f08fdfd3-e567-47fa-b39f-1514f057c771,0
f09015d5-e4b3-4a79-b8e3-538eac4219b8,0
f090e91d-e653-4efe-933a-f93371da610c,0
f093b2a4-13cd-41cd-b6ca-cb88d7ee47b8,0
f095533e-72e6-4948-8750-e3f9af70e2a3,0
f09908b0-cac2-4b7f-b483-d965fe5c13fd,0
f09a81cb-e45a-4c14-a90c-6360782f06e6,1
f09ae2d6-834d-4121-a860-5c42eda3338e,1
f09ccad2-5fea-4399-ad93-90fa582b3298,0
f09df3ef-e179-44e9-a8ad-82f391375933,0
f0a4a2ac-0c70-42ad-a092-9a6208660602,0
f0a61d91-279e-4e9f-a540-02bb71c8e80c,0
f0aa08ed-a180-4ec8-a1a8-df4f010239b7,0
f0ab6c43-387f-49c7-9b94-a4f9dde0324f,0
f0abbb02-05ba-4200-b394-d1bd12915287,0
f0ace090-14bb-4e56-a89e-2d60aa6857fc,0
f0b0094e-4d3d-4408-a111-7e5d0b53c8eb,0
f0b37dbd-8e00-451b-bc5f-9ed008e6c070,0
f0b55ea7-a3a2-47e8-8693-4817eba37706,1
f0b57176-d264-43df-8e4d-928c8a017d90,0
f0ba2aa5-44e0-456d-9684-4dc8eaf08954,0
f0c26f2c-a4d9-434a-834d-47086eaef28c,0
f0c413b3-00cd-4ef1-b0b5-af4ca15204fc,0
f0c573bd-96db-44a2-8b08-2df38ac03f49,1
f0cbae07-acce-4d71-8ff1-fea67160fe2c,0
f0ce2a62-db99-4632-924f-8b517ca440a7,1
f0d1f328-4f88-4480-a27a-0ffafe482881,0
f0d252ed-ff01-415a-a066-ee351e268e2e,0
f0d36a33-9a2c-47a1-8168-1c8d9bb07b1e,0
f0d3ab75-0e83-4a88-b226-199d74959060,0
f0d470fe-b5b6-423a-bd3a-32d8c8fb3d69,0
f0d499a0-08e9-455e-b395-dc6a86baa4a6,0
f0d8733d-e2a3-409b-a5c8-f07fe7e1be33,0
f0d8b16a-f41f-49b2-ac0f-7b1fb54cb432,0
f0d8b9ec-54f6-4cee-ad1e-17c8da5ffc02,1
f0db1e5c-e1fa-490d-a2f1-050808f8d411,0
f0db34f3-6338-4fb6-9edc-0e11b29fe001,1
f0e0bef6-5c00-4d8b-8846-6ebdbd3f673a,0
f0e5741a-c76a-4f05-b2d1-93f1dcabeb7c,0
f0ea4a22-0786-4d3a-8745-62ebda2d862d,0
f0ec784c-fb33-41de-a00f-b41843c480ea,0
f0ed7648-4e57-4e9f-9bfd-a232f0c1f353,1
f0f0d09c-7092-4f20-97d7-8095ecf2442b,0
f0fc7be6-3d69-42b4-a262-8b58ce354d62,0
f0fe47b0-8860-43d7-b1cb-2b247ee8e16d,0
f0fea26c-6a11-4f10-b96c-52a868c55122,0
f0ff1c60-8aed-460e-a3d2-8e7a4f58259a,0
f0ff5751-5e3d-48fb-9f9b-d4ec41b0118d,0
f0ffaabb-4fd7-44c0-94ca-975c5b7411d0,0
f1041793-90ff-4bdf-be4e-0b94b6d10e9d,0
f106c1a2-0632-4595-a7ff-781cdb17a0d4,0
f10a84ac-42ac-4fee-81e9-30eaf7cf3ce5,0
f10b1991-4134-4d63-adb4-da8da4e8fa11,0
f10bb576-2c19-4e49-823f-be91a8869194,1
f10c500f-4d4a-4d70-a560-782ed8d4546a,0
f10c7336-dd23-4e2c-b1d3-649ffc8aeb8b,0
f10d358c-2dd2-4b23-b960-6d0ae9ad7946,0
f10d9f5d-3017-4730-9c24-3fcde7f5c321,1
f10f74be-bfc9-4d52-9f0e-3af6ea3a9535,0
f115f4d6-33d3-4ec0-bae8-939f221e0a76,0
f1172e36-8dcb-4379-81df-f0bd8804811d,1
f11839d3-bc5f-4e98-903d-d55e925a4a49,0
f1201630-3499-49c4-9e4e-b5a7ee1c9855,0
f12059ec-2d2c-48a7-8a9a-1c7cdbfec189,0
f1259422-ecc3-4d07-9ff3-c0a3447d2027,0
f127cdc0-244f-4fe0-8697-95cd9686bae2,1
f12903df-94fa-4ab7-9fdc-802391012b41,0
f12bef5a-f525-408a-9a83-2448494dec1a,0
f12d306b-a374-4647-b5e8-0157998d9c6b,0
f12dd3ee-a248-4f73-8514-23d9ad508945,0
f135a645-c246-4c83-9bbd-9c7936a755f4,0
f13965f8-80da-444f-8f44-aef2160185e9,1
f13ebdc3-7428-4374-a2f4-6dbf0c6007b0,1
f147087b-bbdd-4670-bb9e-ab62c727fdc7,0
f14930a9-c899-4565-a2bc-b0ecdfb93723,1
f149b98c-11ca-4ba2-8c29-de74bc30a447,0
f14a70d6-dc5f-4bff-869b-536c0a5dbcc5,0
f14df9c1-4e87-44d7-aa32-0462976f8c5a,1
f14e2918-c473-470a-85dc-b37773f3b03d,0
f14ff633-4098-46ee-afa8-9a7784bf8659,0
f1528a7f-b585-456f-8285-424325bd3094,1
f1528df2-ae58-4a53-a609-32a750fd036e,0
f15535d1-74d5-4e6d-907e-68c5e951d771,0
f156ab31-65d5-4077-91c6-7cc23032718f,0
f1570577-3cbe-460c-b64a-4c1183278a92,0
f158f99c-8519-490e-ad6a-44c1a1a36b02,0
f15a3cc5-1245-404e-84ae-f00735b133b1,0
f15dec4b-7735-47cb-93c6-b9cbad828a67,1
f1667e8f-99d2-49e3-abbb-e2598cdc12e0,0
f167f05c-5da5-4764-ad65-5d1d28b8c5ff,0
f16c6e5a-1a8c-49ca-bd39-ce66d4ab162f,0
f16c99fd-95fc-445d-b1fc-4d5a9cbb53d1,0
f16cca42-2f00-401c-9ae3-55dc1ad9f93a,0
f16feef4-f19d-4606-ab65-6989ac60eafa,0
f1700a38-1b63-4db0-b691-6aac36abacc5,0
f171f1d9-7f88-41ac-afca-d1bb31ecda7a,0
f171ff46-dc43-445d-bd0d-196e642eb2c4,1
f172bc31-1108-4116-b596-bb40d6efe680,0
f17356a9-c00f-4f41-b47f-d83324eed601,0
f17704ee-8e95-48e1-b9be-02b7626d91fa,1
f178172b-2d85-47a9-ba74-40698f4bb894,0
f17b6931-dd10-4385-bbe7-c4c47d857664,0
f17f88c6-c552-4d13-bad9-2caf3fa9e5db,0
f1885fab-7275-4b1f-9353-d7eee7fb7bd1,0
f1887fdc-3840-4d09-bf4b-6ed209e15c9d,0
f189d794-ea7b-4463-a4f4-2a3ebfc2226b,0
f18d7f23-4e32-4ec3-8549-336b8580c2bd,0
f18eaf8b-0001-4def-98f6-2e29f3639975,0
f198d4de-3d61-40e2-80eb-31ae6441e0e5,1
f199c707-e112-460a-a09c-55325ecfdbc1,0
f19a61ec-29de-4ecb-8eb5-1abbc1e11b8b,1
f19bd4f3-6d2a-4d17-b8ef-09628e48c426,0
f19c4604-f384-482e-bc10-dfa12f996236,0
f19dbb40-8c35-4325-ad44-fcbc33b8c46d,0
f1a5bbdd-adfe-46a6-b7f4-d2c3f7d49c27,0
f1a77009-8435-400e-8f40-61867a3f68a5,0
f1aba7d5-d192-47f8-b25b-3aae56ae7a98,0
f1ac5d83-ebc3-4f10-9e50-48814466b2b6,0
f1af52a3-675d-40a1-ab2b-a52ea5c6bc84,1
f1b2eb82-a662-401b-8187-e1e99fc3ae1c,0
f1b7b47a-598f-4ea0-bba8-48fe90012bf2,0
f1b82e50-ed7c-4a15-8b51-6bb2278bb8a8,0
f1b8dc96-e6f7-4b61-ba75-b978ba98b769,0
f1bda1f0-feef-4fd1-918e-9dda4422a8c0,1
f1bf66ce-c5d7-4a92-ae4c-a15ae5a6888c,1
f1c02e5a-ec1d-4dd0-82cf-f13982ed8661,0
f1c35486-1f5d-4ec7-ac62-bd369f989500,0
f1c44142-4013-4f37-a262-44a9da7cb7fa,0
f1ccfa1c-a122-4b40-9d9f-39fbd9fb7b2f,0
f1cd0495-4efd-4e36-b055-4abde6313ba9,0
f1d4b9f3-18c9-4597-b849-ab57be2f471a,0
f1d932d3-bae7-4a3f-958c-8e6f8e8ef191,0
f1defe63-6a9d-4d02-836e-1784b182b019,0
f1e12c36-04d9-4da1-8aa6-6221c57ae666,0
f1e362da-ce8e-4f1e-80ec-7f7440a18917,0
f1e63476-e964-48e7-915e-aab096fd9351,0
f1e6eba9-490a-4f42-bb7c-72036c94c0d0,0
f1e9d848-5742-4140-bc84-72e2be1d44e9,0
f1e9f1d7-9ec8-4888-a47a-178817839ac0,0
f1ead2fd-5cd5-45a5-8fb1-3bdea81da37c,0
f1ed7ae9-d450-477e-a24e-8d5e18d93e89,1
f1ef2834-4535-425c-bafe-a2aa4021b5c6,0
f1efb683-fa1f-48fa-bd5f-1a273084fa48,0
f1f0f9f7-39cf-4ef2-b6c5-0e1bc936ecef,1
f1f1a060-8bf1-497e-b658-b8604ae80dc7,0
f1f25e36-dc41-488c-9a05-7bac313037e9,0
f1f407c1-65d7-4735-9014-5a374af81099,0
f1f54ea6-144c-4eb2-a080-359aaf10d94d,0
f1f65349-69c6-4bb6-8ab8-62e67322836f,0
f1fa38ce-3643-4e39-8ff4-62f08026ca8a,0
f1fdd934-ea89-463f-8b8c-0c9176c60849,0
f1ff487a-10a2-4496-80ac-957a988a9195,1
f1ff6340-24a1-4574-bd95-291b0dd58b97,1
f20072c0-ded4-4037-8c75-2b14ee594782,0
f2018b6e-226e-43ab-a446-a61be8fe9175,0
f201c6f7-6d82-49e5-9264-8e584914201d,0
f2071521-a5d7-4380-844c-d50d9088c288,1
f20a89a0-53a2-4326-b7ce-b18879ab85a2,0
f20ce355-a80b-4124-9c57-c9e22ff6e843,0
f21187fa-7d75-489c-b667-d553889c47e0,0
f21395fc-d5f8-42f5-9755-8e56ff25b8da,0
f21a613b-4103-4102-9057-b7be1a450867,0
f2239b0a-c15b-4e6d-b227-c76b2704bfc6,0
f2239dc0-768f-46c6-96d0-95ce0328c0ef,0
f228cbc9-86a1-4a26-9c07-cad5eb68e3d9,0
f22b6e16-ea50-4d14-98a0-3e735f261e08,0
f231b9d9-064f-4931-bf64-be39b3f11bd1,0
f2362eb6-5384-4843-8d9c-e99c2cbbd201,0
f238a4f7-d3f5-475b-aba0-b40fa9674379,0
f23c0991-8648-45f1-862e-ae00abb63e1d,0
f23d6f24-1da9-4785-b634-cf9e5a95f058,1
f23f4dd6-8807-48f7-8c31-2987343f8b0a,0
f2401cec-20b6-4034-9688-f277e7173a89,0
f2410fd6-74c3-4828-8b59-758e31a4f037,0
f24169cd-8d2c-40dc-8bbf-e98a8d7c217d,0
f2435b97-05ad-4585-9431-c54f2fdf6a78,0
f244b23c-b74a-4429-b751-f887447cbcbe,0
f2461851-c914-40d6-9fe8-3384aeee998b,0
f2474e4e-b1ee-47dd-b7e5-160dadc97df9,0
f247f04c-5854-4aac-b012-18b450ba3ed3,0
f24983c0-9df7-432a-ba1b-033c3c65e3f9,0
f249aa96-e187-42ba-b1e5-c9b2bb44ce72,0
f24d5f8b-529e-4b3a-bd9b-1aa3df47d4ce,0
f24e4821-8ce1-4c1d-9636-9b164f83babf,0
f251606c-e3b7-47c8-a141-627ddfe1b1f2,0
f253728d-ad5a-4c95-9102-a140bd3eb36d,0
f2552caa-576e-4dca-b799-e9b2aaae008d,0
f2555f71-2e07-4028-b09e-c2b1ffefcda4,0
f257cedc-1965-4558-942e-44bd85ee7249,0
f2581b50-7804-41e9-b879-44a194542ba0,0
f25db1f3-37b4-4987-b3a5-dd4d6e92cfdb,0
f26329ec-0349-4ca8-a39e-f88db448e954,0
f26c37bc-4f27-4498-883f-015963cfd0cf,0
f2741b47-fde2-41be-a665-0c8964cc8059,0
f275817a-a6af-4895-a9c6-c1054b2bf9db,1
f27d6277-5731-463c-8300-51deb0213bf8,0
f27f38bd-06cb-4705-b31c-e18bdbfb76e1,1
f27ff80d-188b-4c64-b84e-4ec1543859ea,0
f281a560-5335-4276-ad9d-c6559c48a779,0
f28321ae-bc21-41da-8236-16cb9afa00b1,0
f2887e96-8378-41d0-b0c1-f2ad2eee59e7,1
f28cd77e-f54b-4db2-8f18-348e0d7e4306,0
f28d1ae4-ba3a-4f19-a722-b012ae79b810,0
f290952f-59c7-4313-a46b-ff875576b501,0
f2925072-c64b-47b7-820b-484f72fbad31,0
f29268ae-4888-46ef-b52f-d21b1b6037b4,0
f293fe1d-c8eb-422a-8e1c-7660cb23a5a0,0
f2951802-dd72-4c9b-97b5-1e653239c99e,0
f2991db5-d17c-4b25-963f-cb94c28f35e3,1
f29a4099-16d4-46d1-ac8e-7c33175d0de5,0
f29c539d-ca6b-4b4d-ba9c-769bda298720,0
f29ce4bf-a94d-4763-b5bc-b8c2486e5ebf,0
f29d89b9-c89d-4f1f-ac0a-c8a52625d67f,0
f29e6940-db60-45bb-9fdd-ed85d1e631c2,0
f2a25f17-c1e0-4672-80c9-b1cac0af08cc,0
f2a2b590-22fd-4e3f-8790-785586bd5ca4,0
f2a4b5c0-f8da-40ff-90db-41f14ebcfd3c,0
f2a5c0c6-bdbe-41b0-bd80-1502a2c11f54,0
f2a6e85b-1dfa-4f2e-a2b5-b2cf0bde1128,0
f2ab2493-a53e-4b98-a7f1-e9f11efeeb4a,1
f2c39156-6735-4ecc-a214-050c81ff1581,0
f2c72ff1-cd41-4895-8e8a-93ae051f5e8f,0
f2cf097b-9d10-4fb1-becf-bde74ded3a2a,0
f2d3668d-36d7-4517-af7b-6c6a59a51146,1
f2da417e-9c8f-4910-b194-7cba0c7f1d68,0
f2dbb15b-2cbb-4c9c-8715-f29f449b3aa8,0
f2dbf62e-c91c-4619-8ea1-05a1aecfface,0
f2dc4e4d-196f-4451-b4b3-3e0d7b35ad2e,0
f2de927d-da49-482a-8474-9139dbdc637f,0
f2e29001-8c55-4ff9-88bc-e7c36d622600,0
f2e4a4f3-71d1-4106-aaa1-4abf2a0bed77,0
f2e81a6a-fc9b-408a-8e74-293efdacc9ab,1
f2e90e7b-1ad2-4845-aa2d-6c5ee1483e4b,0
f2edcc69-32e2-43ec-bd75-7c2001c8dfc9,1
f2f75dfc-7970-4741-afdc-432516d969a8,0
f2f97aea-cef6-4ae2-b7a3-e8fe2dba5229,0
f2fa0148-b0ae-42ec-8d51-763f02d9f39b,0
f2fce72d-5741-428a-8fce-a566a8359a02,1
f2fe38b4-2eef-42ad-8528-0a20b1fdac17,0
f30061af-7457-4281-ad99-acf9a5e842a0,0
f3062d59-20f6-4a3a-9d32-3fd865c27c9e,1
f30f8032-339a-4730-87d2-c2901b38b7e2,0
f3125211-86b2-42a9-ba32-bbd39790ff83,1
f3153cde-0562-4c8e-91ec-9a1c49b68d5b,0
f31571d5-e038-4793-85b4-00ec4394b3a7,0
f31e7cdb-05f9-49fa-9096-15fa6f0f192c,1
f31f7a20-3a01-4c51-8394-f2a24b43556a,0
f31fc866-4669-4184-9152-567f467c06de,0
f32142af-750c-4744-9362-cf916aebcfc2,0
f323b7ee-afd2-46c7-a513-8a0b9ab12c14,1
f3247d6b-7ac1-4ba4-ab8a-40db6b6bb017,0
f326029a-c58a-434d-a298-9fec4cde3ec4,0
f3266484-d342-4c04-a84f-3f55d83a1025,0
f32884da-fa79-47c8-9537-3c9c33c3bdbb,0
f3289f4f-ad77-4472-9c53-e22abebdf127,1
f32c6b74-cb81-4a75-9e1a-094328110079,0
f32d2281-6a23-413c-8cc0-0ca10f807033,0
f32ef0e0-a5b9-4808-8ba3-d4f14b385684,0
f32f2860-4c3e-4809-9ec4-10a144a69cf2,0
f33872d9-638e-444b-9337-bc45f04ae944,0
f33d287a-26d4-4945-83d9-a7698ea122ba,0
f341020b-189b-4c74-abaa-c162bc230f92,0
f344a769-6eec-4ddb-9b0e-4ff1d09fa52e,0
f3468d8c-4310-444a-8425-eb88a872ac65,0
f34d0eef-3b26-4859-85c7-bc528ecad182,0
f34debfa-9f24-4a26-9676-74af4556c2d3,0
f351487f-54e4-4d0f-ab94-2dd95093470a,0
f356f0f7-b0aa-40b3-8d15-fdbe0e811f87,0
f3585e11-cdb1-4352-8792-a14f4c6acc97,0
f359b36d-5e0b-43fa-b36b-0690c27fb1a4,1
f359b913-c591-4d6c-bd30-a2ce906da00e,0
f359dd83-be76-4687-a8e8-abd87e72af07,0
f35a3604-e2f8-4810-a2ea-063325ae54d6,0
f35a9dd9-20f7-4aab-9f80-3ebffe25d0c5,0
f35cde45-fd06-4f4a-9e4c-83d60201f3b6,0
f35dce42-6a48-4aea-b0b4-7d4016dc6045,1
f360cb45-96ed-4144-8d5c-83210f8a7fc7,0
f360dbc3-f783-479d-8bba-f49a92a67ceb,0
f361b107-9309-4676-92c7-f36ae31467fd,0
f3633374-c3cc-4fb7-b33b-46cbaa318b79,0
f364add1-cb53-4f8f-beb8-33e089acd693,1
f3652a98-a94f-4156-bd68-3e12f821a0ab,1
f366b83b-d1f0-4050-ac8f-af555db93c10,1
f36b02af-9781-49d8-9b1d-f7c3e93c8c4d,0
f36b8f64-e130-41c3-8753-dcb395f247d1,1
f36f33a7-bc73-4be3-9444-89d2adbc1141,1
f3712715-c990-4b97-a4c9-743553903ee4,0
f375cbec-59a8-4424-ba92-59b4a424c6b4,0
f376e677-8a7e-4364-b9cb-58fb9fb40734,0
f37808fc-5719-4e9d-b023-fd622f65a85c,1
f3810314-cf9a-4e6e-a30c-e4de024d8577,0
f385c52f-afe0-4126-b12a-84d5eb4db3f6,0
f3875648-2853-4da3-a5f6-dfe542208ee7,1
f38782fe-ca81-4dd4-933e-a5fb706981b9,0
f38b2e92-aae8-4ca7-a2f0-024cb26cd773,0
f38d3de4-c4ee-4e86-b6e4-2d96af6e9c93,0
f38ee8c2-d33e-4b8c-95c9-dfc4af7642eb,0
f391cc82-fa44-4450-9dca-ce2b34a6a089,0
f396aea4-f2e0-4824-a5bb-c60178930702,0
f39c84e7-cb36-4b1c-a02d-41e3b78016d5,0
f3a1fdab-4e18-4c46-a0f6-f0643568b744,0
f3a3799f-61c8-4ba7-afb6-a0ec3a084daa,0
f3a3a13d-f219-470d-a9b9-1f3d100aabeb,0
f3a3b43b-3a6a-457b-ba7a-2cc7402d67d8,1
f3a4aed6-9f54-4722-a203-f0ea1bba700d,1
f3a74aea-8fb3-4763-b5aa-a2834494217d,0
f3a844a6-93a2-47f2-acff-709e65fb3582,0
f3a9bcef-10a5-4b33-9185-144d960cee22,0
f3ac0d55-bc2b-4048-aef7-f3d778024bf1,0
f3b3c395-9b54-408c-a4f4-e5d55f69d50c,0
f3b6cdee-a688-4388-a480-36e208bf7665,0
f3b7a3a2-72b1-4b7e-877d-64e95c9c061b,0
f3bb17e1-4c89-466b-8283-7508ce770e45,0
f3bcdcad-e600-4d24-827d-a68d4cecbe17,0
f3c0356e-a527-477a-a029-9d52c190d007,0
f3c1912e-59ff-4a2d-b462-6949f63405a8,1
f3c24bdb-db1f-4ef8-b20c-b417f4537645,0
f3c88d84-940b-413a-9c66-5022aeb6a651,0
f3cbd541-5c06-4efe-bff7-2193b8211fbc,0
f3cfce72-ad11-4fb8-b963-5744661d72b7,0
f3d63c9f-6767-46f2-99cb-60463b72799c,1
f3db16f7-01a5-403f-b1e8-e18072985c85,0
f3dc8c71-2247-4f8a-b6c8-b02a7f560f5c,1
f3de2299-61b8-4e51-9993-526d0b9ea85d,0
f3dfea33-c91a-43db-83ef-d9edcbdc6fa2,0
f3e182c8-0e17-4ac9-b158-1169671120a2,0
f3e1c2c2-183c-4df9-be70-b37cc5efb316,0
f3e29ac1-ecff-443a-b215-3f7ac1a381d4,0
f3e6ef4d-cfb1-4cd5-8ebf-47e5a7462fd5,0
f3edceff-e163-4803-8ca6-866e202554a6,0
f3ee6f98-8953-4484-b214-9c5f22cf78e4,0
f3ee7637-ef00-42e8-87aa-83c5e9d4f077,0
f3eefc4b-d317-4626-97b7-f72fde4a77ac,0
f3f91e9c-c724-4b85-9d04-b13f84aa473d,0
f3fc11ec-2552-4528-8a61-74db195c4662,0
f3fdfe34-6a92-44e0-8dae-fadb2127b55a,0
f3fec940-1e08-44a5-b9af-490410681f3c,0
f3ff3c11-f67c-47cf-a1cd-4c037fae255d,0
f4012a8a-ca80-4fdb-b307-94fec51600c2,0
f402aa8a-3ce4-4471-a2cd-276ee8505707,0
f402ff6e-74c4-4833-a6e2-9a36ad0d7112,0
f40aeef8-f8e7-4625-b68f-3b09776f4a52,0
f40d70da-efce-4cf0-8f07-aaefe667a58d,0
f40e4bc4-973d-416f-b91e-cc2ac17de34a,0
f40f2c4c-0827-462e-811d-d3cfd901e074,1
f4101b62-2e4b-4407-a669-8f7fcc2d2ba7,1
f4106416-f1a4-4b75-8c58-ddddf3c73b22,0
f411ee73-4886-4562-a949-9670aa5181e6,1
f413c770-86ef-4b64-ad58-8e6279e57bf0,1
f4151cf6-da5b-4266-9605-f1c1d0c45c0e,0
f41c3b38-fd82-4cc2-b520-d0677bd65aee,0
f41e5307-ed82-46fe-bd47-3205d6d544f0,0
f41f0c02-329c-480b-84c3-c7e03732854d,0
f428c946-3111-44cc-85e1-c276d356baea,0
f4316175-9ef3-4305-b2e8-6483964cbf75,0
f4335d16-694a-449e-8cb0-2f435039cf82,0
f434a4fa-56d8-4ec0-a5f2-ab6bd0848813,0
f43805a5-2cb0-4283-b486-c7cb3ac97d80,0
f4383b03-6389-4005-a07e-c117c4bff300,1
f43c6b39-0011-45c4-aca1-381b31a1d329,0
f43dc84e-c35c-4ceb-926a-e2d12d772f75,0
f43ec748-1438-4915-a3b5-a3d0a6db7ca5,1
f4410bd9-04ff-4aa2-a0fc-b576650aa7dd,1
f443d86c-8284-4a98-8578-95fd01c73294,1
f444353e-4d9a-4ae0-aa16-8fd6fe72b3ef,0
f445dd21-3ebf-4a6c-8b61-ffd3298a676b,0
f446777f-9290-4ca9-8ed9-f7e48e0ee99f,0
f449e940-97be-44a8-baa8-097564cc5b57,0
f44adde3-e9d4-44d1-9690-386a5f84309e,0
f45564a4-fd40-4314-b371-b7bb23ef3e4e,0
f4581956-3505-4cf9-98a9-ea8a2d234906,1
f45e0aaa-0cdb-42ab-82ab-6318a0674c4b,0
f45f1954-2219-4e5d-8c4f-c62ef209d7e9,0
f45f3335-63b9-4708-9805-23458a9b44de,0
f45f90b6-fec7-4d09-8e85-d32f5bfc69de,0
f4638dc4-3427-4e37-b3eb-5db6a00f26cf,0
f463c626-2f21-4b35-8491-35350e5d8dde,0
f46b1b9e-4807-4803-b5a1-6d456950d052,1
f4735b2e-f9af-4606-9840-1729bf177766,1
f4737e80-1c71-46a1-8b73-15506b505a40,0
f477cb5c-d877-46cb-b731-e34a284c29f6,0
f478b518-0684-4bd8-8e3e-0d467990efa8,1
f478d818-9229-4359-80af-92ca69d43cc8,0
f47a53f3-1119-4dc0-8df6-ffa923f7a088,0
f47af0f9-f273-4da4-9889-dec29df6427f,0
f47b6a93-738b-4f35-98e8-36453f31124e,0
f47bdfb8-7d71-49c0-a222-aee04bcdc56c,1
f47ea0a6-3c44-48d6-b7b6-2d6f13b43a0d,0
f47eec49-d5a7-46fc-aca1-d9703f67d4e7,0
f47f30b2-b145-4683-9922-d26ce0ec76f1,0
f47f5ef7-7302-4cfd-8219-7461b9c9494d,0
f47fae68-a5fd-4e61-b385-7a02d5f87e27,0
f481496d-ae81-43e8-b114-f9c78b7b301d,0
f4889aff-7c39-4246-8dca-170e1ba12424,0
f4910b43-e8cb-4294-b189-38d8f627218a,0
f4964f1a-6e5b-4b79-81e2-0e33bea319eb,0
f496bdda-35f6-4f31-88b2-0727ed20a7ae,0
f499476d-88fb-4cbd-951f-e63eb843e5aa,0
f499d1c9-d9f7-4aa1-8015-bcc5cb4084b9,0
f49b2047-79c0-4622-b2fe-4310792982c0,1
f49d4428-5297-46cf-b9d7-8a23e7ed4c30,0
f49f97c9-fcd7-4e0e-bc56-a42f26761ed8,0
f4a4870b-5814-4cde-9d46-063f445cd5ef,1
f4a49b9e-7e2f-447c-84d0-4f8f3b7f893c,0
f4a7de19-3a78-4337-908f-8d1e0e34eb7e,0
f4a8b3bb-b7b9-48be-a4d8-253d75abf8a8,0
f4a8db11-f40d-4152-9c66-48caa5f55e4b,0
f4add2da-70c4-4492-aa2b-7c3ca12e2614,0
f4afc7bc-c979-4553-9561-e534bbf77b14,0
f4b00f19-306d-41fc-891c-734d2f153e5b,0
f4b2975b-24d0-4cd1-8c37-5e836818b456,0
f4b7cf82-c5c0-4094-980f-7769c8a982ed,0
f4b7e414-be98-43b4-93ed-d6150c33533d,0
f4bc25b8-36a9-4b9e-be2a-9db92a8b55d3,0
f4bc96b3-684e-44d2-b758-12df701ba9b6,0
f4be3951-2eaf-404d-a906-a88006956122,0
f4bf7e10-b511-48ef-84e9-65ef3466ebe1,0
f4c0a958-a192-4d7d-85b2-27d11668c39c,0
f4c1b3a1-0304-492d-9d0b-75b93ddcf8e7,0
f4c545b5-1894-47df-a3da-c2766aa9509a,0
f4c901d0-f0a2-4754-960e-595026fc9ec2,0
f4c91cfa-7f64-497c-a949-2212e7a143a9,0
f4d19a8c-7e49-4607-8cf2-2e4bc3832a12,0
f4d4c7c3-d310-44ba-8833-72d91e23a52d,0
f4d91230-ed7e-4006-8eb7-0020cd389491,0
f4d94a47-174e-44c9-b6b9-f3f3cbf87c05,1
f4d9bc60-7ec0-4cc2-bbfe-6c64904f67df,0
f4daf463-ba24-434c-a7e1-88a97d6c7eda,0
f4dbb8d3-3ab9-4781-93bc-d336618d7afd,1
f4dd796c-e495-4839-9261-cebf787ac594,0
f4e134ce-4631-4a38-af43-abe50ce0af77,0
f4e4caaa-c0fd-4245-ab1a-2edce91b5946,0
f4e5a117-0bdb-4246-bd06-1cdf4f3c77a8,0
f4e7c353-1c34-4b72-9ff3-f9e9bc230b7b,1
f4e936b3-0124-4f47-9045-c7e183b6ff88,0
f4ebcc85-6c76-4a64-8d24-30388003ff30,1
f4ebd280-4bf6-489b-8c8c-0cc1516bdbcd,1
f4ed6a66-8e2f-423a-bbae-0f2090142e0e,0
f4ef2d96-c287-4444-983a-1da09ffe145c,0
f4ef7618-a412-4a6f-ae46-f151eeaaadcd,0
f4f3556c-68e2-4e4e-98dd-b3c49269646e,0
f4f919d6-1d4f-41d1-9101-771d0205d2ce,0
f4fcdd56-19cc-4c85-8fd4-734f078caa8c,0
f4fd6f23-963a-43d2-b6f7-3d9a1db187fc,0
f5002e65-2699-4d1f-b9d1-981929d42d31,0
f501b115-dca7-4f73-bc9b-ba0395928d90,1
f502a56d-10e6-4be2-af16-0dcdeb68b1e9,0
f505b915-1540-4214-8596-db2405f97a7d,0
f506c7f9-2c4e-401f-b34c-44a91a55dbbb,0
f506e466-f726-4f82-8702-00124e142187,0
f5071294-b818-4917-82ef-bb8875d824b8,0
f50c28fa-db4c-4ca0-b16a-107f758f34b1,0
f50f753f-bbbb-46f2-ae58-68056e269584,0
f50faa91-830c-4cff-b93e-46deed023f01,0
f5108134-b92d-4a29-bd9e-2062b40fd072,0
f516b17b-8a5f-42be-94ef-b10e80ee6ca3,1
f5186524-b8bd-42c4-8312-9b8511fd9344,0
f5265305-66b4-4452-bb7a-be468228cd4c,0
f52f984b-fef3-46db-b65b-b497640e2ebc,0
f53162c8-d5f9-4d0f-bff6-7c1a1b96d73a,0
f53282e6-bedd-45d9-b3df-727965cb503c,0
f533269a-2777-4740-8fa7-2f5b88ba426c,0
f5372234-1b88-4f1b-8f1b-d17193b529af,0
f537dda3-af56-4240-89e3-3df9ebb41242,0
f53956fb-77ea-48c7-9195-6b007f854b45,1
f5414dbc-a6df-4ea6-a80a-15bed5ef627c,0
f5444908-7b0f-48db-a121-355b2887e4ce,0
f5490c21-bee0-4c91-aea5-48ec0750f36f,0
f54e949d-181f-4a25-922b-5dfb697240eb,0
f54ed1c7-98fb-4aa7-b025-1c3d974f16e2,0
f5517003-fe96-44b4-a9f4-390537a69e29,0
f554e3ae-3e67-445d-a19e-14316d192f82,0
f55af653-6cb0-4e22-a953-60b1a752c74f,0
f5604019-2e01-4b34-a361-638c9769a70a,1
f56131ae-8581-4e98-9d3a-2ab0e42e6ef1,1
f56566bc-ba91-49ef-9215-2d0a52b72517,1
f5699cfd-24a4-4739-ae2a-51e2d757fbf2,1
f56c6cb8-4ce8-48f7-b016-a02040103e36,0
f56ec288-a4d0-46a6-bb95-4c74dc304f0e,0
f570762b-3367-4d48-9a60-4a18efb50299,1
f57252e4-5f1c-48f0-b5e7-654722d6217d,0
f5728552-c9a7-4647-8a3f-f59b5681afda,0
f5731d83-b8ff-4b29-9140-7b4290d3acb1,0
f57325d9-1829-4ae7-88d6-6c9f7e156fa8,0
f574b49a-0993-4285-8c58-3101c8b6a047,0
f57dd43a-5267-4922-838c-3a04ef40657f,0
f5811db2-effe-4c60-a1b5-07645d61f3ef,0
f58154f0-6a53-4ff3-b4c3-8a5a08462c09,1
f583057c-54ca-452e-be57-1432824f8f36,0
f583af09-d3e3-4cd3-b222-bda46425176e,0
f5880215-d717-4795-bb3d-3ea7794c95f8,0
f58a67cf-ec97-41f0-9d1c-33498e3420b5,0
f58ce1e9-795b-4b56-8d94-0922de716774,0
f58d483d-4c4f-4398-ba20-c8d41ec476d3,0
f595c1db-2fdc-49f6-8e5d-5c5f6ed720ae,0
f5969a1c-a035-4a64-92d6-9524f60a1238,0
f596c9d3-caac-4f0d-bdfc-968df10c5908,0
f59b2693-883c-42aa-b6ed-c92679f46bb1,0
f59b8137-a820-42d2-8263-dcef6af3912d,0
f59e414c-41b4-48a1-a488-c6a5e0a4de13,0
f5a66023-331f-4bc4-b93a-f5a0e4e999f1,0
f5a7f6ae-b9d5-4458-aed9-04670b99208d,0
f5a85a48-18c1-440f-bd01-f98e3f9d83ff,0
f5ab97c4-c119-4a94-82d9-ad8a7f52889f,0
f5b2e860-607d-4c63-88d4-8995c9f32164,0
f5b2eb5a-202b-47b7-9612-88ec219f56e7,0
f5b4c3c7-a4e9-4786-b30a-676f5579563b,0
f5b967c0-9a36-40cc-89ae-9718a191fed2,0
f5bbf9f8-e1ba-47be-ab76-eae04eb403da,0
f5bdddff-7a38-4585-b47d-0c5d630a4ec6,0
f5bed2d7-0343-415c-9144-cb5f442697f4,0
f5ca3473-c75f-40d8-bce5-eb109ce8536a,0
f5cd18b4-18ba-4aae-a648-c9f907f3d60b,0
f5d2ad7e-2ce8-46fa-bc9b-f1f69bf9e2fd,0
f5d2d786-0aa6-4a37-94d1-cd1ace119a3f,1
f5d77752-ba5d-405a-b4db-64c3b883cbe9,0
f5dc6518-ed1f-47ff-822d-133f3c19e85f,0
f5e122c9-bfa9-402b-b544-7b8fd2a8f6fd,0
f5e378ec-08cc-4504-b2ba-78d2c62a20bc,0
f5e3947c-00b7-4982-b333-bb5b79944fd4,0
f5e3ff1e-ec00-4b9d-83fa-2de43770ea70,0
f5e61089-2555-4b4c-ba78-368607f69c49,0
f5e7cf18-b15d-43f0-a83e-c17ed0f2def6,0
f5eab857-eaf4-4f4c-a89e-75b9e0dd5fca,0
f5eaf62e-a951-4ec2-87f7-8b6b453f3ed1,0
f5ecc1ff-16e7-441c-9014-e9083b6bf7f4,0
f5ecd96a-dd85-4e1e-abe6-6ab63fb024dc,0
f5f203d2-407e-447a-83f9-b4e826652fc1,0
f5f51e11-6d6c-44bf-bae4-362e971bf0c5,0
f5f5c7af-4b3a-4af5-979e-2ee4759deb3c,0
f5f62d36-3fd8-4e4d-9418-7c3872debc30,0
f5fd95a8-9f7f-46c7-b64d-e39cb7d974eb,0
f602d813-2a39-41ea-8516-fd7f364001c8,0
f604b5b1-49dd-4a01-8b26-cdd6a2e1b136,0
f605adc2-d852-4b50-90fb-1601193f0440,0
f6070ed3-e89e-406d-89a9-459795bb2632,0
f609380c-27de-4286-9ad1-f3d59bc8e890,1
f60bc04d-6606-44d2-b7af-ff9bea5586b5,0
f60c7bb8-b532-4abe-a372-fd7b50bbc89f,1
f60c8b30-a4d2-4611-b369-9b3ca75420c9,0
f60d7e2a-5daa-49cb-b865-7cc3c75d3719,0
f60e0877-735d-4fcd-962d-9df1b498403d,1
f61178f3-3b1b-4bd2-afd2-aeb27cbedf2e,0
f61b09db-a5a3-4a61-8a5a-fec4a2c0dee2,0
f61d9e91-43e0-4c30-af65-377b46b8641f,0
f61e3b8c-c24b-4390-be61-bb468f5e913c,0
f6224464-ad1c-401a-901c-e84df44fb3e8,0
f62244d6-581a-4875-9e77-2225e6c51a7e,0
f623c133-a68a-49d2-b160-8469f290394c,0
f624e1ce-8083-4275-98a7-2a2765b409e0,0
f625e229-cec4-4229-9272-371f6e05b045,0
f6271dc9-cba1-475f-900e-84da96a18f83,0
f6272b51-ac26-468a-8036-e47b1f9c0121,0
f62779bc-616e-4309-8894-7535a67789b9,1
f62786b6-8e71-4c70-af83-8ef7f5faece8,1
f628494a-21db-4367-9f92-0d5bad340c4e,0
f62e4278-deb4-44b4-a916-cb058cc9d691,0
f62f86f2-b2d1-4ef9-b748-2f06f90be1a9,0
f62ff423-ab3e-4259-b781-a43fa039b9d4,0
f63253f7-bca9-419f-a45e-1adfe9e2c3b9,0
f6325e60-b4d8-4580-869f-29bc313525a3,0
f634db88-ec83-4217-b159-bc5534162e81,0
f63809e7-8219-4c98-a680-9572f55c97ed,0
f639ab3a-4e9f-4d24-95ca-e9a5f3059e74,0
f63f8327-aef4-4d30-b747-b32a51e07d17,0
f63fe32e-abe4-43b9-ba99-4b515fa68974,0
f640d3a6-f9df-403e-9e6d-a340e94d2d09,0
f645ae5d-832b-434b-b64f-6da43007e54d,1
f647b46c-d2c8-42eb-985a-c2319f2c1a31,0
f64d751c-893e-4a4d-8bab-f6532da65d06,1
f64e80e7-4062-4982-8ed6-be7c506f8182,0
f6507dbc-8ae5-41f2-a1ff-8a8b352b9c3e,0
f652877e-d2cf-4efb-b16f-c655fc202faa,0
f652ed15-a028-486f-bcc5-f73306bf6e7c,0
f653848d-7bda-4391-bf1f-4836fae2a351,0
f657ce89-70be-4a19-8b87-30c02a49a9b3,1
f657f8e6-5e02-4c96-b37b-e9c276812c5a,0
f658cef6-913b-4bd1-ae18-3969f98d8b8c,0
f65f9801-7243-4343-92b8-beaa92d49f55,1
f660a6ab-b192-4ca2-ae28-aa8c3e3f4f77,0
f66b6f91-539d-4e0f-a6b6-d0385c7d124a,0
f66fdb87-3442-43f5-9c2d-c9fbf7b73cb2,0
f676c102-2364-4840-9142-8e28e32423ba,0
f677b8a0-c110-451a-b1ea-7ef5c77928e6,0
f6798f6f-137a-42da-b640-91284a7244ca,0
f67c4cbb-18f6-4567-992f-aa76e8343c2a,0
f67df426-270d-4307-af0f-20db24b93c83,0
f67fd605-edb4-4404-ae96-b31792f88016,0
f682b1fe-d0ce-4e72-a81e-6c0d4efddf45,0
f683cb05-358e-4972-a3e3-aff8638a04da,0
f6888b90-61b7-4b93-83b7-af6ac9f1be84,0
f68a298c-3795-4dea-8d25-c6697d1afcbb,1
f68d75a9-fe1d-442d-a9b6-454349364a68,0
f68eb725-a10b-4590-a728-8968d0f95da9,1
f6939c4e-06d7-4fb0-9d83-fb666c40a8ae,0
f6996652-96e0-40fe-90aa-b0900057d45c,0
f6997191-2400-4eea-80d1-5134e30ef1e8,0
f69972fe-e8dc-43aa-b178-979e820cdfff,0
f69a115c-2c8d-43ee-8bff-20684fdbf919,0
f69b419a-573e-40ef-bb2e-20e9f554b40f,0
f69f3bab-08b5-4836-858b-c6db4e1227f0,1
f6a2f5b4-6738-4089-a3b1-cf5b6f0cc44e,0
f6a4e351-f6b7-49f7-936f-85d85904f7a0,0
f6a6a802-3fb2-4cf0-9c69-54e81b92b2d9,0
f6a7fe03-6da0-4ea4-8380-9c981b3c4ec0,0
f6ab2ac5-b4a1-4200-8480-0578b6457ad3,0
f6ac20bb-62ee-4f3d-a1fa-ba4a0b542c55,0
f6ad1e5e-0b76-4292-9f05-b343c1b93aba,0
f6aed970-ab98-48ca-8013-a48586caed6f,0
f6b2bff4-5b7d-435f-a214-ca0da07e0693,1
f6b2e22f-5005-4e30-83a8-a91c20a45dc1,0
f6b7f236-db51-40aa-98ab-81a67f2788d4,0
f6b7f6ca-5c95-41d6-9a50-0dcccfbb155b,0
f6bdbbe6-1977-43c6-b068-59e1c4ac95fb,0
f6c0bc77-41f5-47d9-95b8-c4ec13756827,1
f6c1c49c-a468-4b1f-9ff9-fac00f6dfbca,0
f6c4f59f-f906-4a59-9656-7f44754bb00b,0
f6c9cb09-5782-4986-b2ed-0aae47b5f26b,0
f6c9e3bf-6d33-40f3-bbad-ae4535fdf9f8,0
f6c9ed8f-b90b-49cd-8282-45d73190ffc3,0
f6cccb38-cdea-4c9e-8989-32e48bcd2dbe,1
f6d18ff3-f733-4b60-86ac-0c3be49edb8e,0
f6d237b2-7a4a-4490-b010-cef13e3b82ce,0
f6d3fde3-2b9e-4872-a7f9-3eea863fe147,0
f6d62b79-3e4b-48af-be29-689d81883c8d,0
f6d76b27-1dd5-4934-a546-161161ab4607,0
f6dac12a-a828-402b-8f10-20e943949def,0
f6dbfb16-d026-4efb-a180-74b00ee4ebcc,0
f6dd420f-a730-49d6-ad34-b203a5cdd87f,1
f6dedef1-7cf3-44cd-b087-36b18f6f53fc,0
f6dee3ab-2d39-4410-bd4e-1050dc76330c,1
f6df2d2c-2cce-4a7b-b3e6-cb433ad87a82,0
f6e082cd-cd58-41e4-ae7b-022f37a49c1b,0
f6e08546-a3bf-4e57-a46e-77d8909fa7c7,0
f6e4b039-e299-4ee2-b776-f0829484d863,0
f6e6e92f-4301-4723-873d-d20c25ac1c12,0
f6e81957-da0e-4ecc-9b92-f2be275edcb1,0
f6ebaa14-c9ff-4362-8c8c-d5bd329f1381,1
f6f458b2-3460-455f-8b14-6267c2c2e76f,0
f6f47bb3-664e-4416-8eb7-f735fc54bfca,0
f6f53890-926d-4799-88cb-c13c9ae4af5f,0
f6f5c665-7896-4547-99c3-4c404f54b95c,0
f6fc6c8c-d09f-4ef9-a8ad-3ab2acfb3302,0
f7010487-6ba2-4553-93ed-fc680cedf15e,0
f7026c00-444d-4adb-ab77-67079fde4419,0
f7033589-6b84-4e99-a205-512d823fbfa7,0
f707c0fc-474b-4579-af8a-23c29a521928,1
f7082c5e-1131-4a14-8b07-d9d059fb9c3e,0
f7110c90-897e-48a0-8a16-93988bd3a3c2,0
f711e871-6814-4efd-8b1f-bda59c4b94a2,1
f715faae-a09b-459a-a4dd-94d8059d6b3e,0
f717db91-6569-4d3f-b5d9-d2eb5ad11ef5,0
f71aeec2-5b13-4a49-9b7c-36a56906d270,0
f71d30ae-f1fd-4a12-a3c5-eec64d0ba7b7,0
f71d7496-09de-471f-84e5-ecda6469b3cc,0
f72a38ed-73c3-417c-98ae-a5b8399a5478,0
f72d6186-9fef-4574-bbfc-c90f57557c0f,1
f72ee31c-7536-4ef7-864a-db78c65ddd52,0
f730283b-38d9-4d94-9885-02c4727bb2d1,0
f730a11c-d19c-4296-8ce6-33e31728a725,0
f7342105-88c2-4c65-acf6-b3515522ab17,0
f73ab483-93ec-4a99-a58f-4c7de62d6753,0
f744004e-c199-471e-af34-0c404dc67f50,0
f749acc3-4e54-4236-96a3-c4da0ec6a1a2,0
f749c06a-9a96-46ca-a5a7-880cee04b262,0
f74c63e8-8ee7-4407-b5fa-1cb477245340,0
f74fabff-80b8-4f65-a9ec-0ee80ed3a300,0
f75490e9-13b1-4fb2-9ac7-a6ecc5bca8b1,1
f755d153-1283-4236-9923-78bfe4e5154e,0
f7591ca5-2b92-4607-931b-2ce55ffb6857,0
f7594e3b-4dfe-4e9a-b7bb-0c46e150ac07,0
f75d2e42-5f84-46b2-8f58-955d91679d04,0
f75ec51e-66ba-4665-9043-1113e5664db3,0
f7653333-d93f-483d-9253-e185aed6e847,0
f766b0f7-de0e-4664-912a-0abc2d16e058,0
f76d863d-a51f-419f-ab4e-2d6ec6e6e284,0
f76dfa83-a018-4191-af8f-b2c50d9b0c95,0
f76dfdc7-0d79-4093-80c0-1168b441f4fc,0
f773e6b8-c13a-4d8e-a361-fb0af5ed3908,1
f77751a6-ae70-48f5-a763-2be253dbd2b8,0
f7778190-9212-4f51-b847-8a2207cd9353,0
f77f8454-e5f4-4d1d-8633-6ce53e5ca28c,0
f789b97c-05e8-46d9-8bd0-f593e18948db,0
f78a5dac-371f-4b74-897b-4fd9f761abf5,0
f790498b-dbf2-48b2-9967-e44c4a813d74,0
f7933e66-c60f-44f5-91fb-c4f8c62f78ce,0
f793d627-51c7-430e-a14f-b63abf61ea14,1
f79ca36b-d86d-4394-b8c7-f3aec0570bf2,0
f7a00a99-6a29-4921-a715-226e47d4ec44,0
f7a37a10-3543-4c32-9914-49d6e68f17ae,0
f7a93503-6de5-44ae-8d08-59b4653f3927,0
f7b0a07b-fb29-4e54-9cf1-546d5c068345,0
f7bcc585-e09a-451e-817e-c550caeba0aa,0
f7bcd1c9-024d-4b1d-a857-493092bf0155,0
f7bd30e3-5273-4163-958d-e37d227d6b59,0
f7c6327c-ae3b-4175-901b-55f7719d10d0,0
f7ca43c6-f516-40ba-954d-e1349f4bd093,0
f7ca90aa-d597-4f8f-9c14-5e3dfd7a9b97,0
f7ce5476-19a9-47f1-bef2-5598cb2b71f2,0
f7cf14a5-3259-4c26-aca5-897243583aa6,0
f7d31ed3-556a-4e0a-8b41-bce9f3358867,0
f7d44067-3541-4bdd-a7f7-e06dc09e6e68,0
f7d70efd-287a-4e4d-96ae-6e16b4f885b9,0
f7e0da97-5bca-49ad-974c-4a1bf9ef9918,0
f7e246b0-bda9-41a8-8490-a46e80ab5e5c,0
f7e41d81-d051-4d83-9e2a-68b49dd122d1,1
f7e8e6e7-1b92-4c44-a52c-c9598a8a26bd,0
f7e9861a-8748-4172-be83-cd79cd6d3145,0
f7e99986-52a9-45b6-9e2e-e6b374e870d9,0
f7f1d249-832a-4a1d-b68d-5d14185af670,0
f7f36313-6b26-4125-99a2-e9c5e6c2c5a8,1
f7f5afd2-f282-4e27-aa7a-f03b690f8c98,0
f7fb2d79-9230-471f-86ab-1aeae70a63ef,0
f7ff0803-3f01-428b-bc23-05139a4835b8,0
f8007a1b-ee84-4c8e-8641-a9ac1806e919,0
f8031414-a61c-4371-a3a8-25950bbe1177,0
f808c7fa-ebea-4be4-8795-5fd8b22bd229,0
f809897c-901e-46bd-b259-153c433712bb,0
f80bb267-a378-4391-a92f-fe8a09d47188,0
f80e7f70-20e9-4000-a369-213936e94d3d,0
f8134fd5-efa7-41dd-9e39-cc0bfe3d8cde,0
f81484ff-1704-481c-af5c-19a649bd4d25,0
f815ac72-3f2b-4b61-8c08-b73fdd94911f,0
f8165043-ee6a-4406-9ca7-45adc2688a18,0
f8171bf0-4f9d-4fba-9ec2-fe19c8c3a6c7,0
f817fd1c-9703-49c1-b596-281503ddf8f7,0
f8196111-3838-44e6-9703-9559a992eb30,1
f81bcbf0-b229-466c-bb00-530465bfc858,0
f8278119-ad58-44d6-ae8e-36392b8bfa5f,0
f82eb9a7-f121-4141-bcb9-405407e4c4db,0
f8308bc3-0303-4ad4-bce5-70ba7970f880,0
f831198d-3c7e-426c-9016-2d1bc2e9e973,0
f8359f35-e591-439d-b86c-e3fab19993f9,1
f8376438-3086-4ef0-b133-26a0b9e982b6,0
f839e395-d3ea-457a-9a2e-cf7da1f49622,0
f83cca20-7e07-417f-8883-ba1a3f22ef3f,0
f83ece9f-2b9a-426b-bacf-984827bed904,1
f83f4d11-0b5c-49ae-b538-2fda4993c46b,0
f83fff7d-4e1c-47f8-9a0c-36e5fc70f30d,0
f8406f67-6f7d-46cb-ab5a-11c4b910fde4,0
f8416d4c-3803-4c06-ba69-e74b30bef279,0
f842de9a-3232-42ce-9bb4-27bdc4718e98,0
f84369ac-ba4d-4999-9dad-37d4494eb3bb,1
f846998b-2d46-43b5-b037-43a2e751656c,0
f849f5d7-cc7d-4472-a334-eb264c8a1bed,1
f84a8af7-31b9-41e0-a318-aa9415d3d6cc,0
f84dd604-c617-46b3-ba24-bd22e6bae1e9,1
f84ddb4a-9818-44e0-b7d0-0cf55e6af02e,0
f84e6687-980e-49de-a2e3-3d15847c4dba,0
f84eb1a1-679b-4bbf-9b97-e7b0c314bf24,1
f84fc041-0098-4d0d-bacf-00e3a05292ac,0
f8572d09-0255-4a8a-9a3f-0589c276cb34,0
f8577972-94bf-421e-8fef-aa6b021b87fc,0
f859af45-3d57-449d-b766-d1766029c589,0
f85cf754-e57a-4420-b04e-96f78d90346f,0
f85df8b7-19ba-494d-b71a-c7a08fbcbfca,0
f85ef75c-e10d-4847-b590-dc668a454128,0
f861ecea-3606-446a-b6c7-aa6490e388f1,0
f8693f89-c52c-4701-a7e2-d3ef84bc09e2,0
f8694ff3-84c2-4300-8b00-3e09ff939343,0
f86c5563-93ae-4361-be5d-55cf509b1707,1
f86eb849-4ab2-454b-acb7-c338f49d583a,0
f8713527-8509-464f-9176-7ea93f497de2,0
f875860f-4b9e-40ad-88ce-6e52795ddbbc,0
f879667c-9603-400c-918c-abac59d11168,0
f87a249a-963e-4b8a-b86c-f86eeb042719,0
f87c3a62-5707-4d58-8eef-ad22d0086250,0
f880bc70-fceb-4421-b080-14ff1559fbca,0
f881ad18-a3f5-4fff-a73e-33caa807f917,0
f881d19c-21ca-4023-8ba1-08e019c0f3cf,0
f884c92a-9a8c-422a-a5ee-886e38d5de0b,1
f8859473-f7ae-4034-ad09-f2ddbb18642a,0
f886aa03-f483-4f59-b6a2-7e74ee2bd281,0
f88ccb79-dd4d-4c41-9c30-5ef3cddb5b4c,0
f88d7e56-fcd9-4c89-8d6e-fc09050744fd,0
f88daa8c-0dc0-4b4f-9d1b-0765eb50115e,0
f890e99d-38f1-4b0c-b09e-9b53811732df,1
f891a6ab-2b7b-41cf-a009-46184b6783bb,0
f893e210-5751-4752-a3ec-fb9e7ebaa187,0
f893e817-b7b0-4f9b-a653-0fa44c2abc5a,0
f89416ba-832c-4ae5-bbc7-6b99a93aabc3,0
f8949f37-989a-4886-9bec-290f75332896,0
f897c11f-ab72-4f0d-affc-001f541aefec,0
f899b06f-671b-4dc3-8b14-008217289cb9,0
f89a2bc3-0633-4be1-ac8f-7e2ac378b4c7,0
f89b7d2b-b85e-4b84-8222-012104589c13,0
f89f2116-fbf3-4f26-a4c8-26e3566f451a,0
f8a33daa-71c1-4628-afe0-0e79fb97d24b,0
f8a43b03-8d1e-42f9-b29a-8e63ab9aebba,0
f8ad8bb4-62ee-491b-8b5d-1bb06ce21108,0
f8ae30d7-4b59-47c0-bf36-31dbc1704c9b,0
f8af241c-4c1e-4942-b80f-5d79fed0a68c,0
f8afeea6-0e93-4893-a7b9-23988c0e1275,0
f8b748f7-0aa8-4c9d-8280-25bc41a0fcf9,1
f8b80ca6-9644-4693-82c5-8e0fb1571b7e,0
f8ba6dbd-eb64-459e-a302-0538aad78696,0
f8ba9853-0049-4e2d-a0e0-e4b14cb654ac,0
f8c2fb60-367a-4daa-8c19-abc6db4763e9,0
f8c36047-dd71-4128-a2eb-9792c011f812,0
f8c51008-c5dd-4a73-bc9e-2d5b3da14de8,1
f8c9287d-7a6e-4fe3-a9bc-69b1ffae5892,0
f8c9bbd1-238c-4d20-b46f-ebf9723ab779,0
f8cb6e9a-abc1-4868-bbc3-182e93268f1a,0
f8cbb750-cd34-4fe4-85ba-c772ce6cb783,0
f8cc3842-4ef4-4da4-b1c2-15859cfec4f1,1
f8d14a41-9bda-4075-94df-a45575e652ce,0
f8d1ea8f-6ab4-41aa-95c9-a1d45b153ec4,0
f8d5bfa2-6c95-48ef-8088-d401d3f2e4aa,0
f8d5ec42-3788-426e-824e-e7bd1df29436,0
f8d67634-7ce8-4ec2-932a-4dd21608caa1,0
f8d73e0b-c472-4c25-a6c1-4570c4faf790,0
f8d7ad96-439a-4d9f-b0b5-c6b3861e3979,0
f8d95c6a-e190-4ac2-a2bf-e32bb6725de0,0
f8d99358-841a-4951-8a71-cc295b70c118,0
f8de35af-8203-4e6e-bcf7-0296995246ff,0
f8df076e-fdee-4013-89fe-5f8855bf5da6,0
f8e1c7ca-58cb-4a2f-a915-baebcf09b2c3,0
f8e21f26-57b2-488e-8464-fa760feaaa1e,0
f8e2b949-5972-4e30-82b2-dc72b1fc8623,0
f8e5a87d-550c-4e00-a6c4-5d15edbadc55,0
f8ea6b9d-d7e1-4096-a287-92bd9a5ed65c,0
f8eae5ed-591d-4451-81d7-60bdabff7c83,1
f8ee9cf5-af25-4d0a-a467-71a10c899ccd,0
f8f001a7-e6e9-4755-9d4f-42d53da04669,1
f8f240b1-6554-4844-98cb-967e79403d62,0
f8fa8404-c1fe-4227-b60a-bd888f72edea,0
f8fb5f49-3b43-4c1f-b132-757de1eec06a,0
f8fdb033-9dd9-458c-914f-8ca0d5befa63,0
f8ff27ab-6d5c-4dcd-8ffb-2ec206383b1b,1
f9031e34-90bb-4740-bc24-eb07a749d14a,0
f907e328-bd33-4390-9fac-1a2b85263b1b,0
f90a1022-16bd-4ca0-9351-75d94521e6d4,0
f90c4bff-3006-46bf-b14b-7f042cde733a,0
f90eb5e3-969c-4572-955c-1c42fca41a61,0
f90f3658-9144-4acb-b33e-3dba7124aa95,0
f91107d5-1081-45e0-8ba4-01b2d7cdff5f,0
f915f8b8-415a-4498-8970-f39d8238515d,0
f917d083-9f70-45cc-9b53-0695e200bc28,0
f918d3de-a6ab-490c-87ad-ab2d35d0ddaa,0
f91c94b8-2e7f-4183-8ede-c264870b4fc1,0
f91d646b-a22a-436d-a28f-c19a33eaf299,0
f91dc367-56c3-432c-ac56-0c3b1fbb53de,0
f9267fd9-0e4d-435e-8b04-ccd521858ee6,0
f9281347-e6aa-448d-8274-3fad70e9accb,1
f928c16f-fa2f-45dc-8c25-ed8827169fa5,0
f92ca2f5-e303-415b-a52f-5d79efbe1a20,1
f935fb79-95ed-4207-a861-9703af6f0749,0
f9391007-6a4f-4b25-8653-13fb2ca0682b,0
f940c7ea-bba0-4c96-ab39-f8040b2ea99d,0
f9450399-44c8-4a53-a34b-4b7b97a77c05,0
f9460180-576e-43fb-8445-b3290c6306c1,0
f9490a55-c2a2-4f81-ab84-3f957bc2e326,0
f94a9138-319b-4d0c-827f-02be1527cb6c,0
f94b1865-d41c-411d-bef6-dcb647b8103d,0
f94c9d2f-ba64-42f9-b6a3-751ed4ffc175,0
f94e9449-87d9-4f08-bd89-b3404d4170f0,0
f94f6cb9-81d4-4b74-917a-f1a6678bcb6c,0
f95038e0-f142-459f-bb79-5909dd7746ff,0
f9539e3d-410a-4e24-8326-b697b4a08e69,0
f956a96c-4c0a-4d53-aa35-7ad23e4d3097,0
f95bab82-8e8f-4c58-a689-01742f7ce887,0
f95df78a-55a3-46f8-bff7-b67230ec26b8,0
f95fea2e-4d8a-4058-be7e-2797d495865e,0
f962b2cc-16e6-4f25-b7dc-f41f8e7e5617,0
f9637a46-ebd9-4925-9a98-af55f243e26f,1
f9642bd7-4d8e-438d-94a6-392602f88cae,1
f9667c2d-973c-46c5-88cd-1805c44bf641,1
f9685749-44f4-4ad0-9ef1-be4d97d7d064,0
f96f4c6a-bb3f-4a96-b9d1-11e010374585,1
f972796f-6fed-4946-869e-8b2781369677,0
f9744365-4b35-4fe4-b638-61716cfa8158,0
f974fb30-2b58-47d6-be75-04be12c288bf,1
f9750408-2ecd-41b2-a73f-2f6cf80c7afd,0
f97bd4a8-6845-4a0e-8eb0-05bf0aa7d1d8,0
f97ce0ec-0cb1-4533-be35-06413c3ec558,0
f97d3103-3096-439b-93e6-c6a36694b0ff,0
f97d36c4-3aa2-413b-b0db-396a87594ed8,0
f9827588-a8c1-4084-b380-6506ec062bf0,0
f9838a0f-dace-4958-91c0-d33be06e6670,0
f9841a68-095b-4664-8e9e-3e3f8fac83ff,0
f9870e43-971a-4c52-abaf-fe8e4e019a70,0
f98a49d6-ca03-48aa-9ca1-155d443aafe1,0
f98a7150-2cef-4464-ac8c-48f96ab509e4,0
f98ce786-9b45-42b3-80dc-2fdd59d7f24e,0
f98ceedc-27ed-4517-a8e0-c9c67fadaf49,0
f98f9d35-f74a-4589-b7da-6a9218ba9ad4,0
f9939594-c2ae-457c-97d8-6d6f2377b0c1,0
f9944f40-eee4-4cd6-a78c-b62ff5764bbc,1
f997d38b-6248-4fc6-9e35-d8960dd59ef3,0
f99be159-29a2-4ba1-90c1-a1d7fa2fb77e,0
f99c3b2f-bf3b-4d8b-a203-62a37e2f4b63,0
f99dc6d8-cc54-4a14-9856-8dad84bb9e73,0
f99ee492-532b-493a-9da8-9d4bc2b3a3f1,0
f9a057a8-03bd-4a78-90b9-a5a42362cff8,0
f9a1eb4d-7b83-4f5d-8c29-6c7f50bf56d0,0
f9a222df-9a9e-45a4-a49f-2fedc69c68f1,0
f9a91c7f-55c2-49c4-97a3-e3415aa4ddac,0
f9ae021f-54cd-4f76-9068-39b7b56b5955,0
f9b01830-df12-47ff-adcc-441e9544b4cd,0
f9b0332d-b010-471e-bd99-68f5e7818db2,0
f9b3f39b-d611-428d-a66d-1a06b4101020,0
f9b4910d-4071-486b-81b5-ca971f1a64be,0
f9b650dc-d9d8-4913-9235-5311934ce664,0
f9b7552b-2e3d-49b7-8448-86e38374d178,0
f9bd0f5a-c4b4-47e7-9d44-85e1972332f5,0
f9bde89a-b496-4d22-b7c9-a40fb3507d52,0
f9bee22b-69b4-4d06-9cff-a12e161f7b3f,0
f9bfb9f5-4524-4d6f-b272-8088fc58bdb7,0
f9c07856-600b-42ad-9f1f-dc84cdc2f32e,0
f9c13c14-2ec2-4402-abc9-d9935695b603,0
f9c2e2cb-a36e-40c9-b7ac-039c3e45b08d,0
f9c4d3cc-922e-4a98-8dce-a9013feb0e7b,0
f9c69285-8b2c-4b4a-8abb-c39529578cd5,0
f9cac862-a67a-4115-bfbf-e762eda5f786,0
f9caddbb-878c-4224-bfa7-7424b90682b1,0
f9cd65dd-98f0-4a85-b3ec-8fc43dc5bb0d,0
f9cf19e6-1717-43ac-90b8-0fdef9fca2b6,0
f9cfe1de-c6e3-450e-ac69-6ae4ac2a60f2,1
f9d128fb-d1cd-4053-90ce-83e2b324fe99,1
f9d74959-7174-47fd-ad36-b66dcf630047,0
f9d7df4d-693f-47c1-99b7-fe35936372d9,0
f9e0f64c-d9c2-412f-99bf-2c5d10a101e4,0
f9e56d50-33a2-4703-94ef-ba7c0ccb7d7b,0
f9e6262f-0f14-4783-8fa6-b4bd0b33af0c,0
f9e78bbf-6c75-4dfa-b063-b6c82814a19a,0
f9eb3800-f77b-4cbd-ad01-96e9ff2b94e3,0
f9ec109c-b6da-473d-85f2-cde37f4e2066,0
f9f3e8e8-ae0c-4069-9e7d-f9e971db329d,1
f9f46f81-50d6-4c13-b79e-c9dd6a9e7eef,0
f9f4ff35-022c-41ec-921d-d05d483b64ec,0
f9f77202-b27e-4e07-9f4c-f43dcb85bf20,0
f9f978c5-e5b0-4ff2-9a76-076454279e45,0
f9fa3e37-1667-4ab3-987a-4c67979f7834,0
f9fe47c7-5e99-4e5f-8cc0-000b425e58c8,0
f9ff04a6-b08b-4c3f-bc28-b896beda8bb4,0
fa000f27-6b6b-4b14-b0ae-f98f61b0723d,0
fa0452a9-7bf3-4ff2-be7d-b24c0cab8464,1
fa06b0a4-8e77-4749-b304-66817b60e3d4,0
fa0b9433-9762-41ce-afd6-bd7d639cc584,0
fa0c062d-34fa-409d-ba83-ddf4c6ab3014,1
fa0e7179-18f5-4a08-ab39-222e8fdea87a,0
fa0ebb9c-64b2-4df2-8eb4-0e70d26d28a7,0
fa16ed39-e3b1-4b67-a0db-81e8bbcfae5a,0
fa1d728b-2c8d-4f9d-ad69-1c747c1a1ea5,1
fa1e00d8-35a4-4b37-88c0-daa753857bd1,0
fa2154ee-4ad4-49d7-8e17-fcb4d556c3f4,0
fa218b1d-12f6-4057-95b1-fc437d5ec5cf,0
fa23fa81-6c13-4413-b285-8d1ac0c387cf,1
fa25d747-8b2c-4e27-896e-dc11ee8ba6a9,0
fa266510-be11-4527-aa2f-6062ad049f66,0
fa27d436-6f49-4efe-98c0-da7d81214bb5,0
fa29cc5d-f96b-4707-ae6d-fbdd56b0e136,0
fa2a4d15-0d1c-40f1-a774-6785cecb8bb6,0
fa2bdbd8-d4c7-40e0-a81a-3fbe6aaeac94,0
fa378401-cf3d-46d0-897d-a0f8e1a30962,0
fa385683-2c6a-42e9-a4d4-a4e5ecdb1817,0
fa3a99f6-116d-4463-83b2-4c96b929a6ee,0
fa3b043c-c0c4-4835-94e6-b6887ca01659,0
fa402cda-a2d9-4ddd-a75f-ab216ec744d0,0
fa44b5fa-9cf3-4613-8a52-d3a9aa8cb59f,0
fa4ac8a6-b052-4913-b28b-b6652bf1ee44,0
fa4ccf1f-6a36-4628-b1ed-fd37054e1c09,1
fa4d538f-4fbb-4c27-9fb4-b922b7fdc00e,0
fa50e402-c9c3-4198-982b-b3c4851c3c95,0
fa556690-5cd6-4329-9536-9edb9861cb0a,1
fa560828-3cec-49b7-832d-eb81ea09cf99,0
fa589064-a9ed-4427-a786-bbc912f2e8c6,0
fa598243-9905-4208-a261-c0fc4c98a2f3,1
fa5b9b04-7fc7-4cc4-858a-29d6e08d03c0,0
fa5ce712-941a-47d2-a917-8988e73ee297,1
fa636b49-1106-4d6f-b48c-ce67b29519d5,0
fa6b832c-2d7b-4550-bfea-300a1bf20b04,0
fa6bc529-cc40-4e5e-9524-1c824729aba7,0
fa6ffec3-8099-4c8b-8950-82a54eb024c6,0
fa727f8e-a36e-4e72-8fa0-a48c06028b8b,0
fa76c76f-867e-4662-8ea4-59e5fa6003a1,0
fa78fa31-9b69-44af-9e46-44bed343d740,0
fa7bd8e4-111c-4a5a-861e-d68dbe18aa34,0
fa7c4741-cd06-4f30-9c40-3130e5fa8e70,0
fa81dbcf-1855-4a28-9b68-8c62c1b5bc68,0
fa838c9d-229a-4b3c-aeac-302faa4c4e3a,0
fa85272c-b0fb-4075-b0a1-f0d4cfc253da,1
fa87f643-e5ec-4db2-a97b-47efa3cd3097,0
fa8b2b95-0bd8-4857-bf50-53fd5fcecd23,0
fa8bb1dc-f2a8-4152-ad40-375bade72115,1
fa8eb1be-abf2-4a34-b524-7901c2e226e1,0
fa903da9-7261-4ec0-add0-d362cb4a626f,0
fa970ef0-ae24-4a54-b512-7bd548326504,0
fa97e28c-0780-4bce-8ae5-26a5d85d358e,0
fa980a98-e29b-4926-bd6d-5f9566f0e31a,0
fa98f98b-7a2a-427b-bf61-800a954ec89c,0
fa9c2940-bca1-4adc-8896-82c3fefede61,0
fa9d9d31-6225-42e7-90cc-6ffefdb358a5,0
faa26df8-3d85-4730-a0da-555c5d06976f,0
faa964df-15c4-485e-b133-cba3c250c904,0
faac848e-8ca0-42e4-b2a2-38d50de05486,0
faaf5c64-ada3-4e6d-a079-4bb17dd90d29,0
fab2c146-9300-46b2-8a5a-06bac689e4ae,1
fab523dc-9976-4ac9-9b79-d1f7fa777ef8,0
fab5ffc6-2735-47d3-b792-9583aebb7fae,0
fabe919d-2371-4b6b-b6c7-a1a5178d1fc9,0
fabf30b3-80a4-4ff1-b2f4-61239489b9c7,1
fac15587-bae1-4102-8f00-d0402b62a1f0,0
fac788bc-39c5-48d8-9c76-9a7c930bf2be,0
fac79284-aa2d-4ea0-a097-6e2ee53eb85e,0
faca1929-bf79-4f23-a8bf-0673eb695653,0
facf0625-2768-4532-9062-6322e42f103b,0
facf7cae-58e2-4927-bc51-8cac75219b13,0
fad06584-a419-4fc3-a675-2afa0f77dfec,0
fad3d03c-c1fa-4aef-9606-b2dee6c05464,0
fad44605-aba8-4bbf-8d1c-7e50137d4e10,0
fad93108-b5ca-469a-b503-7a92668b4e53,0
fada8065-e1e5-499b-933c-14a0cef93e26,0
fadc07c2-95fa-43ac-8b8a-5671f41558a5,0
faddaa5a-5f9f-436c-af51-a02ded9949de,0
fae29d9a-5400-4c62-b652-424e06f23293,0
fae962f3-ecc6-48d6-8062-4403d448cd83,1
faea4705-ded8-48ef-8da8-e6eeeb8d058d,0
faebfc20-11db-4627-baa5-43ada3b0c296,0
faed584c-f468-4aca-8b30-9dc8ce348545,0
faeeee45-85c0-4ac9-b87f-ea7b1cf6fb87,0
faf1b517-7b52-4a69-b835-bd4cd5e0969f,0
faf5c618-3812-4db3-b6e3-ed9b2942812f,0
fafcd49a-4406-4437-adad-3cca839ee08f,0
fafdf197-f488-4061-9adb-4efbaa872aae,1
fb00c7b5-f0f6-420b-869c-1a1cba3f594a,0
fb01574c-cd77-44b2-8663-0e0f4e8e8e40,0
fb031f23-dd54-4b9f-8a71-7e2c54be9109,0
fb06093a-22ec-4a15-9910-486e381ee127,0
fb0c984e-160e-4b32-a3db-47f10aba6b83,0
fb0d59be-ef82-41fc-bd7d-9435161de209,1
fb0ffc6e-237a-42f5-8387-b68a96e04a81,0
fb10f70c-e651-48e2-adbb-2e4f55a3bfee,0
fb122ede-9816-4d2f-b04b-12ff98c528a7,0
fb13c660-7022-4585-b19c-19e2b5220532,1
fb1737bb-a750-44f6-8e86-403729bfe1e9,0
fb1b5655-640f-4f1d-8698-e8031eb62432,0
fb1ed25b-0a0c-4857-b378-0d6011039358,0
fb2180d4-d5cd-4703-aaf1-bef728303ab3,0
fb28b812-da8e-48bf-96a4-3fe4987c4658,0
fb2e9ca2-f2cc-4541-8f6e-ce791b948e10,0
fb301ea1-af46-4d3d-9d9f-f3281597b86f,0
fb3109bb-f4f8-4fa4-8e2f-908a4bd72e60,0
fb311eda-3f88-49dd-a8c5-a78597271fc0,0
fb325d94-1791-456b-8922-c23f5f17b728,0
fb32f6fd-72c9-43dd-b00b-3b8709ed7659,0
fb337a07-ed26-4813-a2e3-233e7c442d21,0
fb365cff-e14e-400f-8296-239f5696be0b,0
fb399e6a-c1df-4e76-b529-ed40f4447504,0
fb40e333-a867-47f0-a341-3b6b415ca188,0
fb42b869-41c1-4e47-afd6-51685a5819d9,1
fb45adcf-723d-44e3-b4d9-03084ac08bee,0
fb48f367-d4bf-4c96-9e8a-3de015b230bb,0
fb498d7e-97d6-462f-88ed-db71e64d4389,0
fb4a6eaa-1de7-4d13-8e68-6737c0bcff54,0
fb4b3022-4568-4884-a2fc-53827772eac4,0
fb50db54-5251-4ded-a08c-bc2be6bc6749,0
fb5345be-c6a5-43fc-b447-522dfdbf8ae5,0
fb5b913d-f460-4301-9776-bed03a3d13ac,0
fb600afa-df7d-4510-9e67-23954add2dc5,1
fb619673-1481-4f2e-bd92-8018d11da2e3,0
fb6223bc-2b07-4b76-8bb8-789a699f2e34,0
fb647983-f702-472a-af67-60fe98ac3f10,0
fb65f05f-2fd8-495a-a583-7ec9f8b32bbf,0
fb66a28f-7952-4fde-b0c4-838efaa0a10c,0
fb6878c6-1a39-4fc9-9004-4024c0407073,0
fb6eac92-a901-4a9e-8f55-5937eecb3d6a,0
fb6fec82-a3e4-4b38-b455-b447203e19bb,0
fb7632f6-1c01-4004-9000-43adbc16535f,0
fb77af52-0d94-49ac-94d9-970e2961161c,0
fb7b0aae-40c2-4358-89fe-43607bf66df0,1
fb86500a-8919-432f-9d89-60b8327f2f33,0
fb86fd82-7987-4c79-ab8b-52591db2cc11,0
fb871b5e-dfc3-4076-af59-3eb403b17905,0
fb897480-5ca7-4a70-ad03-7c2f12961e0f,0
fb8b9c2e-0793-4926-9721-17270d820002,0
fb8f8b2d-1113-4ea5-b008-f24af28783bf,1
fb90fd62-f6c8-499d-acec-416b2226fe86,0
fb9421c4-1e78-4da9-ab48-fa368f3ccaf0,0
fb954009-0cdb-404e-b282-9edbdd5e2805,0
fb96f1a2-70c2-43a2-bc7d-e37b6179ccdf,0
fb97da30-02e0-4ccd-981f-c75d58eabc42,0
fb97e9a1-bf0b-495d-b3d1-8bf4eb9dbc9d,0
fb9893bc-9566-4456-9b75-97c57dc02282,0
fb98c247-1561-40dc-8072-5c35e0d80ca0,0
fb9a02d4-2977-4935-80e9-7a2e36866398,1
fb9c96c4-faaf-4e4f-9d69-7d9cb6e3c7e6,0
fb9db5f2-1932-4315-b3a4-55a1976a99b8,0
fba1cf86-4927-4af2-9c94-762f9222132b,0
fba1e5bc-8c18-4d86-9077-248077d6290a,0
fba364b6-57a3-4ec0-aab2-05eb97de6605,0
fbaaff55-3577-4c95-8b87-efd4ba359aa1,0
fbb10eaa-7be9-4d21-8b05-9b7031dedf26,0
fbb2186e-12bc-4057-9b6d-973e488410f2,0
fbb68d38-fbc0-47a5-a23a-d5f7a933850f,0
fbb71032-2063-4dd7-b6d8-99c487e4a7ad,0
fbb847dd-3ea4-4091-bb99-9b532725c905,1
fbb84bc9-12f0-4328-91f9-f68d47d1aaf4,0
fbbae578-ff41-40cf-97fa-d3c28e05f5ed,0
fbbd1dec-e8c7-41aa-868e-001769dea387,0
fbbd2c53-4e72-4f2d-b6ae-061afe7da785,0
fbbdf798-93bc-4c04-8694-83c177cf87fc,0
fbbf0160-a266-40a8-b6c5-d92de8168826,0
fbc0acf5-5cf1-437d-950a-78931f73a86f,0
fbc515a5-aab1-4587-930f-32c4b0ce605f,0
fbc61ee2-faaa-4f66-b390-5c6a005c081a,0
fbc776ba-df65-46cc-a1b0-d61a7ce9fbd2,0
fbc877da-5bf2-42bb-8726-5d473199f7c0,0
fbca03bb-3442-4370-920d-6281ec82e064,0
fbca4cb0-3c20-494a-a741-469b218b9da4,0
fbcaed61-3852-4a2b-8f26-75076b7d2218,0
fbcbe5f6-8fe3-4b1e-8e89-77864a4d1ee6,0
fbd5e094-21ea-4921-a4c8-fa853de0b00a,0
fbd73a7c-6aca-4444-badd-5431472048cd,0
fbd7612a-22c9-4ede-8355-08d094e397bc,0
fbe053ff-d119-4e67-9938-9c3781d510cb,0
fbe1ebca-ceaf-4b02-a5b0-160344665aca,0
fbe49694-0bff-425b-955f-d2d7c27676cd,0
fbe4d53d-1083-49e3-bdc4-8e5b4c21ddfd,0
fbe61682-b98b-4ffe-890d-7a4dc145cc01,0
fbe673c2-405e-4ff9-9e94-526e5794dcca,0
fbe7a2f1-6ed9-41c5-b131-0bc17bce167b,0
fbef9b92-8f8a-42f8-a606-41afd1a427d8,1
fbf5de37-4076-4506-895f-0009c81b73b8,0
fbf66c56-ab53-4f0c-8a4a-a613b394a1c4,0
fbfa4a69-a76e-46df-95b2-06d015614fc0,0
fbfac346-a366-4379-b7b1-1634eb4bac90,0
fbff8a5a-2dfa-4d17-a445-42935c5472f8,0
fbffe5bd-149d-4109-af0d-dcc489529e8d,0
fc04619f-d909-4b8b-bbe1-238cf5d4a5d1,0
fc049393-0d9c-49f6-afe1-5c4d9a7328c0,0
fc06a78b-dde4-4cfd-a484-98993b5df041,0
fc0a290c-eebd-4d48-bbcc-22b4732dca73,0
fc0aefe8-8747-4c0b-883e-7c7fb9c6dfbf,0
fc0f8cb9-accb-4a14-aac9-0a1345c9194e,0
fc1211a3-184d-4dc9-af31-902c68eeca5e,0
fc128c02-b493-4c58-b936-ada04d60db76,1
fc146356-ee12-4ed5-b37f-deaa400177b1,1
fc166b63-cc13-4173-82b8-afc85df32530,0
fc17c2cb-72b8-47fd-9125-020357b5cf19,0
fc188b66-c8c8-4a46-8a58-3919fd31287f,0
fc1a5bf4-5ec7-4ab2-bcc4-fbb52a7d1872,0
fc1abdf2-393a-4cdd-b498-75ead0c3c7d2,0
fc1b1a94-f525-4541-abcf-c2e21f812ebd,0
fc1fc4c7-c083-47a5-89ad-3cfb65ac0809,0
fc21b5fd-3f3d-4b3f-8eff-136e5a168c6f,0
fc268a59-805e-4f51-af26-60de6172d0de,1
fc27e1cd-d59c-4faa-8518-3c502eb3fdde,0
fc29c7cf-2bd8-4ad6-a15c-601de07496f0,0
fc2c2ca7-bed0-4b0b-89e4-97e21763db7f,1
fc2c41f1-e884-4ed4-9584-382461707b5f,0
fc2d21d2-53b8-4052-8241-d4a3273e3d49,0
fc2f1039-86f9-4cc7-b71e-df16d5b39e34,0
fc34c2d8-1922-452f-aece-0b45ab6915dd,0
fc3908bc-5920-41d9-ab6f-83727e6af886,0
fc3f74c3-1778-42e3-bf7a-ab65d2a4d509,0
fc472278-65f9-476f-882e-b937ed6c2540,0
fc4767af-c9c0-420f-ad82-3f9fd4eb462c,0
fc561f91-b672-4c8f-a0df-fca642a61ac9,0
fc5928a3-f61c-43c8-af44-fb6556107b57,0
fc5f211a-f250-4296-8381-f5229985b2ce,0
fc60d0f6-74af-427b-b42a-2851d5c3331f,0
fc630729-1f5a-4019-860d-7d9df2b050de,0
fc648ecc-f0ef-4bce-874a-01c32c7b8744,0
fc650a59-200c-4441-8d71-83533cd00196,0
fc680708-bf95-4c85-be94-913eefac97d2,1
fc6988ec-885c-4b6e-aa49-1e8c58641fa1,0
fc6cdb46-17b7-4c8f-ab21-98e0e0d1cb26,0
fc6db2f5-cead-4af1-9a30-5f022b3b13e0,0
fc6e6d09-5142-4c73-bfc6-13b775a1283f,1
fc6ea85c-d301-46cb-a441-263fb19518df,1
fc732ccb-0228-410c-abd7-068e0a4fd239,1
fc75931b-5e0d-4ec4-861a-451ab47e201b,1
fc765b55-3621-46d2-bd35-fcb27e774f6f,0
fc76813c-4400-4233-86fc-87c681e2106e,0
fc769769-e0f3-4ac6-b9ad-3d25b595e59c,0
fc76ee7d-4bd2-42fa-9ad1-1747174e4b2b,0
fc7e71c7-25a8-4d85-8f55-b382440aef77,0
fc7eb500-4f29-4cc2-98f8-6d65ea98d42c,0
fc8149ae-bce9-420e-8024-417b10922b97,1
fc85924d-7bb8-4400-89de-e9266a23c03f,0
fc864f1f-681c-48d6-88b1-483757d02ebf,0
fc8876d3-3eba-4894-a8a3-c7fa1f4cdd2c,0
fc8a4115-21c0-4c4d-a8d7-08f6e4962598,0
fc8bc2dc-0863-4d91-86a3-aa34ca278383,0
fc8be3a4-612f-4948-ab62-026e8c3bfa7e,0
fc8e31fd-8432-4409-8c09-9715c157de6d,0
fc8e5283-8925-4b69-9d07-cae8b3a653d6,0
fc8fa0e4-5383-45a6-af4d-3181d36d8789,0
fc909de7-adad-43aa-be6d-f85611648bbd,0
fc97bd3d-46bc-40d3-b02b-4bc5d8e58a7a,0
fc9c80f6-10c7-4696-9c69-0693042eafa8,0
fc9c8f0f-2e36-4643-86e8-90fde4546a81,0
fc9d8e5a-a745-4fbe-b9e4-145ba5f7e49c,0
fc9d9deb-6180-4335-89cd-69c01190ec80,0
fca0cd04-79fa-4422-b326-64076f21441b,1
fca0fc4f-0fb5-4793-9adc-7783a5024cf8,0
fca2e1dc-5290-4989-a4e2-8df3753be6e2,0
fca6f449-c738-417b-bfc8-2250532d421e,0
fcabb4b7-49a6-424d-b284-27948fd3daf3,0
fcac4b69-6353-47dc-be72-73e90c509e71,0
fcac5836-721f-40bf-b937-ef7b27d35970,0
fcad7738-c6ce-48de-be54-ffe799cf662f,0
fcb0638d-e491-483b-b034-013dcd0537c5,1
fcb6a660-f152-48c3-a5b9-cfaf8c1ce0ca,0
fcb6cb60-516f-4e3a-b7d6-eefafbdb17b4,0
fcb87ed9-be4c-4016-b6eb-1564e64d8711,0
fcb9c42a-5ea1-4f59-a156-a70669d99108,0
fcba4700-7670-4dcc-95f0-56e6c16c8a27,0
fcbc430e-6ef7-40c5-969d-8e540433332c,0
fcbe83dd-bfc6-4f8f-a6b7-d4f569e970ff,0
fcc0698a-9238-44f1-9d23-992cd401eafd,0
fcc6cf2d-f909-4612-8093-e7588a4e9499,0
fcc6e6a9-df30-491c-9cde-518c0e3f5020,0
fccb9388-9d5a-4efd-8d54-91878273ee0f,0
fcccc444-5291-4a11-b3e0-f04d969b0d1b,0
fccd4732-c6d2-43d5-aacf-9c8bf534725b,0
fcce3db1-05be-4587-b939-d97055cb773e,0
fcd2c739-0df3-40db-8079-a0f22f858c23,0
fcd39cbd-ec0a-4580-81c4-1a892ee57a55,1
fcd62856-9f9e-41ae-b7cb-c85f3382dc02,0
fcdc9329-e253-49b4-ad8b-1d5f22d5c270,0
fce12bb7-0a2f-49af-a773-78afd3afce61,0
fce68eae-8412-4bdf-96f2-12439ecfe952,1
fce85723-d6ff-45ab-a6ef-fd8f99dd02d5,0
fce97afb-6fdf-4b31-ad4c-3c03987f988f,0
fce9873d-7555-4f2b-ab6a-13bf202abb48,0
fcea1a5f-80b6-4c87-a2cb-a74e314f62a9,0
fcef6ace-06e7-4ceb-8954-a19e2033535b,0
fcf2aa8e-d222-4283-9d96-db88e9a1d099,1
fcf7c881-33b8-443b-843b-6ce0466c8dca,0
fcf840f0-addc-4cb7-960b-3f29cd8157db,0
fd037956-80d4-4b36-96ce-20b3f4b122ce,0
fd0546fc-3a31-4434-9535-2caab9753fcb,0
fd0ac784-81cb-4d20-be3c-f61c70b6500c,0
fd0d0ad1-c010-4b55-8d46-60ee9f92e29b,0
fd0f3c50-990e-4fc7-b240-e636b3c7a661,0
fd16fd39-8023-4d41-b219-342d5930cd64,0
fd17a1d6-7d62-4bd3-a0e5-45d7ffcd9c63,0
fd1b3ccf-3758-47f9-bf11-3adcf2f97e86,1
fd1b790c-766c-4ca2-b353-034f4f00b275,0
fd1c8ecd-6f8a-4c61-a88e-4a0958221625,1
fd1f664c-7dd4-429a-8fbe-954ea41bbf1e,1
fd223727-5844-41f7-b956-2928abb2da8c,0
fd27b253-5fd5-4160-be37-37c7a09c45a7,1
fd28fb88-8be1-46a0-a522-6932ee2e6e2f,0
fd2a4938-e755-45b5-827e-43b96344370e,0
fd2aae02-f4ce-44df-b8b6-9056435f64f4,0
fd325168-3553-41e6-89b4-59a1265c8fd4,0
fd34ab3e-4935-408f-a776-f059cc6c3a45,0
fd35f286-7a04-4e83-b105-215dc1a5bb67,0
fd39d274-1d90-4f91-8ac4-6d34bd283f21,0
fd3b22d8-6870-4890-aae6-220a8609c804,0
fd3b3284-cd17-4bb7-8f1e-39341e377b1d,0
fd3b348c-7082-4ab9-a8fc-ccbdd9143b01,0
fd3b7a5b-102a-4a86-952c-12ca2949903f,0
fd3c993a-5c54-4944-a31b-86c694d57550,0
fd3d92b9-5272-4c8d-bb19-537287a8b924,1
fd3e89ac-f893-4a59-89e4-2ab09c486cb6,0
fd428261-b801-4ce2-b1aa-c8711ff807fc,0
fd43417e-20d8-4c7d-aba5-a2114e356425,0
fd46b4bf-19be-413f-835f-8e8c93c765a3,0
fd470bae-eca3-4a43-864a-cd904a919999,0
fd474326-cba7-46a4-9790-a0d2fa95e099,0
fd4811a0-c3c9-4806-9fbb-6819358c2f6e,0
fd48aa2b-04f0-41ba-b85d-c4c047fd50ad,0
fd494560-6001-4e97-82f1-5e39b47780c4,0
fd504012-8385-4928-99f2-227612010b76,0
fd524452-7137-4bc2-b433-1b9dda78f55a,0
fd533ab3-d36a-43bd-a329-42d7e6c2e7f6,0
fd547338-262f-4eb3-84c3-8c91be69d5ed,0
fd5abc47-7753-4db5-aead-9826e71248c0,0
fd5af171-dd8d-4734-b637-f5ed0adcc621,0
fd5d47ad-f24e-4be1-9b76-98f738e9863a,1
fd605ce2-3a4b-4019-80d8-c52ac0a11f9e,0
fd647895-293d-4180-8804-ef414111ee3a,0
fd6586e7-16fb-4f09-b559-cfad3a322543,0
fd663bc1-ee09-4946-9a8e-0c4abcd38408,0
fd66537b-5647-4034-bd53-be678aed3f0f,0
fd6a850f-7c3f-4586-a03c-aabca3d0be61,0
fd70c67b-4c78-4eb4-9119-41f74f882a5c,0
fd740da7-2b3a-4c4b-8f7c-0da68bd04e4d,0
fd75a406-f784-4da0-ba20-9933f77b5d41,0
fd780226-a36e-4b22-ba8c-f535efd169a1,0
fd785491-6780-4fea-8353-f48e5313280c,0
fd7864f9-ac63-4724-a651-312ec60f6fbe,0
fd8230e2-e39f-452a-8af7-aa7c13658d63,1
fd84b35a-abf7-4d63-be47-f97b7dafc0c6,0
fd84f983-8ef9-4d12-a6df-337e2113c305,1
fd86a2c8-90a0-4823-95da-4678280358a4,0
fd8871e0-d6db-43da-afe3-ce30d72cb910,1
fd88d65f-cbc1-432c-896d-360e4e6ce302,0
fd90da0c-6d07-45a2-b9c2-930afac257e3,1
fd931768-5bfa-4c80-88ab-c495c3ac5171,0
fd96f4df-df32-4f24-b1c1-b24bd550e2dd,0
fd9c7d8a-5242-4352-b7c2-3e024f6fca93,0
fd9dd45d-426c-41cd-b51d-da95d9cfbd52,0
fd9e7e81-2db2-4bee-9436-d04eabcb645d,0
fd9f2da7-1819-451a-a96f-968e3112357d,0
fda4245a-0b1b-499e-916b-3e08ee8d9418,0
fda6cef2-510b-4e9e-99ea-bccbffed8a40,1
fdaaad41-5df3-43f8-94c6-69862de634ec,0
fdafe2dc-2b19-4ba4-aad7-b4dbc070885e,0
fdb01ab8-b3bb-4e60-b124-ae87b76600e6,0
fdb0bfde-adca-465f-9d1e-e1915b906cab,0
fdb11a15-de63-4ff6-bc5a-4babc99615c9,0
fdb1dcff-341c-4d6d-9e42-ceb74b8af810,0
fdb2b06b-5920-49ad-a3c5-beaf04448bbe,0
fdb52c93-32a5-48ae-bf04-34b244806304,0
fdb52ea2-5ab4-42c6-ac6e-ef2556e613fb,1
fdbbc89a-8632-4df9-b8fc-a28500a910ed,0
fdc05355-3734-4714-bc25-e7de2e131ee3,0
fdc28bab-cc3e-413b-bf4f-b051e8ce7ab3,0
fdc56ce2-5ee6-4787-83ad-8cf7e39bd0a3,0
fdc78cf9-4456-4517-87f0-cd51add2eea0,0
fdc8bcc1-4026-4b0c-b57d-417c7115aa81,0
fdc9a356-2445-4d21-987f-e027b45f78e7,0
fdcb16cf-700d-4556-90b2-104530cd843e,1
fdd1a769-f960-411c-8851-f6bfbc420680,0
fdd20e89-e930-46d3-bafd-0317d4eb54a5,0
fdd66ddd-09c3-449e-a2cb-d5ecfcd32aa3,1
fddd3ded-c2ed-4dcf-930c-08305f14593f,0
fdea0b52-c6a9-48d7-827d-6ecf30a5b894,0
fdecdf7b-3773-43f3-8b0d-fc8a3d198d49,0
fded0d79-ed0b-47a1-815e-0bedf95bd10e,0
fdf19faf-82f2-49b9-811d-7d5fe886ee0a,0
fdf47051-5848-42a3-a78d-0482b10147a9,0
fdf6675f-db05-4077-9a87-a8431252aa0d,0
fdf8319c-52ce-4152-93df-38f11794158c,0
fdf94ed5-e374-4bfe-a7e7-ae9b62ab9252,0
fdfb6fa1-717d-41b0-a800-5294984103b1,0
fdfea760-4b97-4a77-a856-5f4ebd1a5001,0
fe03e794-ea7e-4ff1-ad70-ef0fba6711e3,0
fe042a79-d4c2-41dc-9ea3-5e9f26f39dc7,0
fe043779-0ffb-42ff-90ef-f985fb40aa8b,0
fe0471d5-de73-4b75-a756-4f58a03dc1f6,0
fe08244d-37d4-49be-ab9b-7e1c65eeee15,0
fe0b1cfc-e138-4942-bf19-8b69c700c62d,0
fe0bc834-5e72-4410-ae0e-78f041738e62,0
fe0f64da-49fc-4f73-9ee3-e8f27be40581,0
fe106bb7-ae04-4292-a8ad-da2736c8ad03,0
fe15f9aa-2620-4bf6-bc71-ed88419f0c37,0
fe174f69-79ad-475c-9c58-15e9f13c5320,0
fe186c2f-69f4-449c-a0ae-94dba50e5798,0
fe18d071-bed2-49b0-a44c-11adf43122ca,0
fe1ade20-7162-4793-aa48-4dd5af9edf98,0
fe1c60ac-011d-4332-8de3-9b2633319d8b,0
fe220d57-b7ab-4ff6-87f6-0b826cd077b7,0
fe23e15d-56a3-48ed-9152-243b00858466,0
fe2468bb-8b6f-47aa-8365-4d68286c97ad,0
fe24c240-1d97-423e-9cbc-70e667158571,0
fe30bef0-119f-40fc-92c5-0e4e18f8515c,0
fe351dbd-854d-4028-8786-5708f3fa1086,0
fe3573e7-9b33-4c04-bcfe-7528a8867f94,0
fe35af71-685e-42e1-9307-b2ea3e37616e,0
fe37ca24-0f1e-49ed-b6b7-c40cb21c7276,0
fe391481-e35a-4965-8275-54dadfc28323,0
fe39506d-4858-4220-9fd6-1b7ddd0a5468,0
fe422fba-e3b1-4c2c-ba58-e91236ce225f,0
fe42ddfb-0545-4820-9cca-ce29187767fc,0
fe45d882-6b71-4594-9eab-345ea0d7e06a,0
fe46af49-f531-4bd8-a072-23c41ae2ed1d,0
fe47b21a-a755-4f2d-8ce6-f066b293a3fb,0
fe4bb5fb-cc32-4742-8edb-43c938e7a122,0
fe4d3710-5abf-485f-bf51-ca7deddf06ed,0
fe512e6c-5cbc-4e12-900c-71ab40c21928,0
fe526bf0-55cb-4a17-b400-535982b05322,0
fe54dcd2-b5b2-486b-a8b0-c5138cc02a3f,0
fe576e06-7cad-4c92-8496-4c8a2e0f22a4,0
fe5a1619-d55e-48d8-aa52-5d20bbb509fa,0
fe5cec87-1c3f-4f31-a534-c27a2052b66d,0
fe5ddac2-20be-488f-8a02-7e473b534378,1
fe6117ec-65c8-4624-9864-aa7188591d0c,0
fe660020-4aea-4a06-9a8d-39f0febb2e26,1
fe6a6b54-9994-4a16-aee6-08d4d68a7db8,0
fe6c9423-c921-4cc0-b0b9-551a96705447,0
fe6cb525-682b-4acb-a1fd-eea566be470c,0
fe6d2f15-f054-4050-a85c-1ada4bad6d95,0
fe6e8376-a85f-47e9-bb12-e2f157ad58b0,0
fe7017ca-d5bc-4709-8b72-218fbeab4a50,0
fe702633-069e-4015-bdb2-461fa1a2ade1,0
fe72a715-d437-4456-b3c4-78e52de57ceb,0
fe77d100-2f0b-4a0c-903f-6b0d8da1307d,0
fe79a05a-0133-40e9-90d9-dd84595a244b,0
fe7e09f7-94c5-4f53-baec-d16a56037b8d,0
fe7e0cef-89bc-4e43-9a34-3b617b94d858,0
fe7e5886-a714-4727-89e3-33fcdf945f7e,0
fe7ea3f8-8180-4985-847e-55283c2fc5bf,0
fe8009e9-6ba6-4338-a424-97a6d34f6390,0
fe808665-af8e-4203-81e5-3e324a65ee25,0
fe8149dd-4a5f-4899-bfcc-c148d1b8f409,0
fe819905-87db-42ec-a456-85622bda9307,1
fe82ef22-df7e-40dd-94f3-df0c5b5cacea,0
fe837bf6-36fe-41be-9f8b-f984ee64faa4,0
fe8511d0-712f-4ab9-b791-839e3222eb79,0
fe8649f2-3ec7-4d9f-923d-45e0d7587d15,0
fe89f028-c247-48db-87b6-06ac0a1a3cc7,0
fe8cf3ea-3d28-4eab-a695-f331595c4812,0
fe8d01bf-dd34-4076-9e2d-c94ecbfe7822,0
fe913720-9627-4008-b8c1-73661bdb3bb8,0
fe945286-3d76-4079-82d9-e45fbf82a78c,0
fe94cc1b-02d1-42d2-ade4-525bd0622007,1
fe97fd8c-98a7-45a4-bf1d-c53e5b2e38ba,0
fe9fb31d-5f78-4348-8c29-dffcba55184e,0
fea0674f-902f-4d0b-a2ce-f8fab55037d6,0
fea52755-1532-49d8-a05f-4fd16f940f04,0
fea54264-8e5b-4267-82dd-14c876e4bdb0,0
feaabba7-f7f3-4bbc-b480-74d59c2a8dcd,0
feabb6cf-5f8f-491c-b75d-c78d311a81ef,0
feabe068-3e73-4b68-8af6-f3c54510d300,0
fead3c04-c3ea-42ce-ab6a-096fe8ee3d52,0
fead4a0c-6711-4bc5-afac-c847043dcf67,0
feb347a3-3cd3-46ee-a130-cf4e0ef1e5f3,0
feb44291-e64a-42ac-8c14-9beffc6f10d6,1
feb9f73a-36ac-4ef7-9144-d992946b7cba,0
feba6dfb-d637-4bac-909e-715c56b1a54e,0
febc2a51-a3b8-49ea-96e4-0906f9050520,0
febedffd-1ae7-4d63-b9e1-7c10992a99a5,0
fec30dd0-91f8-48c8-b613-cd87c7f2b3de,0
fec34577-9daf-436f-99c9-fcc5c3dce5a0,0
fec560f2-ea1d-40e5-8cf0-9532ef39c671,0
fec93d06-3ede-42d8-babc-32401eebde8f,0
fecaafd0-ab2b-4cd4-b98c-8812a8919e38,0
fecc301d-9799-424d-88f1-17b4e7ab5578,0
fed08142-17a5-4934-939d-668a32c74b1f,0
fed27531-1255-4a0f-a2b5-e1d6f26b42a8,0
fedb2453-2adb-4c1d-a547-241644194008,0
fee83adf-9614-4bf6-a5a8-cf18c4bc3d43,0
fee8bfaf-8c8d-4c8b-8e9a-ad3639ceca65,0
feeb91ba-d876-4267-b1d1-e6fa3006b26f,0
fef2afbf-08a7-4f76-9321-ada5022d363e,0
fef4b0e2-9501-4c04-9d7a-a1c330677d4b,0
fef8c933-a3c0-4f49-8d4e-8363a1703bc9,0
fefa7649-e346-48b5-a7af-faaac404120f,0
fefad5b8-8e20-432c-8fe4-31a32c11ddf2,0
fefed010-2f79-46d3-94e2-8440b33ee71f,0
ff01de72-a1a0-4829-b50f-574a1636ead9,0
ff04948b-602f-4c23-a425-d61c5611ee85,0
ff078a4d-a9e3-4fd8-9329-5a96be04ea29,0
ff08023b-b988-43a6-b7c0-13766db907d0,0
ff120a58-418b-4c65-8438-d1eaa2167a4e,0
ff134116-f1f1-4d8a-b293-5778cb350af3,0
ff136cad-0d02-4501-8fd0-045f9abff9af,0
ff13780d-9443-4b18-aaed-d5c0fceca8b4,0
ff160a61-f6f8-47c4-a7d9-12db19c16c3a,0
ff18da8f-0960-49ae-8387-e1574d96d25c,0
ff1c7191-5413-4d86-af64-6bf54827ec63,0
ff1eb107-aacb-4a66-8a03-4cd00037d7d9,0
ff1f1601-a4af-4003-ac9f-24917b943f05,0
ff22b9dd-ba22-4977-88b0-fb1cb1130ada,0
ff242190-7334-4b8c-b4e8-5c6fea88c518,1
ff244175-220b-4b6c-b995-71f626438e85,0
ff24632e-4fc5-4a96-9539-ae5dee0f2b77,1
ff248e08-0624-4c52-b331-c9c6dbe0adf7,0
ff2577e0-58ba-45e6-981e-01dcb8f109d0,0
ff26c203-8f8a-486d-b3fe-9057c5356af7,0
ff28c1bd-b918-4536-bccc-12cada0f9c4c,0
ff290c70-3301-46cf-aea5-10a46076b67a,0
ff29aa21-34dd-4c67-870d-a3ebd4b75d4a,0
ff2a2cb4-a627-4fdd-b23a-7a10a3d2e74b,0
ff2bb4a3-4b39-44b0-8253-8aa5038c4392,0
ff2e7c51-83db-4b44-aad4-ee3b8030f4ba,0
ff2e879f-65a8-40b9-b892-78cc8267e2f9,0
ff2edd1f-08f1-4353-95ad-4b529d17d38c,0
ff344179-942a-4b2b-bed4-715df0071f48,1
ff348718-0887-48cc-890f-b62730aa48eb,0
ff35cfa0-9c5a-4a01-98d8-ad161d7cb7a2,0
ff3fb691-f6f5-4b37-9241-3c064a545d96,0
ff40fdbf-e591-4ab2-a1cb-a0a9d24620c1,1
ff41b278-18da-477c-81a1-2725239b9454,0
ff47ae9b-7798-4ec0-ae9e-320250434a3b,1
ff4b2807-4636-49c7-a7f4-0ae5418344b2,0
ff4c6f03-6170-4ef9-8620-143b92b1d98d,0
ff4f4b8f-7c23-4e12-944d-18d906690464,0
ff50e060-3934-44cc-bd28-2e27a5a24738,1
ff5f3a14-d75a-40d7-8b00-c3930261f7b9,0
ff609923-f323-4732-b2e7-fbd5e9bf8de8,0
ff614c9d-2835-44a7-8cb3-0ea0833d473d,0
ff61acc3-4953-4ddc-9896-94df4a6288a2,1
ff62adb1-9642-4e72-8187-17ec6fdfe680,0
ff6457a2-6f3a-4ec6-ac54-b3cbbc1bc65c,0
ff648ba8-710d-47f2-a497-8c1add66d518,0
ff686f15-61a8-4b0b-bcef-f7673dc6ad91,0
ff732aac-8d77-492d-b8f4-3caa10e1d2a9,0
ff740115-667b-432e-95b2-6fadeefe6a64,0
ff7cd206-db8c-43e3-9b9e-d9d2abce6427,0
ff8041f7-5e12-4ed5-ac85-23194742684a,0
ff82ee2a-bbca-4da8-99c0-64e12f854266,0
ff899e6d-15f6-4e9d-a3b1-e45c46fa8be1,0
ff8b6e89-bf7f-4432-8614-cb03b92665c0,1
ff8f00a7-1e6d-4f94-bc18-48e87e47327e,1
ff8f63ef-da65-4123-bcbd-cf2f8236c34a,0
ff91fcde-f01e-4a08-b7c9-5d8aa0d7f301,0
ff92012b-336b-4c53-9d3d-923a95eed553,0
ff9719c7-c217-4fc3-92cc-97688bc82144,0
ff98a77f-0b53-4f58-b8a1-7f7984d586db,0
ff9ad998-c3dc-42c3-8270-5ede80d482cb,0
ff9d4bb3-1683-44f5-9d25-d8cd20d4011f,0
ff9f8870-f992-48a6-a89c-1ff94ca87778,0
ffa12d17-038a-4c4b-8221-d1b1e1be406b,0
ffa3e6fc-0922-4b4c-b89a-ba0a5d3d32cf,0
ffa3ffb5-160a-4f69-86c8-85cbc18ea1cd,0
ffa4b042-a0c7-4695-a117-195303c9f45a,0
ffa68485-62d2-43e5-87d3-c526c1f56334,0
ffa7382d-1c2c-4743-a83f-04022d03f312,0
ffa867d7-5ed5-4d47-ad8b-c0b410886b9b,1
ffa99552-e4e9-4115-a9fe-3f79df04dbbb,0
ffaa22ff-7dda-49af-a39a-215219027b6a,0
ffabf8c9-ee93-4951-a0ab-5e3486fb47bd,0
ffb05990-79ff-45f6-ac01-795de6ae665e,0
ffb4833d-d3b5-4c03-9c9f-d5a25d65fbfc,0
ffbbc6c1-f065-4a27-8714-a40280616b7e,0
ffc07c85-badc-4206-8c95-5cbb6fc484db,0
ffc1cfef-a11e-4a08-9f7a-b23ccea4da4a,0
ffc37f2f-09fa-4f6d-af8f-d73ec74c4c38,0
ffc85551-0522-4c0a-8878-a22d4d60c3d1,0
ffca4311-0872-4111-a4e3-ab6fbeb2fb28,1
ffcc7771-a284-47f8-9d39-e3758b6ff587,0
ffcd9739-3797-4bbe-b2b6-c94b6754f49f,1
ffce60d5-1457-4816-bf53-94c9d4e13629,1
ffd1ee5b-9ec8-4c6f-89dc-b498fccdd941,0
ffd2927d-87ff-452f-8e2b-1d6f884a59a5,0
ffd29913-dc2d-41a7-bf59-6b4cf3bd27b2,0
ffd4ef79-ff9a-4243-b64e-b08df7ddfc8e,0
ffd83b3c-933e-44dc-b110-874615bbe74a,1
ffd921fa-d16d-4623-9430-c05da3ae7e6f,0
ffd9b072-6481-4682-b30a-1b61f40e42f7,0
ffe5e0c5-98f8-4fe7-8e73-97735bdb39ba,0
ffe7cf94-3ab7-4730-b94c-dc6632f6ff52,0
ffeb10d1-ed1b-4073-957c-de3ae99a15bb,0
ffebfde8-e64c-43ca-a170-05775fc95cb5,0
ffedfef6-2ca4-4140-8281-aa7df6de4304,0
ffee4601-8554-42de-bbbc-dd0bdc43c9c7,0
ffeffaed-256c-4dd4-9592-3c59b33ff7d1,0
fff355a5-2532-44ec-b89d-1e177a1ec978,1
fff5836c-fafd-49ae-ae94-883b4c899333,0
fff6a0a6-6a53-460b-861f-9b6a45349c46,0
fff89c93-af45-478f-8e11-97fd8726d263,0
fffa3717-83fb-438b-89e6-390f39503e10,1
fffb38fb-9be2-4cca-9dfb-05a47e223119,0
fffe030a-9d3e-42bf-b0bb-5802ac516513,0
ffffd181-80e9-4852-b4d7-9c49cb3e0a33,0
